busId,timestamp,latitude,longitude,speed,heading,eventType,deviation_meters,is_anomaly,anomaly_type
BUS-001,2025-11-10T07:00:00Z,28.535552,77.425967,34.3,90.0,location,8.8,0,normal
BUS-001,2025-11-10T07:01:00Z,28.536432,77.425949,34.3,91.5,location,6.4,0,normal
BUS-001,2025-11-10T07:02:00Z,28.537365,77.425904,41.6,93.0,location,11.4,0,normal
BUS-001,2025-11-10T07:03:00Z,28.538297,77.425837,36.1,94.5,location,2.6,0,normal
BUS-001,2025-11-10T07:04:00Z,28.539223,77.425824,40.4,96.0,location,7.0,0,normal
BUS-001,2025-11-10T07:05:00Z,28.540167,77.425748,43.6,97.5,location,7.9,0,normal
BUS-001,2025-11-10T07:06:00Z,28.540955,77.425613,32.0,99.0,location,6.8,0,normal
BUS-001,2025-11-10T07:07:00Z,28.54189,77.425433,38.3,100.5,location,9.6,0,normal
BUS-001,2025-11-10T07:08:00Z,28.542808,77.425243,31.2,102.0,location,6.9,0,normal
BUS-001,2025-11-10T07:09:00Z,28.543732,77.425061,36.2,103.5,location,9.7,0,normal
BUS-001,2025-11-10T07:10:00Z,28.544481,77.424774,33.8,105.0,location,6.2,0,normal
BUS-001,2025-11-10T07:11:00Z,28.545444,77.424522,35.6,106.5,location,7.5,0,normal
BUS-001,2025-11-10T07:12:00Z,28.546398,77.424313,35.4,108.0,location,10.7,0,normal
BUS-001,2025-11-10T07:13:00Z,28.547218,77.423923,32.3,109.5,location,8.2,0,normal
BUS-001,2025-11-10T07:14:00Z,28.548073,77.423695,34.2,111.0,location,6.8,0,normal
BUS-001,2025-11-10T07:15:00Z,28.548914,77.423334,41.1,112.5,location,8.3,0,normal
BUS-001,2025-11-10T07:16:00Z,28.549793,77.422979,32.6,114.1,location,5.0,0,normal
BUS-001,2025-11-10T07:17:00Z,28.550599,77.422484,22.2,115.6,location,13.8,0,normal
BUS-001,2025-11-10T07:18:00Z,28.55149,77.422235,40.2,117.1,location,10.4,0,normal
BUS-001,2025-11-10T07:19:00Z,28.552267,77.421749,34.6,118.6,location,9.0,0,normal
BUS-001,2025-11-10T07:20:00Z,28.553049,77.421286,31.9,120.1,location,9.7,0,normal
BUS-001,2025-11-10T07:21:00Z,28.55384,77.420778,40.5,121.6,location,13.2,0,normal
BUS-001,2025-11-10T07:22:00Z,28.554534,77.420357,40.7,123.1,location,10.5,0,normal
BUS-001,2025-11-10T07:23:00Z,28.555362,77.41979,32.6,124.6,location,11.1,0,normal
BUS-001,2025-11-10T07:24:00Z,28.556144,77.419319,26.8,126.1,location,0.2,0,normal
BUS-001,2025-11-10T07:25:00Z,28.556816,77.418822,23.4,127.6,location,12.5,0,normal
BUS-001,2025-11-10T07:26:00Z,28.557614,77.418217,46.5,129.1,location,5.2,0,normal
BUS-001,2025-11-10T07:27:00Z,28.558267,77.417545,36.8,130.6,location,4.3,0,normal
BUS-001,2025-11-10T07:28:00Z,28.558958,77.416884,41.1,132.1,location,11.5,0,normal
BUS-001,2025-11-10T07:29:00Z,28.559623,77.416367,37.9,133.6,location,7.6,0,normal
BUS-001,2025-11-10T07:30:00Z,28.560314,77.415716,36.1,135.1,location,3.5,0,normal
BUS-001,2025-11-10T07:31:00Z,28.560876,77.415062,40.0,136.6,location,6.7,0,normal
BUS-001,2025-11-10T07:32:00Z,28.561624,77.414356,42.2,138.1,location,9.3,0,normal
BUS-001,2025-11-10T07:33:00Z,28.562206,77.413756,36.8,139.6,location,8.4,0,normal
BUS-001,2025-11-10T07:34:00Z,28.562746,77.412958,37.8,141.1,location,10.6,0,normal
BUS-001,2025-11-10T07:35:00Z,28.563317,77.412216,42.0,142.6,location,0.5,0,normal
BUS-001,2025-11-10T07:36:00Z,28.563888,77.411547,34.2,144.1,location,5.6,0,normal
BUS-001,2025-11-10T07:37:00Z,28.564452,77.410671,40.6,145.6,location,5.4,0,normal
BUS-001,2025-11-10T07:38:00Z,28.564919,77.409953,43.1,147.1,location,6.4,0,normal
BUS-001,2025-11-10T07:39:00Z,28.565411,77.409207,45.6,148.6,location,4.6,0,normal
BUS-001,2025-11-10T07:40:00Z,28.56594,77.408404,40.0,150.1,location,8.3,0,normal
BUS-001,2025-11-10T07:41:00Z,28.566224,77.407658,45.2,151.6,location,0.8,0,normal
BUS-001,2025-11-10T07:42:00Z,28.566852,77.406883,31.4,153.1,location,15.0,0,normal
BUS-001,2025-11-10T07:43:00Z,28.567112,77.405973,28.2,154.6,location,4.2,0,normal
BUS-001,2025-11-10T07:44:00Z,28.567474,77.405181,37.8,156.1,location,5.0,0,normal
BUS-001,2025-11-10T07:45:00Z,28.567842,77.404329,36.9,157.6,location,6.3,0,normal
BUS-001,2025-11-10T07:46:00Z,28.56817,77.403475,34.9,159.1,location,12.4,0,normal
BUS-001,2025-11-10T07:47:00Z,28.56845,77.40255,34.6,160.6,location,9.6,0,normal
BUS-001,2025-11-10T07:48:00Z,28.568796,77.401786,35.5,162.2,location,10.6,0,normal
BUS-001,2025-11-10T07:49:00Z,28.569067,77.400772,50.0,163.7,location,11.4,0,normal
BUS-001,2025-11-10T07:50:00Z,28.569372,77.400026,38.4,165.2,location,3.3,0,normal
BUS-001,2025-11-10T07:51:00Z,28.569538,77.398995,34.2,166.7,location,5.5,0,normal
BUS-001,2025-11-10T07:52:00Z,28.569724,77.398227,36.8,168.2,location,2.5,0,normal
BUS-001,2025-11-10T07:53:00Z,28.569947,77.397294,31.6,169.7,location,7.3,0,normal
BUS-001,2025-11-10T07:54:00Z,28.57011,77.396347,29.0,171.2,location,1.5,0,normal
BUS-001,2025-11-10T07:55:00Z,28.57021,77.395475,32.2,172.7,location,13.0,0,normal
BUS-001,2025-11-10T07:56:00Z,28.570296,77.394583,35.4,174.2,location,10.2,0,normal
BUS-001,2025-11-10T07:57:00Z,28.570364,77.393623,52.0,175.7,location,3.8,0,normal
BUS-001,2025-11-10T07:58:00Z,28.570381,77.392683,28.3,177.2,location,5.2,0,normal
BUS-001,2025-11-10T07:59:00Z,28.570538,77.391823,33.9,178.7,location,9.5,0,normal
BUS-001,2025-11-10T08:00:00Z,28.570441,77.390873,31.8,180.2,location,10.2,0,normal
BUS-001,2025-11-10T08:01:00Z,28.570513,77.389855,39.4,181.7,location,17.2,0,normal
BUS-001,2025-11-10T08:02:00Z,28.570311,77.389082,37.8,183.2,location,10.0,0,normal
BUS-001,2025-11-10T08:03:00Z,28.570419,77.3881,39.6,184.7,location,9.0,0,normal
BUS-001,2025-11-10T08:04:00Z,28.570258,77.387204,32.1,186.2,location,8.5,0,normal
BUS-001,2025-11-10T08:05:00Z,28.57017,77.386292,32.9,187.7,location,12.0,0,normal
BUS-001,2025-11-10T08:06:00Z,28.570032,77.385428,37.2,189.2,location,8.8,0,normal
BUS-001,2025-11-10T08:07:00Z,28.569899,77.384549,41.8,190.7,location,9.5,0,normal
BUS-001,2025-11-10T08:08:00Z,28.569634,77.38357,38.7,192.2,location,4.4,0,normal
BUS-001,2025-11-10T08:09:00Z,28.569423,77.382694,43.5,193.7,location,6.2,0,normal
BUS-001,2025-11-10T08:10:00Z,28.56928,77.381804,26.0,195.2,location,11.0,0,normal
BUS-001,2025-11-10T08:11:00Z,28.569058,77.380904,32.5,196.7,location,8.3,0,normal
BUS-001,2025-11-10T08:12:00Z,28.568734,77.380045,36.8,198.2,location,4.1,0,normal
BUS-001,2025-11-10T08:13:00Z,28.568547,77.379222,39.3,199.7,location,9.5,0,normal
BUS-001,2025-11-10T08:14:00Z,28.568078,77.378341,39.0,201.2,location,10.3,0,normal
BUS-001,2025-11-10T08:15:00Z,28.56778,77.377436,46.4,202.7,location,8.5,0,normal
BUS-001,2025-11-10T08:16:00Z,28.567502,77.376622,24.5,204.2,location,3.2,0,normal
BUS-001,2025-11-10T08:17:00Z,28.566955,77.375745,41.7,205.7,location,3.9,0,normal
BUS-001,2025-11-10T08:18:00Z,28.56662,77.374978,26.6,207.2,location,11.1,0,normal
BUS-001,2025-11-10T08:19:00Z,28.566191,77.374149,26.6,208.7,location,7.9,0,normal
BUS-001,2025-11-10T08:20:00Z,28.565698,77.373299,36.9,210.3,location,1.5,0,normal
BUS-001,2025-11-10T08:21:00Z,28.565227,77.372619,39.0,211.8,location,12.6,0,normal
BUS-001,2025-11-10T08:22:00Z,28.564787,77.371865,30.8,213.3,location,1.4,0,normal
BUS-001,2025-11-10T08:23:00Z,28.564282,77.371021,29.1,214.8,location,9.1,0,normal
BUS-001,2025-11-10T08:24:00Z,28.563721,77.37028,46.9,216.3,location,12.6,0,normal
BUS-001,2025-11-10T08:25:00Z,28.563194,77.369531,33.1,217.8,location,9.1,0,normal
BUS-001,2025-11-10T08:26:00Z,28.562602,77.368826,28.5,219.3,location,7.2,0,normal
BUS-001,2025-11-10T08:27:00Z,28.561914,77.368105,33.3,220.8,location,7.5,0,normal
BUS-001,2025-11-10T08:28:00Z,28.561474,77.367532,40.2,222.3,location,9.8,0,normal
BUS-001,2025-11-10T08:29:00Z,28.560792,77.366744,34.1,223.8,location,1.3,0,normal
BUS-001,2025-11-10T08:30:00Z,28.560195,77.366173,33.1,225.3,location,5.6,0,normal
BUS-001,2025-11-10T08:31:00Z,28.559453,77.365372,0.0,226.8,stop,10.0,0,normal
BUS-001,2025-11-10T08:32:00Z,28.55883,77.364902,9.9,228.3,location,0.8,0,normal
BUS-001,2025-11-10T08:33:00Z,28.5582,77.364246,0.0,229.8,stop,5.5,0,normal
BUS-001,2025-11-10T08:34:00Z,28.557443,77.363688,0.0,231.3,stop,10.7,0,normal
BUS-001,2025-11-10T08:35:00Z,28.556692,77.363127,0.0,232.8,stop,1.7,0,normal
BUS-001,2025-11-10T08:36:00Z,28.555912,77.362577,0.0,234.3,stop,3.4,0,normal
BUS-001,2025-11-10T08:37:00Z,28.555134,77.362122,0.0,235.8,stop,4.8,0,normal
BUS-001,2025-11-10T08:38:00Z,28.554421,77.361481,0.0,237.3,stop,8.0,0,normal
BUS-001,2025-11-10T08:39:00Z,28.553585,77.361033,0.0,238.8,stop,12.2,0,normal
BUS-001,2025-11-10T08:40:00Z,28.552862,77.360632,0.0,240.3,stop,10.6,0,normal
BUS-001,2025-11-10T08:41:00Z,28.552017,77.360181,0.0,241.8,stop,12.5,0,normal
BUS-001,2025-11-10T08:42:00Z,28.551192,77.359741,0.0,243.3,stop,6.0,0,normal
BUS-001,2025-11-10T08:43:00Z,28.550336,77.359351,0.0,244.8,stop,5.2,0,normal
BUS-001,2025-11-10T08:44:00Z,28.549581,77.358979,0.0,246.3,stop,10.6,0,normal
BUS-001,2025-11-10T08:45:00Z,28.548679,77.358543,0.0,247.8,stop,0.3,0,normal
BUS-001,2025-11-10T08:46:00Z,28.547865,77.358379,0.0,249.3,stop,9.4,0,normal
BUS-001,2025-11-10T08:47:00Z,28.547038,77.357887,0.0,250.8,stop,7.7,0,normal
BUS-001,2025-11-10T08:48:00Z,28.546111,77.357675,0.0,252.3,stop,3.8,0,normal
BUS-001,2025-11-10T08:49:00Z,28.545193,77.357375,0.0,253.8,stop,4.3,0,normal
BUS-001,2025-11-10T08:50:00Z,28.544365,77.357158,0.0,255.3,stop,8.4,0,normal
BUS-001,2025-11-10T08:51:00Z,28.543452,77.356881,10.5,256.8,location,6.0,0,normal
BUS-001,2025-11-10T08:52:00Z,28.54257,77.356728,0.0,258.4,stop,0.7,0,normal
BUS-001,2025-11-10T08:53:00Z,28.541653,77.356522,0.0,259.9,stop,4.7,0,normal
BUS-001,2025-11-10T08:54:00Z,28.540728,77.356335,0.0,261.4,stop,11.7,0,normal
BUS-001,2025-11-10T08:55:00Z,28.539841,77.356196,0.0,262.9,stop,12.8,0,normal
BUS-001,2025-11-10T08:56:00Z,28.538926,77.356123,0.0,264.4,stop,10.0,0,normal
BUS-001,2025-11-10T08:57:00Z,28.538065,77.356086,0.0,265.9,stop,9.8,0,normal
BUS-001,2025-11-10T08:58:00Z,28.537093,77.356013,0.0,267.4,stop,9.3,0,normal
BUS-001,2025-11-10T08:59:00Z,28.536242,77.356013,0.0,268.9,stop,4.9,0,normal
BUS-001,2025-11-10T09:00:00Z,28.535158,77.35594,0.0,270.4,stop,6.8,0,normal
BUS-001,2025-11-10T09:01:00Z,28.534386,77.356102,0.0,271.9,stop,7.5,0,normal
BUS-001,2025-11-10T09:02:00Z,28.533376,77.356003,0.0,273.4,stop,7.3,0,normal
BUS-001,2025-11-10T09:03:00Z,28.532529,77.356092,0.0,274.9,stop,11.8,0,normal
BUS-001,2025-11-10T09:04:00Z,28.531619,77.356148,0.0,276.4,stop,9.9,0,normal
BUS-001,2025-11-10T09:05:00Z,28.530738,77.356325,0.0,277.9,stop,5.6,0,normal
BUS-001,2025-11-10T09:06:00Z,28.529761,77.356549,0.0,279.4,stop,1.9,0,normal
BUS-001,2025-11-10T09:07:00Z,28.528818,77.35655,0.0,280.9,stop,15.4,0,normal
BUS-001,2025-11-10T09:08:00Z,28.528023,77.356857,0.0,282.4,stop,13.3,0,normal
BUS-001,2025-11-10T09:09:00Z,28.527099,77.356994,0.0,283.9,stop,6.7,0,normal
BUS-001,2025-11-10T09:10:00Z,28.526224,77.357311,0.0,285.4,stop,11.8,0,normal
BUS-001,2025-11-10T09:11:00Z,28.525306,77.357399,0.0,286.9,stop,11.1,0,normal
BUS-001,2025-11-10T09:12:00Z,28.524376,77.357819,0.0,288.4,stop,9.0,0,normal
BUS-001,2025-11-10T09:13:00Z,28.523638,77.358177,0.0,289.9,stop,5.9,0,normal
BUS-001,2025-11-10T09:14:00Z,28.522686,77.358511,0.0,291.4,stop,6.3,0,normal
BUS-001,2025-11-10T09:15:00Z,28.521938,77.358708,0.0,292.9,stop,10.7,0,normal
BUS-001,2025-11-10T09:16:00Z,28.521017,77.359248,6.2,294.4,location,8.0,0,normal
BUS-001,2025-11-10T09:17:00Z,28.520226,77.359545,0.0,295.9,stop,6.0,0,normal
BUS-001,2025-11-10T09:18:00Z,28.519389,77.359924,0.0,297.4,stop,3.1,0,normal
BUS-001,2025-11-10T09:19:00Z,28.518504,77.360384,0.0,298.9,stop,4.3,0,normal
BUS-001,2025-11-10T09:20:00Z,28.517857,77.36087,0.0,300.4,stop,10.4,0,normal
BUS-001,2025-11-10T09:21:00Z,28.517027,77.361275,0.0,301.9,stop,16.3,0,normal
BUS-001,2025-11-10T09:22:00Z,28.516303,77.361778,0.0,303.4,stop,3.9,0,normal
BUS-001,2025-11-10T09:23:00Z,28.515454,77.36233,0.0,304.9,stop,8.2,0,normal
BUS-001,2025-11-10T09:24:00Z,28.514667,77.362829,8.7,306.5,location,9.7,0,normal
BUS-001,2025-11-10T09:25:00Z,28.513929,77.363387,0.0,308.0,stop,10.2,0,normal
BUS-001,2025-11-10T09:26:00Z,28.513211,77.363982,0.0,309.5,stop,5.3,0,normal
BUS-001,2025-11-10T09:27:00Z,28.512547,77.36461,0.0,311.0,stop,11.8,0,normal
BUS-001,2025-11-10T09:28:00Z,28.511823,77.365277,6.0,312.5,location,9.1,0,normal
BUS-001,2025-11-10T09:29:00Z,28.511334,77.365844,0.0,314.0,stop,5.1,0,normal
BUS-001,2025-11-10T09:30:00Z,28.510613,77.366511,0.0,315.5,stop,8.3,0,normal
BUS-001,2025-11-10T09:31:00Z,28.509987,77.367129,0.0,317.0,stop,4.6,0,normal
BUS-001,2025-11-10T09:32:00Z,28.509243,77.367772,0.0,318.5,stop,6.5,0,normal
BUS-001,2025-11-10T09:33:00Z,28.508688,77.368556,0.0,320.0,stop,1.8,0,normal
BUS-001,2025-11-10T09:34:00Z,28.508023,77.369215,0.0,321.5,stop,7.8,0,normal
BUS-001,2025-11-10T09:35:00Z,28.507507,77.369877,0.0,323.0,stop,1.1,0,normal
BUS-001,2025-11-10T09:36:00Z,28.50704,77.370668,0.0,324.5,stop,3.8,0,normal
BUS-001,2025-11-10T09:37:00Z,28.506568,77.371332,0.0,326.0,stop,14.2,0,normal
BUS-001,2025-11-10T09:38:00Z,28.505983,77.372146,0.0,327.5,stop,4.3,0,normal
BUS-001,2025-11-10T09:39:00Z,28.505559,77.372975,0.0,329.0,stop,3.6,0,normal
BUS-001,2025-11-10T09:40:00Z,28.505028,77.373779,0.0,330.5,stop,4.0,0,normal
BUS-001,2025-11-10T09:41:00Z,28.504626,77.374578,0.0,332.0,stop,8.2,0,normal
BUS-001,2025-11-10T09:42:00Z,28.504247,77.375452,0.0,333.5,stop,8.0,0,normal
BUS-001,2025-11-10T09:43:00Z,28.503727,77.3762,0.0,335.0,stop,10.2,0,normal
BUS-001,2025-11-10T09:44:00Z,28.503435,77.377085,0.0,336.5,stop,4.8,0,normal
BUS-001,2025-11-10T09:45:00Z,28.503032,77.377928,0.0,338.0,stop,9.8,0,normal
BUS-001,2025-11-10T09:46:00Z,28.502674,77.378756,0.0,339.5,stop,0.2,0,normal
BUS-001,2025-11-10T09:47:00Z,28.502466,77.37966,0.0,341.0,stop,11.6,0,normal
BUS-001,2025-11-10T09:48:00Z,28.502159,77.380506,0.0,342.5,stop,11.8,0,normal
BUS-001,2025-11-10T09:49:00Z,28.501919,77.381282,0.0,344.0,stop,10.5,0,normal
BUS-001,2025-11-10T09:50:00Z,28.501541,77.382197,0.0,345.5,stop,9.5,0,normal
BUS-001,2025-11-10T09:51:00Z,28.50138,77.383118,0.0,347.0,stop,4.4,0,normal
BUS-001,2025-11-10T09:52:00Z,28.501178,77.384056,0.0,348.5,stop,12.8,0,normal
BUS-001,2025-11-10T09:53:00Z,28.501026,77.384935,0.0,350.0,stop,11.1,0,normal
BUS-001,2025-11-10T09:54:00Z,28.500868,77.385864,0.0,351.5,stop,8.7,0,normal
BUS-001,2025-11-10T09:55:00Z,28.500796,77.386796,0.0,353.0,stop,10.2,0,normal
BUS-001,2025-11-10T09:56:00Z,28.500609,77.387695,0.0,354.6,stop,6.2,0,normal
BUS-001,2025-11-10T09:57:00Z,28.500562,77.388546,0.0,356.1,stop,16.8,0,normal
BUS-001,2025-11-10T09:58:00Z,28.500485,77.389451,0.0,357.6,stop,0.6,0,normal
BUS-001,2025-11-10T09:59:00Z,28.500473,77.390379,0.0,359.1,stop,11.0,0,normal
BUS-001,2025-11-10T10:00:00Z,28.500512,77.391444,0.0,0.6,stop,10.4,0,normal
BUS-001,2025-11-10T10:01:00Z,28.500498,77.392293,0.0,2.1,stop,14.0,0,normal
BUS-001,2025-11-10T10:02:00Z,28.500639,77.393194,8.5,3.6,location,9.3,0,normal
BUS-001,2025-11-10T10:03:00Z,28.500701,77.394082,0.0,5.1,stop,4.4,0,normal
BUS-001,2025-11-10T10:04:00Z,28.500736,77.395006,0.0,6.6,stop,11.4,0,normal
BUS-001,2025-11-10T10:05:00Z,28.500884,77.395954,0.0,8.1,stop,2.5,0,normal
BUS-001,2025-11-10T10:06:00Z,28.500886,77.396796,0.0,9.6,stop,10.4,0,normal
BUS-001,2025-11-10T10:07:00Z,28.501162,77.397735,0.0,11.1,stop,5.6,0,normal
BUS-001,2025-11-10T10:08:00Z,28.501376,77.398549,0.0,12.6,stop,12.8,0,normal
BUS-001,2025-11-10T10:09:00Z,28.501566,77.399519,7.4,14.1,location,8.2,0,normal
BUS-001,2025-11-10T10:10:00Z,28.50168,77.400402,0.0,15.6,stop,12.7,0,normal
BUS-001,2025-11-10T10:11:00Z,28.502053,77.401281,0.0,17.1,stop,6.6,0,normal
BUS-001,2025-11-10T10:12:00Z,28.502185,77.402114,0.0,18.6,stop,13.3,0,normal
BUS-001,2025-11-10T10:13:00Z,28.502509,77.403032,0.0,20.1,stop,3.7,0,normal
BUS-001,2025-11-10T10:14:00Z,28.502981,77.403844,0.0,21.6,stop,0.9,0,normal
BUS-001,2025-11-10T10:15:00Z,28.50336,77.404751,0.0,23.1,stop,18.1,0,normal
BUS-001,2025-11-10T10:16:00Z,28.503685,77.405619,0.0,24.6,stop,13.7,0,normal
BUS-001,2025-11-10T10:17:00Z,28.504035,77.40642,0.0,26.1,stop,15.6,0,normal
BUS-001,2025-11-10T10:18:00Z,28.504504,77.407291,0.0,27.6,stop,3.2,0,normal
BUS-001,2025-11-10T10:19:00Z,28.504965,77.408006,10.4,29.1,location,11.2,0,normal
BUS-001,2025-11-10T10:20:00Z,28.50539,77.408825,0.0,30.6,stop,3.6,0,normal
BUS-001,2025-11-10T10:21:00Z,28.505825,77.409576,0.0,32.1,stop,7.2,0,normal
BUS-001,2025-11-10T10:22:00Z,28.506358,77.410424,0.0,33.6,stop,6.5,0,normal
BUS-001,2025-11-10T10:23:00Z,28.50682,77.411181,0.0,35.1,stop,13.6,0,normal
BUS-001,2025-11-10T10:24:00Z,28.507432,77.411871,9.1,36.6,location,2.1,0,normal
BUS-001,2025-11-10T10:25:00Z,28.508107,77.412542,0.0,38.1,stop,3.6,0,normal
BUS-001,2025-11-10T10:26:00Z,28.508504,77.413291,0.0,39.6,stop,8.5,0,normal
BUS-001,2025-11-10T10:27:00Z,28.509135,77.414098,0.0,41.1,stop,10.7,0,normal
BUS-001,2025-11-10T10:28:00Z,28.509744,77.414634,0.0,42.7,stop,3.8,0,normal
BUS-001,2025-11-10T10:29:00Z,28.510499,77.415382,6.4,44.2,location,8.2,0,normal
BUS-001,2025-11-10T10:30:00Z,28.511042,77.416078,0.0,45.7,stop,1.5,0,normal
BUS-001,2025-11-10T10:31:00Z,28.511695,77.416589,0.0,47.2,stop,7.6,0,normal
BUS-001,2025-11-10T10:32:00Z,28.512365,77.417283,0.0,48.7,stop,10.0,0,normal
BUS-001,2025-11-10T10:33:00Z,28.512944,77.417858,0.0,50.2,stop,1.3,0,normal
BUS-001,2025-11-10T10:34:00Z,28.513817,77.418482,0.0,51.7,stop,11.3,0,normal
BUS-001,2025-11-10T10:35:00Z,28.514506,77.418967,0.0,53.2,stop,5.6,0,normal
BUS-001,2025-11-10T10:36:00Z,28.515237,77.41955,0.0,54.7,stop,10.2,0,normal
BUS-001,2025-11-10T10:37:00Z,28.516064,77.420114,0.0,56.2,stop,8.1,0,normal
BUS-001,2025-11-10T10:38:00Z,28.51678,77.420584,0.0,57.7,stop,3.4,0,normal
BUS-001,2025-11-10T10:39:00Z,28.51757,77.421166,0.0,59.2,stop,9.7,0,normal
BUS-001,2025-11-10T10:40:00Z,28.51837,77.421539,0.0,60.7,stop,19.3,0,normal
BUS-001,2025-11-10T10:41:00Z,28.519169,77.421981,0.0,62.2,stop,6.5,0,normal
BUS-001,2025-11-10T10:42:00Z,28.520056,77.422447,0.0,63.7,stop,5.0,0,normal
BUS-001,2025-11-10T10:43:00Z,28.520847,77.422793,0.0,65.2,stop,11.4,0,normal
BUS-001,2025-11-10T10:44:00Z,28.521675,77.423027,0.0,66.7,stop,4.4,0,normal
BUS-001,2025-11-10T10:45:00Z,28.52242,77.423457,0.0,68.2,stop,8.8,0,normal
BUS-001,2025-11-10T10:46:00Z,28.523239,77.423823,0.0,69.7,stop,5.7,0,normal
BUS-001,2025-11-10T10:47:00Z,28.524265,77.424089,0.0,71.2,stop,5.6,0,normal
BUS-001,2025-11-10T10:48:00Z,28.525148,77.424366,0.0,72.7,stop,12.6,0,normal
BUS-001,2025-11-10T10:49:00Z,28.525983,77.424717,0.0,74.2,stop,12.1,0,normal
BUS-001,2025-11-10T10:50:00Z,28.526933,77.424883,0.0,75.7,stop,9.3,0,normal
BUS-001,2025-11-10T10:51:00Z,28.5277,77.425146,0.0,77.2,stop,1.6,0,normal
BUS-001,2025-11-10T10:52:00Z,28.52866,77.425292,0.0,78.7,stop,3.4,0,normal
BUS-001,2025-11-10T10:53:00Z,28.529596,77.425402,0.0,80.2,stop,6.0,0,normal
BUS-001,2025-11-10T10:54:00Z,28.530468,77.425577,10.9,81.7,location,8.3,0,normal
BUS-001,2025-11-10T10:55:00Z,28.531322,77.425744,0.0,83.2,stop,7.7,0,normal
BUS-001,2025-11-10T10:56:00Z,28.532258,77.425836,0.0,84.7,stop,6.7,0,normal
BUS-001,2025-11-10T10:57:00Z,28.53317,77.426047,0.0,86.2,stop,6.4,0,normal
BUS-001,2025-11-10T10:58:00Z,28.534043,77.425961,0.0,87.7,stop,8.5,0,normal
BUS-001,2025-11-10T10:59:00Z,28.535077,77.425978,0.0,89.2,stop,7.7,0,normal
BUS-001,2025-11-10T11:00:00Z,28.536048,77.425965,0.0,90.8,stop,11.6,0,normal
BUS-001,2025-11-10T11:01:00Z,28.536971,77.425899,0.0,92.3,stop,9.3,0,normal
BUS-001,2025-11-10T11:02:00Z,28.537804,77.425963,0.0,93.8,stop,7.8,0,normal
BUS-001,2025-11-10T11:03:00Z,28.538807,77.425895,0.0,95.3,stop,1.2,0,normal
BUS-001,2025-11-10T11:04:00Z,28.539664,77.425782,0.0,96.8,stop,6.8,0,normal
BUS-001,2025-11-10T11:05:00Z,28.540657,77.42566,0.0,98.3,stop,0.2,0,normal
BUS-001,2025-11-10T11:06:00Z,28.541419,77.42547,7.4,99.8,location,9.2,0,normal
BUS-001,2025-11-10T11:07:00Z,28.542345,77.425387,0.0,101.3,stop,1.4,0,normal
BUS-001,2025-11-10T11:08:00Z,28.543287,77.4252,0.0,102.8,stop,3.1,0,normal
BUS-001,2025-11-10T11:09:00Z,28.544179,77.42487,0.0,104.3,stop,14.3,0,normal
BUS-001,2025-11-10T11:10:00Z,28.544954,77.424707,0.0,105.8,stop,10.3,0,normal
BUS-001,2025-11-10T11:11:00Z,28.54591,77.424323,0.0,107.3,stop,8.0,0,normal
BUS-001,2025-11-10T11:12:00Z,28.546729,77.424127,0.0,108.8,stop,8.1,0,normal
BUS-001,2025-11-10T11:13:00Z,28.54767,77.423836,0.0,110.3,stop,2.4,0,normal
BUS-001,2025-11-10T11:14:00Z,28.548576,77.423556,0.0,111.8,stop,9.7,0,normal
BUS-001,2025-11-10T11:15:00Z,28.549298,77.423133,0.0,113.3,stop,3.4,0,normal
BUS-001,2025-11-10T11:16:00Z,28.550116,77.42277,0.0,114.8,stop,12.3,0,normal
BUS-001,2025-11-10T11:17:00Z,28.551029,77.422363,0.0,116.3,stop,6.8,0,normal
BUS-001,2025-11-10T11:18:00Z,28.551868,77.422008,0.0,117.8,stop,6.8,0,normal
BUS-001,2025-11-10T11:19:00Z,28.552636,77.421433,11.4,119.3,location,8.5,0,normal
BUS-001,2025-11-10T11:20:00Z,28.553476,77.421004,7.8,120.8,location,4.3,0,normal
BUS-001,2025-11-10T11:21:00Z,28.554284,77.420558,0.0,122.3,stop,6.6,0,normal
BUS-001,2025-11-10T11:22:00Z,28.554936,77.420047,0.0,123.8,stop,7.5,0,normal
BUS-001,2025-11-10T11:23:00Z,28.555737,77.419574,0.0,125.3,stop,12.5,0,normal
BUS-001,2025-11-10T11:24:00Z,28.556406,77.418942,0.0,126.8,stop,5.6,0,normal
BUS-001,2025-11-10T11:25:00Z,28.557166,77.418472,0.0,128.3,stop,16.1,0,normal
BUS-001,2025-11-10T11:26:00Z,28.557938,77.417881,9.2,129.8,location,5.5,0,normal
BUS-001,2025-11-10T11:27:00Z,28.558617,77.417268,0.0,131.3,stop,3.4,0,normal
BUS-001,2025-11-10T11:28:00Z,28.559347,77.416705,8.9,132.8,location,3.2,0,normal
BUS-001,2025-11-10T11:29:00Z,28.55993,77.416016,0.0,134.3,stop,8.7,0,normal
BUS-001,2025-11-10T11:30:00Z,28.560638,77.415418,0.0,135.8,stop,6.5,0,normal
BUS-001,2025-11-10T11:31:00Z,28.561353,77.414691,0.0,137.3,stop,9.7,0,normal
BUS-001,2025-11-10T11:32:00Z,28.561935,77.413948,0.0,138.9,stop,8.9,0,normal
BUS-001,2025-11-10T11:33:00Z,28.562438,77.413338,0.0,140.4,stop,2.0,0,normal
BUS-001,2025-11-10T11:34:00Z,28.562932,77.412578,0.0,141.9,stop,1.7,0,normal
BUS-001,2025-11-10T11:35:00Z,28.563582,77.411876,0.0,143.4,stop,6.4,0,normal
BUS-001,2025-11-10T11:36:00Z,28.564089,77.411193,0.0,144.9,stop,7.4,0,normal
BUS-001,2025-11-10T11:37:00Z,28.564589,77.410373,0.0,146.4,stop,6.7,0,normal
BUS-001,2025-11-10T11:38:00Z,28.565222,77.409575,0.0,147.9,stop,4.7,0,normal
BUS-001,2025-11-10T11:39:00Z,28.565566,77.408854,0.0,149.4,stop,5.6,0,normal
BUS-001,2025-11-10T11:40:00Z,28.566038,77.408025,0.0,150.9,stop,9.3,0,normal
BUS-001,2025-11-10T11:41:00Z,28.56662,77.407298,0.0,152.4,stop,14.3,0,normal
BUS-001,2025-11-10T11:42:00Z,28.566932,77.406358,0.0,153.9,stop,10.9,0,normal
BUS-001,2025-11-10T11:43:00Z,28.56724,77.405662,0.0,155.4,stop,4.3,0,normal
BUS-001,2025-11-10T11:44:00Z,28.567773,77.404768,0.0,156.9,stop,14.3,0,normal
BUS-001,2025-11-10T11:45:00Z,28.568031,77.403882,0.0,158.4,stop,12.5,0,normal
BUS-001,2025-11-10T11:46:00Z,28.568376,77.403046,0.0,159.9,stop,16.0,0,normal
BUS-001,2025-11-10T11:47:00Z,28.56866,77.402143,0.0,161.4,stop,0.9,0,normal
BUS-001,2025-11-10T11:48:00Z,28.568942,77.40128,0.0,162.9,stop,6.3,0,normal
BUS-001,2025-11-10T11:49:00Z,28.569215,77.400344,0.0,164.4,stop,7.9,0,normal
BUS-001,2025-11-10T11:50:00Z,28.569478,77.399467,0.0,165.9,stop,13.6,0,normal
BUS-001,2025-11-10T11:51:00Z,28.569576,77.398663,0.0,167.4,stop,7.1,0,normal
BUS-001,2025-11-10T11:52:00Z,28.569826,77.397787,0.0,168.9,stop,6.0,0,normal
BUS-001,2025-11-10T11:53:00Z,28.570046,77.396811,0.0,170.4,stop,8.8,0,normal
BUS-001,2025-11-10T11:54:00Z,28.570135,77.395828,0.0,171.9,stop,10.4,0,normal
BUS-001,2025-11-10T11:55:00Z,28.570293,77.394927,0.0,173.4,stop,0.5,0,normal
BUS-001,2025-11-10T11:56:00Z,28.570253,77.394227,0.0,174.9,stop,5.0,0,normal
BUS-001,2025-11-10T11:57:00Z,28.57045,77.393244,0.0,176.4,stop,13.2,0,normal
BUS-001,2025-11-10T11:58:00Z,28.570547,77.392206,0.0,177.9,stop,11.9,0,normal
BUS-001,2025-11-10T11:59:00Z,28.570514,77.391441,0.0,179.4,stop,4.7,0,normal
BUS-001,2025-11-10T12:00:00Z,28.570493,77.390467,0.0,180.9,stop,12.3,0,normal
BUS-001,2025-11-10T12:01:00Z,28.570396,77.389518,0.0,182.4,stop,7.6,0,normal
BUS-001,2025-11-10T12:02:00Z,28.570457,77.388547,0.0,183.9,stop,10.3,0,normal
BUS-001,2025-11-10T12:03:00Z,28.570247,77.387662,0.0,185.4,stop,2.9,0,normal
BUS-001,2025-11-10T12:04:00Z,28.570315,77.386773,0.0,187.0,stop,11.7,0,normal
BUS-001,2025-11-10T12:05:00Z,28.570104,77.385876,0.0,188.5,stop,5.7,0,normal
BUS-001,2025-11-10T12:06:00Z,28.569971,77.384973,0.0,190.0,stop,2.7,0,normal
BUS-001,2025-11-10T12:07:00Z,28.569766,77.384074,0.0,191.5,stop,11.3,0,normal
BUS-001,2025-11-10T12:08:00Z,28.56961,77.383126,9.1,193.0,location,10.5,0,normal
BUS-001,2025-11-10T12:09:00Z,28.569457,77.382262,0.0,194.5,stop,11.0,0,normal
BUS-001,2025-11-10T12:10:00Z,28.569149,77.381337,0.0,196.0,stop,7.2,0,normal
BUS-001,2025-11-10T12:11:00Z,28.568921,77.380471,0.0,197.5,stop,9.4,0,normal
BUS-001,2025-11-10T12:12:00Z,28.568637,77.379619,0.0,199.0,stop,4.7,0,normal
BUS-001,2025-11-10T12:13:00Z,28.568356,77.378755,0.0,200.5,stop,7.6,0,normal
BUS-001,2025-11-10T12:14:00Z,28.567943,77.377904,0.0,202.0,stop,7.4,0,normal
BUS-001,2025-11-10T12:15:00Z,28.567695,77.377056,0.0,203.5,stop,6.1,0,normal
BUS-001,2025-11-10T12:16:00Z,28.56729,77.376172,0.0,205.0,stop,13.7,0,normal
BUS-001,2025-11-10T12:17:00Z,28.566841,77.375348,0.0,206.5,stop,8.6,0,normal
BUS-001,2025-11-10T12:18:00Z,28.56639,77.374537,0.0,208.0,stop,8.2,0,normal
BUS-001,2025-11-10T12:19:00Z,28.56586,77.373716,0.0,209.5,stop,5.4,0,normal
BUS-001,2025-11-10T12:20:00Z,28.565496,77.373049,0.0,211.0,stop,7.7,0,normal
BUS-001,2025-11-10T12:21:00Z,28.564995,77.372145,0.0,212.5,stop,7.1,0,normal
BUS-001,2025-11-10T12:22:00Z,28.564605,77.371447,0.0,214.0,stop,8.5,0,normal
BUS-001,2025-11-10T12:23:00Z,28.564105,77.370662,0.0,215.5,stop,8.5,0,normal
BUS-001,2025-11-10T12:24:00Z,28.563403,77.369867,0.0,217.0,stop,8.6,0,normal
BUS-001,2025-11-10T12:25:00Z,28.562899,77.369261,10.4,218.5,location,8.6,0,normal
BUS-001,2025-11-10T12:26:00Z,28.562341,77.368511,0.0,220.0,stop,4.1,0,normal
BUS-001,2025-11-10T12:27:00Z,28.561707,77.367752,0.0,221.5,stop,5.7,0,normal
BUS-001,2025-11-10T12:28:00Z,28.561116,77.36717,9.8,223.0,location,5.1,0,normal
BUS-001,2025-11-10T12:29:00Z,28.560417,77.366548,0.0,224.5,stop,5.8,0,normal
BUS-001,2025-11-10T12:30:00Z,28.559758,77.365765,0.0,226.0,stop,4.9,0,normal
BUS-001,2025-11-10T12:31:00Z,28.559233,77.365195,0.0,227.5,stop,8.5,0,normal
BUS-001,2025-11-10T12:32:00Z,28.558461,77.364618,0.0,229.0,stop,7.7,0,normal
BUS-001,2025-11-10T12:33:00Z,28.557676,77.364053,10.0,230.5,location,0.9,0,normal
BUS-001,2025-11-10T12:34:00Z,28.557022,77.36341,0.0,232.0,stop,7.4,0,normal
BUS-001,2025-11-10T12:35:00Z,28.556238,77.362839,0.0,233.5,stop,5.2,0,normal
BUS-001,2025-11-10T12:36:00Z,28.555607,77.362264,10.1,235.1,location,10.8,0,normal
BUS-001,2025-11-10T12:37:00Z,28.554779,77.36174,0.0,236.6,stop,2.2,0,normal
BUS-001,2025-11-10T12:38:00Z,28.554051,77.36133,0.0,238.1,stop,0.7,0,normal
BUS-001,2025-11-10T12:39:00Z,28.553188,77.360864,0.0,239.6,stop,4.9,0,normal
BUS-001,2025-11-10T12:40:00Z,28.552465,77.360429,0.0,241.1,stop,5.3,0,normal
BUS-001,2025-11-10T12:41:00Z,28.551601,77.360015,0.0,242.6,stop,6.1,0,normal
BUS-001,2025-11-10T12:42:00Z,28.550806,77.359491,0.0,244.1,stop,19.5,0,normal
BUS-001,2025-11-10T12:43:00Z,28.549919,77.359053,0.0,245.6,stop,11.1,0,normal
BUS-001,2025-11-10T12:44:00Z,28.549124,77.358801,0.0,247.1,stop,13.6,0,normal
BUS-001,2025-11-10T12:45:00Z,28.548357,77.358384,0.0,248.6,stop,7.0,0,normal
BUS-001,2025-11-10T12:46:00Z,28.547451,77.358177,11.6,250.1,location,8.6,0,normal
BUS-001,2025-11-10T12:47:00Z,28.546547,77.357795,0.0,251.6,stop,9.9,0,normal
BUS-001,2025-11-10T12:48:00Z,28.545712,77.357529,0.0,253.1,stop,9.3,0,normal
BUS-001,2025-11-10T12:49:00Z,28.544719,77.357287,0.0,254.6,stop,9.4,0,normal
BUS-001,2025-11-10T12:50:00Z,28.543807,77.357046,0.0,256.1,stop,12.8,0,normal
BUS-001,2025-11-10T12:51:00Z,28.542978,77.356882,0.0,257.6,stop,8.1,0,normal
BUS-001,2025-11-10T12:52:00Z,28.542106,77.356615,0.0,259.1,stop,1.1,0,normal
BUS-001,2025-11-10T12:53:00Z,28.541176,77.356464,0.0,260.6,stop,8.5,0,normal
BUS-001,2025-11-10T12:54:00Z,28.540386,77.356332,0.0,262.1,stop,9.5,0,normal
BUS-001,2025-11-10T12:55:00Z,28.539411,77.356122,0.0,263.6,stop,9.9,0,normal
BUS-001,2025-11-10T12:56:00Z,28.538483,77.356145,0.0,265.1,stop,6.5,0,normal
BUS-001,2025-11-10T12:57:00Z,28.537514,77.356041,0.0,266.6,stop,3.4,0,normal
BUS-001,2025-11-10T12:58:00Z,28.536636,77.356079,0.0,268.1,stop,7.9,0,normal
BUS-001,2025-11-10T12:59:00Z,28.535751,77.356069,8.4,269.6,location,3.9,0,normal
BUS-001,2025-11-10T13:00:00Z,28.534693,77.355943,28.6,271.1,location,0.4,0,normal
BUS-001,2025-11-10T13:01:00Z,28.533887,77.356037,41.4,272.6,location,3.9,0,normal
BUS-001,2025-11-10T13:02:00Z,28.532965,77.356123,34.2,274.1,location,7.3,0,normal
BUS-001,2025-11-10T13:03:00Z,28.532091,77.356182,37.9,275.6,location,5.0,0,normal
BUS-001,2025-11-10T13:04:00Z,28.531169,77.35622,41.8,277.1,location,9.3,0,normal
BUS-001,2025-11-10T13:05:00Z,28.530223,77.3564,28.7,278.6,location,5.1,0,normal
BUS-001,2025-11-10T13:06:00Z,28.52932,77.356619,38.7,280.1,location,3.5,0,normal
BUS-001,2025-11-10T13:07:00Z,28.528494,77.356606,39.1,281.6,location,2.0,0,normal
BUS-001,2025-11-10T13:08:00Z,28.52757,77.356793,35.5,283.2,location,9.1,0,normal
BUS-001,2025-11-10T13:09:00Z,28.52663,77.357112,28.3,284.7,location,13.8,0,normal
BUS-001,2025-11-10T13:10:00Z,28.525722,77.357361,36.3,286.2,location,10.3,0,normal
BUS-001,2025-11-10T13:11:00Z,28.524874,77.357639,41.6,287.7,location,1.9,0,normal
BUS-001,2025-11-10T13:12:00Z,28.524012,77.357958,26.2,289.2,location,5.9,0,normal
BUS-001,2025-11-10T13:13:00Z,28.523152,77.358291,20.8,290.7,location,7.9,0,normal
BUS-001,2025-11-10T13:14:00Z,28.522282,77.358612,34.4,292.2,location,14.6,0,normal
BUS-001,2025-11-10T13:15:00Z,28.52156,77.358925,43.9,293.7,location,7.4,0,normal
BUS-001,2025-11-10T13:16:00Z,28.520655,77.359286,37.6,295.2,location,17.6,0,normal
BUS-001,2025-11-10T13:17:00Z,28.519793,77.359683,37.6,296.7,location,2.0,0,normal
BUS-001,2025-11-10T13:18:00Z,28.518994,77.360153,34.3,298.2,location,6.2,0,normal
BUS-001,2025-11-10T13:19:00Z,28.518178,77.360575,37.9,299.7,location,5.4,0,normal
BUS-001,2025-11-10T13:20:00Z,28.517405,77.361038,50.6,301.2,location,11.1,0,normal
BUS-001,2025-11-10T13:21:00Z,28.516483,77.3615,23.1,302.7,location,5.6,0,normal
BUS-001,2025-11-10T13:22:00Z,28.515864,77.362025,24.2,304.2,location,10.3,0,normal
BUS-001,2025-11-10T13:23:00Z,28.515008,77.362598,36.4,305.7,location,13.6,0,normal
BUS-001,2025-11-10T13:24:00Z,28.514252,77.363109,34.9,307.2,location,10.3,0,normal
BUS-001,2025-11-10T13:25:00Z,28.513634,77.363706,36.0,308.7,location,8.2,0,normal
BUS-001,2025-11-10T13:26:00Z,28.512879,77.364241,35.1,310.2,location,4.9,0,normal
BUS-001,2025-11-10T13:27:00Z,28.512256,77.364923,35.6,311.7,location,9.4,0,normal
BUS-001,2025-11-10T13:28:00Z,28.51147,77.365426,35.6,313.2,location,11.4,0,normal
BUS-001,2025-11-10T13:29:00Z,28.510778,77.366098,29.2,314.7,location,10.8,0,normal
BUS-001,2025-11-10T13:30:00Z,28.510166,77.366802,38.0,316.2,location,15.1,0,normal
BUS-001,2025-11-10T13:31:00Z,28.509606,77.367413,36.3,317.7,location,6.7,0,normal
BUS-001,2025-11-10T13:32:00Z,28.509076,77.368103,33.8,319.2,location,11.2,0,normal
BUS-001,2025-11-10T13:33:00Z,28.508333,77.368849,33.1,320.7,location,1.5,0,normal
BUS-001,2025-11-10T13:34:00Z,28.507917,77.369523,36.7,322.2,location,2.8,0,normal
BUS-001,2025-11-10T13:35:00Z,28.507241,77.370299,32.3,323.7,location,11.1,0,normal
BUS-001,2025-11-10T13:36:00Z,28.506764,77.371088,38.3,325.2,location,6.3,0,normal
BUS-001,2025-11-10T13:37:00Z,28.506262,77.371804,49.7,326.7,location,4.9,0,normal
BUS-001,2025-11-10T13:38:00Z,28.505819,77.37258,35.3,328.2,location,4.0,0,normal
BUS-001,2025-11-10T13:39:00Z,28.5053,77.373386,46.6,329.7,location,10.9,0,normal
BUS-001,2025-11-10T13:40:00Z,28.50481,77.374252,36.5,331.3,location,3.5,0,normal
BUS-001,2025-11-10T13:41:00Z,28.504351,77.374961,49.5,332.8,location,12.7,0,normal
BUS-001,2025-11-10T13:42:00Z,28.504035,77.37575,33.7,334.3,location,3.8,0,normal
BUS-001,2025-11-10T13:43:00Z,28.503671,77.376644,35.6,335.8,location,9.5,0,normal
BUS-001,2025-11-10T13:44:00Z,28.50317,77.377421,45.2,337.3,location,14.0,0,normal
BUS-001,2025-11-10T13:45:00Z,28.502903,77.378368,40.5,338.8,location,3.6,0,normal
BUS-001,2025-11-10T13:46:00Z,28.502529,77.379185,35.8,340.3,location,6.2,0,normal
BUS-001,2025-11-10T13:47:00Z,28.502144,77.380032,39.5,341.8,location,5.2,0,normal
BUS-001,2025-11-10T13:48:00Z,28.502085,77.380928,37.9,343.3,location,10.5,0,normal
BUS-001,2025-11-10T13:49:00Z,28.501668,77.381796,36.8,344.8,location,10.1,0,normal
BUS-001,2025-11-10T13:50:00Z,28.501559,77.38267,37.5,346.3,location,7.2,0,normal
BUS-001,2025-11-10T13:51:00Z,28.501349,77.383493,33.9,347.8,location,2.3,0,normal
BUS-001,2025-11-10T13:52:00Z,28.50106,77.384487,39.4,349.3,location,8.1,0,normal
BUS-001,2025-11-10T13:53:00Z,28.501,77.385316,30.0,350.8,location,6.3,0,normal
BUS-001,2025-11-10T13:54:00Z,28.500721,77.386341,43.7,352.3,location,9.0,0,normal
BUS-001,2025-11-10T13:55:00Z,28.500668,77.387198,49.6,353.8,location,6.1,0,normal
BUS-001,2025-11-10T13:56:00Z,28.50067,77.388189,33.7,355.3,location,9.6,0,normal
BUS-001,2025-11-10T13:57:00Z,28.500557,77.389049,28.8,356.8,location,2.9,0,normal
BUS-001,2025-11-10T13:58:00Z,28.500677,77.389985,43.7,358.3,location,8.5,0,normal
BUS-001,2025-11-10T13:59:00Z,28.500447,77.390918,43.6,359.8,location,10.3,0,normal
BUS-001,2025-11-10T14:00:00Z,28.500596,77.391755,49.7,1.3,location,6.0,0,normal
BUS-001,2025-11-10T14:01:00Z,28.500586,77.392752,39.1,2.8,location,10.6,0,normal
BUS-001,2025-11-10T14:02:00Z,28.500655,77.393521,35.3,4.3,location,2.6,0,normal
BUS-001,2025-11-10T14:03:00Z,28.500623,77.39456,30.5,5.8,location,8.6,0,normal
BUS-001,2025-11-10T14:04:00Z,28.500739,77.395542,43.7,7.3,location,3.8,0,normal
BUS-001,2025-11-10T14:05:00Z,28.500875,77.396326,30.0,8.8,location,10.9,0,normal
BUS-001,2025-11-10T14:06:00Z,28.501134,77.397264,31.2,10.3,location,12.7,0,normal
BUS-001,2025-11-10T14:07:00Z,28.501189,77.398131,34.3,11.8,location,8.5,0,normal
BUS-001,2025-11-10T14:08:00Z,28.501437,77.399119,29.5,13.3,location,2.0,0,normal
BUS-001,2025-11-10T14:09:00Z,28.501665,77.399956,42.2,14.8,location,12.6,0,normal
BUS-001,2025-11-10T14:10:00Z,28.501989,77.400873,34.9,16.3,location,6.3,0,normal
BUS-001,2025-11-10T14:11:00Z,28.502137,77.401671,33.9,17.8,location,13.9,0,normal
BUS-001,2025-11-10T14:12:00Z,28.502473,77.402599,41.4,19.4,location,6.2,0,normal
BUS-001,2025-11-10T14:13:00Z,28.50282,77.403596,44.6,20.9,location,10.0,0,normal
BUS-001,2025-11-10T14:14:00Z,28.503113,77.404275,36.1,22.4,location,3.7,0,normal
BUS-001,2025-11-10T14:15:00Z,28.503437,77.405201,46.7,23.9,location,8.0,0,normal
BUS-001,2025-11-10T14:16:00Z,28.503888,77.405948,39.4,25.4,location,9.8,0,normal
BUS-001,2025-11-10T14:17:00Z,28.504233,77.406882,35.5,26.9,location,6.5,0,normal
BUS-001,2025-11-10T14:18:00Z,28.504693,77.407643,43.2,28.4,location,9.4,0,normal
BUS-001,2025-11-10T14:19:00Z,28.50515,77.408351,28.8,29.9,location,10.8,0,normal
BUS-001,2025-11-10T14:20:00Z,28.505583,77.409383,38.8,31.4,location,10.3,0,normal
BUS-001,2025-11-10T14:21:00Z,28.506073,77.410029,39.7,32.9,location,2.9,0,normal
BUS-001,2025-11-10T14:22:00Z,28.506674,77.410869,38.2,34.4,location,9.4,0,normal
BUS-001,2025-11-10T14:23:00Z,28.50715,77.411433,44.0,35.9,location,14.1,0,normal
BUS-001,2025-11-10T14:24:00Z,28.50774,77.412327,36.2,37.4,location,6.6,0,normal
BUS-001,2025-11-10T14:25:00Z,28.508346,77.412975,34.4,38.9,location,4.6,0,normal
BUS-001,2025-11-10T14:26:00Z,28.508864,77.413702,32.5,40.4,location,4.7,0,normal
BUS-001,2025-11-10T14:27:00Z,28.509477,77.414401,44.6,41.9,location,11.3,0,normal
BUS-001,2025-11-10T14:28:00Z,28.51011,77.415098,36.7,43.4,location,0.6,0,normal
BUS-001,2025-11-10T14:29:00Z,28.510707,77.415683,37.7,44.9,location,13.3,0,normal
BUS-001,2025-11-10T14:30:00Z,28.511329,77.416394,29.5,46.4,location,8.9,0,normal
BUS-001,2025-11-10T14:31:00Z,28.511969,77.41702,0.0,47.9,stop,13.6,0,normal
BUS-001,2025-11-10T14:32:00Z,28.512825,77.417681,10.9,49.4,location,9.0,0,normal
BUS-001,2025-11-10T14:33:00Z,28.513457,77.41815,0.0,50.9,stop,1.3,0,normal
BUS-001,2025-11-10T14:34:00Z,28.51416,77.418777,0.0,52.4,stop,13.9,0,normal
BUS-001,2025-11-10T14:35:00Z,28.514832,77.419226,0.0,53.9,stop,10.6,0,normal
BUS-001,2025-11-10T14:36:00Z,28.515612,77.419822,0.0,55.4,stop,13.9,0,normal
BUS-001,2025-11-10T14:37:00Z,28.516378,77.420275,0.0,56.9,stop,13.6,0,normal
BUS-001,2025-11-10T14:38:00Z,28.517129,77.420805,0.0,58.4,stop,11.7,0,normal
BUS-001,2025-11-10T14:39:00Z,28.518049,77.421327,0.0,59.9,stop,10.9,0,normal
BUS-001,2025-11-10T14:40:00Z,28.518819,77.421787,0.0,61.4,stop,6.9,0,normal
BUS-001,2025-11-10T14:41:00Z,28.519651,77.422194,0.0,62.9,stop,6.7,0,normal
BUS-001,2025-11-10T14:42:00Z,28.520406,77.422599,0.0,64.4,stop,8.1,0,normal
BUS-001,2025-11-10T14:43:00Z,28.521285,77.422908,0.0,65.9,stop,17.3,0,normal
BUS-001,2025-11-10T14:44:00Z,28.522172,77.423279,0.0,67.5,stop,7.4,0,normal
BUS-001,2025-11-10T14:45:00Z,28.522938,77.423651,0.0,69.0,stop,4.5,0,normal
BUS-001,2025-11-10T14:46:00Z,28.523778,77.423938,0.0,70.5,stop,12.1,0,normal
BUS-001,2025-11-10T14:47:00Z,28.524637,77.42425,0.0,72.0,stop,3.8,0,normal
BUS-001,2025-11-10T14:48:00Z,28.525564,77.424471,0.0,73.5,stop,14.4,0,normal
BUS-001,2025-11-10T14:49:00Z,28.526454,77.424844,0.0,75.0,stop,10.7,0,normal
BUS-001,2025-11-10T14:50:00Z,28.527381,77.42498,0.0,76.5,stop,6.6,0,normal
BUS-001,2025-11-10T14:51:00Z,28.528171,77.4253,0.0,78.0,stop,9.9,0,normal
BUS-001,2025-11-10T14:52:00Z,28.52916,77.425374,0.0,79.5,stop,10.2,0,normal
BUS-001,2025-11-10T14:53:00Z,28.529964,77.42555,0.0,81.0,stop,3.0,0,normal
BUS-001,2025-11-10T14:54:00Z,28.530987,77.425675,0.0,82.5,stop,0.4,0,normal
BUS-001,2025-11-10T14:55:00Z,28.531778,77.425822,0.0,84.0,stop,11.5,0,normal
BUS-001,2025-11-10T14:56:00Z,28.532692,77.425908,0.0,85.5,stop,9.9,0,normal
BUS-001,2025-11-10T14:57:00Z,28.533698,77.425871,9.6,87.0,location,6.9,0,normal
BUS-001,2025-11-10T14:58:00Z,28.534569,77.426053,0.0,88.5,stop,8.8,0,normal
BUS-001,2025-11-10T14:59:00Z,28.53553,77.426007,0.0,90.0,stop,7.0,0,normal
BUS-002,2025-11-10T07:00:00Z,28.557793,77.421763,41.5,126.0,location,7.8,0,normal
BUS-002,2025-11-10T07:01:00Z,28.558544,77.42119,33.8,127.5,location,13.8,0,normal
BUS-002,2025-11-10T07:02:00Z,28.559349,77.420532,37.5,129.0,location,6.8,0,normal
BUS-002,2025-11-10T07:03:00Z,28.560104,77.419896,32.5,130.5,location,10.7,0,normal
BUS-002,2025-11-10T07:04:00Z,28.560865,77.41929,38.3,132.0,location,13.1,0,normal
BUS-002,2025-11-10T07:05:00Z,28.561623,77.418598,31.0,133.5,location,9.6,0,normal
BUS-002,2025-11-10T07:06:00Z,28.562394,77.417787,31.1,135.0,location,3.4,0,normal
BUS-002,2025-11-10T07:07:00Z,28.563033,77.417225,30.6,136.5,location,11.7,0,normal
BUS-002,2025-11-10T07:08:00Z,28.563735,77.416442,34.1,138.0,location,15.4,0,normal
BUS-002,2025-11-10T07:09:00Z,28.56439,77.415724,35.9,139.5,location,11.3,0,normal
BUS-002,2025-11-10T07:10:00Z,28.56507,77.414869,40.4,141.0,location,5.5,0,normal
BUS-002,2025-11-10T07:11:00Z,28.565668,77.414152,40.1,142.5,location,12.1,0,normal
BUS-002,2025-11-10T07:12:00Z,28.566282,77.413375,41.4,144.0,location,6.5,0,normal
BUS-002,2025-11-10T07:13:00Z,28.566826,77.412525,29.8,145.5,location,12.1,0,normal
BUS-002,2025-11-10T07:14:00Z,28.567349,77.411703,33.5,147.0,location,10.8,0,normal
BUS-002,2025-11-10T07:15:00Z,28.567956,77.410861,46.6,148.5,location,8.8,0,normal
BUS-002,2025-11-10T07:16:00Z,28.568468,77.410039,30.7,150.1,location,8.9,0,normal
BUS-002,2025-11-10T07:17:00Z,28.568964,77.409114,36.6,151.6,location,8.3,0,normal
BUS-002,2025-11-10T07:18:00Z,28.569396,77.408212,44.0,153.1,location,4.9,0,normal
BUS-002,2025-11-10T07:19:00Z,28.569794,77.407295,36.3,154.6,location,5.3,0,normal
BUS-002,2025-11-10T07:20:00Z,28.570271,77.406396,43.4,156.1,location,4.2,0,normal
BUS-002,2025-11-10T07:21:00Z,28.570548,77.4054,40.9,157.6,location,8.2,0,normal
BUS-002,2025-11-10T07:22:00Z,28.571047,77.404564,33.0,159.1,location,9.7,0,normal
BUS-002,2025-11-10T07:23:00Z,28.57134,77.403684,37.8,160.6,location,11.0,0,normal
BUS-002,2025-11-10T07:24:00Z,28.571688,77.402737,30.9,162.1,location,2.9,0,normal
BUS-002,2025-11-10T07:25:00Z,28.57196,77.401763,43.6,163.6,location,9.7,0,normal
BUS-002,2025-11-10T07:26:00Z,28.572223,77.400779,40.5,165.1,location,11.5,0,normal
BUS-002,2025-11-10T07:27:00Z,28.572457,77.399829,28.1,166.6,location,6.9,0,normal
BUS-002,2025-11-10T07:28:00Z,28.572704,77.398815,33.8,168.1,location,8.9,0,normal
BUS-002,2025-11-10T07:29:00Z,28.572957,77.397846,33.8,169.6,location,7.0,0,normal
BUS-002,2025-11-10T07:30:00Z,28.573,77.39683,37.9,171.1,location,16.9,0,normal
BUS-002,2025-11-10T07:31:00Z,28.573148,77.395827,44.9,172.6,location,7.5,0,normal
BUS-002,2025-11-10T07:32:00Z,28.573302,77.394859,34.5,174.1,location,9.1,0,normal
BUS-002,2025-11-10T07:33:00Z,28.57334,77.39384,40.0,175.6,location,2.6,0,normal
BUS-002,2025-11-10T07:34:00Z,28.573453,77.392835,37.6,177.1,location,5.7,0,normal
BUS-002,2025-11-10T07:35:00Z,28.573515,77.391866,48.2,178.6,location,4.8,0,normal
BUS-002,2025-11-10T07:36:00Z,28.573443,77.390905,32.4,180.1,location,7.9,0,normal
BUS-002,2025-11-10T07:37:00Z,28.573523,77.389868,38.5,181.6,location,7.8,0,normal
BUS-002,2025-11-10T07:38:00Z,28.573467,77.38902,38.9,183.1,location,10.7,0,normal
BUS-002,2025-11-10T07:39:00Z,28.573305,77.387882,38.2,184.6,location,16.6,0,normal
BUS-002,2025-11-10T07:40:00Z,28.573278,77.386897,32.1,186.1,location,7.6,0,normal
BUS-002,2025-11-10T07:41:00Z,28.57309,77.385905,42.9,187.6,location,5.4,0,normal
BUS-002,2025-11-10T07:42:00Z,28.573041,77.385014,23.8,189.1,location,13.9,0,normal
BUS-002,2025-11-10T07:43:00Z,28.57288,77.383927,33.3,190.6,location,9.7,0,normal
BUS-002,2025-11-10T07:44:00Z,28.572669,77.383039,42.0,192.1,location,14.7,0,normal
BUS-002,2025-11-10T07:45:00Z,28.572396,77.382104,40.6,193.6,location,2.1,0,normal
BUS-002,2025-11-10T07:46:00Z,28.572233,77.381055,39.8,195.1,location,6.9,0,normal
BUS-002,2025-11-10T07:47:00Z,28.571962,77.380161,17.5,196.6,location,13.5,0,normal
BUS-002,2025-11-10T07:48:00Z,28.571638,77.379089,34.6,198.2,location,8.3,0,normal
BUS-002,2025-11-10T07:49:00Z,28.571298,77.378178,35.6,199.7,location,7.2,0,normal
BUS-002,2025-11-10T07:50:00Z,28.570821,77.377268,37.8,201.2,location,9.9,0,normal
BUS-002,2025-11-10T07:51:00Z,28.570594,77.3764,37.1,202.7,location,6.5,0,normal
BUS-002,2025-11-10T07:52:00Z,28.570096,77.37548,35.8,204.2,location,3.4,0,normal
BUS-002,2025-11-10T07:53:00Z,28.569624,77.374462,26.3,205.7,location,7.3,0,normal
BUS-002,2025-11-10T07:54:00Z,28.569405,77.373604,43.7,207.2,location,8.8,0,normal
BUS-002,2025-11-10T07:55:00Z,28.568767,77.372808,15.0,208.7,location,12.0,0,normal
BUS-002,2025-11-10T07:56:00Z,28.568233,77.371917,32.3,210.2,location,11.0,0,normal
BUS-002,2025-11-10T07:57:00Z,28.567843,77.370945,44.5,211.7,location,5.7,0,normal
BUS-002,2025-11-10T07:58:00Z,28.567286,77.370248,39.5,213.2,location,9.2,0,normal
BUS-002,2025-11-10T07:59:00Z,28.566704,77.369342,44.5,214.7,location,10.6,0,normal
BUS-002,2025-11-10T08:00:00Z,28.566147,77.368553,34.3,216.2,location,13.6,0,normal
BUS-002,2025-11-10T08:01:00Z,28.565489,77.367771,27.3,217.7,location,0.3,0,normal
BUS-002,2025-11-10T08:02:00Z,28.56497,77.367022,35.5,219.2,location,5.6,0,normal
BUS-002,2025-11-10T08:03:00Z,28.564338,77.366219,30.3,220.7,location,9.8,0,normal
BUS-002,2025-11-10T08:04:00Z,28.563653,77.365489,28.3,222.2,location,9.8,0,normal
BUS-002,2025-11-10T08:05:00Z,28.56295,77.364836,35.2,223.7,location,15.4,0,normal
BUS-002,2025-11-10T08:06:00Z,28.562318,77.364101,36.5,225.2,location,12.1,0,normal
BUS-002,2025-11-10T08:07:00Z,28.561607,77.363339,29.1,226.7,location,10.9,0,normal
BUS-002,2025-11-10T08:08:00Z,28.560781,77.362641,36.9,228.2,location,8.1,0,normal
BUS-002,2025-11-10T08:09:00Z,28.560043,77.361934,39.1,229.7,location,6.2,0,normal
BUS-002,2025-11-10T08:10:00Z,28.559317,77.361419,44.8,231.2,location,8.2,0,normal
BUS-002,2025-11-10T08:11:00Z,28.558448,77.360784,36.1,232.7,location,7.8,0,normal
BUS-002,2025-11-10T08:12:00Z,28.557717,77.360105,45.9,234.2,location,8.7,0,normal
BUS-002,2025-11-10T08:13:00Z,28.556855,77.359549,39.3,235.7,location,9.6,0,normal
BUS-002,2025-11-10T08:14:00Z,28.556077,77.359015,27.7,237.2,location,4.4,0,normal
BUS-002,2025-11-10T08:15:00Z,28.555181,77.358605,41.8,238.7,location,5.6,0,normal
BUS-002,2025-11-10T08:16:00Z,28.55431,77.358005,41.9,240.2,location,12.3,0,normal
BUS-002,2025-11-10T08:17:00Z,28.553548,77.357498,33.3,241.7,location,7.6,0,normal
BUS-002,2025-11-10T08:18:00Z,28.552547,77.357114,38.2,243.2,location,8.1,0,normal
BUS-002,2025-11-10T08:19:00Z,28.551788,77.35661,38.1,244.7,location,9.1,0,normal
BUS-002,2025-11-10T08:20:00Z,28.550665,77.356297,32.3,246.3,location,6.6,0,normal
BUS-002,2025-11-10T08:21:00Z,28.549901,77.355842,29.7,247.8,location,5.8,0,normal
BUS-002,2025-11-10T08:22:00Z,28.548955,77.355549,28.5,249.3,location,4.4,0,normal
BUS-002,2025-11-10T08:23:00Z,28.547993,77.355048,27.1,250.8,location,6.5,0,normal
BUS-002,2025-11-10T08:24:00Z,28.547121,77.354784,29.5,252.3,location,11.9,0,normal
BUS-002,2025-11-10T08:25:00Z,28.546122,77.354541,34.8,253.8,location,8.2,0,normal
BUS-002,2025-11-10T08:26:00Z,28.545178,77.354223,44.9,255.3,location,6.6,0,normal
BUS-002,2025-11-10T08:27:00Z,28.544103,77.353986,34.4,256.8,location,6.0,0,normal
BUS-002,2025-11-10T08:28:00Z,28.543315,77.353795,32.9,258.3,location,1.7,0,normal
BUS-002,2025-11-10T08:29:00Z,28.542229,77.353637,43.0,259.8,location,9.6,0,normal
BUS-002,2025-11-10T08:30:00Z,28.541307,77.35343,37.8,261.3,location,8.2,0,normal
BUS-002,2025-11-10T08:31:00Z,28.540138,77.35326,0.0,262.8,stop,9.8,0,normal
BUS-002,2025-11-10T08:32:00Z,28.539305,77.353215,9.4,264.3,location,9.9,0,normal
BUS-002,2025-11-10T08:33:00Z,28.538263,77.353024,0.0,265.8,stop,10.1,0,normal
BUS-002,2025-11-10T08:34:00Z,28.537268,77.353076,0.0,267.3,stop,1.7,0,normal
BUS-002,2025-11-10T08:35:00Z,28.536344,77.352964,0.0,268.8,stop,2.2,0,normal
BUS-002,2025-11-10T08:36:00Z,28.535328,77.352975,0.0,270.3,stop,8.4,0,normal
BUS-002,2025-11-10T08:37:00Z,28.534206,77.353092,0.0,271.8,stop,6.8,0,normal
BUS-002,2025-11-10T08:38:00Z,28.533291,77.353064,0.0,273.3,stop,4.0,0,normal
BUS-002,2025-11-10T08:39:00Z,28.532339,77.353248,0.0,274.8,stop,9.4,0,normal
BUS-002,2025-11-10T08:40:00Z,28.531356,77.353222,0.0,276.3,stop,8.6,0,normal
BUS-002,2025-11-10T08:41:00Z,28.530277,77.353352,0.0,277.8,stop,7.1,0,normal
BUS-002,2025-11-10T08:42:00Z,28.529368,77.353515,0.0,279.3,stop,9.8,0,normal
BUS-002,2025-11-10T08:43:00Z,28.528455,77.353675,0.0,280.8,stop,12.0,0,normal
BUS-002,2025-11-10T08:44:00Z,28.527376,77.353857,9.6,282.3,location,7.5,0,normal
BUS-002,2025-11-10T08:45:00Z,28.526551,77.354115,0.0,283.8,stop,9.2,0,normal
BUS-002,2025-11-10T08:46:00Z,28.525474,77.354434,0.0,285.3,stop,14.4,0,normal
BUS-002,2025-11-10T08:47:00Z,28.524529,77.354678,0.0,286.8,stop,6.3,0,normal
BUS-002,2025-11-10T08:48:00Z,28.52357,77.354935,0.0,288.3,stop,8.0,0,normal
BUS-002,2025-11-10T08:49:00Z,28.522566,77.35531,0.0,289.8,stop,1.9,0,normal
BUS-002,2025-11-10T08:50:00Z,28.52164,77.355651,0.0,291.3,stop,2.9,0,normal
BUS-002,2025-11-10T08:51:00Z,28.520768,77.356013,0.0,292.8,stop,12.0,0,normal
BUS-002,2025-11-10T08:52:00Z,28.5198,77.35639,0.0,294.4,stop,13.3,0,normal
BUS-002,2025-11-10T08:53:00Z,28.519006,77.35688,0.0,295.9,stop,13.5,0,normal
BUS-002,2025-11-10T08:54:00Z,28.517978,77.357244,0.0,297.4,stop,7.6,0,normal
BUS-002,2025-11-10T08:55:00Z,28.517172,77.357759,0.0,298.9,stop,8.7,0,normal
BUS-002,2025-11-10T08:56:00Z,28.516439,77.358167,0.0,300.4,stop,13.5,0,normal
BUS-002,2025-11-10T08:57:00Z,28.515454,77.358692,5.9,301.9,location,6.0,0,normal
BUS-002,2025-11-10T08:58:00Z,28.514587,77.359358,0.0,303.4,stop,5.1,0,normal
BUS-002,2025-11-10T08:59:00Z,28.51378,77.359895,0.0,304.9,stop,6.0,0,normal
BUS-002,2025-11-10T09:00:00Z,28.512958,77.360425,0.0,306.4,stop,8.7,0,normal
BUS-002,2025-11-10T09:01:00Z,28.512114,77.360901,0.0,307.9,stop,5.5,0,normal
BUS-002,2025-11-10T09:02:00Z,28.51139,77.361617,9.9,309.4,location,3.4,0,normal
BUS-002,2025-11-10T09:03:00Z,28.510557,77.362324,0.0,310.9,stop,6.6,0,normal
BUS-002,2025-11-10T09:04:00Z,28.509868,77.362974,0.0,312.4,stop,20.0,0,normal
BUS-002,2025-11-10T09:05:00Z,28.509208,77.363666,8.7,313.9,location,17.2,0,normal
BUS-002,2025-11-10T09:06:00Z,28.508487,77.364253,0.0,315.4,stop,7.3,0,normal
BUS-002,2025-11-10T09:07:00Z,28.507709,77.365049,0.0,316.9,stop,13.3,0,normal
BUS-002,2025-11-10T09:08:00Z,28.507057,77.365782,0.0,318.4,stop,11.0,0,normal
BUS-002,2025-11-10T09:09:00Z,28.506368,77.366568,0.0,319.9,stop,9.1,0,normal
BUS-002,2025-11-10T09:10:00Z,28.505827,77.367306,0.0,321.4,stop,9.0,0,normal
BUS-002,2025-11-10T09:11:00Z,28.505214,77.368048,0.0,322.9,stop,5.4,0,normal
BUS-002,2025-11-10T09:12:00Z,28.50468,77.36893,0.0,324.4,stop,9.1,0,normal
BUS-002,2025-11-10T09:13:00Z,28.504037,77.369701,0.0,325.9,stop,8.6,0,normal
BUS-002,2025-11-10T09:14:00Z,28.503489,77.370559,0.0,327.4,stop,8.9,0,normal
BUS-002,2025-11-10T09:15:00Z,28.502911,77.371374,0.0,328.9,stop,9.2,0,normal
BUS-002,2025-11-10T09:16:00Z,28.502423,77.372276,0.0,330.4,stop,11.6,0,normal
BUS-002,2025-11-10T09:17:00Z,28.501971,77.373203,10.3,331.9,location,1.5,0,normal
BUS-002,2025-11-10T09:18:00Z,28.5015,77.374018,0.0,333.4,stop,12.7,0,normal
BUS-002,2025-11-10T09:19:00Z,28.501091,77.374948,0.0,334.9,stop,5.8,0,normal
BUS-002,2025-11-10T09:20:00Z,28.500742,77.375775,0.0,336.4,stop,9.2,0,normal
BUS-002,2025-11-10T09:21:00Z,28.500304,77.376655,0.0,337.9,stop,13.6,0,normal
BUS-002,2025-11-10T09:22:00Z,28.499965,77.377737,0.0,339.4,stop,10.1,0,normal
BUS-002,2025-11-10T09:23:00Z,28.499528,77.378624,0.0,340.9,stop,8.0,0,normal
BUS-002,2025-11-10T09:24:00Z,28.499203,77.379501,9.6,342.5,location,2.0,0,normal
BUS-002,2025-11-10T09:25:00Z,28.498988,77.380449,0.0,344.0,stop,13.2,0,normal
BUS-002,2025-11-10T09:26:00Z,28.498761,77.381475,0.0,345.5,stop,7.7,0,normal
BUS-002,2025-11-10T09:27:00Z,28.498393,77.38245,0.0,347.0,stop,6.4,0,normal
BUS-002,2025-11-10T09:28:00Z,28.498266,77.383222,0.0,348.5,stop,6.9,0,normal
BUS-002,2025-11-10T09:29:00Z,28.498055,77.38442,0.0,350.0,stop,13.3,0,normal
BUS-002,2025-11-10T09:30:00Z,28.497925,77.385352,0.0,351.5,stop,9.0,0,normal
BUS-002,2025-11-10T09:31:00Z,28.497746,77.386332,0.0,353.0,stop,6.8,0,normal
BUS-002,2025-11-10T09:32:00Z,28.497805,77.387318,0.0,354.5,stop,3.5,0,normal
BUS-002,2025-11-10T09:33:00Z,28.497611,77.388302,0.0,356.0,stop,10.0,0,normal
BUS-002,2025-11-10T09:34:00Z,28.497614,77.389336,10.4,357.5,location,8.5,0,normal
BUS-002,2025-11-10T09:35:00Z,28.497551,77.390318,0.0,359.0,stop,4.0,0,normal
BUS-002,2025-11-10T09:36:00Z,28.497488,77.391373,0.0,0.5,stop,12.8,0,normal
BUS-002,2025-11-10T09:37:00Z,28.497536,77.392289,0.0,2.0,stop,13.3,0,normal
BUS-002,2025-11-10T09:38:00Z,28.497525,77.393331,0.0,3.5,stop,7.3,0,normal
BUS-002,2025-11-10T09:39:00Z,28.497661,77.394347,0.0,5.0,stop,5.1,0,normal
BUS-002,2025-11-10T09:40:00Z,28.497653,77.395226,0.0,6.5,stop,10.7,0,normal
BUS-002,2025-11-10T09:41:00Z,28.497902,77.396276,0.0,8.0,stop,10.6,0,normal
BUS-002,2025-11-10T09:42:00Z,28.49803,77.397244,0.0,9.5,stop,5.5,0,normal
BUS-002,2025-11-10T09:43:00Z,28.498261,77.398265,0.0,11.0,stop,15.2,0,normal
BUS-002,2025-11-10T09:44:00Z,28.498324,77.39917,0.0,12.5,stop,10.9,0,normal
BUS-002,2025-11-10T09:45:00Z,28.498579,77.400163,11.7,14.0,location,10.4,0,normal
BUS-002,2025-11-10T09:46:00Z,28.498886,77.401292,0.0,15.5,stop,13.8,0,normal
BUS-002,2025-11-10T09:47:00Z,28.49915,77.402132,0.0,17.0,stop,3.2,0,normal
BUS-002,2025-11-10T09:48:00Z,28.499467,77.403041,0.0,18.5,stop,10.5,0,normal
BUS-002,2025-11-10T09:49:00Z,28.499803,77.403971,8.0,20.0,location,11.7,0,normal
BUS-002,2025-11-10T09:50:00Z,28.500157,77.404915,0.0,21.5,stop,14.7,0,normal
BUS-002,2025-11-10T09:51:00Z,28.500516,77.405932,0.0,23.0,stop,8.3,0,normal
BUS-002,2025-11-10T09:52:00Z,28.500881,77.406797,0.0,24.5,stop,1.2,0,normal
BUS-002,2025-11-10T09:53:00Z,28.501381,77.407722,0.0,26.0,stop,13.5,0,normal
BUS-002,2025-11-10T09:54:00Z,28.501772,77.40857,0.0,27.5,stop,3.7,0,normal
BUS-002,2025-11-10T09:55:00Z,28.502293,77.409433,0.0,29.0,stop,1.7,0,normal
BUS-002,2025-11-10T09:56:00Z,28.502834,77.410309,5.2,30.6,location,13.1,0,normal
BUS-002,2025-11-10T09:57:00Z,28.503341,77.411118,0.0,32.1,stop,7.3,0,normal
BUS-002,2025-11-10T09:58:00Z,28.503842,77.411975,0.0,33.6,stop,2.4,0,normal
BUS-002,2025-11-10T09:59:00Z,28.504394,77.412957,0.0,35.1,stop,7.2,0,normal
BUS-002,2025-11-10T10:00:00Z,28.504997,77.41362,0.0,36.6,stop,8.8,0,normal
BUS-002,2025-11-10T10:01:00Z,28.505635,77.414377,0.0,38.1,stop,9.8,0,normal
BUS-002,2025-11-10T10:02:00Z,28.506149,77.415225,0.0,39.6,stop,7.6,0,normal
BUS-002,2025-11-10T10:03:00Z,28.506888,77.415952,0.0,41.1,stop,8.7,0,normal
BUS-002,2025-11-10T10:04:00Z,28.507538,77.416704,0.0,42.6,stop,7.8,0,normal
BUS-002,2025-11-10T10:05:00Z,28.50812,77.417493,0.0,44.1,stop,13.0,0,normal
BUS-002,2025-11-10T10:06:00Z,28.508957,77.418026,0.0,45.6,stop,1.5,0,normal
BUS-002,2025-11-10T10:07:00Z,28.509712,77.418859,7.7,47.1,location,0.9,0,normal
BUS-002,2025-11-10T10:08:00Z,28.510449,77.419555,0.0,48.6,stop,8.3,0,normal
BUS-002,2025-11-10T10:09:00Z,28.511134,77.420099,0.0,50.1,stop,1.6,0,normal
BUS-002,2025-11-10T10:10:00Z,28.511773,77.420769,0.0,51.6,stop,8.0,0,normal
BUS-002,2025-11-10T10:11:00Z,28.512673,77.421334,0.0,53.1,stop,15.2,0,normal
BUS-002,2025-11-10T10:12:00Z,28.513504,77.422098,0.0,54.6,stop,6.2,0,normal
BUS-002,2025-11-10T10:13:00Z,28.514345,77.422513,0.0,56.1,stop,5.0,0,normal
BUS-002,2025-11-10T10:14:00Z,28.515217,77.423056,0.0,57.6,stop,2.7,0,normal
BUS-002,2025-11-10T10:15:00Z,28.515967,77.423651,9.0,59.1,location,8.2,0,normal
BUS-002,2025-11-10T10:16:00Z,28.516806,77.424179,0.0,60.6,stop,2.1,0,normal
BUS-002,2025-11-10T10:17:00Z,28.517778,77.424588,0.0,62.1,stop,5.2,0,normal
BUS-002,2025-11-10T10:18:00Z,28.51848,77.425008,0.0,63.6,stop,13.7,0,normal
BUS-002,2025-11-10T10:19:00Z,28.519511,77.425557,0.0,65.1,stop,3.9,0,normal
BUS-002,2025-11-10T10:20:00Z,28.520436,77.425825,0.0,66.6,stop,0.4,0,normal
BUS-002,2025-11-10T10:21:00Z,28.521331,77.426299,0.0,68.1,stop,8.3,0,normal
BUS-002,2025-11-10T10:22:00Z,28.522227,77.426544,0.0,69.6,stop,5.5,0,normal
BUS-002,2025-11-10T10:23:00Z,28.523318,77.426957,0.0,71.1,stop,8.0,0,normal
BUS-002,2025-11-10T10:24:00Z,28.524164,77.427232,0.0,72.6,stop,12.4,0,normal
BUS-002,2025-11-10T10:25:00Z,28.525149,77.427492,0.0,74.1,stop,1.5,0,normal
BUS-002,2025-11-10T10:26:00Z,28.526082,77.427793,0.0,75.6,stop,8.9,0,normal
BUS-002,2025-11-10T10:27:00Z,28.527101,77.42815,0.0,77.1,stop,3.0,0,normal
BUS-002,2025-11-10T10:28:00Z,28.528063,77.428287,0.0,78.7,stop,13.3,0,normal
BUS-002,2025-11-10T10:29:00Z,28.528987,77.428416,0.0,80.2,stop,10.0,0,normal
BUS-002,2025-11-10T10:30:00Z,28.529913,77.428563,0.0,81.7,stop,2.5,0,normal
BUS-002,2025-11-10T10:31:00Z,28.530917,77.428739,0.0,83.2,stop,5.5,0,normal
BUS-002,2025-11-10T10:32:00Z,28.531995,77.428882,0.0,84.7,stop,8.6,0,normal
BUS-002,2025-11-10T10:33:00Z,28.532944,77.428937,0.0,86.2,stop,12.8,0,normal
BUS-002,2025-11-10T10:34:00Z,28.533915,77.428918,0.0,87.7,stop,9.2,0,normal
BUS-002,2025-11-10T10:35:00Z,28.535061,77.428967,0.0,89.2,stop,6.6,0,normal
BUS-002,2025-11-10T10:36:00Z,28.535935,77.428985,0.0,90.7,stop,12.9,0,normal
BUS-002,2025-11-10T10:37:00Z,28.536991,77.428977,0.0,92.2,stop,20.8,0,normal
BUS-002,2025-11-10T10:38:00Z,28.537922,77.428931,0.0,93.7,stop,13.1,0,normal
BUS-002,2025-11-10T10:39:00Z,28.5389,77.428938,0.0,95.2,stop,0.3,0,normal
BUS-002,2025-11-10T10:40:00Z,28.539906,77.428729,0.0,96.7,stop,14.9,0,normal
BUS-002,2025-11-10T10:41:00Z,28.540943,77.428581,0.0,98.2,stop,12.4,0,normal
BUS-002,2025-11-10T10:42:00Z,28.54188,77.428464,0.0,99.7,stop,0.0,0,normal
BUS-002,2025-11-10T10:43:00Z,28.54289,77.428237,9.5,101.2,location,3.0,0,normal
BUS-002,2025-11-10T10:44:00Z,28.543837,77.428032,9.8,102.7,location,12.5,0,normal
BUS-002,2025-11-10T10:45:00Z,28.544868,77.427851,0.0,104.2,stop,1.5,0,normal
BUS-002,2025-11-10T10:46:00Z,28.54582,77.427672,0.0,105.7,stop,10.6,0,normal
BUS-002,2025-11-10T10:47:00Z,28.546764,77.427314,0.0,107.2,stop,15.2,0,normal
BUS-002,2025-11-10T10:48:00Z,28.547718,77.427106,10.1,108.7,location,9.3,0,normal
BUS-002,2025-11-10T10:49:00Z,28.5487,77.42661,0.0,110.2,stop,10.5,0,normal
BUS-002,2025-11-10T10:50:00Z,28.549566,77.426253,0.0,111.7,stop,7.5,0,normal
BUS-002,2025-11-10T10:51:00Z,28.550439,77.425898,10.7,113.2,location,3.2,0,normal
BUS-002,2025-11-10T10:52:00Z,28.55138,77.425493,0.0,114.7,stop,1.4,0,normal
BUS-002,2025-11-10T10:53:00Z,28.552337,77.425047,0.0,116.2,stop,3.3,0,normal
BUS-002,2025-11-10T10:54:00Z,28.553155,77.424515,0.0,117.7,stop,2.8,0,normal
BUS-002,2025-11-10T10:55:00Z,28.55406,77.424134,11.5,119.2,location,10.6,0,normal
BUS-002,2025-11-10T10:56:00Z,28.555013,77.423693,0.0,120.7,stop,7.5,0,normal
BUS-002,2025-11-10T10:57:00Z,28.55584,77.423032,0.0,122.2,stop,10.1,0,normal
BUS-002,2025-11-10T10:58:00Z,28.556622,77.422629,0.0,123.7,stop,6.9,0,normal
BUS-002,2025-11-10T10:59:00Z,28.557485,77.421956,0.0,125.2,stop,7.9,0,normal
BUS-002,2025-11-10T11:00:00Z,28.558202,77.421425,0.0,126.8,stop,8.6,0,normal
BUS-002,2025-11-10T11:01:00Z,28.559062,77.420779,0.0,128.3,stop,8.7,0,normal
BUS-002,2025-11-10T11:02:00Z,28.559757,77.420179,0.0,129.8,stop,6.2,0,normal
BUS-002,2025-11-10T11:03:00Z,28.560592,77.419542,0.0,131.3,stop,9.3,0,normal
BUS-002,2025-11-10T11:04:00Z,28.561341,77.418853,0.0,132.8,stop,0.1,0,normal
BUS-002,2025-11-10T11:05:00Z,28.562046,77.418238,0.0,134.3,stop,10.1,0,normal
BUS-002,2025-11-10T11:06:00Z,28.562741,77.417558,0.0,135.8,stop,15.0,0,normal
BUS-002,2025-11-10T11:07:00Z,28.563389,77.416809,0.0,137.3,stop,14.4,0,normal
BUS-002,2025-11-10T11:08:00Z,28.564089,77.416009,9.4,138.8,location,11.0,0,normal
BUS-002,2025-11-10T11:09:00Z,28.564782,77.415291,0.0,140.3,stop,15.7,0,normal
BUS-002,2025-11-10T11:10:00Z,28.565459,77.414524,0.0,141.8,stop,11.1,0,normal
BUS-002,2025-11-10T11:11:00Z,28.56596,77.41374,0.0,143.3,stop,13.0,0,normal
BUS-002,2025-11-10T11:12:00Z,28.566507,77.412842,0.0,144.8,stop,0.8,0,normal
BUS-002,2025-11-10T11:13:00Z,28.567113,77.412053,0.0,146.3,stop,1.1,0,normal
BUS-002,2025-11-10T11:14:00Z,28.567676,77.411297,0.0,147.8,stop,7.3,0,normal
BUS-002,2025-11-10T11:15:00Z,28.568262,77.410434,0.0,149.3,stop,8.1,0,normal
BUS-002,2025-11-10T11:16:00Z,28.568662,77.409543,0.0,150.8,stop,6.2,0,normal
BUS-002,2025-11-10T11:17:00Z,28.569132,77.408668,0.0,152.3,stop,8.5,0,normal
BUS-002,2025-11-10T11:18:00Z,28.569612,77.407668,0.0,153.8,stop,12.4,0,normal
BUS-002,2025-11-10T11:19:00Z,28.570079,77.406867,0.0,155.3,stop,7.0,0,normal
BUS-002,2025-11-10T11:20:00Z,28.570479,77.406042,0.0,156.8,stop,11.5,0,normal
BUS-002,2025-11-10T11:21:00Z,28.570815,77.405027,0.0,158.3,stop,7.8,0,normal
BUS-002,2025-11-10T11:22:00Z,28.571162,77.404066,0.0,159.8,stop,5.7,0,normal
BUS-002,2025-11-10T11:23:00Z,28.571481,77.403281,0.0,161.3,stop,9.0,0,normal
BUS-002,2025-11-10T11:24:00Z,28.57186,77.402232,9.8,162.8,location,10.6,0,normal
BUS-002,2025-11-10T11:25:00Z,28.572168,77.401145,0.0,164.3,stop,2.7,0,normal
BUS-002,2025-11-10T11:26:00Z,28.572301,77.400243,0.0,165.8,stop,11.5,0,normal
BUS-002,2025-11-10T11:27:00Z,28.572507,77.399294,0.0,167.3,stop,3.0,0,normal
BUS-002,2025-11-10T11:28:00Z,28.572805,77.398371,0.0,168.8,stop,17.0,0,normal
BUS-002,2025-11-10T11:29:00Z,28.572979,77.397333,0.0,170.3,stop,11.3,0,normal
BUS-002,2025-11-10T11:30:00Z,28.573148,77.396355,0.0,171.8,stop,11.0,0,normal
BUS-002,2025-11-10T11:31:00Z,28.573356,77.395271,0.0,173.3,stop,7.9,0,normal
BUS-002,2025-11-10T11:32:00Z,28.573334,77.39447,0.0,174.9,stop,11.4,0,normal
BUS-002,2025-11-10T11:33:00Z,28.573428,77.393414,0.0,176.4,stop,1.3,0,normal
BUS-002,2025-11-10T11:34:00Z,28.573529,77.392453,0.0,177.9,stop,6.0,0,normal
BUS-002,2025-11-10T11:35:00Z,28.573491,77.391379,5.0,179.4,location,10.1,0,normal
BUS-002,2025-11-10T11:36:00Z,28.573489,77.390455,8.3,180.9,location,5.8,0,normal
BUS-002,2025-11-10T11:37:00Z,28.573456,77.389456,0.0,182.4,stop,0.6,0,normal
BUS-002,2025-11-10T11:38:00Z,28.573439,77.388448,0.0,183.9,stop,5.6,0,normal
BUS-002,2025-11-10T11:39:00Z,28.573382,77.387497,8.0,185.4,location,8.9,0,normal
BUS-002,2025-11-10T11:40:00Z,28.573215,77.386524,6.4,186.9,location,11.1,0,normal
BUS-002,2025-11-10T11:41:00Z,28.57312,77.385493,10.9,188.4,location,4.7,0,normal
BUS-002,2025-11-10T11:42:00Z,28.572921,77.3845,0.0,189.9,stop,3.4,0,normal
BUS-002,2025-11-10T11:43:00Z,28.572638,77.383473,0.0,191.4,stop,9.3,0,normal
BUS-002,2025-11-10T11:44:00Z,28.572554,77.382535,0.0,192.9,stop,4.0,0,normal
BUS-002,2025-11-10T11:45:00Z,28.572263,77.38153,5.6,194.4,location,6.0,0,normal
BUS-002,2025-11-10T11:46:00Z,28.571972,77.380496,0.0,195.9,stop,7.6,0,normal
BUS-002,2025-11-10T11:47:00Z,28.571765,77.379675,0.0,197.4,stop,6.4,0,normal
BUS-002,2025-11-10T11:48:00Z,28.571532,77.378704,0.0,198.9,stop,7.3,0,normal
BUS-002,2025-11-10T11:49:00Z,28.571147,77.37773,0.0,200.4,stop,12.1,0,normal
BUS-002,2025-11-10T11:50:00Z,28.570737,77.376757,0.0,201.9,stop,13.3,0,normal
BUS-002,2025-11-10T11:51:00Z,28.570375,77.375862,0.0,203.4,stop,5.1,0,normal
BUS-002,2025-11-10T11:52:00Z,28.569959,77.37503,0.0,204.9,stop,11.0,0,normal
BUS-002,2025-11-10T11:53:00Z,28.569525,77.374191,0.0,206.4,stop,8.2,0,normal
BUS-002,2025-11-10T11:54:00Z,28.569052,77.373212,0.0,207.9,stop,9.1,0,normal
BUS-002,2025-11-10T11:55:00Z,28.568603,77.37235,0.0,209.4,stop,8.6,0,normal
BUS-002,2025-11-10T11:56:00Z,28.568106,77.371511,0.0,210.9,stop,13.1,0,normal
BUS-002,2025-11-10T11:57:00Z,28.567633,77.37058,0.0,212.4,stop,13.4,0,normal
BUS-002,2025-11-10T11:58:00Z,28.567062,77.369735,0.0,213.9,stop,14.2,0,normal
BUS-002,2025-11-10T11:59:00Z,28.566441,77.368903,0.0,215.4,stop,2.9,0,normal
BUS-002,2025-11-10T12:00:00Z,28.56598,77.368165,0.0,216.9,stop,10.6,0,normal
BUS-002,2025-11-10T12:01:00Z,28.565319,77.367349,0.0,218.4,stop,22.1,0,normal
BUS-002,2025-11-10T12:02:00Z,28.564694,77.36661,0.0,219.9,stop,12.1,0,normal
BUS-002,2025-11-10T12:03:00Z,28.563957,77.365881,0.0,221.4,stop,5.9,0,normal
BUS-002,2025-11-10T12:04:00Z,28.563386,77.365168,0.0,223.0,stop,9.8,0,normal
BUS-002,2025-11-10T12:05:00Z,28.562687,77.364438,5.7,224.5,location,6.1,0,normal
BUS-002,2025-11-10T12:06:00Z,28.561917,77.363668,0.0,226.0,stop,3.9,0,normal
BUS-002,2025-11-10T12:07:00Z,28.561116,77.363056,0.0,227.5,stop,4.0,0,normal
BUS-002,2025-11-10T12:08:00Z,28.560513,77.362326,0.0,229.0,stop,5.5,0,normal
BUS-002,2025-11-10T12:09:00Z,28.559744,77.361582,0.0,230.5,stop,7.6,0,normal
BUS-002,2025-11-10T12:10:00Z,28.558891,77.361065,0.0,232.0,stop,8.9,0,normal
BUS-002,2025-11-10T12:11:00Z,28.558115,77.360423,0.0,233.5,stop,4.9,0,normal
BUS-002,2025-11-10T12:12:00Z,28.557274,77.359898,0.0,235.0,stop,7.6,0,normal
BUS-002,2025-11-10T12:13:00Z,28.556407,77.359302,0.0,236.5,stop,7.7,0,normal
BUS-002,2025-11-10T12:14:00Z,28.555597,77.358736,0.0,238.0,stop,5.2,0,normal
BUS-002,2025-11-10T12:15:00Z,28.554714,77.358159,0.0,239.5,stop,10.3,0,normal
BUS-002,2025-11-10T12:16:00Z,28.553935,77.35777,0.0,241.0,stop,5.4,0,normal
BUS-002,2025-11-10T12:17:00Z,28.553121,77.357219,0.0,242.5,stop,5.3,0,normal
BUS-002,2025-11-10T12:18:00Z,28.552136,77.356848,0.0,244.0,stop,9.5,0,normal
BUS-002,2025-11-10T12:19:00Z,28.551238,77.356405,0.0,245.5,stop,11.1,0,normal
BUS-002,2025-11-10T12:20:00Z,28.550211,77.356043,0.0,247.0,stop,12.0,0,normal
BUS-002,2025-11-10T12:21:00Z,28.549358,77.355623,0.0,248.5,stop,17.7,0,normal
BUS-002,2025-11-10T12:22:00Z,28.548435,77.355246,0.0,250.0,stop,12.1,0,normal
BUS-002,2025-11-10T12:23:00Z,28.547592,77.354925,0.0,251.5,stop,7.9,0,normal
BUS-002,2025-11-10T12:24:00Z,28.546687,77.354761,0.0,253.0,stop,0.1,0,normal
BUS-002,2025-11-10T12:25:00Z,28.545678,77.354399,0.0,254.5,stop,7.0,0,normal
BUS-002,2025-11-10T12:26:00Z,28.544727,77.354084,0.0,256.0,stop,8.0,0,normal
BUS-002,2025-11-10T12:27:00Z,28.54376,77.353921,0.0,257.5,stop,4.0,0,normal
BUS-002,2025-11-10T12:28:00Z,28.542673,77.353638,0.0,259.0,stop,9.4,0,normal
BUS-002,2025-11-10T12:29:00Z,28.541774,77.353492,0.0,260.5,stop,14.6,0,normal
BUS-002,2025-11-10T12:30:00Z,28.540707,77.353433,0.0,262.0,stop,8.0,0,normal
BUS-002,2025-11-10T12:31:00Z,28.539871,77.353261,0.0,263.5,stop,11.5,0,normal
BUS-002,2025-11-10T12:32:00Z,28.53868,77.353104,6.8,265.0,location,18.6,0,normal
BUS-002,2025-11-10T12:33:00Z,28.537785,77.353087,8.9,266.5,location,15.1,0,normal
BUS-002,2025-11-10T12:34:00Z,28.536704,77.353003,0.0,268.0,stop,5.5,0,normal
BUS-002,2025-11-10T12:35:00Z,28.535788,77.352976,0.0,269.5,stop,2.4,0,normal
BUS-002,2025-11-10T12:36:00Z,28.534835,77.353072,0.0,271.1,stop,6.8,0,normal
BUS-002,2025-11-10T12:37:00Z,28.53382,77.353091,0.0,272.6,stop,9.3,0,normal
BUS-002,2025-11-10T12:38:00Z,28.532766,77.353079,0.0,274.1,stop,4.6,0,normal
BUS-002,2025-11-10T12:39:00Z,28.531817,77.353237,0.0,275.6,stop,7.9,0,normal
BUS-002,2025-11-10T12:40:00Z,28.530835,77.353292,0.0,277.1,stop,6.1,0,normal
BUS-002,2025-11-10T12:41:00Z,28.529784,77.353434,0.0,278.6,stop,8.5,0,normal
BUS-002,2025-11-10T12:42:00Z,28.52889,77.353632,0.0,280.1,stop,5.1,0,normal
BUS-002,2025-11-10T12:43:00Z,28.527939,77.353723,0.0,281.6,stop,13.3,0,normal
BUS-002,2025-11-10T12:44:00Z,28.526915,77.353935,0.0,283.1,stop,7.1,0,normal
BUS-002,2025-11-10T12:45:00Z,28.525967,77.354233,0.0,284.6,stop,12.1,0,normal
BUS-002,2025-11-10T12:46:00Z,28.52489,77.354529,0.0,286.1,stop,10.0,0,normal
BUS-002,2025-11-10T12:47:00Z,28.524036,77.354751,0.0,287.6,stop,3.1,0,normal
BUS-002,2025-11-10T12:48:00Z,28.52301,77.355195,0.0,289.1,stop,8.8,0,normal
BUS-002,2025-11-10T12:49:00Z,28.522217,77.355436,0.0,290.6,stop,11.9,0,normal
BUS-002,2025-11-10T12:50:00Z,28.521206,77.355773,9.6,292.1,location,6.4,0,normal
BUS-002,2025-11-10T12:51:00Z,28.520271,77.356143,0.0,293.6,stop,0.2,0,normal
BUS-002,2025-11-10T12:52:00Z,28.519379,77.356612,0.0,295.1,stop,9.1,0,normal
BUS-002,2025-11-10T12:53:00Z,28.51843,77.357013,10.7,296.6,location,10.7,0,normal
BUS-002,2025-11-10T12:54:00Z,28.517589,77.357451,0.0,298.1,stop,14.4,0,normal
BUS-002,2025-11-10T12:55:00Z,28.516765,77.358024,0.0,299.6,stop,10.6,0,normal
BUS-002,2025-11-10T12:56:00Z,28.515806,77.358512,0.0,301.1,stop,12.4,0,normal
BUS-002,2025-11-10T12:57:00Z,28.515011,77.358953,0.0,302.6,stop,5.0,0,normal
BUS-002,2025-11-10T12:58:00Z,28.514158,77.3595,0.0,304.1,stop,7.9,0,normal
BUS-002,2025-11-10T12:59:00Z,28.513398,77.360177,0.0,305.6,stop,3.0,0,normal
BUS-002,2025-11-10T13:00:00Z,28.512606,77.360673,35.3,307.1,location,7.6,0,normal
BUS-002,2025-11-10T13:01:00Z,28.511755,77.361343,32.2,308.6,location,2.2,0,normal
BUS-002,2025-11-10T13:02:00Z,28.510968,77.361951,38.7,310.1,location,6.8,0,normal
BUS-002,2025-11-10T13:03:00Z,28.510289,77.362622,39.3,311.6,location,10.3,0,normal
BUS-002,2025-11-10T13:04:00Z,28.509417,77.363193,31.8,313.1,location,3.4,0,normal
BUS-002,2025-11-10T13:05:00Z,28.508795,77.363969,30.0,314.6,location,0.7,0,normal
BUS-002,2025-11-10T13:06:00Z,28.508055,77.364636,39.5,316.1,location,10.6,0,normal
BUS-002,2025-11-10T13:07:00Z,28.507389,77.365387,42.4,317.6,location,6.6,0,normal
BUS-002,2025-11-10T13:08:00Z,28.506853,77.366067,34.1,319.2,location,10.1,0,normal
BUS-002,2025-11-10T13:09:00Z,28.506146,77.366966,22.4,320.7,location,11.3,0,normal
BUS-002,2025-11-10T13:10:00Z,28.505458,77.367714,34.9,322.2,location,14.4,0,normal
BUS-002,2025-11-10T13:11:00Z,28.504944,77.36836,27.8,323.7,location,13.8,0,normal
BUS-002,2025-11-10T13:12:00Z,28.504246,77.369285,30.7,325.2,location,11.9,0,normal
BUS-002,2025-11-10T13:13:00Z,28.50366,77.370086,27.8,326.7,location,6.6,0,normal
BUS-002,2025-11-10T13:14:00Z,28.503322,77.37101,45.1,328.2,location,5.4,0,normal
BUS-002,2025-11-10T13:15:00Z,28.502733,77.371829,27.3,329.7,location,3.4,0,normal
BUS-002,2025-11-10T13:16:00Z,28.502253,77.37266,38.7,331.2,location,1.3,0,normal
BUS-002,2025-11-10T13:17:00Z,28.501744,77.373619,45.7,332.7,location,3.4,0,normal
BUS-002,2025-11-10T13:18:00Z,28.501317,77.374478,32.4,334.2,location,15.6,0,normal
BUS-002,2025-11-10T13:19:00Z,28.50088,77.375371,41.8,335.7,location,5.6,0,normal
BUS-002,2025-11-10T13:20:00Z,28.500406,77.376213,41.2,337.2,location,8.8,0,normal
BUS-002,2025-11-10T13:21:00Z,28.500121,77.377238,35.9,338.7,location,6.9,0,normal
BUS-002,2025-11-10T13:22:00Z,28.499801,77.378057,36.3,340.2,location,3.0,0,normal
BUS-002,2025-11-10T13:23:00Z,28.499414,77.379064,43.9,341.7,location,7.5,0,normal
BUS-002,2025-11-10T13:24:00Z,28.49914,77.379989,24.4,343.2,location,9.5,0,normal
BUS-002,2025-11-10T13:25:00Z,28.498926,77.380994,32.8,344.7,location,2.8,0,normal
BUS-002,2025-11-10T13:26:00Z,28.498562,77.382022,43.5,346.2,location,10.1,0,normal
BUS-002,2025-11-10T13:27:00Z,28.498359,77.38286,47.8,347.7,location,4.0,0,normal
BUS-002,2025-11-10T13:28:00Z,28.498238,77.38387,32.7,349.2,location,2.9,0,normal
BUS-002,2025-11-10T13:29:00Z,28.497976,77.384833,34.2,350.7,location,4.3,0,normal
BUS-002,2025-11-10T13:30:00Z,28.497839,77.385819,37.5,352.2,location,3.8,0,normal
BUS-002,2025-11-10T13:31:00Z,28.497645,77.386787,49.5,353.7,location,8.1,0,normal
BUS-002,2025-11-10T13:32:00Z,28.49762,77.387803,36.3,355.2,location,7.0,0,normal
BUS-002,2025-11-10T13:33:00Z,28.497448,77.388843,44.8,356.7,location,7.9,0,normal
BUS-002,2025-11-10T13:34:00Z,28.497545,77.389764,24.5,358.2,location,13.7,0,normal
BUS-002,2025-11-10T13:35:00Z,28.497622,77.390818,33.2,359.7,location,16.8,0,normal
BUS-002,2025-11-10T13:36:00Z,28.497549,77.391819,41.2,1.2,location,12.6,0,normal
BUS-002,2025-11-10T13:37:00Z,28.497606,77.392802,41.2,2.7,location,4.7,0,normal
BUS-002,2025-11-10T13:38:00Z,28.497562,77.393763,28.2,4.2,location,8.3,0,normal
BUS-002,2025-11-10T13:39:00Z,28.497662,77.394898,19.8,5.7,location,7.3,0,normal
BUS-002,2025-11-10T13:40:00Z,28.497803,77.395786,28.9,7.3,location,6.2,0,normal
BUS-002,2025-11-10T13:41:00Z,28.498,77.39682,38.5,8.8,location,10.0,0,normal
BUS-002,2025-11-10T13:42:00Z,28.498042,77.397645,34.8,10.3,location,9.5,0,normal
BUS-002,2025-11-10T13:43:00Z,28.498308,77.398662,28.3,11.8,location,12.4,0,normal
BUS-002,2025-11-10T13:44:00Z,28.498529,77.399727,41.2,13.3,location,7.0,0,normal
BUS-002,2025-11-10T13:45:00Z,28.49878,77.400683,31.3,14.8,location,8.7,0,normal
BUS-002,2025-11-10T13:46:00Z,28.498967,77.401603,35.9,16.3,location,5.4,0,normal
BUS-002,2025-11-10T13:47:00Z,28.499253,77.402568,36.3,17.8,location,6.1,0,normal
BUS-002,2025-11-10T13:48:00Z,28.499612,77.403485,32.0,19.3,location,8.0,0,normal
BUS-002,2025-11-10T13:49:00Z,28.499958,77.404514,26.3,20.8,location,18.5,0,normal
BUS-002,2025-11-10T13:50:00Z,28.500421,77.405466,32.0,22.3,location,5.2,0,normal
BUS-002,2025-11-10T13:51:00Z,28.500703,77.406274,33.5,23.8,location,7.5,0,normal
BUS-002,2025-11-10T13:52:00Z,28.501184,77.407266,28.5,25.3,location,5.4,0,normal
BUS-002,2025-11-10T13:53:00Z,28.501665,77.408088,33.5,26.8,location,7.2,0,normal
BUS-002,2025-11-10T13:54:00Z,28.502063,77.409029,45.8,28.3,location,8.3,0,normal
BUS-002,2025-11-10T13:55:00Z,28.502529,77.409805,40.8,29.8,location,9.3,0,normal
BUS-002,2025-11-10T13:56:00Z,28.502975,77.410649,28.1,31.3,location,9.5,0,normal
BUS-002,2025-11-10T13:57:00Z,28.5035,77.411623,28.0,32.8,location,5.2,0,normal
BUS-002,2025-11-10T13:58:00Z,28.504086,77.412407,42.0,34.3,location,9.2,0,normal
BUS-002,2025-11-10T13:59:00Z,28.504688,77.41322,36.4,35.8,location,8.1,0,normal
BUS-002,2025-11-10T14:00:00Z,28.505293,77.414034,30.5,37.3,location,5.5,0,normal
BUS-002,2025-11-10T14:01:00Z,28.505887,77.414838,39.3,38.8,location,5.7,0,normal
BUS-002,2025-11-10T14:02:00Z,28.506554,77.41558,41.4,40.3,location,13.3,0,normal
BUS-002,2025-11-10T14:03:00Z,28.507199,77.416342,34.4,41.8,location,7.6,0,normal
BUS-002,2025-11-10T14:04:00Z,28.507859,77.417088,37.1,43.3,location,13.5,0,normal
BUS-002,2025-11-10T14:05:00Z,28.508552,77.417837,36.6,44.8,location,10.2,0,normal
BUS-002,2025-11-10T14:06:00Z,28.509286,77.418559,38.1,46.3,location,5.9,0,normal
BUS-002,2025-11-10T14:07:00Z,28.509948,77.419233,46.2,47.8,location,3.3,0,normal
BUS-002,2025-11-10T14:08:00Z,28.510749,77.419803,30.8,49.3,location,6.0,0,normal
BUS-002,2025-11-10T14:09:00Z,28.511493,77.420427,34.4,50.8,location,6.7,0,normal
BUS-002,2025-11-10T14:10:00Z,28.512229,77.421092,29.8,52.3,location,9.1,0,normal
BUS-002,2025-11-10T14:11:00Z,28.513044,77.421809,36.4,53.8,location,8.9,0,normal
BUS-002,2025-11-10T14:12:00Z,28.513813,77.42228,51.4,55.4,location,10.9,0,normal
BUS-002,2025-11-10T14:13:00Z,28.514712,77.422715,26.0,56.9,location,6.8,0,normal
BUS-002,2025-11-10T14:14:00Z,28.515546,77.42344,34.3,58.4,location,6.2,0,normal
BUS-002,2025-11-10T14:15:00Z,28.516446,77.423878,28.7,59.9,location,11.4,0,normal
BUS-002,2025-11-10T14:16:00Z,28.517279,77.424339,45.0,61.4,location,4.9,0,normal
BUS-002,2025-11-10T14:17:00Z,28.518217,77.424853,32.5,62.9,location,9.0,0,normal
BUS-002,2025-11-10T14:18:00Z,28.519044,77.42527,44.6,64.4,location,9.1,0,normal
BUS-002,2025-11-10T14:19:00Z,28.519988,77.42574,52.0,65.9,location,9.1,0,normal
BUS-002,2025-11-10T14:20:00Z,28.520838,77.426069,27.9,67.4,location,8.1,0,normal
BUS-002,2025-11-10T14:21:00Z,28.521794,77.426496,28.9,68.9,location,11.9,0,normal
BUS-002,2025-11-10T14:22:00Z,28.522815,77.426832,38.8,70.4,location,6.8,0,normal
BUS-002,2025-11-10T14:23:00Z,28.523638,77.427048,34.2,71.9,location,1.1,0,normal
BUS-002,2025-11-10T14:24:00Z,28.524642,77.427361,25.6,73.4,location,0.3,0,normal
BUS-002,2025-11-10T14:25:00Z,28.525591,77.427643,32.0,74.9,location,4.6,0,normal
BUS-002,2025-11-10T14:26:00Z,28.526534,77.428049,41.5,76.4,location,1.9,0,normal
BUS-002,2025-11-10T14:27:00Z,28.527488,77.428198,37.0,77.9,location,4.9,0,normal
BUS-002,2025-11-10T14:28:00Z,28.528562,77.428293,42.3,79.4,location,9.0,0,normal
BUS-002,2025-11-10T14:29:00Z,28.529435,77.428572,40.5,80.9,location,6.8,0,normal
BUS-002,2025-11-10T14:30:00Z,28.530517,77.428671,41.4,82.4,location,6.0,0,normal
BUS-002,2025-11-10T14:31:00Z,28.531484,77.428804,0.0,83.9,stop,7.2,0,normal
BUS-002,2025-11-10T14:32:00Z,28.532414,77.428822,0.0,85.4,stop,11.4,0,normal
BUS-002,2025-11-10T14:33:00Z,28.533464,77.428883,0.0,86.9,stop,2.1,0,normal
BUS-002,2025-11-10T14:34:00Z,28.534512,77.429014,0.0,88.4,stop,16.0,0,normal
BUS-002,2025-11-10T14:35:00Z,28.535339,77.428973,0.0,89.9,stop,6.6,0,normal
BUS-002,2025-11-10T14:36:00Z,28.536399,77.429006,0.0,91.4,stop,5.2,0,normal
BUS-002,2025-11-10T14:37:00Z,28.537433,77.42889,0.0,92.9,stop,7.4,0,normal
BUS-002,2025-11-10T14:38:00Z,28.538494,77.42887,0.0,94.4,stop,3.1,0,normal
BUS-002,2025-11-10T14:39:00Z,28.539388,77.42883,0.0,95.9,stop,3.6,0,normal
BUS-002,2025-11-10T14:40:00Z,28.540382,77.428762,0.0,97.4,stop,6.6,0,normal
BUS-002,2025-11-10T14:41:00Z,28.541459,77.428523,0.0,98.9,stop,1.0,0,normal
BUS-002,2025-11-10T14:42:00Z,28.542403,77.428367,0.0,100.4,stop,7.5,0,normal
BUS-002,2025-11-10T14:43:00Z,28.543346,77.428131,0.0,101.9,stop,12.7,0,normal
BUS-002,2025-11-10T14:44:00Z,28.54433,77.427967,0.0,103.5,stop,6.5,0,normal
BUS-002,2025-11-10T14:45:00Z,28.545382,77.427593,0.0,105.0,stop,7.9,0,normal
BUS-002,2025-11-10T14:46:00Z,28.546294,77.427336,0.0,106.5,stop,7.5,0,normal
BUS-002,2025-11-10T14:47:00Z,28.547299,77.427169,0.0,108.0,stop,11.7,0,normal
BUS-002,2025-11-10T14:48:00Z,28.548134,77.426881,0.0,109.5,stop,12.3,0,normal
BUS-002,2025-11-10T14:49:00Z,28.549114,77.426415,0.0,111.0,stop,18.4,0,normal
BUS-002,2025-11-10T14:50:00Z,28.550075,77.426039,0.0,112.5,stop,7.2,0,normal
BUS-002,2025-11-10T14:51:00Z,28.550919,77.425699,0.0,114.0,stop,8.8,0,normal
BUS-002,2025-11-10T14:52:00Z,28.551889,77.425286,0.0,115.5,stop,5.9,0,normal
BUS-002,2025-11-10T14:53:00Z,28.552716,77.424819,0.0,117.0,stop,3.8,0,normal
BUS-002,2025-11-10T14:54:00Z,28.553626,77.424389,0.0,118.5,stop,10.4,0,normal
BUS-002,2025-11-10T14:55:00Z,28.554466,77.42397,0.0,120.0,stop,5.5,0,normal
BUS-002,2025-11-10T14:56:00Z,28.555304,77.423359,0.0,121.5,stop,9.0,0,normal
BUS-002,2025-11-10T14:57:00Z,28.556159,77.422859,0.0,123.0,stop,5.2,0,normal
BUS-002,2025-11-10T14:58:00Z,28.556896,77.422175,0.0,124.5,stop,11.0,0,normal
BUS-002,2025-11-10T14:59:00Z,28.557882,77.421698,0.0,126.0,stop,10.8,0,normal
BUS-003,2025-11-10T07:00:00Z,28.574457,77.403743,37.5,162.0,location,13.8,0,normal
BUS-003,2025-11-10T07:01:00Z,28.574686,77.402681,39.8,163.5,location,9.3,0,normal
BUS-003,2025-11-10T07:02:00Z,28.575087,77.401526,47.0,165.0,location,1.3,0,normal
BUS-003,2025-11-10T07:03:00Z,28.575425,77.400674,30.6,166.5,location,2.6,0,normal
BUS-003,2025-11-10T07:04:00Z,28.575636,77.39956,43.5,168.0,location,8.8,0,normal
BUS-003,2025-11-10T07:05:00Z,28.575811,77.398474,36.4,169.5,location,17.1,0,normal
BUS-003,2025-11-10T07:06:00Z,28.575979,77.397287,40.7,171.0,location,9.3,0,normal
BUS-003,2025-11-10T07:07:00Z,28.576269,77.396404,29.7,172.5,location,10.1,0,normal
BUS-003,2025-11-10T07:08:00Z,28.576212,77.395215,30.2,174.0,location,7.4,0,normal
BUS-003,2025-11-10T07:09:00Z,28.576462,77.394269,29.9,175.5,location,13.8,0,normal
BUS-003,2025-11-10T07:10:00Z,28.576421,77.393094,38.3,177.0,location,1.2,0,normal
BUS-003,2025-11-10T07:11:00Z,28.576476,77.392073,32.0,178.5,location,9.4,0,normal
BUS-003,2025-11-10T07:12:00Z,28.576391,77.390956,26.6,180.0,location,8.2,0,normal
BUS-003,2025-11-10T07:13:00Z,28.576518,77.38981,25.4,181.5,location,4.8,0,normal
BUS-003,2025-11-10T07:14:00Z,28.576371,77.388786,29.1,183.0,location,10.9,0,normal
BUS-003,2025-11-10T07:15:00Z,28.576362,77.387802,36.5,184.5,location,5.0,0,normal
BUS-003,2025-11-10T07:16:00Z,28.576257,77.386619,29.9,186.1,location,5.6,0,normal
BUS-003,2025-11-10T07:17:00Z,28.576128,77.385553,25.3,187.6,location,14.5,0,normal
BUS-003,2025-11-10T07:18:00Z,28.575978,77.38454,41.6,189.1,location,1.6,0,normal
BUS-003,2025-11-10T07:19:00Z,28.575832,77.383435,40.2,190.6,location,10.4,0,normal
BUS-003,2025-11-10T07:20:00Z,28.575594,77.382444,42.5,192.1,location,13.4,0,normal
BUS-003,2025-11-10T07:21:00Z,28.575356,77.381383,42.7,193.6,location,3.2,0,normal
BUS-003,2025-11-10T07:22:00Z,28.57507,77.380242,36.7,195.1,location,9.3,0,normal
BUS-003,2025-11-10T07:23:00Z,28.574795,77.379293,28.6,196.6,location,12.9,0,normal
BUS-003,2025-11-10T07:24:00Z,28.57445,77.37818,29.9,198.1,location,13.8,0,normal
BUS-003,2025-11-10T07:25:00Z,28.574225,77.37721,35.8,199.6,location,1.1,0,normal
BUS-003,2025-11-10T07:26:00Z,28.573752,77.37615,39.5,201.1,location,13.8,0,normal
BUS-003,2025-11-10T07:27:00Z,28.5733,77.375239,40.5,202.6,location,6.0,0,normal
BUS-003,2025-11-10T07:28:00Z,28.572854,77.374192,31.5,204.1,location,10.1,0,normal
BUS-003,2025-11-10T07:29:00Z,28.572537,77.373251,38.3,205.6,location,10.5,0,normal
BUS-003,2025-11-10T07:30:00Z,28.57205,77.372344,29.8,207.1,location,14.5,0,normal
BUS-003,2025-11-10T07:31:00Z,28.57156,77.371483,34.9,208.6,location,13.1,0,normal
BUS-003,2025-11-10T07:32:00Z,28.570906,77.370367,22.4,210.1,location,4.5,0,normal
BUS-003,2025-11-10T07:33:00Z,28.570331,77.369616,40.4,211.6,location,11.4,0,normal
BUS-003,2025-11-10T07:34:00Z,28.569743,77.368604,41.9,213.1,location,8.2,0,normal
BUS-003,2025-11-10T07:35:00Z,28.569238,77.367738,37.1,214.6,location,11.0,0,normal
BUS-003,2025-11-10T07:36:00Z,28.568582,77.366845,28.5,216.1,location,0.4,0,normal
BUS-003,2025-11-10T07:37:00Z,28.567878,77.365906,22.4,217.6,location,6.0,0,normal
BUS-003,2025-11-10T07:38:00Z,28.56725,77.365098,42.0,219.1,location,7.4,0,normal
BUS-003,2025-11-10T07:39:00Z,28.566636,77.36426,36.2,220.6,location,4.1,0,normal
BUS-003,2025-11-10T07:40:00Z,28.565914,77.363505,31.0,222.1,location,6.7,0,normal
BUS-003,2025-11-10T07:41:00Z,28.565267,77.362641,31.9,223.6,location,5.0,0,normal
BUS-003,2025-11-10T07:42:00Z,28.564381,77.361905,31.3,225.1,location,7.8,0,normal
BUS-003,2025-11-10T07:43:00Z,28.563713,77.361216,31.1,226.6,location,0.9,0,normal
BUS-003,2025-11-10T07:44:00Z,28.562861,77.360533,30.7,228.1,location,9.3,0,normal
BUS-003,2025-11-10T07:45:00Z,28.562056,77.359843,40.8,229.6,location,7.3,0,normal
BUS-003,2025-11-10T07:46:00Z,28.561199,77.358998,34.5,231.1,location,5.0,0,normal
BUS-003,2025-11-10T07:47:00Z,28.560332,77.358358,40.8,232.6,location,4.6,0,normal
BUS-003,2025-11-10T07:48:00Z,28.559605,77.357762,37.6,234.2,location,15.4,0,normal
BUS-003,2025-11-10T07:49:00Z,28.558562,77.357072,37.2,235.7,location,0.7,0,normal
BUS-003,2025-11-10T07:50:00Z,28.557759,77.356509,42.4,237.2,location,1.8,0,normal
BUS-003,2025-11-10T07:51:00Z,28.556801,77.355984,30.2,238.7,location,8.5,0,normal
BUS-003,2025-11-10T07:52:00Z,28.555966,77.355497,30.1,240.2,location,7.4,0,normal
BUS-003,2025-11-10T07:53:00Z,28.55491,77.354889,40.1,241.7,location,0.9,0,normal
BUS-003,2025-11-10T07:54:00Z,28.554033,77.35447,38.5,243.2,location,14.4,0,normal
BUS-003,2025-11-10T07:55:00Z,28.553039,77.353949,29.6,244.7,location,4.4,0,normal
BUS-003,2025-11-10T07:56:00Z,28.552013,77.353536,40.1,246.2,location,11.3,0,normal
BUS-003,2025-11-10T07:57:00Z,28.550995,77.353054,40.3,247.7,location,8.2,0,normal
BUS-003,2025-11-10T07:58:00Z,28.550099,77.352693,40.0,249.2,location,14.2,0,normal
BUS-003,2025-11-10T07:59:00Z,28.549018,77.352297,25.8,250.7,location,9.5,0,normal
BUS-003,2025-11-10T08:00:00Z,28.547995,77.351974,36.0,252.2,location,9.1,0,normal
BUS-003,2025-11-10T08:01:00Z,28.547028,77.351654,26.4,253.7,location,13.3,0,normal
BUS-003,2025-11-10T08:02:00Z,28.54593,77.351322,28.3,255.2,location,4.8,0,normal
BUS-003,2025-11-10T08:03:00Z,28.544912,77.351123,34.5,256.7,location,6.2,0,normal
BUS-003,2025-11-10T08:04:00Z,28.543844,77.350862,44.7,258.2,location,11.2,0,normal
BUS-003,2025-11-10T08:05:00Z,28.542909,77.35065,41.1,259.7,location,10.2,0,normal
BUS-003,2025-11-10T08:06:00Z,28.541803,77.350413,40.3,261.2,location,12.6,0,normal
BUS-003,2025-11-10T08:07:00Z,28.540657,77.350409,39.1,262.7,location,4.7,0,normal
BUS-003,2025-11-10T08:08:00Z,28.539658,77.350255,43.1,264.2,location,12.4,0,normal
BUS-003,2025-11-10T08:09:00Z,28.538481,77.350227,32.0,265.7,location,8.5,0,normal
BUS-003,2025-11-10T08:10:00Z,28.53748,77.350054,26.5,267.2,location,11.2,0,normal
BUS-003,2025-11-10T08:11:00Z,28.53641,77.350033,34.4,268.7,location,4.3,0,normal
BUS-003,2025-11-10T08:12:00Z,28.535416,77.349995,35.5,270.2,location,10.5,0,normal
BUS-003,2025-11-10T08:13:00Z,28.534289,77.350051,38.0,271.7,location,11.9,0,normal
BUS-003,2025-11-10T08:14:00Z,28.533223,77.350032,39.6,273.2,location,3.9,0,normal
BUS-003,2025-11-10T08:15:00Z,28.532099,77.350123,29.7,274.7,location,8.5,0,normal
BUS-003,2025-11-10T08:16:00Z,28.5311,77.350254,30.7,276.2,location,9.4,0,normal
BUS-003,2025-11-10T08:17:00Z,28.529986,77.350349,33.9,277.7,location,13.9,0,normal
BUS-003,2025-11-10T08:18:00Z,28.52903,77.350458,45.5,279.2,location,7.1,0,normal
BUS-003,2025-11-10T08:19:00Z,28.527877,77.350732,42.4,280.7,location,0.6,0,normal
BUS-003,2025-11-10T08:20:00Z,28.526822,77.350905,32.2,282.3,location,16.0,0,normal
BUS-003,2025-11-10T08:21:00Z,28.525854,77.351087,36.8,283.8,location,5.0,0,normal
BUS-003,2025-11-10T08:22:00Z,28.524722,77.351543,27.4,285.3,location,1.8,0,normal
BUS-003,2025-11-10T08:23:00Z,28.523681,77.351771,38.4,286.8,location,10.6,0,normal
BUS-003,2025-11-10T08:24:00Z,28.522574,77.352008,38.5,288.3,location,11.1,0,normal
BUS-003,2025-11-10T08:25:00Z,28.521647,77.352326,43.3,289.8,location,7.6,0,normal
BUS-003,2025-11-10T08:26:00Z,28.520585,77.352884,38.7,291.3,location,6.1,0,normal
BUS-003,2025-11-10T08:27:00Z,28.519563,77.353116,37.0,292.8,location,7.5,0,normal
BUS-003,2025-11-10T08:28:00Z,28.518656,77.353601,36.2,294.3,location,12.2,0,normal
BUS-003,2025-11-10T08:29:00Z,28.517602,77.354052,29.5,295.8,location,11.3,0,normal
BUS-003,2025-11-10T08:30:00Z,28.51667,77.354445,40.5,297.3,location,11.7,0,normal
BUS-003,2025-11-10T08:31:00Z,28.515774,77.35507,0.0,298.8,stop,4.8,0,normal
BUS-003,2025-11-10T08:32:00Z,28.514796,77.355566,0.0,300.3,stop,3.6,0,normal
BUS-003,2025-11-10T08:33:00Z,28.513914,77.356131,0.0,301.8,stop,14.0,0,normal
BUS-003,2025-11-10T08:34:00Z,28.512991,77.356705,0.0,303.3,stop,2.5,0,normal
BUS-003,2025-11-10T08:35:00Z,28.512091,77.357384,0.0,304.8,stop,4.8,0,normal
BUS-003,2025-11-10T08:36:00Z,28.511159,77.357992,0.0,306.3,stop,13.1,0,normal
BUS-003,2025-11-10T08:37:00Z,28.510372,77.358576,0.0,307.8,stop,12.9,0,normal
BUS-003,2025-11-10T08:38:00Z,28.509508,77.359309,0.0,309.3,stop,1.4,0,normal
BUS-003,2025-11-10T08:39:00Z,28.508585,77.359985,0.0,310.8,stop,12.7,0,normal
BUS-003,2025-11-10T08:40:00Z,28.507895,77.360685,0.0,312.3,stop,8.1,0,normal
BUS-003,2025-11-10T08:41:00Z,28.507145,77.361369,0.0,313.8,stop,7.4,0,normal
BUS-003,2025-11-10T08:42:00Z,28.506295,77.362239,0.0,315.3,stop,0.4,0,normal
BUS-003,2025-11-10T08:43:00Z,28.505599,77.362994,0.0,316.8,stop,14.9,0,normal
BUS-003,2025-11-10T08:44:00Z,28.504875,77.363706,0.0,318.3,stop,9.2,0,normal
BUS-003,2025-11-10T08:45:00Z,28.504274,77.364501,0.0,319.8,stop,4.5,0,normal
BUS-003,2025-11-10T08:46:00Z,28.503546,77.365402,0.0,321.3,stop,11.8,0,normal
BUS-003,2025-11-10T08:47:00Z,28.502759,77.366282,0.0,322.8,stop,9.0,0,normal
BUS-003,2025-11-10T08:48:00Z,28.502217,77.367098,0.0,324.3,stop,17.0,0,normal
BUS-003,2025-11-10T08:49:00Z,28.50158,77.367983,0.0,325.8,stop,6.4,0,normal
BUS-003,2025-11-10T08:50:00Z,28.500962,77.368886,0.0,327.3,stop,5.1,0,normal
BUS-003,2025-11-10T08:51:00Z,28.500372,77.36981,0.0,328.8,stop,7.2,0,normal
BUS-003,2025-11-10T08:52:00Z,28.499809,77.370682,0.0,330.4,stop,8.9,0,normal
BUS-003,2025-11-10T08:53:00Z,28.499265,77.371664,5.8,331.9,location,11.7,0,normal
BUS-003,2025-11-10T08:54:00Z,28.498878,77.372554,0.0,333.4,stop,14.1,0,normal
BUS-003,2025-11-10T08:55:00Z,28.498408,77.373567,0.0,334.9,stop,16.4,0,normal
BUS-003,2025-11-10T08:56:00Z,28.497839,77.374485,0.0,336.4,stop,9.8,0,normal
BUS-003,2025-11-10T08:57:00Z,28.497503,77.375563,0.0,337.9,stop,3.1,0,normal
BUS-003,2025-11-10T08:58:00Z,28.497168,77.376591,0.0,339.4,stop,9.9,0,normal
BUS-003,2025-11-10T08:59:00Z,28.496763,77.377631,0.0,340.9,stop,11.4,0,normal
BUS-003,2025-11-10T09:00:00Z,28.508436,77.388595,82.9,342.4,stop,784.3,1,excessive_speed
BUS-003,2025-11-10T09:01:00Z,28.508097,77.389639,86.5,343.9,stop,660.2,1,excessive_speed
BUS-003,2025-11-10T09:02:00Z,28.507923,77.390771,87.8,345.4,stop,934.4,1,excessive_speed
BUS-003,2025-11-10T09:03:00Z,28.507594,77.391739,79.4,346.9,stop,891.1,1,excessive_speed
BUS-003,2025-11-10T09:04:00Z,28.507302,77.392702,81.1,348.4,stop,1005.3,1,excessive_speed
BUS-003,2025-11-10T09:05:00Z,28.507076,77.393789,83.7,349.9,stop,956.8,1,excessive_speed
BUS-003,2025-11-10T09:06:00Z,28.506911,77.394894,77.0,351.4,stop,855.3,1,route_deviation
BUS-003,2025-11-10T09:07:00Z,28.506829,77.395922,81.4,352.9,location,1034.3,1,excessive_speed
BUS-003,2025-11-10T09:08:00Z,28.506743,77.397058,83.3,354.4,stop,732.7,1,excessive_speed
BUS-003,2025-11-10T09:09:00Z,28.506653,77.398108,85.1,355.9,stop,699.7,1,excessive_speed
BUS-003,2025-11-10T09:10:00Z,28.506503,77.399206,85.7,357.4,stop,1087.4,1,excessive_speed
BUS-003,2025-11-10T09:11:00Z,28.506562,77.40026,73.4,358.9,stop,739.5,1,route_deviation
BUS-003,2025-11-10T09:12:00Z,28.506441,77.40128,73.9,0.4,stop,1170.6,1,route_deviation
BUS-003,2025-11-10T09:13:00Z,28.506467,77.402427,82.5,1.9,stop,714.7,1,excessive_speed
BUS-003,2025-11-10T09:14:00Z,28.506617,77.403371,74.6,3.4,stop,911.2,1,route_deviation
BUS-003,2025-11-10T09:15:00Z,28.506715,77.40454,76.6,4.9,stop,698.2,1,route_deviation
BUS-003,2025-11-10T09:16:00Z,28.506714,77.40562,73.4,6.4,stop,873.0,1,route_deviation
BUS-003,2025-11-10T09:17:00Z,28.50692,77.406672,80.4,7.9,stop,759.0,1,excessive_speed
BUS-003,2025-11-10T09:18:00Z,28.507055,77.407684,84.5,9.4,stop,1188.9,1,excessive_speed
BUS-003,2025-11-10T09:19:00Z,28.507198,77.408713,76.3,10.9,stop,1089.6,1,route_deviation
BUS-003,2025-11-10T09:20:00Z,28.507452,77.409745,83.3,12.4,stop,1151.0,1,excessive_speed
BUS-003,2025-11-10T09:21:00Z,28.507622,77.410842,75.8,13.9,stop,724.8,1,route_deviation
BUS-003,2025-11-10T09:22:00Z,28.508018,77.411934,74.5,15.4,stop,1178.5,1,route_deviation
BUS-003,2025-11-10T09:23:00Z,28.508229,77.412941,85.6,16.9,stop,832.7,1,excessive_speed
BUS-003,2025-11-10T09:24:00Z,28.508566,77.413997,72.6,18.5,stop,722.7,1,route_deviation
BUS-003,2025-11-10T09:25:00Z,28.508945,77.41501,72.5,20.0,stop,664.1,1,route_deviation
BUS-003,2025-11-10T09:26:00Z,28.509328,77.416063,80.2,21.5,stop,1040.5,1,excessive_speed
BUS-003,2025-11-10T09:27:00Z,28.509789,77.416982,86.9,23.0,location,706.0,1,excessive_speed
BUS-003,2025-11-10T09:28:00Z,28.510249,77.417949,83.7,24.5,stop,1007.0,1,excessive_speed
BUS-003,2025-11-10T09:29:00Z,28.510677,77.418943,87.7,26.0,stop,962.0,1,excessive_speed
BUS-003,2025-11-10T09:30:00Z,28.511072,77.419911,83.0,27.5,stop,1005.4,1,excessive_speed
BUS-003,2025-11-10T09:31:00Z,28.511586,77.420838,87.9,29.0,stop,1083.3,1,excessive_speed
BUS-003,2025-11-10T09:32:00Z,28.512175,77.421766,87.1,30.5,stop,783.3,1,excessive_speed
BUS-003,2025-11-10T09:33:00Z,28.512737,77.422604,82.4,32.0,stop,1103.2,1,excessive_speed
BUS-003,2025-11-10T09:34:00Z,28.513392,77.423587,81.3,33.5,stop,1043.2,1,excessive_speed
BUS-003,2025-11-10T09:35:00Z,28.513931,77.424584,81.5,35.0,stop,778.2,1,excessive_speed
BUS-003,2025-11-10T09:36:00Z,28.50251,77.41534,10.6,36.5,location,4.4,0,normal
BUS-003,2025-11-10T09:37:00Z,28.503259,77.416255,0.0,38.0,stop,9.5,0,normal
BUS-003,2025-11-10T09:38:00Z,28.503916,77.41706,0.0,39.5,stop,8.8,0,normal
BUS-003,2025-11-10T09:39:00Z,28.504535,77.417832,0.0,41.0,stop,8.4,0,normal
BUS-003,2025-11-10T09:40:00Z,28.505336,77.418595,0.0,42.5,stop,5.3,0,normal
BUS-003,2025-11-10T09:41:00Z,28.506004,77.419456,0.0,44.0,stop,9.2,0,normal
BUS-003,2025-11-10T09:42:00Z,28.506724,77.420223,0.0,45.5,stop,6.6,0,normal
BUS-003,2025-11-10T09:43:00Z,28.507448,77.420956,0.0,47.0,stop,2.9,0,normal
BUS-003,2025-11-10T09:44:00Z,28.508291,77.421756,0.0,48.5,stop,6.9,0,normal
BUS-003,2025-11-10T09:45:00Z,28.509096,77.422434,0.0,50.0,stop,3.2,0,normal
BUS-003,2025-11-10T09:46:00Z,28.51003,77.423096,0.0,51.5,stop,4.1,0,normal
BUS-003,2025-11-10T09:47:00Z,28.510894,77.423758,0.0,53.0,stop,8.6,0,normal
BUS-003,2025-11-10T09:48:00Z,28.51172,77.424262,0.0,54.5,stop,9.3,0,normal
BUS-003,2025-11-10T09:49:00Z,28.512603,77.424957,0.0,56.0,stop,2.4,0,normal
BUS-003,2025-11-10T09:50:00Z,28.513453,77.425609,0.0,57.5,stop,10.9,0,normal
BUS-003,2025-11-10T09:51:00Z,28.514441,77.426228,5.3,59.0,location,10.7,0,normal
BUS-003,2025-11-10T09:52:00Z,28.51533,77.426735,0.0,60.5,stop,10.9,0,normal
BUS-003,2025-11-10T09:53:00Z,28.516307,77.427133,0.0,62.0,stop,8.4,0,normal
BUS-003,2025-11-10T09:54:00Z,28.517244,77.427684,0.0,63.5,stop,11.9,0,normal
BUS-003,2025-11-10T09:55:00Z,28.518177,77.428221,0.0,65.0,stop,13.5,0,normal
BUS-003,2025-11-10T09:56:00Z,28.51912,77.428636,0.0,66.6,stop,11.9,0,normal
BUS-003,2025-11-10T09:57:00Z,28.520122,77.428941,0.0,68.1,stop,8.8,0,normal
BUS-003,2025-11-10T09:58:00Z,28.521109,77.429503,0.0,69.6,stop,11.3,0,normal
BUS-003,2025-11-10T09:59:00Z,28.522246,77.429887,0.0,71.1,stop,13.3,0,normal
BUS-003,2025-11-10T10:00:00Z,28.523226,77.430122,0.0,72.6,stop,8.3,0,normal
BUS-003,2025-11-10T10:01:00Z,28.524237,77.430378,0.0,74.1,stop,2.6,0,normal
BUS-003,2025-11-10T10:02:00Z,28.525244,77.430716,0.0,75.6,stop,13.6,0,normal
BUS-003,2025-11-10T10:03:00Z,28.526287,77.430941,5.4,77.1,location,8.9,0,normal
BUS-003,2025-11-10T10:04:00Z,28.527353,77.431155,0.0,78.6,stop,4.2,0,normal
BUS-003,2025-11-10T10:05:00Z,28.528489,77.431378,0.0,80.1,stop,10.7,0,normal
BUS-003,2025-11-10T10:06:00Z,28.529478,77.431505,0.0,81.6,stop,3.9,0,normal
BUS-003,2025-11-10T10:07:00Z,28.530567,77.431586,0.0,83.1,stop,12.1,0,normal
BUS-003,2025-11-10T10:08:00Z,28.531569,77.431842,9.0,84.6,location,3.2,0,normal
BUS-003,2025-11-10T10:09:00Z,28.532678,77.43193,11.3,86.1,location,7.4,0,normal
BUS-003,2025-11-10T10:10:00Z,28.533852,77.431964,0.0,87.6,stop,7.7,0,normal
BUS-003,2025-11-10T10:11:00Z,28.534857,77.431995,0.0,89.1,stop,6.2,0,normal
BUS-003,2025-11-10T10:12:00Z,28.535873,77.431935,0.0,90.6,stop,9.9,0,normal
BUS-003,2025-11-10T10:13:00Z,28.537003,77.431893,0.0,92.1,stop,14.2,0,normal
BUS-003,2025-11-10T10:14:00Z,28.538103,77.431939,9.6,93.6,location,6.7,0,normal
BUS-003,2025-11-10T10:15:00Z,28.539161,77.431836,0.0,95.1,stop,8.9,0,normal
BUS-003,2025-11-10T10:16:00Z,28.540222,77.431716,0.0,96.6,stop,9.5,0,normal
BUS-003,2025-11-10T10:17:00Z,28.541343,77.431536,0.0,98.1,stop,9.9,0,normal
BUS-003,2025-11-10T10:18:00Z,28.542391,77.431442,0.0,99.6,stop,9.8,0,normal
BUS-003,2025-11-10T10:19:00Z,28.543443,77.431205,0.0,101.1,stop,7.7,0,normal
BUS-003,2025-11-10T10:20:00Z,28.544404,77.430964,9.7,102.6,location,2.9,0,normal
BUS-003,2025-11-10T10:21:00Z,28.545441,77.430765,0.0,104.1,stop,7.0,0,normal
BUS-003,2025-11-10T10:22:00Z,28.546694,77.430473,0.0,105.6,stop,11.5,0,normal
BUS-003,2025-11-10T10:23:00Z,28.547578,77.430194,0.0,107.1,stop,10.5,0,normal
BUS-003,2025-11-10T10:24:00Z,28.548633,77.429864,0.0,108.6,stop,7.7,0,normal
BUS-003,2025-11-10T10:25:00Z,28.549551,77.429447,0.0,110.1,stop,18.5,0,normal
BUS-003,2025-11-10T10:26:00Z,28.550604,77.429141,0.0,111.6,stop,5.8,0,normal
BUS-003,2025-11-10T10:27:00Z,28.551708,77.428673,5.5,113.1,location,9.2,0,normal
BUS-003,2025-11-10T10:28:00Z,28.55269,77.428287,0.0,114.7,stop,2.9,0,normal
BUS-003,2025-11-10T10:29:00Z,28.55366,77.427828,0.0,116.2,stop,12.1,0,normal
BUS-003,2025-11-10T10:30:00Z,28.554538,77.42739,0.0,117.7,stop,0.3,0,normal
BUS-003,2025-11-10T10:31:00Z,28.555447,77.426831,0.0,119.2,stop,9.9,0,normal
BUS-003,2025-11-10T10:32:00Z,28.556382,77.426314,0.0,120.7,stop,1.2,0,normal
BUS-003,2025-11-10T10:33:00Z,28.557292,77.425785,0.0,122.2,stop,7.6,0,normal
BUS-003,2025-11-10T10:34:00Z,28.55817,77.425208,0.0,123.7,stop,3.8,0,normal
BUS-003,2025-11-10T10:35:00Z,28.559047,77.424518,0.0,125.2,stop,5.5,0,normal
BUS-003,2025-11-10T10:36:00Z,28.559961,77.423904,0.0,126.7,stop,13.0,0,normal
BUS-003,2025-11-10T10:37:00Z,28.560828,77.423258,0.0,128.2,stop,14.6,0,normal
BUS-003,2025-11-10T10:38:00Z,28.561627,77.422543,0.0,129.7,stop,8.0,0,normal
BUS-003,2025-11-10T10:39:00Z,28.562473,77.421917,0.0,131.2,stop,9.1,0,normal
BUS-003,2025-11-10T10:40:00Z,28.563272,77.421103,0.0,132.7,stop,3.2,0,normal
BUS-003,2025-11-10T10:41:00Z,28.563979,77.420437,0.0,134.2,stop,1.1,0,normal
BUS-003,2025-11-10T10:42:00Z,28.564928,77.419633,0.0,135.7,stop,7.9,0,normal
BUS-003,2025-11-10T10:43:00Z,28.565645,77.418755,0.0,137.2,stop,12.4,0,normal
BUS-003,2025-11-10T10:44:00Z,28.566387,77.417958,0.0,138.7,stop,4.0,0,normal
BUS-003,2025-11-10T10:45:00Z,28.567024,77.417205,0.0,140.2,stop,13.0,0,normal
BUS-003,2025-11-10T10:46:00Z,28.56769,77.416346,0.0,141.7,stop,11.5,0,normal
BUS-003,2025-11-10T10:47:00Z,28.568349,77.415573,0.0,143.2,stop,7.9,0,normal
BUS-003,2025-11-10T10:48:00Z,28.569082,77.414631,0.0,144.7,stop,10.9,0,normal
BUS-003,2025-11-10T10:49:00Z,28.569572,77.413804,0.0,146.2,stop,6.1,0,normal
BUS-003,2025-11-10T10:50:00Z,28.570203,77.412849,0.0,147.7,stop,7.3,0,normal
BUS-003,2025-11-10T10:51:00Z,28.570709,77.411866,0.0,149.2,stop,5.7,0,normal
BUS-003,2025-11-10T10:52:00Z,28.571242,77.411031,0.0,150.7,stop,11.2,0,normal
BUS-003,2025-11-10T10:53:00Z,28.571784,77.410134,0.0,152.2,stop,9.5,0,normal
BUS-003,2025-11-10T10:54:00Z,28.572295,77.409124,0.0,153.7,stop,10.0,0,normal
BUS-003,2025-11-10T10:55:00Z,28.572784,77.40821,6.9,155.2,location,4.0,0,normal
BUS-003,2025-11-10T10:56:00Z,28.573145,77.407194,0.0,156.7,stop,7.0,0,normal
BUS-003,2025-11-10T10:57:00Z,28.573577,77.406165,0.0,158.2,stop,2.7,0,normal
BUS-003,2025-11-10T10:58:00Z,28.573952,77.405164,0.0,159.7,stop,10.7,0,normal
BUS-003,2025-11-10T10:59:00Z,28.57429,77.404232,11.6,161.2,location,2.4,0,normal
BUS-003,2025-11-10T11:00:00Z,28.574652,77.403129,0.0,162.8,stop,14.2,0,normal
BUS-003,2025-11-10T11:01:00Z,28.575006,77.402204,0.0,164.3,stop,6.8,0,normal
BUS-003,2025-11-10T11:02:00Z,28.575163,77.401072,0.0,165.8,stop,8.4,0,normal
BUS-003,2025-11-10T11:03:00Z,28.575456,77.400011,0.0,167.3,stop,4.8,0,normal
BUS-003,2025-11-10T11:04:00Z,28.575614,77.399068,10.0,168.8,location,8.1,0,normal
BUS-003,2025-11-10T11:05:00Z,28.575934,77.397989,0.0,170.3,stop,4.0,0,normal
BUS-003,2025-11-10T11:06:00Z,28.576112,77.396831,0.0,171.8,stop,9.5,0,normal
BUS-003,2025-11-10T11:07:00Z,28.576255,77.39582,0.0,173.3,stop,6.3,0,normal
BUS-003,2025-11-10T11:08:00Z,28.576278,77.3947,0.0,174.8,stop,3.2,0,normal
BUS-003,2025-11-10T11:09:00Z,28.576443,77.393675,0.0,176.3,stop,11.1,0,normal
BUS-003,2025-11-10T11:10:00Z,28.576475,77.392607,0.0,177.8,stop,10.9,0,normal
BUS-003,2025-11-10T11:11:00Z,28.576403,77.391512,6.3,179.3,location,9.0,0,normal
BUS-003,2025-11-10T11:12:00Z,28.576489,77.390496,0.0,180.8,stop,15.7,0,normal
BUS-003,2025-11-10T11:13:00Z,28.576449,77.38931,0.0,182.3,stop,9.8,0,normal
BUS-003,2025-11-10T11:14:00Z,28.57639,77.388368,0.0,183.8,stop,11.8,0,normal
BUS-003,2025-11-10T11:15:00Z,28.576314,77.387283,0.0,185.3,stop,10.3,0,normal
BUS-003,2025-11-10T11:16:00Z,28.576224,77.386082,0.0,186.8,stop,0.9,0,normal
BUS-003,2025-11-10T11:17:00Z,28.576096,77.385066,0.0,188.3,stop,5.7,0,normal
BUS-003,2025-11-10T11:18:00Z,28.57596,77.383925,0.0,189.8,stop,12.5,0,normal
BUS-003,2025-11-10T11:19:00Z,28.575643,77.382988,0.0,191.3,stop,4.9,0,normal
BUS-003,2025-11-10T11:20:00Z,28.57544,77.381957,0.0,192.8,stop,4.3,0,normal
BUS-003,2025-11-10T11:21:00Z,28.575213,77.380818,0.0,194.3,stop,10.0,0,normal
BUS-003,2025-11-10T11:22:00Z,28.575035,77.379872,0.0,195.8,stop,8.7,0,normal
BUS-003,2025-11-10T11:23:00Z,28.574618,77.378795,0.0,197.3,stop,2.1,0,normal
BUS-003,2025-11-10T11:24:00Z,28.57435,77.3777,0.0,198.8,stop,6.7,0,normal
BUS-003,2025-11-10T11:25:00Z,28.57404,77.376812,0.0,200.3,stop,2.1,0,normal
BUS-003,2025-11-10T11:26:00Z,28.573564,77.375632,7.7,201.8,location,7.1,0,normal
BUS-003,2025-11-10T11:27:00Z,28.573248,77.374699,0.0,203.3,stop,5.0,0,normal
BUS-003,2025-11-10T11:28:00Z,28.572736,77.37381,0.0,204.8,stop,10.2,0,normal
BUS-003,2025-11-10T11:29:00Z,28.572222,77.372791,0.0,206.3,stop,14.9,0,normal
BUS-003,2025-11-10T11:30:00Z,28.571776,77.371887,0.0,207.8,stop,9.9,0,normal
BUS-003,2025-11-10T11:31:00Z,28.57119,77.370914,0.0,209.3,stop,10.1,0,normal
BUS-003,2025-11-10T11:32:00Z,28.570581,77.369984,0.0,210.9,stop,4.8,0,normal
BUS-003,2025-11-10T11:33:00Z,28.570163,77.369041,0.0,212.4,stop,18.0,0,normal
BUS-003,2025-11-10T11:34:00Z,28.569615,77.368092,0.0,213.9,stop,14.6,0,normal
BUS-003,2025-11-10T11:35:00Z,28.568865,77.367272,7.3,215.4,location,10.0,0,normal
BUS-003,2025-11-10T11:36:00Z,28.568357,77.366375,0.0,216.9,stop,0.4,0,normal
BUS-003,2025-11-10T11:37:00Z,28.567678,77.365555,0.0,218.4,stop,1.8,0,normal
BUS-003,2025-11-10T11:38:00Z,28.566927,77.364748,0.0,219.9,stop,1.2,0,normal
BUS-003,2025-11-10T11:39:00Z,28.566258,77.363932,10.5,221.4,location,4.5,0,normal
BUS-003,2025-11-10T11:40:00Z,28.565517,77.363105,8.4,222.9,location,8.3,0,normal
BUS-003,2025-11-10T11:41:00Z,28.564765,77.362383,0.0,224.4,stop,7.2,0,normal
BUS-003,2025-11-10T11:42:00Z,28.563984,77.361528,0.0,225.9,stop,7.5,0,normal
BUS-003,2025-11-10T11:43:00Z,28.563217,77.360905,0.0,227.4,stop,3.3,0,normal
BUS-003,2025-11-10T11:44:00Z,28.562513,77.360048,0.0,228.9,stop,1.4,0,normal
BUS-003,2025-11-10T11:45:00Z,28.561605,77.359406,0.0,230.4,stop,8.4,0,normal
BUS-003,2025-11-10T11:46:00Z,28.560796,77.358732,9.2,231.9,location,6.6,0,normal
BUS-003,2025-11-10T11:47:00Z,28.559897,77.357991,0.0,233.4,stop,3.4,0,normal
BUS-003,2025-11-10T11:48:00Z,28.559035,77.357426,0.0,234.9,stop,7.1,0,normal
BUS-003,2025-11-10T11:49:00Z,28.558184,77.356789,0.0,236.4,stop,4.3,0,normal
BUS-003,2025-11-10T11:50:00Z,28.557233,77.356338,0.0,237.9,stop,7.8,0,normal
BUS-003,2025-11-10T11:51:00Z,28.556409,77.355745,0.0,239.4,stop,9.7,0,normal
BUS-003,2025-11-10T11:52:00Z,28.555427,77.35519,0.0,240.9,stop,12.3,0,normal
BUS-003,2025-11-10T11:53:00Z,28.554438,77.354686,0.0,242.4,stop,10.6,0,normal
BUS-003,2025-11-10T11:54:00Z,28.553653,77.354172,0.0,243.9,stop,1.2,0,normal
BUS-003,2025-11-10T11:55:00Z,28.552571,77.353737,0.0,245.4,stop,6.5,0,normal
BUS-003,2025-11-10T11:56:00Z,28.551597,77.353277,0.0,246.9,stop,8.6,0,normal
BUS-003,2025-11-10T11:57:00Z,28.5505,77.3529,0.0,248.4,stop,7.9,0,normal
BUS-003,2025-11-10T11:58:00Z,28.549576,77.352461,8.5,249.9,location,8.5,0,normal
BUS-003,2025-11-10T11:59:00Z,28.548469,77.352227,0.0,251.4,stop,7.9,0,normal
BUS-003,2025-11-10T12:00:00Z,28.547535,77.351749,0.0,252.9,stop,8.9,0,normal
BUS-003,2025-11-10T12:01:00Z,28.546567,77.351395,0.0,254.4,stop,11.9,0,normal
BUS-003,2025-11-10T12:02:00Z,28.545465,77.351175,0.0,255.9,stop,8.6,0,normal
BUS-003,2025-11-10T12:03:00Z,28.544429,77.351105,0.0,257.4,stop,5.3,0,normal
BUS-003,2025-11-10T12:04:00Z,28.543333,77.350762,0.0,259.0,stop,3.0,0,normal
BUS-003,2025-11-10T12:05:00Z,28.542292,77.350648,0.0,260.5,stop,12.8,0,normal
BUS-003,2025-11-10T12:06:00Z,28.541195,77.350347,0.0,262.0,stop,9.5,0,normal
BUS-003,2025-11-10T12:07:00Z,28.540261,77.350236,0.0,263.5,stop,13.8,0,normal
BUS-003,2025-11-10T12:08:00Z,28.539103,77.350207,0.0,265.0,stop,12.0,0,normal
BUS-003,2025-11-10T12:09:00Z,28.538027,77.350098,0.0,266.5,stop,2.3,0,normal
BUS-003,2025-11-10T12:10:00Z,28.536974,77.349998,0.0,268.0,stop,4.0,0,normal
BUS-003,2025-11-10T12:11:00Z,28.535865,77.350002,0.0,269.5,stop,12.1,0,normal
BUS-003,2025-11-10T12:12:00Z,28.534724,77.350056,0.0,271.0,stop,9.9,0,normal
BUS-003,2025-11-10T12:13:00Z,28.533719,77.350008,0.0,272.5,stop,4.1,0,normal
BUS-003,2025-11-10T12:14:00Z,28.532624,77.350021,0.0,274.0,stop,7.6,0,normal
BUS-003,2025-11-10T12:15:00Z,28.531476,77.350145,0.0,275.5,stop,5.4,0,normal
BUS-003,2025-11-10T12:16:00Z,28.530503,77.350256,0.0,277.0,stop,4.1,0,normal
BUS-003,2025-11-10T12:17:00Z,28.529423,77.350465,0.0,278.5,stop,7.7,0,normal
BUS-003,2025-11-10T12:18:00Z,28.528354,77.350605,0.0,280.0,stop,9.9,0,normal
BUS-003,2025-11-10T12:19:00Z,28.527313,77.35085,0.0,281.5,stop,1.2,0,normal
BUS-003,2025-11-10T12:20:00Z,28.526185,77.351085,0.0,283.0,stop,3.1,0,normal
BUS-003,2025-11-10T12:21:00Z,28.525189,77.351308,0.0,284.5,stop,8.5,0,normal
BUS-003,2025-11-10T12:22:00Z,28.524183,77.35152,0.0,286.0,stop,3.9,0,normal
BUS-003,2025-11-10T12:23:00Z,28.523145,77.351817,0.0,287.5,stop,3.3,0,normal
BUS-003,2025-11-10T12:24:00Z,28.52206,77.352222,0.0,289.0,stop,11.1,0,normal
BUS-003,2025-11-10T12:25:00Z,28.521094,77.352583,0.0,290.5,stop,12.4,0,normal
BUS-003,2025-11-10T12:26:00Z,28.520171,77.352966,0.0,292.0,stop,15.7,0,normal
BUS-003,2025-11-10T12:27:00Z,28.519143,77.353377,0.0,293.5,stop,9.4,0,normal
BUS-003,2025-11-10T12:28:00Z,28.518085,77.353777,0.0,295.0,stop,4.8,0,normal
BUS-003,2025-11-10T12:29:00Z,28.517152,77.354344,0.0,296.5,stop,7.8,0,normal
BUS-003,2025-11-10T12:30:00Z,28.516322,77.354842,0.0,298.0,stop,9.3,0,normal
BUS-003,2025-11-10T12:31:00Z,28.515273,77.355363,0.0,299.5,stop,2.8,0,normal
BUS-003,2025-11-10T12:32:00Z,28.514397,77.355929,0.0,301.0,stop,9.6,0,normal
BUS-003,2025-11-10T12:33:00Z,28.513296,77.356431,0.0,302.5,stop,15.4,0,normal
BUS-003,2025-11-10T12:34:00Z,28.512543,77.357054,0.0,304.0,stop,14.1,0,normal
BUS-003,2025-11-10T12:35:00Z,28.511742,77.357576,8.9,305.5,location,15.5,0,normal
BUS-003,2025-11-10T12:36:00Z,28.510837,77.358122,0.0,307.1,stop,12.7,0,normal
BUS-003,2025-11-10T12:37:00Z,28.509959,77.358959,0.0,308.6,stop,8.5,0,normal
BUS-003,2025-11-10T12:38:00Z,28.509046,77.359517,0.0,310.1,stop,9.4,0,normal
BUS-003,2025-11-10T12:39:00Z,28.508338,77.360369,0.0,311.6,stop,7.8,0,normal
BUS-003,2025-11-10T12:40:00Z,28.507405,77.361091,0.0,313.1,stop,2.1,0,normal
BUS-003,2025-11-10T12:41:00Z,28.506785,77.361792,0.0,314.6,stop,4.3,0,normal
BUS-003,2025-11-10T12:42:00Z,28.506005,77.36262,0.0,316.1,stop,11.0,0,normal
BUS-003,2025-11-10T12:43:00Z,28.505265,77.363357,11.2,317.6,location,8.0,0,normal
BUS-003,2025-11-10T12:44:00Z,28.504527,77.364176,0.0,319.1,stop,9.6,0,normal
BUS-003,2025-11-10T12:45:00Z,28.503853,77.365078,0.0,320.6,stop,10.5,0,normal
BUS-003,2025-11-10T12:46:00Z,28.503107,77.365822,0.0,322.1,stop,6.0,0,normal
BUS-003,2025-11-10T12:47:00Z,28.502478,77.366624,0.0,323.6,stop,7.6,0,normal
BUS-003,2025-11-10T12:48:00Z,28.50187,77.367425,0.0,325.1,stop,8.5,0,normal
BUS-003,2025-11-10T12:49:00Z,28.501214,77.368509,0.0,326.6,stop,12.2,0,normal
BUS-003,2025-11-10T12:50:00Z,28.500683,77.369401,0.0,328.1,stop,3.3,0,normal
BUS-003,2025-11-10T12:51:00Z,28.500004,77.370181,0.0,329.6,stop,3.6,0,normal
BUS-003,2025-11-10T12:52:00Z,28.499534,77.371176,0.0,331.1,stop,10.5,0,normal
BUS-003,2025-11-10T12:53:00Z,28.498994,77.372122,0.0,332.6,stop,2.5,0,normal
BUS-003,2025-11-10T12:54:00Z,28.498651,77.372974,0.0,334.1,stop,11.7,0,normal
BUS-003,2025-11-10T12:55:00Z,28.498214,77.374022,0.0,335.6,stop,11.4,0,normal
BUS-003,2025-11-10T12:56:00Z,28.497741,77.375089,0.0,337.1,stop,5.3,0,normal
BUS-003,2025-11-10T12:57:00Z,28.497179,77.376066,0.0,338.6,stop,9.7,0,normal
BUS-003,2025-11-10T12:58:00Z,28.496899,77.376989,0.0,340.1,stop,4.8,0,normal
BUS-003,2025-11-10T12:59:00Z,28.496571,77.378075,0.0,341.6,stop,6.3,0,normal
BUS-003,2025-11-10T13:00:00Z,28.496225,77.379131,31.9,343.1,location,13.4,0,normal
BUS-003,2025-11-10T13:01:00Z,28.495927,77.380086,22.6,344.6,location,4.9,0,normal
BUS-003,2025-11-10T13:02:00Z,28.495725,77.381168,31.9,346.1,location,5.8,0,normal
BUS-003,2025-11-10T13:03:00Z,28.495512,77.382196,34.8,347.6,location,2.4,0,normal
BUS-003,2025-11-10T13:04:00Z,28.495272,77.383291,36.4,349.1,location,6.0,0,normal
BUS-003,2025-11-10T13:05:00Z,28.495115,77.38435,36.0,350.6,location,2.2,0,normal
BUS-003,2025-11-10T13:06:00Z,28.494802,77.385322,42.1,352.1,location,7.1,0,normal
BUS-003,2025-11-10T13:07:00Z,28.494856,77.386525,31.6,353.6,location,5.8,0,normal
BUS-003,2025-11-10T13:08:00Z,28.494628,77.387623,38.8,355.2,location,13.9,0,normal
BUS-003,2025-11-10T13:09:00Z,28.494594,77.3887,35.1,356.7,location,12.6,0,normal
BUS-003,2025-11-10T13:10:00Z,28.494517,77.389711,37.5,358.2,location,12.2,0,normal
BUS-003,2025-11-10T13:11:00Z,28.494485,77.390743,43.0,359.7,location,2.9,0,normal
BUS-003,2025-11-10T13:12:00Z,28.494492,77.391867,33.9,1.2,location,2.5,0,normal
BUS-003,2025-11-10T13:13:00Z,28.494535,77.392932,42.5,2.7,location,5.9,0,normal
BUS-003,2025-11-10T13:14:00Z,28.494564,77.393963,31.9,4.2,location,6.1,0,normal
BUS-003,2025-11-10T13:15:00Z,28.494659,77.395106,40.0,5.7,location,5.4,0,normal
BUS-003,2025-11-10T13:16:00Z,28.494781,77.396146,42.8,7.2,location,3.9,0,normal
BUS-003,2025-11-10T13:17:00Z,28.494872,77.397173,42.5,8.7,location,10.6,0,normal
BUS-003,2025-11-10T13:18:00Z,28.495072,77.398272,31.0,10.2,location,13.8,0,normal
BUS-003,2025-11-10T13:19:00Z,28.49535,77.399263,37.6,11.7,location,4.9,0,normal
BUS-003,2025-11-10T13:20:00Z,28.495593,77.400333,44.4,13.2,location,14.5,0,normal
BUS-003,2025-11-10T13:21:00Z,28.495856,77.401382,29.4,14.7,location,3.1,0,normal
BUS-003,2025-11-10T13:22:00Z,28.496101,77.402355,32.4,16.2,location,6.6,0,normal
BUS-003,2025-11-10T13:23:00Z,28.496417,77.403446,33.0,17.7,location,8.3,0,normal
BUS-003,2025-11-10T13:24:00Z,28.496703,77.404558,30.7,19.2,location,8.3,0,normal
BUS-003,2025-11-10T13:25:00Z,28.497108,77.405536,36.4,20.7,location,12.0,0,normal
BUS-003,2025-11-10T13:26:00Z,28.497546,77.406534,34.9,22.2,location,4.1,0,normal
BUS-003,2025-11-10T13:27:00Z,28.497975,77.407274,29.7,23.7,location,12.0,0,normal
BUS-003,2025-11-10T13:28:00Z,28.498334,77.40847,35.7,25.2,location,9.0,0,normal
BUS-003,2025-11-10T13:29:00Z,28.498913,77.409301,51.7,26.7,location,0.9,0,normal
BUS-003,2025-11-10T13:30:00Z,28.499401,77.41045,33.6,28.2,location,5.3,0,normal
BUS-003,2025-11-10T13:31:00Z,28.499902,77.411244,31.1,29.7,location,4.6,0,normal
BUS-003,2025-11-10T13:32:00Z,28.500446,77.412269,31.7,31.2,location,10.4,0,normal
BUS-003,2025-11-10T13:33:00Z,28.500946,77.413169,26.3,32.7,location,8.7,0,normal
BUS-003,2025-11-10T13:34:00Z,28.501651,77.414132,44.3,34.2,location,8.6,0,normal
BUS-003,2025-11-10T13:35:00Z,28.502214,77.414969,36.7,35.7,location,2.8,0,normal
BUS-003,2025-11-10T13:36:00Z,28.502867,77.415899,41.8,37.2,location,16.1,0,normal
BUS-003,2025-11-10T13:37:00Z,28.503536,77.416526,37.8,38.7,location,5.7,0,normal
BUS-003,2025-11-10T13:38:00Z,28.504268,77.417517,37.5,40.2,location,4.5,0,normal
BUS-003,2025-11-10T13:39:00Z,28.504883,77.418372,30.4,41.7,location,8.7,0,normal
BUS-003,2025-11-10T13:40:00Z,28.505571,77.41915,31.9,43.3,location,4.1,0,normal
BUS-003,2025-11-10T13:41:00Z,28.506356,77.419853,42.9,44.8,location,4.3,0,normal
BUS-003,2025-11-10T13:42:00Z,28.507166,77.420648,35.6,46.3,location,14.0,0,normal
BUS-003,2025-11-10T13:43:00Z,28.507938,77.421307,32.7,47.8,location,11.2,0,normal
BUS-003,2025-11-10T13:44:00Z,28.508705,77.422022,34.0,49.3,location,6.8,0,normal
BUS-003,2025-11-10T13:45:00Z,28.509669,77.4227,37.6,50.8,location,5.1,0,normal
BUS-003,2025-11-10T13:46:00Z,28.510368,77.423474,38.1,52.3,location,21.8,0,normal
BUS-003,2025-11-10T13:47:00Z,28.511258,77.424128,27.5,53.8,location,4.8,0,normal
BUS-003,2025-11-10T13:48:00Z,28.512134,77.424725,34.6,55.3,location,15.2,0,normal
BUS-003,2025-11-10T13:49:00Z,28.513138,77.425337,35.5,56.8,location,8.6,0,normal
BUS-003,2025-11-10T13:50:00Z,28.513984,77.425909,35.9,58.3,location,13.9,0,normal
BUS-003,2025-11-10T13:51:00Z,28.514931,77.42642,38.8,59.8,location,8.3,0,normal
BUS-003,2025-11-10T13:52:00Z,28.515761,77.426882,31.4,61.3,location,9.8,0,normal
BUS-003,2025-11-10T13:53:00Z,28.516793,77.427404,35.8,62.8,location,7.6,0,normal
BUS-003,2025-11-10T13:54:00Z,28.517666,77.427919,32.6,64.3,location,4.5,0,normal
BUS-003,2025-11-10T13:55:00Z,28.518688,77.42835,43.9,65.8,location,4.0,0,normal
BUS-003,2025-11-10T13:56:00Z,28.519642,77.428839,36.9,67.3,location,9.7,0,normal
BUS-003,2025-11-10T13:57:00Z,28.520642,77.429154,31.9,68.8,location,9.2,0,normal
BUS-003,2025-11-10T13:58:00Z,28.521657,77.429628,44.5,70.3,location,2.8,0,normal
BUS-003,2025-11-10T13:59:00Z,28.522737,77.429884,34.8,71.8,location,4.7,0,normal
BUS-003,2025-11-10T14:00:00Z,28.52375,77.430257,36.2,73.3,location,6.5,0,normal
BUS-003,2025-11-10T14:01:00Z,28.524801,77.430595,38.2,74.8,location,10.1,0,normal
BUS-003,2025-11-10T14:02:00Z,28.525746,77.430828,44.2,76.3,location,5.2,0,normal
BUS-003,2025-11-10T14:03:00Z,28.526881,77.431076,27.0,77.8,location,5.9,0,normal
BUS-003,2025-11-10T14:04:00Z,28.527897,77.431219,27.1,79.3,location,13.1,0,normal
BUS-003,2025-11-10T14:05:00Z,28.528943,77.431421,25.0,80.8,location,14.1,0,normal
BUS-003,2025-11-10T14:06:00Z,28.530075,77.431601,37.2,82.3,location,7.8,0,normal
BUS-003,2025-11-10T14:07:00Z,28.531106,77.431759,42.0,83.8,location,3.7,0,normal
BUS-003,2025-11-10T14:08:00Z,28.532151,77.431826,34.9,85.3,location,6.3,0,normal
BUS-003,2025-11-10T14:09:00Z,28.533212,77.431916,35.3,86.8,location,4.9,0,normal
BUS-003,2025-11-10T14:10:00Z,28.534276,77.431926,24.5,88.3,location,0.2,0,normal
BUS-003,2025-11-10T14:11:00Z,28.535401,77.431888,41.5,89.8,location,6.0,0,normal
BUS-003,2025-11-10T14:12:00Z,28.536467,77.431986,29.3,91.4,location,4.4,0,normal
BUS-003,2025-11-10T14:13:00Z,28.537628,77.431959,24.6,92.9,location,5.2,0,normal
BUS-003,2025-11-10T14:14:00Z,28.538631,77.431795,26.2,94.4,location,3.1,0,normal
BUS-003,2025-11-10T14:15:00Z,28.539655,77.431787,29.9,95.9,location,2.5,0,normal
BUS-003,2025-11-10T14:16:00Z,28.54076,77.431661,52.0,97.4,location,6.4,0,normal
BUS-003,2025-11-10T14:17:00Z,28.541823,77.431571,49.1,98.9,location,11.7,0,normal
BUS-003,2025-11-10T14:18:00Z,28.542808,77.431369,33.6,100.4,location,10.8,0,normal
BUS-003,2025-11-10T14:19:00Z,28.543949,77.431157,30.7,101.9,location,14.3,0,normal
BUS-003,2025-11-10T14:20:00Z,28.545059,77.430872,29.2,103.4,location,12.1,0,normal
BUS-003,2025-11-10T14:21:00Z,28.546115,77.430578,44.0,104.9,location,9.5,0,normal
BUS-003,2025-11-10T14:22:00Z,28.547089,77.43037,34.2,106.4,location,5.4,0,normal
BUS-003,2025-11-10T14:23:00Z,28.548068,77.430015,41.7,107.9,location,11.0,0,normal
BUS-003,2025-11-10T14:24:00Z,28.549042,77.429652,34.8,109.4,location,5.9,0,normal
BUS-003,2025-11-10T14:25:00Z,28.550191,77.429281,32.5,110.9,location,6.0,0,normal
BUS-003,2025-11-10T14:26:00Z,28.551032,77.42902,30.6,112.4,location,12.6,0,normal
BUS-003,2025-11-10T14:27:00Z,28.552101,77.428502,37.0,113.9,location,10.7,0,normal
BUS-003,2025-11-10T14:28:00Z,28.553093,77.428011,33.0,115.4,location,15.8,0,normal
BUS-003,2025-11-10T14:29:00Z,28.554112,77.427533,47.2,116.9,location,8.2,0,normal
BUS-003,2025-11-10T14:30:00Z,28.555052,77.427003,38.6,118.4,location,6.2,0,normal
BUS-003,2025-11-10T14:31:00Z,28.555938,77.426473,11.4,119.9,location,10.5,0,normal
BUS-003,2025-11-10T14:32:00Z,28.556835,77.425963,0.0,121.4,stop,5.9,0,normal
BUS-003,2025-11-10T14:33:00Z,28.557818,77.425509,0.0,122.9,stop,6.2,0,normal
BUS-003,2025-11-10T14:34:00Z,28.558722,77.424777,0.0,124.4,stop,12.4,0,normal
BUS-003,2025-11-10T14:35:00Z,28.559627,77.424217,0.0,125.9,stop,9.8,0,normal
BUS-003,2025-11-10T14:36:00Z,28.560464,77.423522,9.8,127.4,location,2.6,0,normal
BUS-003,2025-11-10T14:37:00Z,28.561286,77.422934,11.2,128.9,location,8.9,0,normal
BUS-003,2025-11-10T14:38:00Z,28.562068,77.422287,0.0,130.4,stop,11.1,0,normal
BUS-003,2025-11-10T14:39:00Z,28.562872,77.421551,0.0,131.9,stop,13.1,0,normal
BUS-003,2025-11-10T14:40:00Z,28.563596,77.420752,0.0,133.4,stop,13.4,0,normal
BUS-003,2025-11-10T14:41:00Z,28.564338,77.420039,0.0,134.9,stop,3.7,0,normal
BUS-003,2025-11-10T14:42:00Z,28.565178,77.419251,0.0,136.4,stop,6.7,0,normal
BUS-003,2025-11-10T14:43:00Z,28.565978,77.418423,0.0,137.9,stop,2.4,0,normal
BUS-003,2025-11-10T14:44:00Z,28.566678,77.417662,0.0,139.5,stop,6.1,0,normal
BUS-003,2025-11-10T14:45:00Z,28.567351,77.416828,0.0,141.0,stop,5.6,0,normal
BUS-003,2025-11-10T14:46:00Z,28.567966,77.415897,0.0,142.5,stop,11.1,0,normal
BUS-003,2025-11-10T14:47:00Z,28.568626,77.415106,0.0,144.0,stop,7.3,0,normal
BUS-003,2025-11-10T14:48:00Z,28.569258,77.41431,0.0,145.5,stop,11.7,0,normal
BUS-003,2025-11-10T14:49:00Z,28.569908,77.413297,10.2,147.0,location,8.5,0,normal
BUS-003,2025-11-10T14:50:00Z,28.570461,77.41247,0.0,148.5,stop,6.1,0,normal
BUS-003,2025-11-10T14:51:00Z,28.571017,77.411528,0.0,150.0,stop,3.7,0,normal
BUS-003,2025-11-10T14:52:00Z,28.571451,77.410606,0.0,151.5,stop,8.2,0,normal
BUS-003,2025-11-10T14:53:00Z,28.571975,77.409622,0.0,153.0,stop,5.8,0,normal
BUS-003,2025-11-10T14:54:00Z,28.572514,77.408636,0.0,154.5,stop,11.3,0,normal
BUS-003,2025-11-10T14:55:00Z,28.572921,77.407722,0.0,156.0,stop,14.0,0,normal
BUS-003,2025-11-10T14:56:00Z,28.573313,77.406764,0.0,157.5,stop,10.7,0,normal
BUS-003,2025-11-10T14:57:00Z,28.573806,77.405655,0.0,159.0,stop,10.1,0,normal
BUS-003,2025-11-10T14:58:00Z,28.574121,77.404697,0.0,160.5,stop,1.3,0,normal
BUS-003,2025-11-10T14:59:00Z,28.574474,77.403665,0.0,162.0,stop,12.2,0,normal
BUS-004,2025-11-10T07:00:00Z,28.577382,77.377407,29.9,198.0,location,8.7,0,normal
BUS-004,2025-11-10T07:01:00Z,28.577061,77.376344,38.4,199.5,location,10.3,0,normal
BUS-004,2025-11-10T07:02:00Z,28.576649,77.375248,32.7,201.0,location,8.6,0,normal
BUS-004,2025-11-10T07:03:00Z,28.576081,77.374194,30.3,202.5,location,7.2,0,normal
BUS-004,2025-11-10T07:04:00Z,28.575714,77.373083,31.7,204.0,location,5.2,0,normal
BUS-004,2025-11-10T07:05:00Z,28.575243,77.372034,41.3,205.5,location,10.2,0,normal
BUS-004,2025-11-10T07:06:00Z,28.57473,77.371128,32.7,207.0,location,7.4,0,normal
BUS-004,2025-11-10T07:07:00Z,28.57419,77.37001,32.2,208.5,location,1.3,0,normal
BUS-004,2025-11-10T07:08:00Z,28.57364,77.368977,48.4,210.0,location,6.2,0,normal
BUS-004,2025-11-10T07:09:00Z,28.572976,77.368021,33.1,211.5,location,9.6,0,normal
BUS-004,2025-11-10T07:10:00Z,28.572448,77.366955,34.6,213.0,location,10.1,0,normal
BUS-004,2025-11-10T07:11:00Z,28.571702,77.365888,33.0,214.5,location,8.6,0,normal
BUS-004,2025-11-10T07:12:00Z,28.571034,77.36501,36.7,216.0,location,12.9,0,normal
BUS-004,2025-11-10T07:13:00Z,28.570434,77.364191,20.9,217.5,location,3.6,0,normal
BUS-004,2025-11-10T07:14:00Z,28.569768,77.363243,45.5,219.0,location,10.5,0,normal
BUS-004,2025-11-10T07:15:00Z,28.568966,77.362441,35.7,220.5,location,3.1,0,normal
BUS-004,2025-11-10T07:16:00Z,28.568159,77.361603,46.3,222.1,location,7.4,0,normal
BUS-004,2025-11-10T07:17:00Z,28.567447,77.360689,25.1,223.6,location,4.2,0,normal
BUS-004,2025-11-10T07:18:00Z,28.566521,77.35986,52.0,225.1,location,15.5,0,normal
BUS-004,2025-11-10T07:19:00Z,28.565627,77.359108,31.7,226.6,location,3.5,0,normal
BUS-004,2025-11-10T07:20:00Z,28.564917,77.358286,51.4,228.1,location,5.1,0,normal
BUS-004,2025-11-10T07:21:00Z,28.564042,77.357546,34.9,229.6,location,3.8,0,normal
BUS-004,2025-11-10T07:22:00Z,28.563136,77.356708,38.8,231.1,location,8.6,0,normal
BUS-004,2025-11-10T07:23:00Z,28.562308,77.356005,40.3,232.6,location,9.3,0,normal
BUS-004,2025-11-10T07:24:00Z,28.561332,77.355454,24.6,234.1,location,8.3,0,normal
BUS-004,2025-11-10T07:25:00Z,28.560361,77.354747,35.9,235.6,location,2.0,0,normal
BUS-004,2025-11-10T07:26:00Z,28.55942,77.354064,45.9,237.1,location,9.7,0,normal
BUS-004,2025-11-10T07:27:00Z,28.558399,77.35333,36.9,238.6,location,7.3,0,normal
BUS-004,2025-11-10T07:28:00Z,28.557453,77.352896,37.8,240.1,location,10.9,0,normal
BUS-004,2025-11-10T07:29:00Z,28.556403,77.352279,34.5,241.6,location,5.3,0,normal
BUS-004,2025-11-10T07:30:00Z,28.555375,77.351742,35.1,243.1,location,0.2,0,normal
BUS-004,2025-11-10T07:31:00Z,28.554361,77.351251,41.2,244.6,location,3.0,0,normal
BUS-004,2025-11-10T07:32:00Z,28.553317,77.350783,27.9,246.1,location,0.9,0,normal
BUS-004,2025-11-10T07:33:00Z,28.552243,77.350367,37.8,247.6,location,3.6,0,normal
BUS-004,2025-11-10T07:34:00Z,28.55115,77.349883,45.3,249.1,location,6.2,0,normal
BUS-004,2025-11-10T07:35:00Z,28.550036,77.349517,35.1,250.6,location,8.1,0,normal
BUS-004,2025-11-10T07:36:00Z,28.549,77.349093,33.7,252.1,location,11.7,0,normal
BUS-004,2025-11-10T07:37:00Z,28.547837,77.348719,35.7,253.6,location,3.6,0,normal
BUS-004,2025-11-10T07:38:00Z,28.546856,77.348391,43.9,255.1,location,7.2,0,normal
BUS-004,2025-11-10T07:39:00Z,28.545607,77.348182,31.5,256.6,location,11.8,0,normal
BUS-004,2025-11-10T07:40:00Z,28.544657,77.347955,39.9,258.1,location,6.8,0,normal
BUS-004,2025-11-10T07:41:00Z,28.54343,77.347645,30.7,259.6,location,3.1,0,normal
BUS-004,2025-11-10T07:42:00Z,28.542353,77.347486,47.2,261.1,location,1.8,0,normal
BUS-004,2025-11-10T07:43:00Z,28.541185,77.347357,32.8,262.6,location,2.4,0,normal
BUS-004,2025-11-10T07:44:00Z,28.539965,77.347211,39.6,264.1,location,7.9,0,normal
BUS-004,2025-11-10T07:45:00Z,28.538868,77.347057,35.0,265.6,location,11.4,0,normal
BUS-004,2025-11-10T07:46:00Z,28.537704,77.347054,33.7,267.1,location,13.1,0,normal
BUS-004,2025-11-10T07:47:00Z,28.536625,77.347017,42.1,268.6,location,10.4,0,normal
BUS-004,2025-11-10T07:48:00Z,28.53537,77.347065,44.3,270.2,location,11.9,0,normal
BUS-004,2025-11-10T07:49:00Z,28.534225,77.347032,32.6,271.7,location,0.6,0,normal
BUS-004,2025-11-10T07:50:00Z,28.533125,77.346909,42.7,273.2,location,14.2,0,normal
BUS-004,2025-11-10T07:51:00Z,28.531902,77.347121,24.2,274.7,location,13.5,0,normal
BUS-004,2025-11-10T07:52:00Z,28.53075,77.347263,34.5,276.2,location,5.5,0,normal
BUS-004,2025-11-10T07:53:00Z,28.529659,77.347509,40.1,277.7,location,7.3,0,normal
BUS-004,2025-11-10T07:54:00Z,28.528501,77.347577,34.1,279.2,location,14.8,0,normal
BUS-004,2025-11-10T07:55:00Z,28.527383,77.347837,43.8,280.7,location,11.1,0,normal
BUS-004,2025-11-10T07:56:00Z,28.526121,77.347954,38.7,282.2,location,11.8,0,normal
BUS-004,2025-11-10T07:57:00Z,28.525057,77.348308,32.4,283.7,location,6.1,0,normal
BUS-004,2025-11-10T07:58:00Z,28.523977,77.348522,51.6,285.2,location,3.0,0,normal
BUS-004,2025-11-10T07:59:00Z,28.522921,77.348865,23.8,286.7,location,4.3,0,normal
BUS-004,2025-11-10T08:00:00Z,28.521744,77.349173,37.2,288.2,location,9.0,0,normal
BUS-004,2025-11-10T08:01:00Z,28.520663,77.349587,45.1,289.7,location,4.4,0,normal
BUS-004,2025-11-10T08:02:00Z,28.519536,77.349965,45.3,291.2,location,9.7,0,normal
BUS-004,2025-11-10T08:03:00Z,28.518535,77.350427,39.2,292.7,location,10.4,0,normal
BUS-004,2025-11-10T08:04:00Z,28.517477,77.350879,30.6,294.2,location,14.1,0,normal
BUS-004,2025-11-10T08:05:00Z,28.516431,77.351439,31.9,295.7,location,6.2,0,normal
BUS-004,2025-11-10T08:06:00Z,28.515367,77.351903,43.8,297.2,location,11.6,0,normal
BUS-004,2025-11-10T08:07:00Z,28.514383,77.35244,28.4,298.7,location,15.3,0,normal
BUS-004,2025-11-10T08:08:00Z,28.513378,77.353021,35.9,300.2,location,8.3,0,normal
BUS-004,2025-11-10T08:09:00Z,28.51233,77.353416,36.7,301.7,location,1.7,0,normal
BUS-004,2025-11-10T08:10:00Z,28.511375,77.354234,40.7,303.2,location,2.8,0,normal
BUS-004,2025-11-10T08:11:00Z,28.510379,77.354897,38.8,304.7,location,11.1,0,normal
BUS-004,2025-11-10T08:12:00Z,28.509458,77.355497,37.7,306.2,location,4.6,0,normal
BUS-004,2025-11-10T08:13:00Z,28.508517,77.356144,48.3,307.7,location,11.9,0,normal
BUS-004,2025-11-10T08:14:00Z,28.507682,77.356893,33.3,309.2,location,6.4,0,normal
BUS-004,2025-11-10T08:15:00Z,28.506679,77.357675,39.2,310.7,location,7.9,0,normal
BUS-004,2025-11-10T08:16:00Z,28.505987,77.358476,43.7,312.2,location,17.7,0,normal
BUS-004,2025-11-10T08:17:00Z,28.505074,77.359219,32.9,313.7,location,8.6,0,normal
BUS-004,2025-11-10T08:18:00Z,28.504328,77.360077,45.1,315.2,location,6.1,0,normal
BUS-004,2025-11-10T08:19:00Z,28.503459,77.360863,29.2,316.7,location,11.5,0,normal
BUS-004,2025-11-10T08:20:00Z,28.502676,77.361691,29.5,318.3,location,16.3,0,normal
BUS-004,2025-11-10T08:21:00Z,28.501846,77.362615,35.0,319.8,location,13.7,0,normal
BUS-004,2025-11-10T08:22:00Z,28.501231,77.363423,30.4,321.3,location,6.5,0,normal
BUS-004,2025-11-10T08:23:00Z,28.500528,77.36433,31.8,322.8,location,15.0,0,normal
BUS-004,2025-11-10T08:24:00Z,28.499773,77.365323,31.7,324.3,location,10.7,0,normal
BUS-004,2025-11-10T08:25:00Z,28.499122,77.366244,39.0,325.8,location,6.2,0,normal
BUS-004,2025-11-10T08:26:00Z,28.498519,77.367265,42.9,327.3,location,4.3,0,normal
BUS-004,2025-11-10T08:27:00Z,28.497824,77.368236,34.7,328.8,location,8.5,0,normal
BUS-004,2025-11-10T08:28:00Z,28.497303,77.369224,37.5,330.3,location,7.2,0,normal
BUS-004,2025-11-10T08:29:00Z,28.496798,77.370224,36.8,331.8,location,2.5,0,normal
BUS-004,2025-11-10T08:30:00Z,28.496199,77.371182,30.3,333.3,location,5.9,0,normal
BUS-004,2025-11-10T08:31:00Z,28.495639,77.372293,0.0,334.8,stop,10.5,0,normal
BUS-004,2025-11-10T08:32:00Z,28.495217,77.373365,0.0,336.3,stop,9.7,0,normal
BUS-004,2025-11-10T08:33:00Z,28.494634,77.374368,0.0,337.8,stop,2.9,0,normal
BUS-004,2025-11-10T08:34:00Z,28.494421,77.375368,0.0,339.3,stop,2.8,0,normal
BUS-004,2025-11-10T08:35:00Z,28.493973,77.376633,0.0,340.8,stop,2.0,0,normal
BUS-004,2025-11-10T08:36:00Z,28.49356,77.377702,0.0,342.3,stop,10.0,0,normal
BUS-004,2025-11-10T08:37:00Z,28.4932,77.378719,0.0,343.8,stop,10.1,0,normal
BUS-004,2025-11-10T08:38:00Z,28.492961,77.379841,0.0,345.3,stop,0.3,0,normal
BUS-004,2025-11-10T08:39:00Z,28.492547,77.380898,0.0,346.8,stop,14.8,0,normal
BUS-004,2025-11-10T08:40:00Z,28.492334,77.382034,0.0,348.3,stop,11.7,0,normal
BUS-004,2025-11-10T08:41:00Z,28.492229,77.383161,0.0,349.8,stop,4.9,0,normal
BUS-004,2025-11-10T08:42:00Z,28.492139,77.384464,0.0,351.3,stop,10.1,0,normal
BUS-004,2025-11-10T08:43:00Z,28.49183,77.385517,0.0,352.8,stop,9.2,0,normal
BUS-004,2025-11-10T08:44:00Z,28.491743,77.386663,0.0,354.3,stop,8.4,0,normal
BUS-004,2025-11-10T08:45:00Z,28.491623,77.387856,0.0,355.8,stop,10.4,0,normal
BUS-004,2025-11-10T08:46:00Z,28.491593,77.38896,0.0,357.3,stop,5.4,0,normal
BUS-004,2025-11-10T08:47:00Z,28.49153,77.390018,0.0,358.8,stop,8.7,0,normal
BUS-004,2025-11-10T08:48:00Z,28.491497,77.391313,0.0,0.3,stop,11.6,0,normal
BUS-004,2025-11-10T08:49:00Z,28.491471,77.392444,0.0,1.8,stop,9.2,0,normal
BUS-004,2025-11-10T08:50:00Z,28.491561,77.393538,0.0,3.3,stop,9.7,0,normal
BUS-004,2025-11-10T08:51:00Z,28.491748,77.394679,0.0,4.8,stop,7.4,0,normal
BUS-004,2025-11-10T08:52:00Z,28.491822,77.395792,0.0,6.4,stop,6.2,0,normal
BUS-004,2025-11-10T08:53:00Z,28.491961,77.397,0.0,7.9,stop,6.3,0,normal
BUS-004,2025-11-10T08:54:00Z,28.492129,77.398087,0.0,9.4,stop,4.5,0,normal
BUS-004,2025-11-10T08:55:00Z,28.492278,77.399293,11.5,10.9,location,6.5,0,normal
BUS-004,2025-11-10T08:56:00Z,28.492506,77.400459,0.0,12.4,stop,8.7,0,normal
BUS-004,2025-11-10T08:57:00Z,28.492788,77.401591,0.0,13.9,stop,10.1,0,normal
BUS-004,2025-11-10T08:58:00Z,28.493106,77.402695,0.0,15.4,stop,13.3,0,normal
BUS-004,2025-11-10T08:59:00Z,28.493339,77.403702,11.6,16.9,location,9.0,0,normal
BUS-004,2025-11-10T09:00:00Z,28.493735,77.404845,0.0,18.4,stop,6.1,0,normal
BUS-004,2025-11-10T09:01:00Z,28.494127,77.405906,0.0,19.9,stop,5.0,0,normal
BUS-004,2025-11-10T09:02:00Z,28.494516,77.406982,0.0,21.4,stop,2.2,0,normal
BUS-004,2025-11-10T09:03:00Z,28.494993,77.408177,0.0,22.9,stop,9.7,0,normal
BUS-004,2025-11-10T09:04:00Z,28.495391,77.409149,0.0,24.4,stop,10.9,0,normal
BUS-004,2025-11-10T09:05:00Z,28.495924,77.410186,0.0,25.9,stop,10.5,0,normal
BUS-004,2025-11-10T09:06:00Z,28.496408,77.411214,0.0,27.4,stop,11.3,0,normal
BUS-004,2025-11-10T09:07:00Z,28.496888,77.412221,0.0,28.9,stop,6.1,0,normal
BUS-004,2025-11-10T09:08:00Z,28.497577,77.413252,0.0,30.4,stop,8.4,0,normal
BUS-004,2025-11-10T09:09:00Z,28.498159,77.414281,0.0,31.9,stop,9.4,0,normal
BUS-004,2025-11-10T09:10:00Z,28.498775,77.415296,0.0,33.4,stop,10.4,0,normal
BUS-004,2025-11-10T09:11:00Z,28.499411,77.41631,0.0,34.9,stop,8.1,0,normal
BUS-004,2025-11-10T09:12:00Z,28.499994,77.417096,0.0,36.4,stop,2.3,0,normal
BUS-004,2025-11-10T09:13:00Z,28.500721,77.418053,0.0,37.9,stop,5.8,0,normal
BUS-004,2025-11-10T09:14:00Z,28.501452,77.418869,0.0,39.4,stop,3.5,0,normal
BUS-004,2025-11-10T09:15:00Z,28.502282,77.419843,0.0,40.9,stop,8.8,0,normal
BUS-004,2025-11-10T09:16:00Z,28.503054,77.420736,10.4,42.4,location,4.3,0,normal
BUS-004,2025-11-10T09:17:00Z,28.503767,77.421484,11.7,43.9,location,8.0,0,normal
BUS-004,2025-11-10T09:18:00Z,28.504672,77.422393,0.0,45.4,stop,7.5,0,normal
BUS-004,2025-11-10T09:19:00Z,28.505534,77.423215,0.0,46.9,stop,2.3,0,normal
BUS-004,2025-11-10T09:20:00Z,28.506266,77.42394,0.0,48.4,stop,10.1,0,normal
BUS-004,2025-11-10T09:21:00Z,28.507241,77.424715,0.0,49.9,stop,6.8,0,normal
BUS-004,2025-11-10T09:22:00Z,28.508102,77.425412,0.0,51.4,stop,5.7,0,normal
BUS-004,2025-11-10T09:23:00Z,28.508914,77.426113,0.0,52.9,stop,7.8,0,normal
BUS-004,2025-11-10T09:24:00Z,28.509875,77.42677,0.0,54.5,stop,9.8,0,normal
BUS-004,2025-11-10T09:25:00Z,28.510918,77.427432,0.0,56.0,stop,2.1,0,normal
BUS-004,2025-11-10T09:26:00Z,28.511848,77.428164,0.0,57.5,stop,13.0,0,normal
BUS-004,2025-11-10T09:27:00Z,28.51285,77.428718,9.6,59.0,location,15.0,0,normal
BUS-004,2025-11-10T09:28:00Z,28.513751,77.429276,0.0,60.5,stop,4.4,0,normal
BUS-004,2025-11-10T09:29:00Z,28.514827,77.429755,0.0,62.0,stop,8.1,0,normal
BUS-004,2025-11-10T09:30:00Z,28.515862,77.430406,0.0,63.5,stop,12.3,0,normal
BUS-004,2025-11-10T09:31:00Z,28.516893,77.430921,0.0,65.0,stop,9.2,0,normal
BUS-004,2025-11-10T09:32:00Z,28.517996,77.431287,5.9,66.5,location,3.2,0,normal
BUS-004,2025-11-10T09:33:00Z,28.518979,77.431817,0.0,68.0,stop,7.7,0,normal
BUS-004,2025-11-10T09:34:00Z,28.520173,77.432195,0.0,69.5,stop,11.6,0,normal
BUS-004,2025-11-10T09:35:00Z,28.521191,77.432594,0.0,71.0,stop,14.1,0,normal
BUS-004,2025-11-10T09:36:00Z,28.522282,77.43292,0.0,72.5,stop,0.2,0,normal
BUS-004,2025-11-10T09:37:00Z,28.523396,77.433321,0.0,74.0,stop,4.5,0,normal
BUS-004,2025-11-10T09:38:00Z,28.524393,77.433512,0.0,75.5,stop,8.8,0,normal
BUS-004,2025-11-10T09:39:00Z,28.525641,77.434002,0.0,77.0,stop,4.9,0,normal
BUS-004,2025-11-10T09:40:00Z,28.526718,77.434086,0.0,78.5,stop,14.3,0,normal
BUS-004,2025-11-10T09:41:00Z,28.527893,77.434389,0.0,80.0,stop,7.0,0,normal
BUS-004,2025-11-10T09:42:00Z,28.528978,77.434547,0.0,81.5,stop,9.5,0,normal
BUS-004,2025-11-10T09:43:00Z,28.530211,77.434713,0.0,83.0,stop,5.1,0,normal
BUS-004,2025-11-10T09:44:00Z,28.531181,77.434793,0.0,84.5,stop,0.7,0,normal
BUS-004,2025-11-10T09:45:00Z,28.532471,77.434953,0.0,86.0,stop,12.2,0,normal
BUS-004,2025-11-10T09:46:00Z,28.533564,77.434885,0.0,87.5,stop,2.2,0,normal
BUS-004,2025-11-10T09:47:00Z,28.534724,77.434944,0.0,89.0,stop,14.0,0,normal
BUS-004,2025-11-10T09:48:00Z,28.535871,77.43493,0.0,90.5,stop,13.9,0,normal
BUS-004,2025-11-10T09:49:00Z,28.537143,77.435067,12.0,92.0,location,9.9,0,normal
BUS-004,2025-11-10T09:50:00Z,28.538152,77.434873,0.0,93.5,stop,4.3,0,normal
BUS-004,2025-11-10T09:51:00Z,28.539394,77.434802,0.0,95.0,stop,11.1,0,normal
BUS-004,2025-11-10T09:52:00Z,28.540555,77.43471,0.0,96.5,stop,13.4,0,normal
BUS-004,2025-11-10T09:53:00Z,28.541743,77.43463,0.0,98.0,stop,1.8,0,normal
BUS-004,2025-11-10T09:54:00Z,28.542787,77.434465,0.0,99.5,stop,10.3,0,normal
BUS-004,2025-11-10T09:55:00Z,28.543957,77.434204,0.0,101.0,stop,11.9,0,normal
BUS-004,2025-11-10T09:56:00Z,28.545078,77.433988,9.1,102.6,location,6.8,0,normal
BUS-004,2025-11-10T09:57:00Z,28.546178,77.433638,6.2,104.1,location,13.1,0,normal
BUS-004,2025-11-10T09:58:00Z,28.547274,77.433296,0.0,105.6,stop,3.3,0,normal
BUS-004,2025-11-10T09:59:00Z,28.548402,77.433104,0.0,107.1,stop,1.6,0,normal
BUS-004,2025-11-10T10:00:00Z,28.549451,77.43272,0.0,108.6,stop,10.7,0,normal
BUS-004,2025-11-10T10:01:00Z,28.550682,77.432361,0.0,110.1,stop,6.4,0,normal
BUS-004,2025-11-10T10:02:00Z,28.551852,77.431944,0.0,111.6,stop,8.1,0,normal
BUS-004,2025-11-10T10:03:00Z,28.552721,77.431419,0.0,113.1,stop,7.6,0,normal
BUS-004,2025-11-10T10:04:00Z,28.553779,77.431046,0.0,114.6,stop,8.3,0,normal
BUS-004,2025-11-10T10:05:00Z,28.554865,77.430497,0.0,116.1,stop,9.5,0,normal
BUS-004,2025-11-10T10:06:00Z,28.555892,77.430074,0.0,117.6,stop,17.7,0,normal
BUS-004,2025-11-10T10:07:00Z,28.556851,77.429523,0.0,119.1,stop,5.3,0,normal
BUS-004,2025-11-10T10:08:00Z,28.557939,77.428825,0.0,120.6,stop,14.3,0,normal
BUS-004,2025-11-10T10:09:00Z,28.558933,77.428267,0.0,122.1,stop,5.2,0,normal
BUS-004,2025-11-10T10:10:00Z,28.559808,77.427671,0.0,123.6,stop,6.6,0,normal
BUS-004,2025-11-10T10:11:00Z,28.560745,77.427131,0.0,125.1,stop,4.8,0,normal
BUS-004,2025-11-10T10:12:00Z,28.561731,77.426436,0.0,126.6,stop,7.9,0,normal
BUS-004,2025-11-10T10:13:00Z,28.562633,77.425709,10.7,128.1,location,7.7,0,normal
BUS-004,2025-11-10T10:14:00Z,28.563466,77.424892,0.0,129.6,stop,4.9,0,normal
BUS-004,2025-11-10T10:15:00Z,28.564462,77.424153,0.0,131.1,stop,3.7,0,normal
BUS-004,2025-11-10T10:16:00Z,28.565298,77.423375,0.0,132.6,stop,8.8,0,normal
BUS-004,2025-11-10T10:17:00Z,28.566126,77.422488,0.0,134.1,stop,11.6,0,normal
BUS-004,2025-11-10T10:18:00Z,28.56693,77.421787,0.0,135.6,stop,13.9,0,normal
BUS-004,2025-11-10T10:19:00Z,28.567762,77.420897,0.0,137.1,stop,8.5,0,normal
BUS-004,2025-11-10T10:20:00Z,28.568575,77.420046,0.0,138.6,stop,14.1,0,normal
BUS-004,2025-11-10T10:21:00Z,28.569196,77.419161,0.0,140.1,stop,7.8,0,normal
BUS-004,2025-11-10T10:22:00Z,28.570091,77.418302,0.0,141.6,stop,11.7,0,normal
BUS-004,2025-11-10T10:23:00Z,28.570718,77.417315,0.0,143.1,stop,7.6,0,normal
BUS-004,2025-11-10T10:24:00Z,28.571395,77.416486,0.0,144.6,stop,4.8,0,normal
BUS-004,2025-11-10T10:25:00Z,28.571958,77.415582,12.0,146.1,location,15.2,0,normal
BUS-004,2025-11-10T10:26:00Z,28.572701,77.414559,0.0,147.6,stop,7.3,0,normal
BUS-004,2025-11-10T10:27:00Z,28.573356,77.413653,0.0,149.1,stop,15.4,0,normal
BUS-004,2025-11-10T10:28:00Z,28.573732,77.412579,0.0,150.7,stop,10.2,0,normal
BUS-004,2025-11-10T10:29:00Z,28.574446,77.411588,0.0,152.2,stop,3.3,0,normal
BUS-004,2025-11-10T10:30:00Z,28.57495,77.410598,0.0,153.7,stop,6.5,0,normal
BUS-004,2025-11-10T10:31:00Z,28.575365,77.409467,0.0,155.2,stop,9.6,0,normal
BUS-004,2025-11-10T10:32:00Z,28.57575,77.408478,0.0,156.7,stop,9.6,0,normal
BUS-004,2025-11-10T10:33:00Z,28.576365,77.407333,0.0,158.2,stop,7.7,0,normal
BUS-004,2025-11-10T10:34:00Z,28.576799,77.406329,0.0,159.7,stop,2.2,0,normal
BUS-004,2025-11-10T10:35:00Z,28.577094,77.405222,0.0,161.2,stop,10.8,0,normal
BUS-004,2025-11-10T10:36:00Z,28.577427,77.404125,0.0,162.7,stop,11.5,0,normal
BUS-004,2025-11-10T10:37:00Z,28.577818,77.402916,0.0,164.2,stop,2.5,0,normal
BUS-004,2025-11-10T10:38:00Z,28.578154,77.40196,0.0,165.7,stop,6.7,0,normal
BUS-004,2025-11-10T10:39:00Z,28.578339,77.400706,0.0,167.2,stop,2.6,0,normal
BUS-004,2025-11-10T10:40:00Z,28.578635,77.399582,0.0,168.7,stop,5.9,0,normal
BUS-004,2025-11-10T10:41:00Z,28.578868,77.398476,0.0,170.2,stop,10.8,0,normal
BUS-004,2025-11-10T10:42:00Z,28.579091,77.397376,0.0,171.7,stop,4.0,0,normal
BUS-004,2025-11-10T10:43:00Z,28.579091,77.396171,0.0,173.2,stop,5.4,0,normal
BUS-004,2025-11-10T10:44:00Z,28.579364,77.395012,0.0,174.7,stop,9.2,0,normal
BUS-004,2025-11-10T10:45:00Z,28.579468,77.393844,0.0,176.2,stop,8.7,0,normal
BUS-004,2025-11-10T10:46:00Z,28.579392,77.392759,0.0,177.7,stop,8.1,0,normal
BUS-004,2025-11-10T10:47:00Z,28.579487,77.391578,0.0,179.2,stop,6.8,0,normal
BUS-004,2025-11-10T10:48:00Z,28.579405,77.390493,0.0,180.7,stop,14.5,0,normal
BUS-004,2025-11-10T10:49:00Z,28.579441,77.389376,0.0,182.2,stop,18.0,0,normal
BUS-004,2025-11-10T10:50:00Z,28.579448,77.388193,0.0,183.7,stop,13.3,0,normal
BUS-004,2025-11-10T10:51:00Z,28.579314,77.386981,0.0,185.2,stop,4.8,0,normal
BUS-004,2025-11-10T10:52:00Z,28.579188,77.385835,0.0,186.7,stop,9.7,0,normal
BUS-004,2025-11-10T10:53:00Z,28.578986,77.384766,0.0,188.2,stop,15.5,0,normal
BUS-004,2025-11-10T10:54:00Z,28.578876,77.383577,0.0,189.7,stop,6.9,0,normal
BUS-004,2025-11-10T10:55:00Z,28.578727,77.382418,0.0,191.2,stop,10.4,0,normal
BUS-004,2025-11-10T10:56:00Z,28.578481,77.381331,0.0,192.7,stop,3.2,0,normal
BUS-004,2025-11-10T10:57:00Z,28.578131,77.380216,0.0,194.2,stop,14.6,0,normal
BUS-004,2025-11-10T10:58:00Z,28.577886,77.37916,0.0,195.7,stop,9.5,0,normal
BUS-004,2025-11-10T10:59:00Z,28.577486,77.377941,0.0,197.2,stop,9.2,0,normal
BUS-004,2025-11-10T11:00:00Z,28.57719,77.376909,0.0,198.8,stop,8.2,0,normal
BUS-004,2025-11-10T11:01:00Z,28.576827,77.375699,0.0,200.3,stop,10.2,0,normal
BUS-004,2025-11-10T11:02:00Z,28.576327,77.374686,9.2,201.8,location,9.7,0,normal
BUS-004,2025-11-10T11:03:00Z,28.57594,77.373641,0.0,203.3,stop,3.0,0,normal
BUS-004,2025-11-10T11:04:00Z,28.575495,77.372629,0.0,204.8,stop,5.7,0,normal
BUS-004,2025-11-10T11:05:00Z,28.574946,77.371518,0.0,206.3,stop,12.0,0,normal
BUS-004,2025-11-10T11:06:00Z,28.574468,77.370482,5.5,207.8,location,2.8,0,normal
BUS-004,2025-11-10T11:07:00Z,28.573929,77.369543,0.0,209.3,stop,1.7,0,normal
BUS-004,2025-11-10T11:08:00Z,28.573332,77.368529,0.0,210.8,stop,6.0,0,normal
BUS-004,2025-11-10T11:09:00Z,28.572695,77.367475,0.0,212.3,stop,7.8,0,normal
BUS-004,2025-11-10T11:10:00Z,28.572136,77.366583,0.0,213.8,stop,13.2,0,normal
BUS-004,2025-11-10T11:11:00Z,28.571524,77.365548,0.0,215.3,stop,3.7,0,normal
BUS-004,2025-11-10T11:12:00Z,28.570781,77.364656,0.0,216.8,stop,12.2,0,normal
BUS-004,2025-11-10T11:13:00Z,28.570108,77.363673,0.0,218.3,stop,10.7,0,normal
BUS-004,2025-11-10T11:14:00Z,28.56936,77.362813,0.0,219.8,stop,9.9,0,normal
BUS-004,2025-11-10T11:15:00Z,28.568525,77.361942,0.0,221.3,stop,8.1,0,normal
BUS-004,2025-11-10T11:16:00Z,28.567814,77.361104,0.0,222.8,stop,1.9,0,normal
BUS-004,2025-11-10T11:17:00Z,28.566905,77.360286,0.0,224.3,stop,14.2,0,normal
BUS-004,2025-11-10T11:18:00Z,28.566153,77.359429,0.0,225.8,stop,6.6,0,normal
BUS-004,2025-11-10T11:19:00Z,28.565322,77.358749,7.5,227.3,location,8.6,0,normal
BUS-004,2025-11-10T11:20:00Z,28.564419,77.357959,0.0,228.8,stop,8.3,0,normal
BUS-004,2025-11-10T11:21:00Z,28.563577,77.35718,0.0,230.3,stop,8.8,0,normal
BUS-004,2025-11-10T11:22:00Z,28.562827,77.35639,0.0,231.8,stop,4.3,0,normal
BUS-004,2025-11-10T11:23:00Z,28.561668,77.355761,0.0,233.3,stop,10.6,0,normal
BUS-004,2025-11-10T11:24:00Z,28.560869,77.355046,7.6,234.8,location,5.6,0,normal
BUS-004,2025-11-10T11:25:00Z,28.55992,77.354299,0.0,236.3,stop,9.9,0,normal
BUS-004,2025-11-10T11:26:00Z,28.558848,77.353635,0.0,237.8,stop,5.6,0,normal
BUS-004,2025-11-10T11:27:00Z,28.557924,77.35322,0.0,239.3,stop,9.8,0,normal
BUS-004,2025-11-10T11:28:00Z,28.55695,77.352556,0.0,240.8,stop,8.6,0,normal
BUS-004,2025-11-10T11:29:00Z,28.555901,77.352078,0.0,242.3,stop,10.7,0,normal
BUS-004,2025-11-10T11:30:00Z,28.554913,77.351484,0.0,243.8,stop,12.8,0,normal
BUS-004,2025-11-10T11:31:00Z,28.553756,77.351049,0.0,245.3,stop,0.9,0,normal
BUS-004,2025-11-10T11:32:00Z,28.552846,77.350553,0.0,246.9,stop,9.4,0,normal
BUS-004,2025-11-10T11:33:00Z,28.551729,77.350053,7.8,248.4,location,11.9,0,normal
BUS-004,2025-11-10T11:34:00Z,28.550693,77.349622,0.0,249.9,stop,10.2,0,normal
BUS-004,2025-11-10T11:35:00Z,28.549519,77.349287,0.0,251.4,stop,4.0,0,normal
BUS-004,2025-11-10T11:36:00Z,28.548489,77.349066,0.0,252.9,stop,6.9,0,normal
BUS-004,2025-11-10T11:37:00Z,28.547369,77.348625,0.0,254.4,stop,0.5,0,normal
BUS-004,2025-11-10T11:38:00Z,28.546269,77.348392,0.0,255.9,stop,6.7,0,normal
BUS-004,2025-11-10T11:39:00Z,28.545071,77.347984,0.0,257.4,stop,9.2,0,normal
BUS-004,2025-11-10T11:40:00Z,28.544062,77.347889,0.0,258.9,stop,11.8,0,normal
BUS-004,2025-11-10T11:41:00Z,28.542869,77.347661,0.0,260.4,stop,12.6,0,normal
BUS-004,2025-11-10T11:42:00Z,28.541723,77.347369,0.0,261.9,stop,8.0,0,normal
BUS-004,2025-11-10T11:43:00Z,28.540549,77.347204,0.0,263.4,stop,8.0,0,normal
BUS-004,2025-11-10T11:44:00Z,28.539468,77.347067,0.0,264.9,stop,4.5,0,normal
BUS-004,2025-11-10T11:45:00Z,28.538295,77.347061,9.2,266.4,location,8.1,0,normal
BUS-004,2025-11-10T11:46:00Z,28.537107,77.346996,0.0,267.9,stop,13.6,0,normal
BUS-004,2025-11-10T11:47:00Z,28.536017,77.347012,0.0,269.4,stop,9.1,0,normal
BUS-004,2025-11-10T11:48:00Z,28.534807,77.347013,0.0,270.9,stop,9.6,0,normal
BUS-004,2025-11-10T11:49:00Z,28.533615,77.346948,0.0,272.4,stop,11.4,0,normal
BUS-004,2025-11-10T11:50:00Z,28.532507,77.347176,0.0,273.9,stop,19.8,0,normal
BUS-004,2025-11-10T11:51:00Z,28.531318,77.347087,0.0,275.4,stop,7.4,0,normal
BUS-004,2025-11-10T11:52:00Z,28.530224,77.347446,0.0,276.9,stop,6.7,0,normal
BUS-004,2025-11-10T11:53:00Z,28.529022,77.347442,0.0,278.4,stop,13.1,0,normal
BUS-004,2025-11-10T11:54:00Z,28.527919,77.347689,0.0,279.9,stop,9.4,0,normal
BUS-004,2025-11-10T11:55:00Z,28.526731,77.347977,0.0,281.4,stop,5.8,0,normal
BUS-004,2025-11-10T11:56:00Z,28.525609,77.348142,0.0,282.9,stop,6.4,0,normal
BUS-004,2025-11-10T11:57:00Z,28.524547,77.348429,0.0,284.4,stop,0.3,0,normal
BUS-004,2025-11-10T11:58:00Z,28.523442,77.348718,0.0,285.9,stop,4.4,0,normal
BUS-004,2025-11-10T11:59:00Z,28.522362,77.348952,0.0,287.4,stop,12.1,0,normal
BUS-004,2025-11-10T12:00:00Z,28.521196,77.349372,0.0,288.9,stop,15.4,0,normal
BUS-004,2025-11-10T12:01:00Z,28.520102,77.349786,0.0,290.4,stop,10.8,0,normal
BUS-004,2025-11-10T12:02:00Z,28.519019,77.350212,0.0,291.9,stop,6.3,0,normal
BUS-004,2025-11-10T12:03:00Z,28.518051,77.350652,0.0,293.4,stop,6.8,0,normal
BUS-004,2025-11-10T12:04:00Z,28.516883,77.35104,0.0,295.0,stop,7.1,0,normal
BUS-004,2025-11-10T12:05:00Z,28.515936,77.351609,0.0,296.5,stop,4.8,0,normal
BUS-004,2025-11-10T12:06:00Z,28.514804,77.352169,0.0,298.0,stop,11.7,0,normal
BUS-004,2025-11-10T12:07:00Z,28.513825,77.352652,0.0,299.5,stop,1.9,0,normal
BUS-004,2025-11-10T12:08:00Z,28.512929,77.353267,0.0,301.0,stop,8.3,0,normal
BUS-004,2025-11-10T12:09:00Z,28.511849,77.353998,0.0,302.5,stop,6.3,0,normal
BUS-004,2025-11-10T12:10:00Z,28.510892,77.354495,0.0,304.0,stop,15.7,0,normal
BUS-004,2025-11-10T12:11:00Z,28.509948,77.355154,0.0,305.5,stop,1.2,0,normal
BUS-004,2025-11-10T12:12:00Z,28.509036,77.355873,9.3,307.0,location,14.0,0,normal
BUS-004,2025-11-10T12:13:00Z,28.508128,77.356492,0.0,308.5,stop,7.3,0,normal
BUS-004,2025-11-10T12:14:00Z,28.507359,77.357402,0.0,310.0,stop,13.0,0,normal
BUS-004,2025-11-10T12:15:00Z,28.506264,77.358073,0.0,311.5,stop,11.5,0,normal
BUS-004,2025-11-10T12:16:00Z,28.505554,77.358896,0.0,313.0,stop,12.0,0,normal
BUS-004,2025-11-10T12:17:00Z,28.504624,77.359579,0.0,314.5,stop,7.5,0,normal
BUS-004,2025-11-10T12:18:00Z,28.503895,77.360448,0.0,316.0,stop,12.4,0,normal
BUS-004,2025-11-10T12:19:00Z,28.503033,77.361308,0.0,317.5,stop,10.7,0,normal
BUS-004,2025-11-10T12:20:00Z,28.502253,77.362243,0.0,319.0,stop,6.8,0,normal
BUS-004,2025-11-10T12:21:00Z,28.501557,77.36302,5.8,320.5,location,12.0,0,normal
BUS-004,2025-11-10T12:22:00Z,28.500892,77.363922,0.0,322.0,stop,11.6,0,normal
BUS-004,2025-11-10T12:23:00Z,28.500186,77.364819,0.0,323.5,stop,11.5,0,normal
BUS-004,2025-11-10T12:24:00Z,28.499461,77.365754,0.0,325.0,stop,12.8,0,normal
BUS-004,2025-11-10T12:25:00Z,28.498884,77.366667,0.0,326.5,stop,13.4,0,normal
BUS-004,2025-11-10T12:26:00Z,28.498162,77.367677,0.0,328.0,stop,2.1,0,normal
BUS-004,2025-11-10T12:27:00Z,28.497559,77.368712,0.0,329.5,stop,9.7,0,normal
BUS-004,2025-11-10T12:28:00Z,28.497008,77.369717,0.0,331.0,stop,8.2,0,normal
BUS-004,2025-11-10T12:29:00Z,28.496434,77.370728,0.0,332.5,stop,7.9,0,normal
BUS-004,2025-11-10T12:30:00Z,28.496011,77.371756,0.0,334.0,stop,2.7,0,normal
BUS-004,2025-11-10T12:31:00Z,28.495518,77.372834,0.0,335.5,stop,2.9,0,normal
BUS-004,2025-11-10T12:32:00Z,28.495011,77.373903,0.0,337.0,stop,9.3,0,normal
BUS-004,2025-11-10T12:33:00Z,28.494522,77.374936,0.0,338.5,stop,0.8,0,normal
BUS-004,2025-11-10T12:34:00Z,28.494131,77.376029,0.0,340.0,stop,3.1,0,normal
BUS-004,2025-11-10T12:35:00Z,28.493756,77.377074,0.0,341.5,stop,3.8,0,normal
BUS-004,2025-11-10T12:36:00Z,28.493366,77.378218,0.0,343.1,stop,9.8,0,normal
BUS-004,2025-11-10T12:37:00Z,28.49311,77.379316,0.0,344.6,stop,11.9,0,normal
BUS-004,2025-11-10T12:38:00Z,28.492752,77.380435,0.0,346.1,stop,9.3,0,normal
BUS-004,2025-11-10T12:39:00Z,28.492492,77.38154,0.0,347.6,stop,11.5,0,normal
BUS-004,2025-11-10T12:40:00Z,28.492363,77.382571,5.6,349.1,location,9.3,0,normal
BUS-004,2025-11-10T12:41:00Z,28.4921,77.383857,0.0,350.6,stop,12.2,0,normal
BUS-004,2025-11-10T12:42:00Z,28.491941,77.384896,0.0,352.1,stop,11.4,0,normal
BUS-004,2025-11-10T12:43:00Z,28.491822,77.386,0.0,353.6,stop,12.5,0,normal
BUS-004,2025-11-10T12:44:00Z,28.491573,77.387276,0.0,355.1,stop,4.3,0,normal
BUS-004,2025-11-10T12:45:00Z,28.491516,77.388354,0.0,356.6,stop,8.3,0,normal
BUS-004,2025-11-10T12:46:00Z,28.491523,77.389518,0.0,358.1,stop,8.9,0,normal
BUS-004,2025-11-10T12:47:00Z,28.491524,77.390699,0.0,359.6,stop,6.9,0,normal
BUS-004,2025-11-10T12:48:00Z,28.491591,77.391795,0.0,1.1,stop,0.6,0,normal
BUS-004,2025-11-10T12:49:00Z,28.491586,77.392992,0.0,2.6,stop,8.7,0,normal
BUS-004,2025-11-10T12:50:00Z,28.491588,77.394202,0.0,4.1,stop,1.6,0,normal
BUS-004,2025-11-10T12:51:00Z,28.491802,77.395275,0.0,5.6,stop,13.2,0,normal
BUS-004,2025-11-10T12:52:00Z,28.49189,77.39645,0.0,7.1,stop,6.6,0,normal
BUS-004,2025-11-10T12:53:00Z,28.491967,77.397583,0.0,8.6,stop,17.3,0,normal
BUS-004,2025-11-10T12:54:00Z,28.49214,77.39863,0.0,10.1,stop,7.4,0,normal
BUS-004,2025-11-10T12:55:00Z,28.492483,77.399752,0.0,11.6,stop,6.8,0,normal
BUS-004,2025-11-10T12:56:00Z,28.492616,77.400963,0.0,13.1,stop,5.3,0,normal
BUS-004,2025-11-10T12:57:00Z,28.492944,77.402147,0.0,14.6,stop,7.3,0,normal
BUS-004,2025-11-10T12:58:00Z,28.493231,77.403289,0.0,16.1,stop,11.3,0,normal
BUS-004,2025-11-10T12:59:00Z,28.493573,77.404347,0.0,17.6,stop,7.3,0,normal
BUS-004,2025-11-10T13:00:00Z,28.493898,77.405433,45.4,19.1,location,12.9,0,normal
BUS-004,2025-11-10T13:01:00Z,28.49419,77.406458,28.9,20.6,location,6.6,0,normal
BUS-004,2025-11-10T13:02:00Z,28.494776,77.407527,30.5,22.1,location,9.0,0,normal
BUS-004,2025-11-10T13:03:00Z,28.495222,77.408667,38.8,23.6,location,18.2,0,normal
BUS-004,2025-11-10T13:04:00Z,28.495596,77.409638,39.5,25.1,location,8.2,0,normal
BUS-004,2025-11-10T13:05:00Z,28.496209,77.410824,39.3,26.6,location,5.7,0,normal
BUS-004,2025-11-10T13:06:00Z,28.496616,77.411766,29.9,28.1,location,12.0,0,normal
BUS-004,2025-11-10T13:07:00Z,28.497263,77.412811,49.2,29.6,location,10.1,0,normal
BUS-004,2025-11-10T13:08:00Z,28.497891,77.413708,30.2,31.2,location,11.8,0,normal
BUS-004,2025-11-10T13:09:00Z,28.498472,77.414768,31.8,32.7,location,10.0,0,normal
BUS-004,2025-11-10T13:10:00Z,28.499081,77.41568,41.6,34.2,location,12.8,0,normal
BUS-004,2025-11-10T13:11:00Z,28.499757,77.416578,41.6,35.7,location,12.6,0,normal
BUS-004,2025-11-10T13:12:00Z,28.500439,77.417566,41.8,37.2,location,2.6,0,normal
BUS-004,2025-11-10T13:13:00Z,28.501157,77.418488,39.6,38.7,location,8.5,0,normal
BUS-004,2025-11-10T13:14:00Z,28.501897,77.419402,29.5,40.2,location,11.6,0,normal
BUS-004,2025-11-10T13:15:00Z,28.502656,77.420303,37.6,41.7,location,7.5,0,normal
BUS-004,2025-11-10T13:16:00Z,28.503396,77.421048,24.8,43.2,location,3.5,0,normal
BUS-004,2025-11-10T13:17:00Z,28.504276,77.421934,25.1,44.7,location,4.9,0,normal
BUS-004,2025-11-10T13:18:00Z,28.505013,77.42274,39.8,46.2,location,9.5,0,normal
BUS-004,2025-11-10T13:19:00Z,28.505946,77.423555,31.6,47.7,location,14.2,0,normal
BUS-004,2025-11-10T13:20:00Z,28.506691,77.424313,23.5,49.2,location,6.1,0,normal
BUS-004,2025-11-10T13:21:00Z,28.507546,77.425103,34.8,50.7,location,16.1,0,normal
BUS-004,2025-11-10T13:22:00Z,28.508532,77.425643,30.8,52.2,location,8.5,0,normal
BUS-004,2025-11-10T13:23:00Z,28.509428,77.426424,33.0,53.7,location,1.3,0,normal
BUS-004,2025-11-10T13:24:00Z,28.510388,77.427127,25.9,55.2,location,10.0,0,normal
BUS-004,2025-11-10T13:25:00Z,28.511435,77.427799,36.5,56.7,location,3.4,0,normal
BUS-004,2025-11-10T13:26:00Z,28.512346,77.428469,43.0,58.2,location,8.7,0,normal
BUS-004,2025-11-10T13:27:00Z,28.513278,77.428937,37.3,59.7,location,2.1,0,normal
BUS-004,2025-11-10T13:28:00Z,28.51422,77.429612,38.9,61.2,location,10.9,0,normal
BUS-004,2025-11-10T13:29:00Z,28.515317,77.430086,35.4,62.7,location,4.0,0,normal
BUS-004,2025-11-10T13:30:00Z,28.516402,77.4306,36.8,64.2,location,2.2,0,normal
BUS-004,2025-11-10T13:31:00Z,28.517385,77.43111,36.4,65.7,location,6.4,0,normal
BUS-004,2025-11-10T13:32:00Z,28.518376,77.431629,31.7,67.2,location,4.3,0,normal
BUS-004,2025-11-10T13:33:00Z,28.519603,77.431982,24.8,68.7,location,3.8,0,normal
BUS-004,2025-11-10T13:34:00Z,28.520644,77.432394,36.9,70.2,location,11.9,0,normal
BUS-004,2025-11-10T13:35:00Z,28.521643,77.432812,37.6,71.7,location,4.7,0,normal
BUS-004,2025-11-10T13:36:00Z,28.522894,77.433203,39.1,73.2,location,8.2,0,normal
BUS-004,2025-11-10T13:37:00Z,28.523983,77.433407,29.0,74.7,location,9.8,0,normal
BUS-004,2025-11-10T13:38:00Z,28.52503,77.433796,36.6,76.2,location,19.0,0,normal
BUS-004,2025-11-10T13:39:00Z,28.526176,77.434001,37.7,77.7,location,8.5,0,normal
BUS-004,2025-11-10T13:40:00Z,28.527304,77.434236,29.2,79.3,location,5.4,0,normal
BUS-004,2025-11-10T13:41:00Z,28.528513,77.434445,47.0,80.8,location,5.4,0,normal
BUS-004,2025-11-10T13:42:00Z,28.529555,77.43452,29.6,82.3,location,5.5,0,normal
BUS-004,2025-11-10T13:43:00Z,28.530752,77.434651,43.5,83.8,location,11.7,0,normal
BUS-004,2025-11-10T13:44:00Z,28.531923,77.434925,29.2,85.3,location,8.3,0,normal
BUS-004,2025-11-10T13:45:00Z,28.53305,77.434878,45.0,86.8,location,12.7,0,normal
BUS-004,2025-11-10T13:46:00Z,28.534209,77.434957,32.0,88.3,location,2.6,0,normal
BUS-004,2025-11-10T13:47:00Z,28.535368,77.435014,39.6,89.8,location,5.7,0,normal
BUS-004,2025-11-10T13:48:00Z,28.536497,77.435003,37.6,91.3,location,6.0,0,normal
BUS-004,2025-11-10T13:49:00Z,28.537606,77.434881,43.4,92.8,location,9.0,0,normal
BUS-004,2025-11-10T13:50:00Z,28.538794,77.434804,38.0,94.3,location,15.6,0,normal
BUS-004,2025-11-10T13:51:00Z,28.539884,77.434694,33.3,95.8,location,6.2,0,normal
BUS-004,2025-11-10T13:52:00Z,28.541065,77.434604,36.7,97.3,location,8.1,0,normal
BUS-004,2025-11-10T13:53:00Z,28.542239,77.434517,34.1,98.8,location,7.2,0,normal
BUS-004,2025-11-10T13:54:00Z,28.54331,77.434293,48.7,100.3,location,6.0,0,normal
BUS-004,2025-11-10T13:55:00Z,28.544526,77.434046,42.2,101.8,location,0.5,0,normal
BUS-004,2025-11-10T13:56:00Z,28.545635,77.433845,35.6,103.3,location,11.7,0,normal
BUS-004,2025-11-10T13:57:00Z,28.546682,77.433508,44.4,104.8,location,6.3,0,normal
BUS-004,2025-11-10T13:58:00Z,28.547868,77.433199,45.3,106.3,location,4.7,0,normal
BUS-004,2025-11-10T13:59:00Z,28.548972,77.432824,38.4,107.8,location,6.3,0,normal
BUS-004,2025-11-10T14:00:00Z,28.549978,77.432466,33.3,109.3,location,12.6,0,normal
BUS-004,2025-11-10T14:01:00Z,28.551064,77.432119,32.7,110.8,location,10.4,0,normal
BUS-004,2025-11-10T14:02:00Z,28.552293,77.431686,35.0,112.3,location,6.9,0,normal
BUS-004,2025-11-10T14:03:00Z,28.553337,77.431162,30.7,113.8,location,4.2,0,normal
BUS-004,2025-11-10T14:04:00Z,28.554348,77.430838,48.3,115.3,location,10.3,0,normal
BUS-004,2025-11-10T14:05:00Z,28.555373,77.430206,37.9,116.8,location,11.3,0,normal
BUS-004,2025-11-10T14:06:00Z,28.556351,77.429729,30.5,118.3,location,14.6,0,normal
BUS-004,2025-11-10T14:07:00Z,28.557433,77.42921,34.1,119.8,location,11.3,0,normal
BUS-004,2025-11-10T14:08:00Z,28.558379,77.428632,39.5,121.3,location,8.1,0,normal
BUS-004,2025-11-10T14:09:00Z,28.559379,77.427966,32.9,122.8,location,13.3,0,normal
BUS-004,2025-11-10T14:10:00Z,28.56033,77.427309,45.7,124.3,location,5.5,0,normal
BUS-004,2025-11-10T14:11:00Z,28.561278,77.426712,27.4,125.8,location,7.5,0,normal
BUS-004,2025-11-10T14:12:00Z,28.562216,77.425866,42.3,127.4,location,6.3,0,normal
BUS-004,2025-11-10T14:13:00Z,28.56314,77.42524,39.0,128.9,location,3.0,0,normal
BUS-004,2025-11-10T14:14:00Z,28.563931,77.42443,42.6,130.4,location,9.4,0,normal
BUS-004,2025-11-10T14:15:00Z,28.564909,77.423733,38.7,131.9,location,9.2,0,normal
BUS-004,2025-11-10T14:16:00Z,28.565657,77.422996,41.4,133.4,location,9.2,0,normal
BUS-004,2025-11-10T14:17:00Z,28.566544,77.422185,41.7,134.9,location,18.4,0,normal
BUS-004,2025-11-10T14:18:00Z,28.567303,77.421362,24.7,136.4,location,6.6,0,normal
BUS-004,2025-11-10T14:19:00Z,28.568179,77.420466,41.3,137.9,location,11.5,0,normal
BUS-004,2025-11-10T14:20:00Z,28.568813,77.419581,47.6,139.4,location,8.0,0,normal
BUS-004,2025-11-10T14:21:00Z,28.569628,77.418717,40.2,140.9,location,10.7,0,normal
BUS-004,2025-11-10T14:22:00Z,28.570322,77.417777,32.9,142.4,location,6.7,0,normal
BUS-004,2025-11-10T14:23:00Z,28.571027,77.416896,33.4,143.9,location,6.7,0,normal
BUS-004,2025-11-10T14:24:00Z,28.571665,77.415993,28.8,145.4,location,3.0,0,normal
BUS-004,2025-11-10T14:25:00Z,28.57239,77.415084,37.2,146.9,location,0.0,0,normal
BUS-004,2025-11-10T14:26:00Z,28.572975,77.414039,39.1,148.4,location,14.4,0,normal
BUS-004,2025-11-10T14:27:00Z,28.573517,77.413026,38.6,149.9,location,6.2,0,normal
BUS-004,2025-11-10T14:28:00Z,28.57413,77.41213,33.9,151.4,location,10.0,0,normal
BUS-004,2025-11-10T14:29:00Z,28.574709,77.411093,40.1,152.9,location,12.6,0,normal
BUS-004,2025-11-10T14:30:00Z,28.575176,77.410033,42.8,154.4,location,5.1,0,normal
BUS-004,2025-11-10T14:31:00Z,28.575632,77.40899,0.0,155.9,stop,8.9,0,normal
BUS-004,2025-11-10T14:32:00Z,28.576185,77.407839,0.0,157.4,stop,10.8,0,normal
BUS-004,2025-11-10T14:33:00Z,28.576489,77.406826,0.0,158.9,stop,8.3,0,normal
BUS-004,2025-11-10T14:34:00Z,28.577047,77.405695,10.9,160.4,location,13.5,0,normal
BUS-004,2025-11-10T14:35:00Z,28.577263,77.40467,10.3,161.9,location,6.6,0,normal
BUS-004,2025-11-10T14:36:00Z,28.577833,77.403628,0.0,163.4,stop,4.0,0,normal
BUS-004,2025-11-10T14:37:00Z,28.577878,77.402463,0.0,164.9,stop,9.9,0,normal
BUS-004,2025-11-10T14:38:00Z,28.578191,77.401267,0.0,166.4,stop,1.7,0,normal
BUS-004,2025-11-10T14:39:00Z,28.57861,77.400261,0.0,167.9,stop,11.0,0,normal
BUS-004,2025-11-10T14:40:00Z,28.578843,77.39911,0.0,169.4,stop,11.8,0,normal
BUS-004,2025-11-10T14:41:00Z,28.578902,77.397917,0.0,170.9,stop,8.3,0,normal
BUS-004,2025-11-10T14:42:00Z,28.579061,77.396747,7.5,172.4,location,2.0,0,normal
BUS-004,2025-11-10T14:43:00Z,28.579337,77.395538,0.0,173.9,stop,8.1,0,normal
BUS-004,2025-11-10T14:44:00Z,28.579309,77.394541,0.0,175.5,stop,7.1,0,normal
BUS-004,2025-11-10T14:45:00Z,28.57946,77.393245,0.0,177.0,stop,14.3,0,normal
BUS-004,2025-11-10T14:46:00Z,28.579469,77.392214,9.4,178.5,location,8.9,0,normal
BUS-004,2025-11-10T14:47:00Z,28.579433,77.390995,0.0,180.0,stop,8.7,0,normal
BUS-004,2025-11-10T14:48:00Z,28.579453,77.389961,0.0,181.5,stop,8.2,0,normal
BUS-004,2025-11-10T14:49:00Z,28.579464,77.388641,0.0,183.0,stop,4.0,0,normal
BUS-004,2025-11-10T14:50:00Z,28.579376,77.387622,0.0,184.5,stop,5.7,0,normal
BUS-004,2025-11-10T14:51:00Z,28.57926,77.386403,0.0,186.0,stop,7.8,0,normal
BUS-004,2025-11-10T14:52:00Z,28.579158,77.385265,0.0,187.5,stop,8.3,0,normal
BUS-004,2025-11-10T14:53:00Z,28.578991,77.38409,0.0,189.0,stop,0.7,0,normal
BUS-004,2025-11-10T14:54:00Z,28.578733,77.383014,0.0,190.5,stop,12.2,0,normal
BUS-004,2025-11-10T14:55:00Z,28.578508,77.381834,10.1,192.0,location,7.9,0,normal
BUS-004,2025-11-10T14:56:00Z,28.578239,77.380745,0.0,193.5,stop,7.7,0,normal
BUS-004,2025-11-10T14:57:00Z,28.577954,77.379583,0.0,195.0,stop,11.0,0,normal
BUS-004,2025-11-10T14:58:00Z,28.577748,77.378581,0.0,196.5,stop,4.0,0,normal
BUS-004,2025-11-10T14:59:00Z,28.577331,77.377352,0.0,198.0,stop,3.8,0,normal
BUS-005,2025-11-10T07:00:00Z,28.56318,77.352968,29.9,234.0,location,12.0,0,normal
BUS-005,2025-11-10T07:01:00Z,28.562011,77.352308,40.8,235.5,location,11.2,0,normal
BUS-005,2025-11-10T07:02:00Z,28.561192,77.351656,36.1,237.0,location,10.4,0,normal
BUS-005,2025-11-10T07:03:00Z,28.559996,77.35094,40.2,238.5,location,2.2,0,normal
BUS-005,2025-11-10T07:04:00Z,28.559037,77.350361,45.1,240.0,location,4.3,0,normal
BUS-005,2025-11-10T07:05:00Z,28.557948,77.349695,36.0,241.5,location,12.1,0,normal
BUS-005,2025-11-10T07:06:00Z,28.556797,77.349057,32.9,243.0,location,10.6,0,normal
BUS-005,2025-11-10T07:07:00Z,28.555715,77.348538,42.1,244.5,location,1.8,0,normal
BUS-005,2025-11-10T07:08:00Z,28.554569,77.348044,41.0,246.0,location,8.0,0,normal
BUS-005,2025-11-10T07:09:00Z,28.553438,77.347576,32.7,247.5,location,8.0,0,normal
BUS-005,2025-11-10T07:10:00Z,28.552317,77.347093,28.3,249.0,location,0.7,0,normal
BUS-005,2025-11-10T07:11:00Z,28.55116,77.346677,32.1,250.5,location,3.6,0,normal
BUS-005,2025-11-10T07:12:00Z,28.549936,77.346313,32.2,252.0,location,9.8,0,normal
BUS-005,2025-11-10T07:13:00Z,28.548836,77.345927,25.6,253.5,location,5.6,0,normal
BUS-005,2025-11-10T07:14:00Z,28.547605,77.345605,35.4,255.0,location,4.1,0,normal
BUS-005,2025-11-10T07:15:00Z,28.54647,77.345359,27.4,256.5,location,12.8,0,normal
BUS-005,2025-11-10T07:16:00Z,28.545287,77.344962,23.5,258.1,location,5.0,0,normal
BUS-005,2025-11-10T07:17:00Z,28.544049,77.344784,39.7,259.6,location,9.5,0,normal
BUS-005,2025-11-10T07:18:00Z,28.542802,77.344564,43.4,261.1,location,7.8,0,normal
BUS-005,2025-11-10T07:19:00Z,28.54155,77.344424,37.8,262.6,location,12.4,0,normal
BUS-005,2025-11-10T07:20:00Z,28.540357,77.344252,47.1,264.1,location,1.4,0,normal
BUS-005,2025-11-10T07:21:00Z,28.5391,77.344192,32.9,265.6,location,12.3,0,normal
BUS-005,2025-11-10T07:22:00Z,28.537942,77.344048,24.9,267.1,location,7.6,0,normal
BUS-005,2025-11-10T07:23:00Z,28.536725,77.343994,43.8,268.6,location,9.0,0,normal
BUS-005,2025-11-10T07:24:00Z,28.535434,77.343964,43.0,270.1,location,8.9,0,normal
BUS-005,2025-11-10T07:25:00Z,28.534174,77.343942,36.7,271.6,location,10.9,0,normal
BUS-005,2025-11-10T07:26:00Z,28.532889,77.344001,41.5,273.1,location,7.5,0,normal
BUS-005,2025-11-10T07:27:00Z,28.531762,77.344203,35.7,274.6,location,10.2,0,normal
BUS-005,2025-11-10T07:28:00Z,28.530493,77.344256,18.8,276.1,location,4.2,0,normal
BUS-005,2025-11-10T07:29:00Z,28.529198,77.34439,35.7,277.6,location,5.6,0,normal
BUS-005,2025-11-10T07:30:00Z,28.528132,77.344616,42.5,279.1,location,6.2,0,normal
BUS-005,2025-11-10T07:31:00Z,28.526834,77.344761,40.8,280.6,location,6.3,0,normal
BUS-005,2025-11-10T07:32:00Z,28.52569,77.345042,30.2,282.1,location,6.0,0,normal
BUS-005,2025-11-10T07:33:00Z,28.524513,77.345326,45.7,283.6,location,10.3,0,normal
BUS-005,2025-11-10T07:34:00Z,28.523165,77.345621,44.8,285.1,location,8.4,0,normal
BUS-005,2025-11-10T07:35:00Z,28.522063,77.345915,34.2,286.6,location,7.1,0,normal
BUS-005,2025-11-10T07:36:00Z,28.520831,77.346249,24.4,288.1,location,11.0,0,normal
BUS-005,2025-11-10T07:37:00Z,28.519661,77.346845,34.7,289.6,location,13.4,0,normal
BUS-005,2025-11-10T07:38:00Z,28.518557,77.347174,41.5,291.1,location,6.7,0,normal
BUS-005,2025-11-10T07:39:00Z,28.517444,77.347638,26.3,292.6,location,9.9,0,normal
BUS-005,2025-11-10T07:40:00Z,28.516281,77.348101,39.4,294.1,location,7.1,0,normal
BUS-005,2025-11-10T07:41:00Z,28.515159,77.348679,40.4,295.6,location,8.3,0,normal
BUS-005,2025-11-10T07:42:00Z,28.51412,77.349203,30.6,297.1,location,10.9,0,normal
BUS-005,2025-11-10T07:43:00Z,28.512981,77.349768,32.6,298.6,location,9.1,0,normal
BUS-005,2025-11-10T07:44:00Z,28.511929,77.35034,31.3,300.1,location,12.2,0,normal
BUS-005,2025-11-10T07:45:00Z,28.510813,77.35102,28.8,301.6,location,11.0,0,normal
BUS-005,2025-11-10T07:46:00Z,28.509773,77.351722,28.5,303.1,location,8.7,0,normal
BUS-005,2025-11-10T07:47:00Z,28.508738,77.352251,32.9,304.6,location,13.3,0,normal
BUS-005,2025-11-10T07:48:00Z,28.507685,77.353101,33.0,306.2,location,11.3,0,normal
BUS-005,2025-11-10T07:49:00Z,28.506855,77.353856,33.0,307.7,location,7.5,0,normal
BUS-005,2025-11-10T07:50:00Z,28.505733,77.354676,42.3,309.2,location,7.8,0,normal
BUS-005,2025-11-10T07:51:00Z,28.504836,77.355291,40.4,310.7,location,15.0,0,normal
BUS-005,2025-11-10T07:52:00Z,28.503967,77.356166,36.2,312.2,location,8.6,0,normal
BUS-005,2025-11-10T07:53:00Z,28.503032,77.356952,32.2,313.7,location,12.9,0,normal
BUS-005,2025-11-10T07:54:00Z,28.502209,77.357793,42.8,315.2,location,8.5,0,normal
BUS-005,2025-11-10T07:55:00Z,28.501337,77.358739,30.0,316.7,location,1.2,0,normal
BUS-005,2025-11-10T07:56:00Z,28.500462,77.359627,31.1,318.2,location,5.3,0,normal
BUS-005,2025-11-10T07:57:00Z,28.499796,77.360623,30.5,319.7,location,7.2,0,normal
BUS-005,2025-11-10T07:58:00Z,28.498923,77.361494,35.7,321.2,location,12.2,0,normal
BUS-005,2025-11-10T07:59:00Z,28.498115,77.362596,42.7,322.7,location,4.2,0,normal
BUS-005,2025-11-10T08:00:00Z,28.497497,77.363609,35.9,324.2,location,11.9,0,normal
BUS-005,2025-11-10T08:01:00Z,28.496729,77.364551,42.4,325.7,location,9.9,0,normal
BUS-005,2025-11-10T08:02:00Z,28.495989,77.365556,39.2,327.2,location,10.9,0,normal
BUS-005,2025-11-10T08:03:00Z,28.495316,77.36654,36.7,328.7,location,7.9,0,normal
BUS-005,2025-11-10T08:04:00Z,28.494754,77.367584,29.2,330.2,location,6.4,0,normal
BUS-005,2025-11-10T08:05:00Z,28.494123,77.368681,43.2,331.7,location,14.8,0,normal
BUS-005,2025-11-10T08:06:00Z,28.49353,77.369861,33.9,333.2,location,7.6,0,normal
BUS-005,2025-11-10T08:07:00Z,28.492963,77.370971,31.2,334.7,location,8.6,0,normal
BUS-005,2025-11-10T08:08:00Z,28.492446,77.37202,21.3,336.2,location,10.0,0,normal
BUS-005,2025-11-10T08:09:00Z,28.492014,77.373043,34.6,337.7,location,3.2,0,normal
BUS-005,2025-11-10T08:10:00Z,28.491547,77.374359,44.6,339.2,location,0.5,0,normal
BUS-005,2025-11-10T08:11:00Z,28.491088,77.375447,37.7,340.7,location,5.5,0,normal
BUS-005,2025-11-10T08:12:00Z,28.490732,77.376655,24.6,342.2,location,9.2,0,normal
BUS-005,2025-11-10T08:13:00Z,28.49039,77.37789,34.9,343.7,location,8.8,0,normal
BUS-005,2025-11-10T08:14:00Z,28.490044,77.379002,35.9,345.2,location,4.7,0,normal
BUS-005,2025-11-10T08:15:00Z,28.489784,77.380199,37.0,346.7,location,10.3,0,normal
BUS-005,2025-11-10T08:16:00Z,28.489479,77.381395,39.5,348.2,location,8.0,0,normal
BUS-005,2025-11-10T08:17:00Z,28.489275,77.382667,42.0,349.7,location,7.8,0,normal
BUS-005,2025-11-10T08:18:00Z,28.489037,77.383777,45.2,351.2,location,5.1,0,normal
BUS-005,2025-11-10T08:19:00Z,28.488834,77.385109,47.5,352.7,location,6.2,0,normal
BUS-005,2025-11-10T08:20:00Z,28.48874,77.386335,24.8,354.3,location,21.1,0,normal
BUS-005,2025-11-10T08:21:00Z,28.488639,77.387511,39.7,355.8,location,5.3,0,normal
BUS-005,2025-11-10T08:22:00Z,28.488578,77.388675,33.8,357.3,location,6.3,0,normal
BUS-005,2025-11-10T08:23:00Z,28.488571,77.390084,41.9,358.8,location,1.0,0,normal
BUS-005,2025-11-10T08:24:00Z,28.488396,77.391239,27.2,0.3,location,8.6,0,normal
BUS-005,2025-11-10T08:25:00Z,28.488525,77.392443,23.3,1.8,location,4.6,0,normal
BUS-005,2025-11-10T08:26:00Z,28.488586,77.393664,36.2,3.3,location,2.5,0,normal
BUS-005,2025-11-10T08:27:00Z,28.488682,77.394972,38.7,4.8,location,15.0,0,normal
BUS-005,2025-11-10T08:28:00Z,28.488751,77.396148,32.5,6.3,location,5.0,0,normal
BUS-005,2025-11-10T08:29:00Z,28.488927,77.397329,41.3,7.8,location,6.8,0,normal
BUS-005,2025-11-10T08:30:00Z,28.489108,77.398535,38.9,9.3,location,12.8,0,normal
BUS-005,2025-11-10T08:31:00Z,28.489369,77.399859,0.0,10.8,stop,8.1,0,normal
BUS-005,2025-11-10T08:32:00Z,28.489607,77.400978,0.0,12.3,stop,0.4,0,normal
BUS-005,2025-11-10T08:33:00Z,28.489854,77.40217,0.0,13.8,stop,9.6,0,normal
BUS-005,2025-11-10T08:34:00Z,28.490226,77.403364,0.0,15.3,stop,10.8,0,normal
BUS-005,2025-11-10T08:35:00Z,28.490505,77.404625,0.0,16.8,stop,4.8,0,normal
BUS-005,2025-11-10T08:36:00Z,28.490852,77.405718,0.0,18.3,stop,13.3,0,normal
BUS-005,2025-11-10T08:37:00Z,28.491305,77.406879,0.0,19.8,stop,8.2,0,normal
BUS-005,2025-11-10T08:38:00Z,28.49167,77.40801,0.0,21.3,stop,5.0,0,normal
BUS-005,2025-11-10T08:39:00Z,28.49214,77.409238,9.5,22.8,location,11.0,0,normal
BUS-005,2025-11-10T08:40:00Z,28.492614,77.410335,0.0,24.3,stop,6.0,0,normal
BUS-005,2025-11-10T08:41:00Z,28.493152,77.411417,10.0,25.8,location,9.6,0,normal
BUS-005,2025-11-10T08:42:00Z,28.493696,77.412544,0.0,27.3,stop,7.4,0,normal
BUS-005,2025-11-10T08:43:00Z,28.494368,77.413706,0.0,28.8,stop,14.0,0,normal
BUS-005,2025-11-10T08:44:00Z,28.494899,77.414716,0.0,30.3,stop,1.5,0,normal
BUS-005,2025-11-10T08:45:00Z,28.49557,77.415807,0.0,31.8,stop,7.8,0,normal
BUS-005,2025-11-10T08:46:00Z,28.496201,77.416883,0.0,33.3,stop,7.9,0,normal
BUS-005,2025-11-10T08:47:00Z,28.496972,77.417843,0.0,34.8,stop,14.8,0,normal
BUS-005,2025-11-10T08:48:00Z,28.497618,77.418845,0.0,36.3,stop,9.9,0,normal
BUS-005,2025-11-10T08:49:00Z,28.498422,77.419834,5.1,37.8,location,14.2,0,normal
BUS-005,2025-11-10T08:50:00Z,28.499159,77.420881,0.0,39.3,stop,7.3,0,normal
BUS-005,2025-11-10T08:51:00Z,28.500009,77.421767,0.0,40.8,stop,2.3,0,normal
BUS-005,2025-11-10T08:52:00Z,28.500753,77.422627,0.0,42.4,stop,9.1,0,normal
BUS-005,2025-11-10T08:53:00Z,28.501542,77.423583,0.0,43.9,stop,4.4,0,normal
BUS-005,2025-11-10T08:54:00Z,28.502485,77.424453,0.0,45.4,stop,4.8,0,normal
BUS-005,2025-11-10T08:55:00Z,28.503455,77.425255,0.0,46.9,stop,9.5,0,normal
BUS-005,2025-11-10T08:56:00Z,28.504359,77.426088,0.0,48.4,stop,0.9,0,normal
BUS-005,2025-11-10T08:57:00Z,28.505153,77.426981,0.0,49.9,stop,4.4,0,normal
BUS-005,2025-11-10T08:58:00Z,28.506198,77.427724,0.0,51.4,stop,5.6,0,normal
BUS-005,2025-11-10T08:59:00Z,28.5071,77.428471,0.0,52.9,stop,8.9,0,normal
BUS-005,2025-11-10T09:00:00Z,28.508113,77.429291,0.0,54.4,stop,7.2,0,normal
BUS-005,2025-11-10T09:01:00Z,28.509252,77.42991,0.0,55.9,stop,11.1,0,normal
BUS-005,2025-11-10T09:02:00Z,28.510145,77.430604,7.5,57.4,location,9.8,0,normal
BUS-005,2025-11-10T09:03:00Z,28.511243,77.431189,0.0,58.9,stop,5.1,0,normal
BUS-005,2025-11-10T09:04:00Z,28.51227,77.431835,0.0,60.4,stop,1.8,0,normal
BUS-005,2025-11-10T09:05:00Z,28.513293,77.432546,0.0,61.9,stop,7.8,0,normal
BUS-005,2025-11-10T09:06:00Z,28.514438,77.433066,0.0,63.4,stop,0.6,0,normal
BUS-005,2025-11-10T09:07:00Z,28.515579,77.433468,0.0,64.9,stop,7.4,0,normal
BUS-005,2025-11-10T09:08:00Z,28.516667,77.434077,0.0,66.4,stop,5.6,0,normal
BUS-005,2025-11-10T09:09:00Z,28.517794,77.434471,6.7,67.9,location,11.0,0,normal
BUS-005,2025-11-10T09:10:00Z,28.518826,77.435058,8.3,69.4,location,12.0,0,normal
BUS-005,2025-11-10T09:11:00Z,28.520135,77.435393,0.0,70.9,stop,11.2,0,normal
BUS-005,2025-11-10T09:12:00Z,28.521344,77.435756,0.0,72.4,stop,4.6,0,normal
BUS-005,2025-11-10T09:13:00Z,28.522541,77.436191,10.2,73.9,location,12.5,0,normal
BUS-005,2025-11-10T09:14:00Z,28.523829,77.436456,0.0,75.4,stop,6.8,0,normal
BUS-005,2025-11-10T09:15:00Z,28.524879,77.436811,0.0,76.9,stop,3.3,0,normal
BUS-005,2025-11-10T09:16:00Z,28.526095,77.436992,11.4,78.4,location,5.3,0,normal
BUS-005,2025-11-10T09:17:00Z,28.527365,77.437268,0.0,79.9,stop,11.7,0,normal
BUS-005,2025-11-10T09:18:00Z,28.528472,77.437511,0.0,81.4,stop,4.8,0,normal
BUS-005,2025-11-10T09:19:00Z,28.529712,77.437632,0.0,82.9,stop,9.2,0,normal
BUS-005,2025-11-10T09:20:00Z,28.531,77.437782,0.0,84.4,stop,5.2,0,normal
BUS-005,2025-11-10T09:21:00Z,28.532126,77.437958,8.3,85.9,location,10.7,0,normal
BUS-005,2025-11-10T09:22:00Z,28.533366,77.437954,0.0,87.4,stop,6.3,0,normal
BUS-005,2025-11-10T09:23:00Z,28.534647,77.438,0.0,88.9,stop,7.2,0,normal
BUS-005,2025-11-10T09:24:00Z,28.53583,77.438023,0.0,90.5,stop,9.2,0,normal
BUS-005,2025-11-10T09:25:00Z,28.537135,77.438063,0.0,92.0,stop,9.7,0,normal
BUS-005,2025-11-10T09:26:00Z,28.538185,77.437872,0.0,93.5,stop,7.0,0,normal
BUS-005,2025-11-10T09:27:00Z,28.539593,77.437824,0.0,95.0,stop,10.8,0,normal
BUS-005,2025-11-10T09:28:00Z,28.540819,77.437619,0.0,96.5,stop,4.2,0,normal
BUS-005,2025-11-10T09:29:00Z,28.54205,77.437588,0.0,98.0,stop,5.0,0,normal
BUS-005,2025-11-10T09:30:00Z,28.543249,77.43739,0.0,99.5,stop,11.9,0,normal
BUS-005,2025-11-10T09:31:00Z,28.544422,77.437199,0.0,101.0,stop,5.9,0,normal
BUS-005,2025-11-10T09:32:00Z,28.545662,77.436918,0.0,102.5,stop,8.5,0,normal
BUS-005,2025-11-10T09:33:00Z,28.546801,77.436592,0.0,104.0,stop,1.6,0,normal
BUS-005,2025-11-10T09:34:00Z,28.548075,77.436341,0.0,105.5,stop,5.3,0,normal
BUS-005,2025-11-10T09:35:00Z,28.549206,77.436034,0.0,107.0,stop,6.5,0,normal
BUS-005,2025-11-10T09:36:00Z,28.550399,77.435548,0.0,108.5,stop,8.8,0,normal
BUS-005,2025-11-10T09:37:00Z,28.551481,77.435092,0.0,110.0,stop,7.4,0,normal
BUS-005,2025-11-10T09:38:00Z,28.552691,77.43465,0.0,111.5,stop,8.2,0,normal
BUS-005,2025-11-10T09:39:00Z,28.553877,77.434169,0.0,113.0,stop,8.7,0,normal
BUS-005,2025-11-10T09:40:00Z,28.554995,77.433781,11.8,114.5,location,9.4,0,normal
BUS-005,2025-11-10T09:41:00Z,28.556125,77.433178,0.0,116.0,stop,13.8,0,normal
BUS-005,2025-11-10T09:42:00Z,28.557234,77.432712,0.0,117.5,stop,10.6,0,normal
BUS-005,2025-11-10T09:43:00Z,28.558328,77.43208,0.0,119.0,stop,9.9,0,normal
BUS-005,2025-11-10T09:44:00Z,28.559285,77.431432,0.0,120.5,stop,9.4,0,normal
BUS-005,2025-11-10T09:45:00Z,28.560469,77.430828,0.0,122.0,stop,5.1,0,normal
BUS-005,2025-11-10T09:46:00Z,28.561514,77.430123,0.0,123.5,stop,4.8,0,normal
BUS-005,2025-11-10T09:47:00Z,28.562476,77.429427,0.0,125.0,stop,6.5,0,normal
BUS-005,2025-11-10T09:48:00Z,28.563499,77.428684,0.0,126.5,stop,6.4,0,normal
BUS-005,2025-11-10T09:49:00Z,28.564517,77.427995,0.0,128.0,stop,14.6,0,normal
BUS-005,2025-11-10T09:50:00Z,28.56539,77.427203,0.0,129.5,stop,17.1,0,normal
BUS-005,2025-11-10T09:51:00Z,28.566235,77.426549,0.0,131.0,stop,6.4,0,normal
BUS-005,2025-11-10T09:52:00Z,28.567324,77.425643,0.0,132.5,stop,5.7,0,normal
BUS-005,2025-11-10T09:53:00Z,28.568128,77.424865,0.0,134.0,stop,6.3,0,normal
BUS-005,2025-11-10T09:54:00Z,28.569108,77.423852,0.0,135.5,stop,8.3,0,normal
BUS-005,2025-11-10T09:55:00Z,28.569957,77.423128,0.0,137.0,stop,5.7,0,normal
BUS-005,2025-11-10T09:56:00Z,28.570695,77.422063,0.0,138.6,stop,2.7,0,normal
BUS-005,2025-11-10T09:57:00Z,28.571587,77.421123,0.0,140.1,stop,10.4,0,normal
BUS-005,2025-11-10T09:58:00Z,28.57237,77.420192,0.0,141.6,stop,16.5,0,normal
BUS-005,2025-11-10T09:59:00Z,28.573237,77.419275,0.0,143.1,stop,5.0,0,normal
BUS-005,2025-11-10T10:00:00Z,28.573777,77.418381,0.0,144.6,stop,4.0,0,normal
BUS-005,2025-11-10T10:01:00Z,28.574557,77.417211,0.0,146.1,stop,4.8,0,normal
BUS-005,2025-11-10T10:02:00Z,28.575122,77.416229,0.0,147.6,stop,9.7,0,normal
BUS-005,2025-11-10T10:03:00Z,28.575822,77.415176,0.0,149.1,stop,10.5,0,normal
BUS-005,2025-11-10T10:04:00Z,28.576433,77.41409,0.0,150.6,stop,2.4,0,normal
BUS-005,2025-11-10T10:05:00Z,28.577017,77.413018,0.0,152.1,stop,4.7,0,normal
BUS-005,2025-11-10T10:06:00Z,28.5775,77.411981,0.0,153.6,stop,13.0,0,normal
BUS-005,2025-11-10T10:07:00Z,28.578071,77.410735,0.0,155.1,stop,11.2,0,normal
BUS-005,2025-11-10T10:08:00Z,28.578587,77.409678,0.0,156.6,stop,11.3,0,normal
BUS-005,2025-11-10T10:09:00Z,28.579156,77.408568,0.0,158.1,stop,1.5,0,normal
BUS-005,2025-11-10T10:10:00Z,28.579543,77.407389,0.0,159.6,stop,8.0,0,normal
BUS-005,2025-11-10T10:11:00Z,28.579974,77.406187,10.1,161.1,location,8.9,0,normal
BUS-005,2025-11-10T10:12:00Z,28.580371,77.405052,0.0,162.6,stop,12.5,0,normal
BUS-005,2025-11-10T10:13:00Z,28.580696,77.403896,0.0,164.1,stop,0.8,0,normal
BUS-005,2025-11-10T10:14:00Z,28.580892,77.402739,0.0,165.6,stop,5.0,0,normal
BUS-005,2025-11-10T10:15:00Z,28.581365,77.401422,0.0,167.1,stop,10.9,0,normal
BUS-005,2025-11-10T10:16:00Z,28.581577,77.40033,0.0,168.6,stop,7.1,0,normal
BUS-005,2025-11-10T10:17:00Z,28.581799,77.399131,0.0,170.1,stop,11.6,0,normal
BUS-005,2025-11-10T10:18:00Z,28.581983,77.397857,0.0,171.6,stop,9.1,0,normal
BUS-005,2025-11-10T10:19:00Z,28.582179,77.396657,0.0,173.1,stop,8.5,0,normal
BUS-005,2025-11-10T10:20:00Z,28.582287,77.395416,0.0,174.6,stop,9.1,0,normal
BUS-005,2025-11-10T10:21:00Z,28.582375,77.394187,0.0,176.1,stop,10.2,0,normal
BUS-005,2025-11-10T10:22:00Z,28.582504,77.39294,0.0,177.6,stop,7.3,0,normal
BUS-005,2025-11-10T10:23:00Z,28.582455,77.391687,0.0,179.1,stop,4.7,0,normal
BUS-005,2025-11-10T10:24:00Z,28.582479,77.390402,6.3,180.6,location,9.4,0,normal
BUS-005,2025-11-10T10:25:00Z,28.582477,77.389232,11.0,182.1,location,5.3,0,normal
BUS-005,2025-11-10T10:26:00Z,28.582393,77.388074,0.0,183.6,stop,9.0,0,normal
BUS-005,2025-11-10T10:27:00Z,28.582297,77.38674,0.0,185.1,stop,9.9,0,normal
BUS-005,2025-11-10T10:28:00Z,28.582241,77.385593,0.0,186.7,stop,6.8,0,normal
BUS-005,2025-11-10T10:29:00Z,28.582008,77.384293,0.0,188.2,stop,10.8,0,normal
BUS-005,2025-11-10T10:30:00Z,28.581801,77.383137,0.0,189.7,stop,4.5,0,normal
BUS-005,2025-11-10T10:31:00Z,28.58161,77.381832,0.0,191.2,stop,12.8,0,normal
BUS-005,2025-11-10T10:32:00Z,28.58137,77.380759,0.0,192.7,stop,12.6,0,normal
BUS-005,2025-11-10T10:33:00Z,28.581118,77.379498,0.0,194.2,stop,9.4,0,normal
BUS-005,2025-11-10T10:34:00Z,28.580682,77.378306,0.0,195.7,stop,9.3,0,normal
BUS-005,2025-11-10T10:35:00Z,28.580495,77.377078,0.0,197.2,stop,3.2,0,normal
BUS-005,2025-11-10T10:36:00Z,28.580042,77.375968,0.0,198.7,stop,7.2,0,normal
BUS-005,2025-11-10T10:37:00Z,28.579674,77.374776,0.0,200.2,stop,13.8,0,normal
BUS-005,2025-11-10T10:38:00Z,28.579152,77.373624,0.0,201.7,stop,11.6,0,normal
BUS-005,2025-11-10T10:39:00Z,28.578665,77.372498,0.0,203.2,stop,11.8,0,normal
BUS-005,2025-11-10T10:40:00Z,28.578307,77.371345,0.0,204.7,stop,6.9,0,normal
BUS-005,2025-11-10T10:41:00Z,28.577592,77.370377,6.0,206.2,location,7.0,0,normal
BUS-005,2025-11-10T10:42:00Z,28.577084,77.369124,0.0,207.7,stop,9.2,0,normal
BUS-005,2025-11-10T10:43:00Z,28.576483,77.368097,0.0,209.2,stop,7.4,0,normal
BUS-005,2025-11-10T10:44:00Z,28.575855,77.367097,0.0,210.7,stop,9.0,0,normal
BUS-005,2025-11-10T10:45:00Z,28.575242,77.365897,0.0,212.2,stop,7.1,0,normal
BUS-005,2025-11-10T10:46:00Z,28.574553,77.364983,0.0,213.7,stop,5.2,0,normal
BUS-005,2025-11-10T10:47:00Z,28.573936,77.363976,0.0,215.2,stop,1.0,0,normal
BUS-005,2025-11-10T10:48:00Z,28.573184,77.362959,0.0,216.7,stop,10.5,0,normal
BUS-005,2025-11-10T10:49:00Z,28.572347,77.361925,0.0,218.2,stop,9.7,0,normal
BUS-005,2025-11-10T10:50:00Z,28.571594,77.361015,0.0,219.7,stop,13.6,0,normal
BUS-005,2025-11-10T10:51:00Z,28.570911,77.35991,0.0,221.2,stop,7.8,0,normal
BUS-005,2025-11-10T10:52:00Z,28.570005,77.359147,0.0,222.7,stop,1.6,0,normal
BUS-005,2025-11-10T10:53:00Z,28.569182,77.358231,0.0,224.2,stop,5.5,0,normal
BUS-005,2025-11-10T10:54:00Z,28.568258,77.357374,0.0,225.7,stop,14.3,0,normal
BUS-005,2025-11-10T10:55:00Z,28.567473,77.356509,0.0,227.2,stop,10.4,0,normal
BUS-005,2025-11-10T10:56:00Z,28.566409,77.355649,0.0,228.7,stop,6.1,0,normal
BUS-005,2025-11-10T10:57:00Z,28.565552,77.354837,0.0,230.2,stop,5.1,0,normal
BUS-005,2025-11-10T10:58:00Z,28.564641,77.354081,0.0,231.7,stop,6.4,0,normal
BUS-005,2025-11-10T10:59:00Z,28.56365,77.353434,7.3,233.2,location,7.6,0,normal
BUS-005,2025-11-10T11:00:00Z,28.562612,77.352603,0.0,234.8,stop,10.4,0,normal
BUS-005,2025-11-10T11:01:00Z,28.561572,77.351918,0.0,236.3,stop,10.4,0,normal
BUS-005,2025-11-10T11:02:00Z,28.560571,77.351281,0.0,237.8,stop,9.5,0,normal
BUS-005,2025-11-10T11:03:00Z,28.559515,77.350587,0.0,239.3,stop,13.0,0,normal
BUS-005,2025-11-10T11:04:00Z,28.558402,77.349966,7.4,240.8,location,10.9,0,normal
BUS-005,2025-11-10T11:05:00Z,28.557303,77.349359,0.0,242.3,stop,8.8,0,normal
BUS-005,2025-11-10T11:06:00Z,28.55635,77.34881,0.0,243.8,stop,7.4,0,normal
BUS-005,2025-11-10T11:07:00Z,28.555152,77.348271,0.0,245.3,stop,11.0,0,normal
BUS-005,2025-11-10T11:08:00Z,28.554002,77.347723,0.0,246.8,stop,11.3,0,normal
BUS-005,2025-11-10T11:09:00Z,28.553008,77.347347,0.0,248.3,stop,14.2,0,normal
BUS-005,2025-11-10T11:10:00Z,28.551728,77.346885,0.0,249.8,stop,8.5,0,normal
BUS-005,2025-11-10T11:11:00Z,28.550557,77.34654,0.0,251.3,stop,11.7,0,normal
BUS-005,2025-11-10T11:12:00Z,28.549412,77.346105,0.0,252.8,stop,9.5,0,normal
BUS-005,2025-11-10T11:13:00Z,28.548215,77.345826,0.0,254.3,stop,11.5,0,normal
BUS-005,2025-11-10T11:14:00Z,28.547041,77.345478,0.0,255.8,stop,7.4,0,normal
BUS-005,2025-11-10T11:15:00Z,28.545858,77.345243,0.0,257.3,stop,1.8,0,normal
BUS-005,2025-11-10T11:16:00Z,28.544623,77.344865,0.0,258.8,stop,8.9,0,normal
BUS-005,2025-11-10T11:17:00Z,28.543469,77.344673,10.0,260.3,location,4.6,0,normal
BUS-005,2025-11-10T11:18:00Z,28.542267,77.34445,0.0,261.8,stop,18.5,0,normal
BUS-005,2025-11-10T11:19:00Z,28.540992,77.344373,0.0,263.3,stop,7.9,0,normal
BUS-005,2025-11-10T11:20:00Z,28.539794,77.344198,0.0,264.8,stop,1.9,0,normal
BUS-005,2025-11-10T11:21:00Z,28.538399,77.344217,0.0,266.3,stop,5.4,0,normal
BUS-005,2025-11-10T11:22:00Z,28.537334,77.344029,0.0,267.8,stop,6.7,0,normal
BUS-005,2025-11-10T11:23:00Z,28.536109,77.343882,0.0,269.3,stop,10.9,0,normal
BUS-005,2025-11-10T11:24:00Z,28.534818,77.34399,0.0,270.8,stop,12.7,0,normal
BUS-005,2025-11-10T11:25:00Z,28.533574,77.344097,0.0,272.3,stop,4.5,0,normal
BUS-005,2025-11-10T11:26:00Z,28.532413,77.344078,0.0,273.8,stop,7.6,0,normal
BUS-005,2025-11-10T11:27:00Z,28.531156,77.344227,0.0,275.3,stop,9.2,0,normal
BUS-005,2025-11-10T11:28:00Z,28.529866,77.344251,0.0,276.8,stop,8.0,0,normal
BUS-005,2025-11-10T11:29:00Z,28.528619,77.344446,0.0,278.3,stop,8.2,0,normal
BUS-005,2025-11-10T11:30:00Z,28.527383,77.34474,0.0,279.8,stop,0.7,0,normal
BUS-005,2025-11-10T11:31:00Z,28.52627,77.3449,0.0,281.3,stop,9.5,0,normal
BUS-005,2025-11-10T11:32:00Z,28.524969,77.345185,0.0,282.9,stop,13.2,0,normal
BUS-005,2025-11-10T11:33:00Z,28.523809,77.345499,0.0,284.4,stop,3.7,0,normal
BUS-005,2025-11-10T11:34:00Z,28.522685,77.345745,6.0,285.9,location,6.3,0,normal
BUS-005,2025-11-10T11:35:00Z,28.521435,77.346127,0.0,287.4,stop,6.0,0,normal
BUS-005,2025-11-10T11:36:00Z,28.520278,77.346512,0.0,288.9,stop,4.2,0,normal
BUS-005,2025-11-10T11:37:00Z,28.519227,77.346918,0.0,290.4,stop,8.1,0,normal
BUS-005,2025-11-10T11:38:00Z,28.517934,77.347367,0.0,291.9,stop,8.1,0,normal
BUS-005,2025-11-10T11:39:00Z,28.516847,77.347839,0.0,293.4,stop,13.8,0,normal
BUS-005,2025-11-10T11:40:00Z,28.515809,77.348332,0.0,294.9,stop,9.1,0,normal
BUS-005,2025-11-10T11:41:00Z,28.514587,77.348827,8.6,296.4,location,10.2,0,normal
BUS-005,2025-11-10T11:42:00Z,28.513531,77.349366,0.0,297.9,stop,8.6,0,normal
BUS-005,2025-11-10T11:43:00Z,28.512512,77.350033,0.0,299.4,stop,10.3,0,normal
BUS-005,2025-11-10T11:44:00Z,28.511329,77.350559,0.0,300.9,stop,6.2,0,normal
BUS-005,2025-11-10T11:45:00Z,28.510276,77.351333,0.0,302.4,stop,15.7,0,normal
BUS-005,2025-11-10T11:46:00Z,28.50926,77.35199,0.0,303.9,stop,8.0,0,normal
BUS-005,2025-11-10T11:47:00Z,28.508245,77.352707,0.0,305.4,stop,11.1,0,normal
BUS-005,2025-11-10T11:48:00Z,28.507369,77.35346,0.0,306.9,stop,7.3,0,normal
BUS-005,2025-11-10T11:49:00Z,28.506348,77.354153,0.0,308.4,stop,7.6,0,normal
BUS-005,2025-11-10T11:50:00Z,28.505324,77.354974,0.0,309.9,stop,6.6,0,normal
BUS-005,2025-11-10T11:51:00Z,28.504411,77.355727,0.0,311.4,stop,15.6,0,normal
BUS-005,2025-11-10T11:52:00Z,28.50344,77.356618,5.9,312.9,location,9.3,0,normal
BUS-005,2025-11-10T11:53:00Z,28.502577,77.35743,0.0,314.4,stop,4.1,0,normal
BUS-005,2025-11-10T11:54:00Z,28.501657,77.35831,0.0,315.9,stop,9.3,0,normal
BUS-005,2025-11-10T11:55:00Z,28.500849,77.359175,0.0,317.4,stop,7.6,0,normal
BUS-005,2025-11-10T11:56:00Z,28.499983,77.360143,0.0,318.9,stop,7.0,0,normal
BUS-005,2025-11-10T11:57:00Z,28.499236,77.361069,0.0,320.4,stop,15.0,0,normal
BUS-005,2025-11-10T11:58:00Z,28.498499,77.362096,7.8,321.9,location,6.5,0,normal
BUS-005,2025-11-10T11:59:00Z,28.497678,77.362976,0.0,323.4,stop,12.1,0,normal
BUS-005,2025-11-10T12:00:00Z,28.496997,77.364004,0.0,324.9,stop,2.4,0,normal
BUS-005,2025-11-10T12:01:00Z,28.496252,77.364998,0.0,326.4,stop,11.5,0,normal
BUS-005,2025-11-10T12:02:00Z,28.495621,77.366016,0.0,327.9,stop,2.6,0,normal
BUS-005,2025-11-10T12:03:00Z,28.495015,77.367111,11.1,329.4,location,11.2,0,normal
BUS-005,2025-11-10T12:04:00Z,28.494415,77.368208,0.0,331.0,stop,16.6,0,normal
BUS-005,2025-11-10T12:05:00Z,28.493903,77.369253,0.0,332.5,stop,3.6,0,normal
BUS-005,2025-11-10T12:06:00Z,28.493283,77.370442,0.0,334.0,stop,14.8,0,normal
BUS-005,2025-11-10T12:07:00Z,28.492737,77.371464,0.0,335.5,stop,5.9,0,normal
BUS-005,2025-11-10T12:08:00Z,28.492247,77.3726,0.0,337.0,stop,5.5,0,normal
BUS-005,2025-11-10T12:09:00Z,28.491717,77.373761,0.0,338.5,stop,9.3,0,normal
BUS-005,2025-11-10T12:10:00Z,28.491247,77.374943,0.0,340.0,stop,3.2,0,normal
BUS-005,2025-11-10T12:11:00Z,28.490999,77.376066,0.0,341.5,stop,5.2,0,normal
BUS-005,2025-11-10T12:12:00Z,28.490515,77.377256,0.0,343.0,stop,9.4,0,normal
BUS-005,2025-11-10T12:13:00Z,28.490177,77.378397,0.0,344.5,stop,6.0,0,normal
BUS-005,2025-11-10T12:14:00Z,28.489886,77.379606,0.0,346.0,stop,2.7,0,normal
BUS-005,2025-11-10T12:15:00Z,28.489698,77.380823,0.0,347.5,stop,8.0,0,normal
BUS-005,2025-11-10T12:16:00Z,28.489398,77.382056,0.0,349.0,stop,15.6,0,normal
BUS-005,2025-11-10T12:17:00Z,28.489176,77.383235,0.0,350.5,stop,1.5,0,normal
BUS-005,2025-11-10T12:18:00Z,28.488828,77.384407,0.0,352.0,stop,8.7,0,normal
BUS-005,2025-11-10T12:19:00Z,28.488723,77.385751,0.0,353.5,stop,1.9,0,normal
BUS-005,2025-11-10T12:20:00Z,28.488614,77.386897,0.0,355.0,stop,8.2,0,normal
BUS-005,2025-11-10T12:21:00Z,28.488541,77.388151,11.9,356.5,location,7.2,0,normal
BUS-005,2025-11-10T12:22:00Z,28.488574,77.389395,0.0,358.0,stop,7.2,0,normal
BUS-005,2025-11-10T12:23:00Z,28.488522,77.390592,0.0,359.5,stop,4.5,0,normal
BUS-005,2025-11-10T12:24:00Z,28.488533,77.391868,0.0,1.0,stop,11.0,0,normal
BUS-005,2025-11-10T12:25:00Z,28.488578,77.393053,0.0,2.5,stop,7.4,0,normal
BUS-005,2025-11-10T12:26:00Z,28.488534,77.394347,0.0,4.0,stop,3.2,0,normal
BUS-005,2025-11-10T12:27:00Z,28.488728,77.395492,5.6,5.5,location,7.8,0,normal
BUS-005,2025-11-10T12:28:00Z,28.4889,77.396792,0.0,7.0,stop,8.0,0,normal
BUS-005,2025-11-10T12:29:00Z,28.488971,77.398004,0.0,8.5,stop,7.4,0,normal
BUS-005,2025-11-10T12:30:00Z,28.489196,77.399225,0.0,10.0,stop,12.0,0,normal
BUS-005,2025-11-10T12:31:00Z,28.489459,77.400403,0.0,11.5,stop,7.1,0,normal
BUS-005,2025-11-10T12:32:00Z,28.489712,77.401557,9.2,13.0,location,4.3,0,normal
BUS-005,2025-11-10T12:33:00Z,28.489979,77.402788,5.1,14.5,location,17.6,0,normal
BUS-005,2025-11-10T12:34:00Z,28.490273,77.403982,0.0,16.0,stop,7.1,0,normal
BUS-005,2025-11-10T12:35:00Z,28.490712,77.40517,0.0,17.5,stop,1.0,0,normal
BUS-005,2025-11-10T12:36:00Z,28.491071,77.406368,0.0,19.1,stop,10.6,0,normal
BUS-005,2025-11-10T12:37:00Z,28.491502,77.407501,9.8,20.6,location,13.0,0,normal
BUS-005,2025-11-10T12:38:00Z,28.491925,77.408602,0.0,22.1,stop,8.3,0,normal
BUS-005,2025-11-10T12:39:00Z,28.492427,77.409794,0.0,23.6,stop,5.9,0,normal
BUS-005,2025-11-10T12:40:00Z,28.492872,77.410995,0.0,25.1,stop,3.8,0,normal
BUS-005,2025-11-10T12:41:00Z,28.493508,77.412034,8.7,26.6,location,4.2,0,normal
BUS-005,2025-11-10T12:42:00Z,28.494063,77.413103,10.3,28.1,location,6.4,0,normal
BUS-005,2025-11-10T12:43:00Z,28.494693,77.414184,0.0,29.6,stop,0.6,0,normal
BUS-005,2025-11-10T12:44:00Z,28.495203,77.415316,0.0,31.1,stop,5.3,0,normal
BUS-005,2025-11-10T12:45:00Z,28.495958,77.41632,0.0,32.6,stop,5.6,0,normal
BUS-005,2025-11-10T12:46:00Z,28.496543,77.417324,0.0,34.1,stop,6.1,0,normal
BUS-005,2025-11-10T12:47:00Z,28.497314,77.418334,5.1,35.6,location,12.1,0,normal
BUS-005,2025-11-10T12:48:00Z,28.497947,77.419392,0.0,37.1,stop,9.3,0,normal
BUS-005,2025-11-10T12:49:00Z,28.498773,77.420348,0.0,38.6,stop,13.0,0,normal
BUS-005,2025-11-10T12:50:00Z,28.499577,77.421266,0.0,40.1,stop,8.3,0,normal
BUS-005,2025-11-10T12:51:00Z,28.500318,77.422325,0.0,41.6,stop,1.6,0,normal
BUS-005,2025-11-10T12:52:00Z,28.501204,77.423062,0.0,43.1,stop,7.7,0,normal
BUS-005,2025-11-10T12:53:00Z,28.501999,77.42408,0.0,44.6,stop,13.2,0,normal
BUS-005,2025-11-10T12:54:00Z,28.503001,77.424842,0.0,46.1,stop,7.4,0,normal
BUS-005,2025-11-10T12:55:00Z,28.503801,77.425735,0.0,47.6,stop,5.9,0,normal
BUS-005,2025-11-10T12:56:00Z,28.50467,77.426468,0.0,49.1,stop,11.0,0,normal
BUS-005,2025-11-10T12:57:00Z,28.5057,77.42732,0.0,50.6,stop,7.7,0,normal
BUS-005,2025-11-10T12:58:00Z,28.506682,77.42818,0.0,52.1,stop,9.0,0,normal
BUS-005,2025-11-10T12:59:00Z,28.507607,77.428833,0.0,53.6,stop,12.1,0,normal
BUS-005,2025-11-10T13:00:00Z,28.508624,77.429654,38.1,55.1,location,3.4,0,normal
BUS-005,2025-11-10T13:01:00Z,28.509603,77.430317,43.0,56.6,location,0.5,0,normal
BUS-005,2025-11-10T13:02:00Z,28.51072,77.430931,21.7,58.1,location,4.6,0,normal
BUS-005,2025-11-10T13:03:00Z,28.51178,77.431512,40.5,59.6,location,2.9,0,normal
BUS-005,2025-11-10T13:04:00Z,28.512755,77.432086,37.8,61.1,location,7.4,0,normal
BUS-005,2025-11-10T13:05:00Z,28.513865,77.43271,30.3,62.6,location,3.4,0,normal
BUS-005,2025-11-10T13:06:00Z,28.514969,77.433318,34.1,64.1,location,8.3,0,normal
BUS-005,2025-11-10T13:07:00Z,28.516124,77.433666,48.2,65.6,location,7.9,0,normal
BUS-005,2025-11-10T13:08:00Z,28.517253,77.434275,33.6,67.2,location,5.3,0,normal
BUS-005,2025-11-10T13:09:00Z,28.518386,77.434777,40.6,68.7,location,5.3,0,normal
BUS-005,2025-11-10T13:10:00Z,28.519602,77.435245,31.2,70.2,location,11.9,0,normal
BUS-005,2025-11-10T13:11:00Z,28.520685,77.435635,36.6,71.7,location,6.1,0,normal
BUS-005,2025-11-10T13:12:00Z,28.521839,77.436044,24.0,73.2,location,11.6,0,normal
BUS-005,2025-11-10T13:13:00Z,28.523052,77.436299,37.0,74.7,location,4.2,0,normal
BUS-005,2025-11-10T13:14:00Z,28.524182,77.43668,48.8,76.2,location,3.8,0,normal
BUS-005,2025-11-10T13:15:00Z,28.525549,77.436932,41.5,77.7,location,3.2,0,normal
BUS-005,2025-11-10T13:16:00Z,28.526689,77.43714,31.7,79.2,location,12.5,0,normal
BUS-005,2025-11-10T13:17:00Z,28.52787,77.437369,42.2,80.7,location,6.3,0,normal
BUS-005,2025-11-10T13:18:00Z,28.529093,77.437517,37.4,82.2,location,7.5,0,normal
BUS-005,2025-11-10T13:19:00Z,28.530235,77.437799,32.5,83.7,location,11.3,0,normal
BUS-005,2025-11-10T13:20:00Z,28.531631,77.437839,32.6,85.2,location,15.5,0,normal
BUS-005,2025-11-10T13:21:00Z,28.532704,77.43803,36.5,86.7,location,0.1,0,normal
BUS-005,2025-11-10T13:22:00Z,28.534003,77.437956,29.4,88.2,location,3.1,0,normal
BUS-005,2025-11-10T13:23:00Z,28.535219,77.438033,33.5,89.7,location,13.1,0,normal
BUS-005,2025-11-10T13:24:00Z,28.536563,77.437917,39.7,91.2,location,13.2,0,normal
BUS-005,2025-11-10T13:25:00Z,28.537697,77.437979,38.5,92.7,location,8.4,0,normal
BUS-005,2025-11-10T13:26:00Z,28.538934,77.437855,30.1,94.2,location,9.8,0,normal
BUS-005,2025-11-10T13:27:00Z,28.54012,77.437806,45.8,95.7,location,5.8,0,normal
BUS-005,2025-11-10T13:28:00Z,28.541357,77.437675,34.4,97.2,location,1.7,0,normal
BUS-005,2025-11-10T13:29:00Z,28.542732,77.437518,31.1,98.7,location,5.6,0,normal
BUS-005,2025-11-10T13:30:00Z,28.543817,77.43719,46.8,100.2,location,11.0,0,normal
BUS-005,2025-11-10T13:31:00Z,28.544921,77.436958,34.8,101.7,location,12.6,0,normal
BUS-005,2025-11-10T13:32:00Z,28.546286,77.43673,37.0,103.2,location,9.3,0,normal
BUS-005,2025-11-10T13:33:00Z,28.547463,77.436468,37.4,104.7,location,2.3,0,normal
BUS-005,2025-11-10T13:34:00Z,28.548569,77.436198,38.5,106.2,location,6.4,0,normal
BUS-005,2025-11-10T13:35:00Z,28.549778,77.435831,43.5,107.7,location,13.9,0,normal
BUS-005,2025-11-10T13:36:00Z,28.551048,77.435452,31.7,109.2,location,10.9,0,normal
BUS-005,2025-11-10T13:37:00Z,28.552158,77.43489,23.3,110.7,location,9.2,0,normal
BUS-005,2025-11-10T13:38:00Z,28.553281,77.434558,42.0,112.2,location,9.3,0,normal
BUS-005,2025-11-10T13:39:00Z,28.554506,77.433985,35.1,113.7,location,4.5,0,normal
BUS-005,2025-11-10T13:40:00Z,28.555488,77.433492,32.1,115.3,location,9.2,0,normal
BUS-005,2025-11-10T13:41:00Z,28.556726,77.432901,40.1,116.8,location,13.1,0,normal
BUS-005,2025-11-10T13:42:00Z,28.557895,77.43239,52.0,118.3,location,9.0,0,normal
BUS-005,2025-11-10T13:43:00Z,28.558861,77.431827,48.5,119.8,location,6.8,0,normal
BUS-005,2025-11-10T13:44:00Z,28.559884,77.431187,33.0,121.3,location,5.1,0,normal
BUS-005,2025-11-10T13:45:00Z,28.560952,77.430556,39.7,122.8,location,8.0,0,normal
BUS-005,2025-11-10T13:46:00Z,28.561975,77.42986,35.1,124.3,location,8.6,0,normal
BUS-005,2025-11-10T13:47:00Z,28.562999,77.429133,30.7,125.8,location,3.1,0,normal
BUS-005,2025-11-10T13:48:00Z,28.564003,77.428363,26.4,127.3,location,10.3,0,normal
BUS-005,2025-11-10T13:49:00Z,28.564926,77.427746,38.1,128.8,location,6.7,0,normal
BUS-005,2025-11-10T13:50:00Z,28.56585,77.426817,37.1,130.3,location,8.3,0,normal
BUS-005,2025-11-10T13:51:00Z,28.566883,77.426065,40.1,131.8,location,13.5,0,normal
BUS-005,2025-11-10T13:52:00Z,28.567739,77.425179,37.8,133.3,location,8.8,0,normal
BUS-005,2025-11-10T13:53:00Z,28.568577,77.42425,37.4,134.8,location,14.0,0,normal
BUS-005,2025-11-10T13:54:00Z,28.569434,77.423492,37.9,136.3,location,7.5,0,normal
BUS-005,2025-11-10T13:55:00Z,28.570402,77.422573,41.9,137.8,location,8.5,0,normal
BUS-005,2025-11-10T13:56:00Z,28.571155,77.421654,40.9,139.3,location,4.2,0,normal
BUS-005,2025-11-10T13:57:00Z,28.571934,77.420656,45.3,140.8,location,8.3,0,normal
BUS-005,2025-11-10T13:58:00Z,28.572693,77.419758,43.3,142.3,location,9.7,0,normal
BUS-005,2025-11-10T13:59:00Z,28.573442,77.418736,26.1,143.8,location,10.0,0,normal
BUS-005,2025-11-10T14:00:00Z,28.574201,77.417803,28.1,145.3,location,8.4,0,normal
BUS-005,2025-11-10T14:01:00Z,28.574906,77.416732,42.7,146.8,location,8.1,0,normal
BUS-005,2025-11-10T14:02:00Z,28.575525,77.415644,36.3,148.3,location,10.4,0,normal
BUS-005,2025-11-10T14:03:00Z,28.576037,77.414696,30.3,149.8,location,13.2,0,normal
BUS-005,2025-11-10T14:04:00Z,28.576735,77.413595,37.1,151.3,location,11.6,0,normal
BUS-005,2025-11-10T14:05:00Z,28.577321,77.41241,48.7,152.8,location,12.3,0,normal
BUS-005,2025-11-10T14:06:00Z,28.577831,77.411317,43.0,154.3,location,9.0,0,normal
BUS-005,2025-11-10T14:07:00Z,28.57842,77.41019,38.2,155.8,location,5.4,0,normal
BUS-005,2025-11-10T14:08:00Z,28.578876,77.409122,21.3,157.3,location,10.1,0,normal
BUS-005,2025-11-10T14:09:00Z,28.579333,77.408071,36.1,158.8,location,3.6,0,normal
BUS-005,2025-11-10T14:10:00Z,28.57976,77.40675,38.8,160.3,location,4.8,0,normal
BUS-005,2025-11-10T14:11:00Z,28.580211,77.405662,40.5,161.8,location,7.8,0,normal
BUS-005,2025-11-10T14:12:00Z,28.580446,77.404407,36.7,163.4,location,6.6,0,normal
BUS-005,2025-11-10T14:13:00Z,28.580743,77.403283,45.7,164.9,location,15.7,0,normal
BUS-005,2025-11-10T14:14:00Z,28.581175,77.402072,31.5,166.4,location,5.9,0,normal
BUS-005,2025-11-10T14:15:00Z,28.581424,77.400922,36.2,167.9,location,7.9,0,normal
BUS-005,2025-11-10T14:16:00Z,28.581734,77.399693,40.1,169.4,location,6.4,0,normal
BUS-005,2025-11-10T14:17:00Z,28.581877,77.39848,30.0,170.9,location,4.3,0,normal
BUS-005,2025-11-10T14:18:00Z,28.582104,77.397189,43.4,172.4,location,14.2,0,normal
BUS-005,2025-11-10T14:19:00Z,28.582235,77.396044,44.1,173.9,location,5.8,0,normal
BUS-005,2025-11-10T14:20:00Z,28.582477,77.394866,42.5,175.4,location,6.5,0,normal
BUS-005,2025-11-10T14:21:00Z,28.582427,77.393594,35.2,176.9,location,10.1,0,normal
BUS-005,2025-11-10T14:22:00Z,28.582527,77.392263,36.2,178.4,location,12.6,0,normal
BUS-005,2025-11-10T14:23:00Z,28.582453,77.391053,33.3,179.9,location,5.7,0,normal
BUS-005,2025-11-10T14:24:00Z,28.582537,77.389892,33.8,181.4,location,2.1,0,normal
BUS-005,2025-11-10T14:25:00Z,28.582391,77.388695,30.8,182.9,location,0.1,0,normal
BUS-005,2025-11-10T14:26:00Z,28.582337,77.387371,31.9,184.4,location,1.5,0,normal
BUS-005,2025-11-10T14:27:00Z,28.582259,77.386255,33.6,185.9,location,7.0,0,normal
BUS-005,2025-11-10T14:28:00Z,28.582083,77.384979,40.5,187.4,location,2.6,0,normal
BUS-005,2025-11-10T14:29:00Z,28.581912,77.383831,41.0,188.9,location,2.5,0,normal
BUS-005,2025-11-10T14:30:00Z,28.58167,77.382479,41.9,190.4,location,8.6,0,normal
BUS-005,2025-11-10T14:31:00Z,28.58151,77.381282,0.0,191.9,stop,11.7,0,normal
BUS-005,2025-11-10T14:32:00Z,28.581293,77.380104,0.0,193.4,stop,15.3,0,normal
BUS-005,2025-11-10T14:33:00Z,28.580838,77.378834,0.0,194.9,stop,8.0,0,normal
BUS-005,2025-11-10T14:34:00Z,28.580593,77.3777,0.0,196.4,stop,8.9,0,normal
BUS-005,2025-11-10T14:35:00Z,28.580226,77.376555,0.0,197.9,stop,5.3,0,normal
BUS-005,2025-11-10T14:36:00Z,28.579788,77.375349,0.0,199.4,stop,7.6,0,normal
BUS-005,2025-11-10T14:37:00Z,28.579395,77.374203,0.0,200.9,stop,12.9,0,normal
BUS-005,2025-11-10T14:38:00Z,28.578923,77.373101,0.0,202.4,stop,6.5,0,normal
BUS-005,2025-11-10T14:39:00Z,28.578439,77.371869,9.0,203.9,location,9.5,0,normal
BUS-005,2025-11-10T14:40:00Z,28.577916,77.370826,0.0,205.4,stop,14.5,0,normal
BUS-005,2025-11-10T14:41:00Z,28.577433,77.369768,0.0,206.9,stop,17.9,0,normal
BUS-005,2025-11-10T14:42:00Z,28.576805,77.36863,11.9,208.4,location,11.9,0,normal
BUS-005,2025-11-10T14:43:00Z,28.576221,77.367565,0.0,209.9,stop,11.4,0,normal
BUS-005,2025-11-10T14:44:00Z,28.575551,77.36647,0.0,211.5,stop,2.4,0,normal
BUS-005,2025-11-10T14:45:00Z,28.574939,77.365486,0.0,213.0,stop,18.0,0,normal
BUS-005,2025-11-10T14:46:00Z,28.57427,77.364419,0.0,214.5,stop,6.3,0,normal
BUS-005,2025-11-10T14:47:00Z,28.573526,77.363411,0.0,216.0,stop,5.5,0,normal
BUS-005,2025-11-10T14:48:00Z,28.572753,77.362315,0.0,217.5,stop,10.9,0,normal
BUS-005,2025-11-10T14:49:00Z,28.572011,77.361369,0.0,219.0,stop,8.4,0,normal
BUS-005,2025-11-10T14:50:00Z,28.571307,77.360418,0.0,220.5,stop,15.5,0,normal
BUS-005,2025-11-10T14:51:00Z,28.570426,77.359503,0.0,222.0,stop,11.4,0,normal
BUS-005,2025-11-10T14:52:00Z,28.569646,77.358689,0.0,223.5,stop,4.5,0,normal
BUS-005,2025-11-10T14:53:00Z,28.568676,77.357801,0.0,225.0,stop,4.3,0,normal
BUS-005,2025-11-10T14:54:00Z,28.56794,77.356963,0.0,226.5,stop,9.7,0,normal
BUS-005,2025-11-10T14:55:00Z,28.566933,77.356134,0.0,228.0,stop,10.6,0,normal
BUS-005,2025-11-10T14:56:00Z,28.566053,77.355225,0.0,229.5,stop,10.8,0,normal
BUS-005,2025-11-10T14:57:00Z,28.565011,77.354445,0.0,231.0,stop,1.1,0,normal
BUS-005,2025-11-10T14:58:00Z,28.564079,77.353714,0.0,232.5,stop,7.0,0,normal
BUS-005,2025-11-10T14:59:00Z,28.563203,77.352977,0.0,234.0,stop,4.4,0,normal
BUS-006,2025-11-10T07:00:00Z,28.535498,77.34108,45.8,270.0,location,13.6,0,normal
BUS-006,2025-11-10T07:01:00Z,28.53411,77.340941,46.0,271.5,location,11.1,0,normal
BUS-006,2025-11-10T07:02:00Z,28.532951,77.341026,42.0,273.0,location,11.5,0,normal
BUS-006,2025-11-10T07:03:00Z,28.531631,77.341218,41.6,274.5,location,5.9,0,normal
BUS-006,2025-11-10T07:04:00Z,28.530227,77.34119,34.2,276.0,location,4.7,0,normal
BUS-006,2025-11-10T07:05:00Z,28.528903,77.341407,28.1,277.5,location,0.9,0,normal
BUS-006,2025-11-10T07:06:00Z,28.527651,77.341619,42.3,279.0,location,9.2,0,normal
BUS-006,2025-11-10T07:07:00Z,28.526358,77.34182,34.9,280.5,location,9.7,0,normal
BUS-006,2025-11-10T07:08:00Z,28.525067,77.34208,44.6,282.0,location,12.0,0,normal
BUS-006,2025-11-10T07:09:00Z,28.52381,77.342338,34.9,283.5,location,7.5,0,normal
BUS-006,2025-11-10T07:10:00Z,28.522526,77.342707,40.8,285.0,location,11.9,0,normal
BUS-006,2025-11-10T07:11:00Z,28.521321,77.343129,27.6,286.5,location,8.1,0,normal
BUS-006,2025-11-10T07:12:00Z,28.520044,77.343418,36.1,288.0,location,12.2,0,normal
BUS-006,2025-11-10T07:13:00Z,28.518809,77.34395,38.0,289.5,location,9.7,0,normal
BUS-006,2025-11-10T07:14:00Z,28.517485,77.344307,29.4,291.0,location,4.7,0,normal
BUS-006,2025-11-10T07:15:00Z,28.516263,77.344762,39.1,292.5,location,8.9,0,normal
BUS-006,2025-11-10T07:16:00Z,28.515147,77.345341,36.2,294.1,location,2.7,0,normal
BUS-006,2025-11-10T07:17:00Z,28.513951,77.3459,37.9,295.6,location,0.9,0,normal
BUS-006,2025-11-10T07:18:00Z,28.512728,77.34655,40.6,297.1,location,7.7,0,normal
BUS-006,2025-11-10T07:19:00Z,28.511576,77.347207,36.9,298.6,location,10.2,0,normal
BUS-006,2025-11-10T07:20:00Z,28.510426,77.347721,38.6,300.1,location,6.7,0,normal
BUS-006,2025-11-10T07:21:00Z,28.509296,77.348371,27.8,301.6,location,7.0,0,normal
BUS-006,2025-11-10T07:22:00Z,28.508197,77.34911,25.1,303.1,location,13.7,0,normal
BUS-006,2025-11-10T07:23:00Z,28.507135,77.349829,38.6,304.6,location,13.1,0,normal
BUS-006,2025-11-10T07:24:00Z,28.506007,77.350563,43.8,306.1,location,10.9,0,normal
BUS-006,2025-11-10T07:25:00Z,28.504967,77.351314,38.7,307.6,location,9.9,0,normal
BUS-006,2025-11-10T07:26:00Z,28.503934,77.352166,35.5,309.1,location,8.3,0,normal
BUS-006,2025-11-10T07:27:00Z,28.50293,77.353104,21.7,310.6,location,12.4,0,normal
BUS-006,2025-11-10T07:28:00Z,28.501941,77.353975,35.3,312.1,location,6.4,0,normal
BUS-006,2025-11-10T07:29:00Z,28.501031,77.354715,29.9,313.6,location,7.8,0,normal
BUS-006,2025-11-10T07:30:00Z,28.500054,77.355651,44.1,315.1,location,3.6,0,normal
BUS-006,2025-11-10T07:31:00Z,28.499213,77.356715,37.5,316.6,location,1.8,0,normal
BUS-006,2025-11-10T07:32:00Z,28.498258,77.357676,35.7,318.1,location,15.8,0,normal
BUS-006,2025-11-10T07:33:00Z,28.497403,77.358603,28.4,319.6,location,3.6,0,normal
BUS-006,2025-11-10T07:34:00Z,28.496614,77.359648,41.9,321.1,location,5.4,0,normal
BUS-006,2025-11-10T07:35:00Z,28.495792,77.360661,35.7,322.6,location,3.2,0,normal
BUS-006,2025-11-10T07:36:00Z,28.495002,77.361736,42.7,324.1,location,2.2,0,normal
BUS-006,2025-11-10T07:37:00Z,28.49428,77.362761,33.5,325.6,location,7.2,0,normal
BUS-006,2025-11-10T07:38:00Z,28.493513,77.363938,38.3,327.1,location,6.1,0,normal
BUS-006,2025-11-10T07:39:00Z,28.492791,77.365023,44.8,328.6,location,3.4,0,normal
BUS-006,2025-11-10T07:40:00Z,28.492185,77.366013,40.3,330.1,location,4.8,0,normal
BUS-006,2025-11-10T07:41:00Z,28.491433,77.367274,25.2,331.6,location,15.0,0,normal
BUS-006,2025-11-10T07:42:00Z,28.490913,77.368442,35.5,333.1,location,12.7,0,normal
BUS-006,2025-11-10T07:43:00Z,28.49038,77.369608,27.6,334.6,location,2.1,0,normal
BUS-006,2025-11-10T07:44:00Z,28.489704,77.37073,30.5,336.1,location,13.0,0,normal
BUS-006,2025-11-10T07:45:00Z,28.489251,77.371967,37.2,337.6,location,5.7,0,normal
BUS-006,2025-11-10T07:46:00Z,28.488782,77.373167,40.4,339.1,location,0.8,0,normal
BUS-006,2025-11-10T07:47:00Z,28.488295,77.374446,30.1,340.6,location,4.1,0,normal
BUS-006,2025-11-10T07:48:00Z,28.487836,77.375677,41.4,342.2,location,10.0,0,normal
BUS-006,2025-11-10T07:49:00Z,28.487556,77.376889,36.9,343.7,location,13.5,0,normal
BUS-006,2025-11-10T07:50:00Z,28.487202,77.378208,47.8,345.2,location,12.2,0,normal
BUS-006,2025-11-10T07:51:00Z,28.486829,77.379415,42.0,346.7,location,5.4,0,normal
BUS-006,2025-11-10T07:52:00Z,28.486603,77.380741,33.4,348.2,location,4.9,0,normal
BUS-006,2025-11-10T07:53:00Z,28.486315,77.382058,39.2,349.7,location,9.2,0,normal
BUS-006,2025-11-10T07:54:00Z,28.48604,77.383301,43.4,351.2,location,12.2,0,normal
BUS-006,2025-11-10T07:55:00Z,28.485915,77.38464,36.0,352.7,location,8.9,0,normal
BUS-006,2025-11-10T07:56:00Z,28.485841,77.386,34.5,354.2,location,6.9,0,normal
BUS-006,2025-11-10T07:57:00Z,28.485663,77.387189,31.1,355.7,location,3.7,0,normal
BUS-006,2025-11-10T07:58:00Z,28.485573,77.388564,38.4,357.2,location,9.8,0,normal
BUS-006,2025-11-10T07:59:00Z,28.485494,77.389818,40.8,358.7,location,8.7,0,normal
BUS-006,2025-11-10T08:00:00Z,28.485472,77.391182,27.7,0.2,location,5.6,0,normal
BUS-006,2025-11-10T08:01:00Z,28.485604,77.392491,29.6,1.7,location,3.5,0,normal
BUS-006,2025-11-10T08:02:00Z,28.485595,77.393764,38.3,3.2,location,10.2,0,normal
BUS-006,2025-11-10T08:03:00Z,28.485719,77.395084,33.5,4.7,location,10.1,0,normal
BUS-006,2025-11-10T08:04:00Z,28.48578,77.396377,33.0,6.2,location,10.4,0,normal
BUS-006,2025-11-10T08:05:00Z,28.485983,77.397699,31.4,7.7,location,7.2,0,normal
BUS-006,2025-11-10T08:06:00Z,28.486264,77.399056,40.2,9.2,location,13.4,0,normal
BUS-006,2025-11-10T08:07:00Z,28.486425,77.400271,32.1,10.7,location,6.6,0,normal
BUS-006,2025-11-10T08:08:00Z,28.48659,77.401567,42.9,12.2,location,6.7,0,normal
BUS-006,2025-11-10T08:09:00Z,28.486891,77.40286,43.5,13.7,location,12.6,0,normal
BUS-006,2025-11-10T08:10:00Z,28.487145,77.404056,31.3,15.2,location,5.4,0,normal
BUS-006,2025-11-10T08:11:00Z,28.487601,77.405366,44.5,16.7,location,4.5,0,normal
BUS-006,2025-11-10T08:12:00Z,28.488025,77.406633,37.7,18.2,location,8.4,0,normal
BUS-006,2025-11-10T08:13:00Z,28.488438,77.407914,42.5,19.7,location,13.8,0,normal
BUS-006,2025-11-10T08:14:00Z,28.48884,77.409091,37.1,21.2,location,19.3,0,normal
BUS-006,2025-11-10T08:15:00Z,28.489348,77.410246,29.3,22.7,location,4.9,0,normal
BUS-006,2025-11-10T08:16:00Z,28.489843,77.411535,28.2,24.2,location,15.9,0,normal
BUS-006,2025-11-10T08:17:00Z,28.490399,77.412687,24.1,25.7,location,0.6,0,normal
BUS-006,2025-11-10T08:18:00Z,28.491044,77.41402,36.1,27.2,location,3.3,0,normal
BUS-006,2025-11-10T08:19:00Z,28.491732,77.415047,41.7,28.7,location,11.3,0,normal
BUS-006,2025-11-10T08:20:00Z,28.492319,77.416046,41.4,30.3,location,10.6,0,normal
BUS-006,2025-11-10T08:21:00Z,28.492991,77.417321,40.8,31.8,location,8.2,0,normal
BUS-006,2025-11-10T08:22:00Z,28.493694,77.418372,33.2,33.3,location,10.1,0,normal
BUS-006,2025-11-10T08:23:00Z,28.494498,77.419498,40.6,34.8,location,9.6,0,normal
BUS-006,2025-11-10T08:24:00Z,28.495254,77.420543,31.6,36.3,location,11.2,0,normal
BUS-006,2025-11-10T08:25:00Z,28.49591,77.421723,32.6,37.8,location,3.3,0,normal
BUS-006,2025-11-10T08:26:00Z,28.496831,77.4226,34.5,39.3,location,5.4,0,normal
BUS-006,2025-11-10T08:27:00Z,28.497626,77.423658,29.6,40.8,location,14.6,0,normal
BUS-006,2025-11-10T08:28:00Z,28.498602,77.424651,32.5,42.3,location,4.0,0,normal
BUS-006,2025-11-10T08:29:00Z,28.499444,77.425624,34.5,43.8,location,5.1,0,normal
BUS-006,2025-11-10T08:30:00Z,28.50031,77.426586,44.3,45.3,location,0.4,0,normal
BUS-006,2025-11-10T08:31:00Z,28.501337,77.427467,0.0,46.8,stop,11.8,0,normal
BUS-006,2025-11-10T08:32:00Z,28.502213,77.42835,0.0,48.3,stop,5.0,0,normal
BUS-006,2025-11-10T08:33:00Z,28.503194,77.429238,0.0,49.8,stop,9.7,0,normal
BUS-006,2025-11-10T08:34:00Z,28.504203,77.430086,0.0,51.3,stop,13.9,0,normal
BUS-006,2025-11-10T08:35:00Z,28.505284,77.430758,0.0,52.8,stop,2.6,0,normal
BUS-006,2025-11-10T08:36:00Z,28.506454,77.43163,0.0,54.3,stop,5.9,0,normal
BUS-006,2025-11-10T08:37:00Z,28.5074,77.43227,0.0,55.8,stop,10.4,0,normal
BUS-006,2025-11-10T08:38:00Z,28.508523,77.433156,0.0,57.3,stop,1.8,0,normal
BUS-006,2025-11-10T08:39:00Z,28.509646,77.43375,0.0,58.8,stop,7.9,0,normal
BUS-006,2025-11-10T08:40:00Z,28.510745,77.434468,0.0,60.3,stop,9.4,0,normal
BUS-006,2025-11-10T08:41:00Z,28.511907,77.435098,0.0,61.8,stop,9.7,0,normal
BUS-006,2025-11-10T08:42:00Z,28.513073,77.435727,8.3,63.3,location,12.9,0,normal
BUS-006,2025-11-10T08:43:00Z,28.514296,77.436172,0.0,64.8,stop,11.6,0,normal
BUS-006,2025-11-10T08:44:00Z,28.515384,77.436823,0.0,66.3,stop,8.0,0,normal
BUS-006,2025-11-10T08:45:00Z,28.51658,77.437201,0.0,67.8,stop,9.3,0,normal
BUS-006,2025-11-10T08:46:00Z,28.517845,77.437757,0.0,69.3,stop,9.6,0,normal
BUS-006,2025-11-10T08:47:00Z,28.519094,77.438221,0.0,70.8,stop,8.2,0,normal
BUS-006,2025-11-10T08:48:00Z,28.520399,77.438677,0.0,72.3,stop,5.8,0,normal
BUS-006,2025-11-10T08:49:00Z,28.521629,77.439043,0.0,73.8,stop,9.5,0,normal
BUS-006,2025-11-10T08:50:00Z,28.522804,77.439398,0.0,75.3,stop,6.0,0,normal
BUS-006,2025-11-10T08:51:00Z,28.524063,77.439713,0.0,76.8,stop,7.2,0,normal
BUS-006,2025-11-10T08:52:00Z,28.525368,77.439921,0.0,78.4,stop,9.7,0,normal
BUS-006,2025-11-10T08:53:00Z,28.526725,77.44017,0.0,79.9,stop,9.9,0,normal
BUS-006,2025-11-10T08:54:00Z,28.528033,77.440466,0.0,81.4,stop,10.1,0,normal
BUS-006,2025-11-10T08:55:00Z,28.529245,77.44065,0.0,82.9,stop,5.4,0,normal
BUS-006,2025-11-10T08:56:00Z,28.530598,77.440824,10.9,84.4,location,7.8,0,normal
BUS-006,2025-11-10T08:57:00Z,28.531811,77.44078,0.0,85.9,stop,1.8,0,normal
BUS-006,2025-11-10T08:58:00Z,28.533137,77.440955,11.8,87.4,location,1.5,0,normal
BUS-006,2025-11-10T08:59:00Z,28.534484,77.440875,0.0,88.9,stop,8.0,0,normal
BUS-006,2025-11-10T09:00:00Z,28.535863,77.440927,0.0,90.4,stop,13.8,0,normal
BUS-006,2025-11-10T09:01:00Z,28.537106,77.440938,0.0,91.9,stop,8.8,0,normal
BUS-006,2025-11-10T09:02:00Z,28.538381,77.44092,0.0,93.4,stop,8.4,0,normal
BUS-006,2025-11-10T09:03:00Z,28.539749,77.440838,0.0,94.9,stop,14.6,0,normal
BUS-006,2025-11-10T09:04:00Z,28.540962,77.440712,0.0,96.4,stop,10.4,0,normal
BUS-006,2025-11-10T09:05:00Z,28.542413,77.440532,0.0,97.9,stop,9.9,0,normal
BUS-006,2025-11-10T09:06:00Z,28.543596,77.440425,0.0,99.4,stop,8.9,0,normal
BUS-006,2025-11-10T09:07:00Z,28.54492,77.440128,0.0,100.9,stop,11.6,0,normal
BUS-006,2025-11-10T09:08:00Z,28.546225,77.439982,0.0,102.4,stop,4.0,0,normal
BUS-006,2025-11-10T09:09:00Z,28.547485,77.439509,0.0,103.9,stop,9.8,0,normal
BUS-006,2025-11-10T09:10:00Z,28.548743,77.439156,0.0,105.4,stop,10.4,0,normal
BUS-006,2025-11-10T09:11:00Z,28.550001,77.438799,0.0,106.9,stop,9.5,0,normal
BUS-006,2025-11-10T09:12:00Z,28.551302,77.438445,0.0,108.4,stop,3.3,0,normal
BUS-006,2025-11-10T09:13:00Z,28.552517,77.437913,0.0,109.9,stop,14.9,0,normal
BUS-006,2025-11-10T09:14:00Z,28.553753,77.437532,0.0,111.4,stop,6.8,0,normal
BUS-006,2025-11-10T09:15:00Z,28.554962,77.43702,0.0,112.9,stop,6.2,0,normal
BUS-006,2025-11-10T09:16:00Z,28.556172,77.436495,0.0,114.4,stop,14.9,0,normal
BUS-006,2025-11-10T09:17:00Z,28.557335,77.435971,0.0,115.9,stop,14.3,0,normal
BUS-006,2025-11-10T09:18:00Z,28.55856,77.435395,0.0,117.4,stop,3.6,0,normal
BUS-006,2025-11-10T09:19:00Z,28.559583,77.434682,0.0,118.9,stop,6.3,0,normal
BUS-006,2025-11-10T09:20:00Z,28.56082,77.434107,0.0,120.4,stop,7.7,0,normal
BUS-006,2025-11-10T09:21:00Z,28.561976,77.4335,0.0,121.9,stop,17.3,0,normal
BUS-006,2025-11-10T09:22:00Z,28.563021,77.432695,0.0,123.4,stop,5.1,0,normal
BUS-006,2025-11-10T09:23:00Z,28.564137,77.432046,0.0,124.9,stop,0.2,0,normal
BUS-006,2025-11-10T09:24:00Z,28.56519,77.431202,0.0,126.5,stop,16.7,0,normal
BUS-006,2025-11-10T09:25:00Z,28.566276,77.430467,0.0,128.0,stop,4.2,0,normal
BUS-006,2025-11-10T09:26:00Z,28.567276,77.429594,0.0,129.5,stop,14.9,0,normal
BUS-006,2025-11-10T09:27:00Z,28.568283,77.428729,0.0,131.0,stop,14.2,0,normal
BUS-006,2025-11-10T09:28:00Z,28.569203,77.427828,0.0,132.5,stop,6.9,0,normal
BUS-006,2025-11-10T09:29:00Z,28.570223,77.427023,0.0,134.0,stop,5.1,0,normal
BUS-006,2025-11-10T09:30:00Z,28.571155,77.426038,0.0,135.5,stop,7.7,0,normal
BUS-006,2025-11-10T09:31:00Z,28.572031,77.425196,0.0,137.0,stop,9.5,0,normal
BUS-006,2025-11-10T09:32:00Z,28.572955,77.424223,0.0,138.5,stop,14.4,0,normal
BUS-006,2025-11-10T09:33:00Z,28.573831,77.423179,0.0,140.0,stop,0.1,0,normal
BUS-006,2025-11-10T09:34:00Z,28.574653,77.422095,0.0,141.5,stop,7.4,0,normal
BUS-006,2025-11-10T09:35:00Z,28.575381,77.421135,0.0,143.0,stop,9.1,0,normal
BUS-006,2025-11-10T09:36:00Z,28.576261,77.420008,0.0,144.5,stop,3.5,0,normal
BUS-006,2025-11-10T09:37:00Z,28.57698,77.41901,0.0,146.0,stop,8.3,0,normal
BUS-006,2025-11-10T09:38:00Z,28.577626,77.417867,0.0,147.5,stop,13.8,0,normal
BUS-006,2025-11-10T09:39:00Z,28.578341,77.416687,0.0,149.0,stop,10.3,0,normal
BUS-006,2025-11-10T09:40:00Z,28.579025,77.41558,0.0,150.5,stop,14.0,0,normal
BUS-006,2025-11-10T09:41:00Z,28.579726,77.414485,0.0,152.0,stop,11.1,0,normal
BUS-006,2025-11-10T09:42:00Z,28.580233,77.413328,0.0,153.5,stop,7.5,0,normal
BUS-006,2025-11-10T09:43:00Z,28.580714,77.412142,0.0,155.0,stop,9.4,0,normal
BUS-006,2025-11-10T09:44:00Z,28.581347,77.410853,0.0,156.5,stop,7.2,0,normal
BUS-006,2025-11-10T09:45:00Z,28.581841,77.40979,0.0,158.0,stop,5.5,0,normal
BUS-006,2025-11-10T09:46:00Z,28.582317,77.408468,0.0,159.5,stop,9.1,0,normal
BUS-006,2025-11-10T09:47:00Z,28.582732,77.407296,0.0,161.0,stop,11.6,0,normal
BUS-006,2025-11-10T09:48:00Z,28.58317,77.405963,0.0,162.5,stop,10.3,0,normal
BUS-006,2025-11-10T09:49:00Z,28.583559,77.404692,0.0,164.0,stop,1.5,0,normal
BUS-006,2025-11-10T09:50:00Z,28.583902,77.403487,0.0,165.5,stop,11.4,0,normal
BUS-006,2025-11-10T09:51:00Z,28.584161,77.402208,0.0,167.0,stop,9.0,0,normal
BUS-006,2025-11-10T09:52:00Z,28.584529,77.400913,0.0,168.5,stop,4.8,0,normal
BUS-006,2025-11-10T09:53:00Z,28.584715,77.399568,0.0,170.0,stop,2.8,0,normal
BUS-006,2025-11-10T09:54:00Z,28.585004,77.398333,8.1,171.5,location,7.1,0,normal
BUS-006,2025-11-10T09:55:00Z,28.585192,77.397093,0.0,173.0,stop,4.3,0,normal
BUS-006,2025-11-10T09:56:00Z,28.585303,77.395716,0.0,174.6,stop,1.9,0,normal
BUS-006,2025-11-10T09:57:00Z,28.585395,77.394379,0.0,176.1,stop,10.3,0,normal
BUS-006,2025-11-10T09:58:00Z,28.585428,77.393059,0.0,177.6,stop,10.9,0,normal
BUS-006,2025-11-10T09:59:00Z,28.585443,77.391846,0.0,179.1,stop,12.2,0,normal
BUS-006,2025-11-10T10:00:00Z,28.585517,77.390467,0.0,180.6,stop,5.8,0,normal
BUS-006,2025-11-10T10:01:00Z,28.585338,77.389199,0.0,182.1,stop,11.3,0,normal
BUS-006,2025-11-10T10:02:00Z,28.585447,77.387984,0.0,183.6,stop,13.9,0,normal
BUS-006,2025-11-10T10:03:00Z,28.585312,77.386597,0.0,185.1,stop,2.3,0,normal
BUS-006,2025-11-10T10:04:00Z,28.585109,77.385258,0.0,186.6,stop,14.2,0,normal
BUS-006,2025-11-10T10:05:00Z,28.584961,77.383991,0.0,188.1,stop,10.7,0,normal
BUS-006,2025-11-10T10:06:00Z,28.584825,77.382643,0.0,189.6,stop,14.3,0,normal
BUS-006,2025-11-10T10:07:00Z,28.58457,77.381283,0.0,191.1,stop,12.9,0,normal
BUS-006,2025-11-10T10:08:00Z,28.584336,77.380155,0.0,192.6,stop,11.7,0,normal
BUS-006,2025-11-10T10:09:00Z,28.583968,77.378758,0.0,194.1,stop,9.9,0,normal
BUS-006,2025-11-10T10:10:00Z,28.583705,77.377573,0.0,195.6,stop,7.6,0,normal
BUS-006,2025-11-10T10:11:00Z,28.583246,77.376259,0.0,197.1,stop,10.8,0,normal
BUS-006,2025-11-10T10:12:00Z,28.582848,77.375102,0.0,198.6,stop,7.3,0,normal
BUS-006,2025-11-10T10:13:00Z,28.582508,77.373899,0.0,200.1,stop,16.4,0,normal
BUS-006,2025-11-10T10:14:00Z,28.582005,77.372612,10.1,201.6,location,5.6,0,normal
BUS-006,2025-11-10T10:15:00Z,28.581551,77.371421,0.0,203.1,stop,14.7,0,normal
BUS-006,2025-11-10T10:16:00Z,28.580982,77.370083,0.0,204.6,stop,4.5,0,normal
BUS-006,2025-11-10T10:17:00Z,28.580438,77.368968,0.0,206.1,stop,9.2,0,normal
BUS-006,2025-11-10T10:18:00Z,28.579797,77.367781,0.0,207.6,stop,6.1,0,normal
BUS-006,2025-11-10T10:19:00Z,28.579057,77.366666,0.0,209.1,stop,11.8,0,normal
BUS-006,2025-11-10T10:20:00Z,28.578538,77.365624,0.0,210.6,stop,8.0,0,normal
BUS-006,2025-11-10T10:21:00Z,28.577912,77.364494,0.0,212.1,stop,12.6,0,normal
BUS-006,2025-11-10T10:22:00Z,28.577142,77.363336,5.6,213.6,location,7.4,0,normal
BUS-006,2025-11-10T10:23:00Z,28.576451,77.36228,5.6,215.1,location,6.8,0,normal
BUS-006,2025-11-10T10:24:00Z,28.575612,77.361223,0.0,216.6,stop,8.5,0,normal
BUS-006,2025-11-10T10:25:00Z,28.57484,77.36009,0.0,218.1,stop,10.3,0,normal
BUS-006,2025-11-10T10:26:00Z,28.57397,77.359041,0.0,219.6,stop,8.1,0,normal
BUS-006,2025-11-10T10:27:00Z,28.573113,77.358059,0.0,221.1,stop,7.2,0,normal
BUS-006,2025-11-10T10:28:00Z,28.572391,77.357206,0.0,222.7,stop,8.1,0,normal
BUS-006,2025-11-10T10:29:00Z,28.571399,77.356219,0.0,224.2,stop,3.2,0,normal
BUS-006,2025-11-10T10:30:00Z,28.570457,77.355257,0.0,225.7,stop,3.3,0,normal
BUS-006,2025-11-10T10:31:00Z,28.569506,77.354295,0.0,227.2,stop,5.3,0,normal
BUS-006,2025-11-10T10:32:00Z,28.56861,77.35336,0.0,228.7,stop,10.7,0,normal
BUS-006,2025-11-10T10:33:00Z,28.567622,77.352604,0.0,230.2,stop,10.4,0,normal
BUS-006,2025-11-10T10:34:00Z,28.566507,77.351856,0.0,231.7,stop,5.8,0,normal
BUS-006,2025-11-10T10:35:00Z,28.565412,77.351016,0.0,233.2,stop,7.9,0,normal
BUS-006,2025-11-10T10:36:00Z,28.564441,77.350249,0.0,234.7,stop,6.7,0,normal
BUS-006,2025-11-10T10:37:00Z,28.563347,77.349447,0.0,236.2,stop,5.6,0,normal
BUS-006,2025-11-10T10:38:00Z,28.562272,77.34886,0.0,237.7,stop,4.2,0,normal
BUS-006,2025-11-10T10:39:00Z,28.561191,77.348041,0.0,239.2,stop,6.7,0,normal
BUS-006,2025-11-10T10:40:00Z,28.559986,77.347426,0.0,240.7,stop,7.2,0,normal
BUS-006,2025-11-10T10:41:00Z,28.558833,77.346789,0.0,242.2,stop,13.5,0,normal
BUS-006,2025-11-10T10:42:00Z,28.557625,77.34612,0.0,243.7,stop,8.5,0,normal
BUS-006,2025-11-10T10:43:00Z,28.556509,77.345703,0.0,245.2,stop,9.9,0,normal
BUS-006,2025-11-10T10:44:00Z,28.555259,77.345091,0.0,246.7,stop,11.5,0,normal
BUS-006,2025-11-10T10:45:00Z,28.554057,77.344608,0.0,248.2,stop,1.6,0,normal
BUS-006,2025-11-10T10:46:00Z,28.55284,77.344082,0.0,249.7,stop,10.0,0,normal
BUS-006,2025-11-10T10:47:00Z,28.551577,77.343719,0.0,251.2,stop,10.7,0,normal
BUS-006,2025-11-10T10:48:00Z,28.550261,77.343244,0.0,252.7,stop,3.0,0,normal
BUS-006,2025-11-10T10:49:00Z,28.549016,77.342881,7.6,254.2,location,10.6,0,normal
BUS-006,2025-11-10T10:50:00Z,28.547835,77.342597,0.0,255.7,stop,0.1,0,normal
BUS-006,2025-11-10T10:51:00Z,28.546515,77.342239,0.0,257.2,stop,7.4,0,normal
BUS-006,2025-11-10T10:52:00Z,28.545255,77.341981,9.9,258.7,location,5.3,0,normal
BUS-006,2025-11-10T10:53:00Z,28.544008,77.34171,0.0,260.2,stop,6.6,0,normal
BUS-006,2025-11-10T10:54:00Z,28.542691,77.341565,0.0,261.7,stop,7.6,0,normal
BUS-006,2025-11-10T10:55:00Z,28.541328,77.341341,0.0,263.2,stop,11.0,0,normal
BUS-006,2025-11-10T10:56:00Z,28.540044,77.341251,0.0,264.7,stop,6.1,0,normal
BUS-006,2025-11-10T10:57:00Z,28.538766,77.341095,0.0,266.2,stop,7.1,0,normal
BUS-006,2025-11-10T10:58:00Z,28.537458,77.341064,0.0,267.7,stop,7.3,0,normal
BUS-006,2025-11-10T10:59:00Z,28.536123,77.341032,0.0,269.2,stop,6.0,0,normal
BUS-006,2025-11-10T11:00:00Z,28.53489,77.341007,0.0,270.8,stop,10.4,0,normal
BUS-006,2025-11-10T11:01:00Z,28.53355,77.340982,0.0,272.3,stop,7.8,0,normal
BUS-006,2025-11-10T11:02:00Z,28.532315,77.341092,0.0,273.8,stop,10.3,0,normal
BUS-006,2025-11-10T11:03:00Z,28.530874,77.341252,0.0,275.3,stop,6.7,0,normal
BUS-006,2025-11-10T11:04:00Z,28.529596,77.341392,0.0,276.8,stop,16.7,0,normal
BUS-006,2025-11-10T11:05:00Z,28.528274,77.341462,8.0,278.3,location,0.1,0,normal
BUS-006,2025-11-10T11:06:00Z,28.526994,77.341813,0.0,279.8,stop,9.9,0,normal
BUS-006,2025-11-10T11:07:00Z,28.525709,77.341905,0.0,281.3,stop,7.6,0,normal
BUS-006,2025-11-10T11:08:00Z,28.524521,77.342167,0.0,282.8,stop,9.6,0,normal
BUS-006,2025-11-10T11:09:00Z,28.523268,77.342503,0.0,284.3,stop,0.6,0,normal
BUS-006,2025-11-10T11:10:00Z,28.521953,77.342865,0.0,285.8,stop,9.8,0,normal
BUS-006,2025-11-10T11:11:00Z,28.520642,77.343279,0.0,287.3,stop,12.6,0,normal
BUS-006,2025-11-10T11:12:00Z,28.519414,77.343595,0.0,288.8,stop,6.8,0,normal
BUS-006,2025-11-10T11:13:00Z,28.518176,77.344137,0.0,290.3,stop,12.6,0,normal
BUS-006,2025-11-10T11:14:00Z,28.516924,77.34463,0.0,291.8,stop,9.4,0,normal
BUS-006,2025-11-10T11:15:00Z,28.515807,77.345072,0.0,293.3,stop,12.6,0,normal
BUS-006,2025-11-10T11:16:00Z,28.514521,77.345561,0.0,294.8,stop,14.1,0,normal
BUS-006,2025-11-10T11:17:00Z,28.51327,77.346152,0.0,296.3,stop,8.0,0,normal
BUS-006,2025-11-10T11:18:00Z,28.512307,77.346834,0.0,297.8,stop,10.5,0,normal
BUS-006,2025-11-10T11:19:00Z,28.510996,77.347426,0.0,299.3,stop,0.1,0,normal
BUS-006,2025-11-10T11:20:00Z,28.509766,77.348048,0.0,300.8,stop,8.8,0,normal
BUS-006,2025-11-10T11:21:00Z,28.508752,77.348786,0.0,302.3,stop,8.8,0,normal
BUS-006,2025-11-10T11:22:00Z,28.507736,77.349478,11.8,303.8,location,14.4,0,normal
BUS-006,2025-11-10T11:23:00Z,28.5066,77.350248,0.0,305.3,stop,6.7,0,normal
BUS-006,2025-11-10T11:24:00Z,28.505582,77.350949,0.0,306.8,stop,9.2,0,normal
BUS-006,2025-11-10T11:25:00Z,28.5045,77.351774,0.0,308.3,stop,10.4,0,normal
BUS-006,2025-11-10T11:26:00Z,28.503532,77.352639,0.0,309.8,stop,16.9,0,normal
BUS-006,2025-11-10T11:27:00Z,28.502516,77.353423,0.0,311.3,stop,7.8,0,normal
BUS-006,2025-11-10T11:28:00Z,28.501509,77.354334,0.0,312.8,stop,10.9,0,normal
BUS-006,2025-11-10T11:29:00Z,28.500601,77.355183,0.0,314.3,stop,8.5,0,normal
BUS-006,2025-11-10T11:30:00Z,28.499574,77.356137,0.0,315.8,stop,1.0,0,normal
BUS-006,2025-11-10T11:31:00Z,28.49877,77.357068,0.0,317.3,stop,5.9,0,normal
BUS-006,2025-11-10T11:32:00Z,28.497908,77.358219,0.0,318.9,stop,12.1,0,normal
BUS-006,2025-11-10T11:33:00Z,28.496968,77.359056,0.0,320.4,stop,9.1,0,normal
BUS-006,2025-11-10T11:34:00Z,28.49617,77.360136,0.0,321.9,stop,7.5,0,normal
BUS-006,2025-11-10T11:35:00Z,28.495436,77.361199,0.0,323.4,stop,8.4,0,normal
BUS-006,2025-11-10T11:36:00Z,28.494599,77.362192,0.0,324.9,stop,3.2,0,normal
BUS-006,2025-11-10T11:37:00Z,28.493891,77.363315,0.0,326.4,stop,12.4,0,normal
BUS-006,2025-11-10T11:38:00Z,28.493149,77.364437,0.0,327.9,stop,9.0,0,normal
BUS-006,2025-11-10T11:39:00Z,28.492518,77.365553,0.0,329.4,stop,5.2,0,normal
BUS-006,2025-11-10T11:40:00Z,28.491911,77.36669,0.0,330.9,stop,9.6,0,normal
BUS-006,2025-11-10T11:41:00Z,28.491258,77.367824,0.0,332.4,stop,13.0,0,normal
BUS-006,2025-11-10T11:42:00Z,28.490625,77.369046,0.0,333.9,stop,5.1,0,normal
BUS-006,2025-11-10T11:43:00Z,28.490013,77.370145,11.5,335.4,location,6.7,0,normal
BUS-006,2025-11-10T11:44:00Z,28.489497,77.371439,0.0,336.9,stop,6.5,0,normal
BUS-006,2025-11-10T11:45:00Z,28.489038,77.372596,5.5,338.4,location,10.1,0,normal
BUS-006,2025-11-10T11:46:00Z,28.488594,77.373783,0.0,339.9,stop,3.9,0,normal
BUS-006,2025-11-10T11:47:00Z,28.488112,77.375082,0.0,341.4,stop,10.0,0,normal
BUS-006,2025-11-10T11:48:00Z,28.487687,77.376298,0.0,342.9,stop,6.2,0,normal
BUS-006,2025-11-10T11:49:00Z,28.487411,77.377569,9.8,344.4,location,10.4,0,normal
BUS-006,2025-11-10T11:50:00Z,28.486969,77.378759,0.0,345.9,stop,6.1,0,normal
BUS-006,2025-11-10T11:51:00Z,28.486684,77.380089,0.0,347.4,stop,6.0,0,normal
BUS-006,2025-11-10T11:52:00Z,28.486387,77.381258,0.0,348.9,stop,14.4,0,normal
BUS-006,2025-11-10T11:53:00Z,28.486181,77.382712,0.0,350.4,stop,5.9,0,normal
BUS-006,2025-11-10T11:54:00Z,28.485999,77.383957,0.0,351.9,stop,0.5,0,normal
BUS-006,2025-11-10T11:55:00Z,28.485828,77.385382,0.0,353.4,stop,3.9,0,normal
BUS-006,2025-11-10T11:56:00Z,28.485741,77.38652,0.0,354.9,stop,8.8,0,normal
BUS-006,2025-11-10T11:57:00Z,28.485556,77.387827,0.0,356.4,stop,11.2,0,normal
BUS-006,2025-11-10T11:58:00Z,28.48558,77.389223,0.0,357.9,stop,15.0,0,normal
BUS-006,2025-11-10T11:59:00Z,28.485536,77.390516,0.0,359.4,stop,11.8,0,normal
BUS-006,2025-11-10T12:00:00Z,28.485487,77.391957,0.0,0.9,stop,12.9,0,normal
BUS-006,2025-11-10T12:01:00Z,28.485538,77.393141,9.1,2.4,location,9.1,0,normal
BUS-006,2025-11-10T12:02:00Z,28.485595,77.394409,9.7,3.9,location,0.6,0,normal
BUS-006,2025-11-10T12:03:00Z,28.485758,77.395782,0.0,5.4,stop,5.6,0,normal
BUS-006,2025-11-10T12:04:00Z,28.485847,77.397059,0.0,7.0,stop,9.3,0,normal
BUS-006,2025-11-10T12:05:00Z,28.486052,77.398313,0.0,8.5,stop,2.9,0,normal
BUS-006,2025-11-10T12:06:00Z,28.486266,77.399685,0.0,10.0,stop,5.2,0,normal
BUS-006,2025-11-10T12:07:00Z,28.486539,77.401025,0.0,11.5,stop,8.1,0,normal
BUS-006,2025-11-10T12:08:00Z,28.486706,77.402227,0.0,13.0,stop,2.7,0,normal
BUS-006,2025-11-10T12:09:00Z,28.487161,77.403508,0.0,14.5,stop,6.2,0,normal
BUS-006,2025-11-10T12:10:00Z,28.487385,77.404782,0.0,16.0,stop,0.9,0,normal
BUS-006,2025-11-10T12:11:00Z,28.487837,77.40601,0.0,17.5,stop,1.7,0,normal
BUS-006,2025-11-10T12:12:00Z,28.488147,77.407324,0.0,19.0,stop,2.2,0,normal
BUS-006,2025-11-10T12:13:00Z,28.488591,77.408446,0.0,20.5,stop,10.4,0,normal
BUS-006,2025-11-10T12:14:00Z,28.48922,77.409637,0.0,22.0,stop,2.3,0,normal
BUS-006,2025-11-10T12:15:00Z,28.489648,77.410976,0.0,23.5,stop,12.9,0,normal
BUS-006,2025-11-10T12:16:00Z,28.490094,77.412142,0.0,25.0,stop,11.6,0,normal
BUS-006,2025-11-10T12:17:00Z,28.490694,77.413306,0.0,26.5,stop,6.4,0,normal
BUS-006,2025-11-10T12:18:00Z,28.491345,77.414428,0.0,28.0,stop,4.1,0,normal
BUS-006,2025-11-10T12:19:00Z,28.491955,77.415689,0.0,29.5,stop,8.6,0,normal
BUS-006,2025-11-10T12:20:00Z,28.492596,77.416769,0.0,31.0,stop,9.5,0,normal
BUS-006,2025-11-10T12:21:00Z,28.493315,77.417936,0.0,32.5,stop,4.2,0,normal
BUS-006,2025-11-10T12:22:00Z,28.494024,77.418927,0.0,34.0,stop,6.0,0,normal
BUS-006,2025-11-10T12:23:00Z,28.494822,77.420066,0.0,35.5,stop,12.2,0,normal
BUS-006,2025-11-10T12:24:00Z,28.495604,77.421153,0.0,37.0,stop,10.7,0,normal
BUS-006,2025-11-10T12:25:00Z,28.496325,77.422099,0.0,38.5,stop,10.1,0,normal
BUS-006,2025-11-10T12:26:00Z,28.497209,77.423162,0.0,40.0,stop,9.2,0,normal
BUS-006,2025-11-10T12:27:00Z,28.498102,77.424082,0.0,41.5,stop,7.4,0,normal
BUS-006,2025-11-10T12:28:00Z,28.498874,77.425143,0.0,43.0,stop,5.4,0,normal
BUS-006,2025-11-10T12:29:00Z,28.49985,77.426027,0.0,44.5,stop,12.3,0,normal
BUS-006,2025-11-10T12:30:00Z,28.500807,77.426944,0.0,46.0,stop,12.1,0,normal
BUS-006,2025-11-10T12:31:00Z,28.501747,77.42789,0.0,47.5,stop,7.7,0,normal
BUS-006,2025-11-10T12:32:00Z,28.502709,77.428741,0.0,49.0,stop,4.2,0,normal
BUS-006,2025-11-10T12:33:00Z,28.503797,77.429662,0.0,50.5,stop,15.8,0,normal
BUS-006,2025-11-10T12:34:00Z,28.504696,77.430415,0.0,52.0,stop,6.8,0,normal
BUS-006,2025-11-10T12:35:00Z,28.505836,77.431204,0.0,53.5,stop,14.0,0,normal
BUS-006,2025-11-10T12:36:00Z,28.506842,77.432004,0.0,55.1,stop,6.4,0,normal
BUS-006,2025-11-10T12:37:00Z,28.507974,77.432681,0.0,56.6,stop,6.2,0,normal
BUS-006,2025-11-10T12:38:00Z,28.509094,77.433562,0.0,58.1,stop,6.6,0,normal
BUS-006,2025-11-10T12:39:00Z,28.510152,77.434092,0.0,59.6,stop,4.3,0,normal
BUS-006,2025-11-10T12:40:00Z,28.51129,77.434865,0.0,61.1,stop,6.6,0,normal
BUS-006,2025-11-10T12:41:00Z,28.512496,77.435354,0.0,62.6,stop,12.9,0,normal
BUS-006,2025-11-10T12:42:00Z,28.5136,77.435971,0.0,64.1,stop,2.0,0,normal
BUS-006,2025-11-10T12:43:00Z,28.514888,77.43657,0.0,65.6,stop,5.8,0,normal
BUS-006,2025-11-10T12:44:00Z,28.515978,77.437031,0.0,67.1,stop,6.0,0,normal
BUS-006,2025-11-10T12:45:00Z,28.517212,77.437551,0.0,68.6,stop,10.7,0,normal
BUS-006,2025-11-10T12:46:00Z,28.518498,77.43795,0.0,70.1,stop,14.3,0,normal
BUS-006,2025-11-10T12:47:00Z,28.519744,77.438383,0.0,71.6,stop,16.4,0,normal
BUS-006,2025-11-10T12:48:00Z,28.520971,77.438801,0.0,73.1,stop,5.0,0,normal
BUS-006,2025-11-10T12:49:00Z,28.522233,77.439161,6.4,74.6,location,8.9,0,normal
BUS-006,2025-11-10T12:50:00Z,28.523498,77.439549,0.0,76.1,stop,2.4,0,normal
BUS-006,2025-11-10T12:51:00Z,28.524903,77.439868,0.0,77.6,stop,3.6,0,normal
BUS-006,2025-11-10T12:52:00Z,28.526065,77.44007,6.4,79.1,location,2.9,0,normal
BUS-006,2025-11-10T12:53:00Z,28.527376,77.440364,0.0,80.6,stop,10.0,0,normal
BUS-006,2025-11-10T12:54:00Z,28.528514,77.440496,0.0,82.1,stop,11.7,0,normal
BUS-006,2025-11-10T12:55:00Z,28.529905,77.440708,0.0,83.6,stop,7.7,0,normal
BUS-006,2025-11-10T12:56:00Z,28.53127,77.440854,6.6,85.1,location,12.3,0,normal
BUS-006,2025-11-10T12:57:00Z,28.532459,77.440901,0.0,86.6,stop,10.7,0,normal
BUS-006,2025-11-10T12:58:00Z,28.533871,77.440938,0.0,88.1,stop,7.4,0,normal
BUS-006,2025-11-10T12:59:00Z,28.535201,77.44103,0.0,89.6,stop,6.1,0,normal
BUS-006,2025-11-10T13:00:00Z,28.536447,77.440983,41.8,91.1,location,1.9,0,normal
BUS-006,2025-11-10T13:01:00Z,28.537761,77.440834,38.1,92.6,location,5.6,0,normal
BUS-006,2025-11-10T13:02:00Z,28.539073,77.440922,30.5,94.1,location,4.7,0,normal
BUS-006,2025-11-10T13:03:00Z,28.54049,77.440769,39.0,95.6,location,7.9,0,normal
BUS-006,2025-11-10T13:04:00Z,28.541771,77.440505,28.1,97.1,location,6.8,0,normal
BUS-006,2025-11-10T13:05:00Z,28.543045,77.440423,34.3,98.6,location,4.5,0,normal
BUS-006,2025-11-10T13:06:00Z,28.544324,77.440247,40.7,100.1,location,7.1,0,normal
BUS-006,2025-11-10T13:07:00Z,28.5456,77.440003,36.3,101.6,location,16.7,0,normal
BUS-006,2025-11-10T13:08:00Z,28.546869,77.439669,33.2,103.2,location,10.5,0,normal
BUS-006,2025-11-10T13:09:00Z,28.548181,77.439359,37.0,104.7,location,8.4,0,normal
BUS-006,2025-11-10T13:10:00Z,28.549441,77.439025,36.1,106.2,location,6.3,0,normal
BUS-006,2025-11-10T13:11:00Z,28.55067,77.43878,35.4,107.7,location,3.6,0,normal
BUS-006,2025-11-10T13:12:00Z,28.551893,77.438149,32.1,109.2,location,11.0,0,normal
BUS-006,2025-11-10T13:13:00Z,28.553123,77.437737,45.5,110.7,location,11.5,0,normal
BUS-006,2025-11-10T13:14:00Z,28.554441,77.437277,31.3,112.2,location,9.7,0,normal
BUS-006,2025-11-10T13:15:00Z,28.555645,77.436836,34.8,113.7,location,12.9,0,normal
BUS-006,2025-11-10T13:16:00Z,28.556833,77.43623,34.6,115.2,location,10.4,0,normal
BUS-006,2025-11-10T13:17:00Z,28.557969,77.435697,38.4,116.7,location,17.5,0,normal
BUS-006,2025-11-10T13:18:00Z,28.559216,77.435027,37.9,118.2,location,3.6,0,normal
BUS-006,2025-11-10T13:19:00Z,28.560255,77.43447,37.8,119.7,location,7.8,0,normal
BUS-006,2025-11-10T13:20:00Z,28.561301,77.433738,37.1,121.2,location,11.5,0,normal
BUS-006,2025-11-10T13:21:00Z,28.56253,77.433131,44.3,122.7,location,7.8,0,normal
BUS-006,2025-11-10T13:22:00Z,28.563599,77.432399,39.2,124.2,location,14.5,0,normal
BUS-006,2025-11-10T13:23:00Z,28.564699,77.431587,41.3,125.7,location,3.4,0,normal
BUS-006,2025-11-10T13:24:00Z,28.565717,77.430731,24.7,127.2,location,9.3,0,normal
BUS-006,2025-11-10T13:25:00Z,28.566651,77.430103,36.7,128.7,location,12.6,0,normal
BUS-006,2025-11-10T13:26:00Z,28.567652,77.429194,32.4,130.2,location,10.7,0,normal
BUS-006,2025-11-10T13:27:00Z,28.568876,77.42828,37.4,131.7,location,14.2,0,normal
BUS-006,2025-11-10T13:28:00Z,28.569798,77.427447,43.2,133.2,location,5.9,0,normal
BUS-006,2025-11-10T13:29:00Z,28.570656,77.426618,41.4,134.7,location,0.6,0,normal
BUS-006,2025-11-10T13:30:00Z,28.571616,77.425589,34.4,136.2,location,8.4,0,normal
BUS-006,2025-11-10T13:31:00Z,28.572493,77.424624,35.7,137.7,location,4.7,0,normal
BUS-006,2025-11-10T13:32:00Z,28.573322,77.423696,34.6,139.2,location,9.3,0,normal
BUS-006,2025-11-10T13:33:00Z,28.574275,77.42261,36.1,140.7,location,10.9,0,normal
BUS-006,2025-11-10T13:34:00Z,28.575095,77.421684,34.6,142.2,location,4.6,0,normal
BUS-006,2025-11-10T13:35:00Z,28.575825,77.420591,47.0,143.7,location,2.4,0,normal
BUS-006,2025-11-10T13:36:00Z,28.576549,77.419501,35.3,145.2,location,4.4,0,normal
BUS-006,2025-11-10T13:37:00Z,28.577251,77.418493,40.5,146.7,location,7.2,0,normal
BUS-006,2025-11-10T13:38:00Z,28.577977,77.417294,50.0,148.2,location,8.1,0,normal
BUS-006,2025-11-10T13:39:00Z,28.578663,77.416132,32.2,149.7,location,10.7,0,normal
BUS-006,2025-11-10T13:40:00Z,28.579388,77.415067,41.5,151.3,location,12.5,0,normal
BUS-006,2025-11-10T13:41:00Z,28.57997,77.413865,37.1,152.8,location,2.7,0,normal
BUS-006,2025-11-10T13:42:00Z,28.580501,77.412703,25.4,154.3,location,4.7,0,normal
BUS-006,2025-11-10T13:43:00Z,28.581146,77.411523,33.8,155.8,location,10.1,0,normal
BUS-006,2025-11-10T13:44:00Z,28.5816,77.410332,42.3,157.3,location,3.0,0,normal
BUS-006,2025-11-10T13:45:00Z,28.582077,77.409127,41.3,158.8,location,13.5,0,normal
BUS-006,2025-11-10T13:46:00Z,28.582557,77.407924,33.2,160.3,location,13.8,0,normal
BUS-006,2025-11-10T13:47:00Z,28.583039,77.406753,31.4,161.8,location,8.7,0,normal
BUS-006,2025-11-10T13:48:00Z,28.583367,77.405382,40.5,163.3,location,8.2,0,normal
BUS-006,2025-11-10T13:49:00Z,28.583673,77.404153,40.3,164.8,location,3.8,0,normal
BUS-006,2025-11-10T13:50:00Z,28.584125,77.402823,36.9,166.3,location,17.9,0,normal
BUS-006,2025-11-10T13:51:00Z,28.584372,77.401585,52.0,167.8,location,7.1,0,normal
BUS-006,2025-11-10T13:52:00Z,28.584577,77.400252,30.0,169.3,location,9.7,0,normal
BUS-006,2025-11-10T13:53:00Z,28.584902,77.398954,32.4,170.8,location,5.6,0,normal
BUS-006,2025-11-10T13:54:00Z,28.585032,77.397603,28.9,172.3,location,10.0,0,normal
BUS-006,2025-11-10T13:55:00Z,28.585201,77.396418,36.1,173.8,location,0.6,0,normal
BUS-006,2025-11-10T13:56:00Z,28.585277,77.395111,27.3,175.3,location,8.6,0,normal
BUS-006,2025-11-10T13:57:00Z,28.585463,77.393767,39.1,176.8,location,10.8,0,normal
BUS-006,2025-11-10T13:58:00Z,28.585537,77.392463,26.1,178.3,location,6.8,0,normal
BUS-006,2025-11-10T13:59:00Z,28.585475,77.391162,42.3,179.8,location,9.1,0,normal
BUS-006,2025-11-10T14:00:00Z,28.585519,77.389845,32.7,181.3,location,6.0,0,normal
BUS-006,2025-11-10T14:01:00Z,28.585477,77.388507,44.2,182.8,location,3.7,0,normal
BUS-006,2025-11-10T14:02:00Z,28.585452,77.387297,37.7,184.3,location,0.9,0,normal
BUS-006,2025-11-10T14:03:00Z,28.585198,77.386018,41.7,185.8,location,3.1,0,normal
BUS-006,2025-11-10T14:04:00Z,28.58506,77.384637,36.2,187.3,location,8.8,0,normal
BUS-006,2025-11-10T14:05:00Z,28.585012,77.38332,25.1,188.8,location,12.5,0,normal
BUS-006,2025-11-10T14:06:00Z,28.584705,77.382046,43.5,190.3,location,6.0,0,normal
BUS-006,2025-11-10T14:07:00Z,28.5844,77.380692,24.6,191.8,location,7.6,0,normal
BUS-006,2025-11-10T14:08:00Z,28.584107,77.379369,34.5,193.3,location,6.8,0,normal
BUS-006,2025-11-10T14:09:00Z,28.583769,77.378199,31.8,194.8,location,10.6,0,normal
BUS-006,2025-11-10T14:10:00Z,28.583432,77.376993,34.7,196.3,location,7.7,0,normal
BUS-006,2025-11-10T14:11:00Z,28.583113,77.375684,28.5,197.8,location,13.6,0,normal
BUS-006,2025-11-10T14:12:00Z,28.582671,77.374458,39.8,199.4,location,2.8,0,normal
BUS-006,2025-11-10T14:13:00Z,28.582262,77.373236,35.7,200.9,location,2.5,0,normal
BUS-006,2025-11-10T14:14:00Z,28.581673,77.372056,36.7,202.4,location,2.5,0,normal
BUS-006,2025-11-10T14:15:00Z,28.581188,77.370679,48.6,203.9,location,12.7,0,normal
BUS-006,2025-11-10T14:16:00Z,28.580612,77.369574,34.7,205.4,location,4.8,0,normal
BUS-006,2025-11-10T14:17:00Z,28.580073,77.368422,36.8,206.9,location,2.8,0,normal
BUS-006,2025-11-10T14:18:00Z,28.579411,77.367172,35.0,208.4,location,6.4,0,normal
BUS-006,2025-11-10T14:19:00Z,28.57884,77.366011,28.3,209.9,location,12.4,0,normal
BUS-006,2025-11-10T14:20:00Z,28.578262,77.364969,41.1,211.4,location,13.4,0,normal
BUS-006,2025-11-10T14:21:00Z,28.577439,77.363828,41.4,212.9,location,11.5,0,normal
BUS-006,2025-11-10T14:22:00Z,28.576812,77.362741,36.9,214.4,location,12.4,0,normal
BUS-006,2025-11-10T14:23:00Z,28.575885,77.361622,38.5,215.9,location,9.8,0,normal
BUS-006,2025-11-10T14:24:00Z,28.575224,77.360726,26.2,217.4,location,10.2,0,normal
BUS-006,2025-11-10T14:25:00Z,28.574381,77.359634,40.3,218.9,location,17.7,0,normal
BUS-006,2025-11-10T14:26:00Z,28.573612,77.358545,26.4,220.4,location,11.4,0,normal
BUS-006,2025-11-10T14:27:00Z,28.572768,77.357602,47.1,221.9,location,12.4,0,normal
BUS-006,2025-11-10T14:28:00Z,28.571844,77.356617,47.7,223.4,location,6.3,0,normal
BUS-006,2025-11-10T14:29:00Z,28.570867,77.355755,28.7,224.9,location,4.8,0,normal
BUS-006,2025-11-10T14:30:00Z,28.569882,77.354773,43.0,226.4,location,5.5,0,normal
BUS-006,2025-11-10T14:31:00Z,28.569006,77.353985,0.0,227.9,stop,4.5,0,normal
BUS-006,2025-11-10T14:32:00Z,28.568024,77.352989,0.0,229.4,stop,12.3,0,normal
BUS-006,2025-11-10T14:33:00Z,28.567124,77.35222,0.0,230.9,stop,11.3,0,normal
BUS-006,2025-11-10T14:34:00Z,28.56593,77.351412,0.0,232.4,stop,7.6,0,normal
BUS-006,2025-11-10T14:35:00Z,28.564955,77.350554,8.0,233.9,location,8.9,0,normal
BUS-006,2025-11-10T14:36:00Z,28.563833,77.349882,8.5,235.4,location,7.2,0,normal
BUS-006,2025-11-10T14:37:00Z,28.562788,77.349112,0.0,236.9,stop,14.7,0,normal
BUS-006,2025-11-10T14:38:00Z,28.561738,77.348509,0.0,238.4,stop,4.2,0,normal
BUS-006,2025-11-10T14:39:00Z,28.560494,77.347694,0.0,239.9,stop,5.0,0,normal
BUS-006,2025-11-10T14:40:00Z,28.559306,77.347098,0.0,241.4,stop,1.2,0,normal
BUS-006,2025-11-10T14:41:00Z,28.558271,77.346464,0.0,242.9,stop,9.8,0,normal
BUS-006,2025-11-10T14:42:00Z,28.557082,77.345906,0.0,244.4,stop,5.4,0,normal
BUS-006,2025-11-10T14:43:00Z,28.55593,77.345294,0.0,245.9,stop,8.0,0,normal
BUS-006,2025-11-10T14:44:00Z,28.554661,77.344953,0.0,247.5,stop,8.5,0,normal
BUS-006,2025-11-10T14:45:00Z,28.553444,77.344372,0.0,249.0,stop,3.5,0,normal
BUS-006,2025-11-10T14:46:00Z,28.552182,77.343905,0.0,250.5,stop,9.0,0,normal
BUS-006,2025-11-10T14:47:00Z,28.550908,77.343474,11.1,252.0,location,7.7,0,normal
BUS-006,2025-11-10T14:48:00Z,28.549733,77.343123,0.0,253.5,stop,13.5,0,normal
BUS-006,2025-11-10T14:49:00Z,28.548476,77.342729,0.0,255.0,stop,9.6,0,normal
BUS-006,2025-11-10T14:50:00Z,28.547185,77.342418,0.0,256.5,stop,2.3,0,normal
BUS-006,2025-11-10T14:51:00Z,28.545875,77.342126,0.0,258.0,stop,7.8,0,normal
BUS-006,2025-11-10T14:52:00Z,28.544628,77.341837,0.0,259.5,stop,4.7,0,normal
BUS-006,2025-11-10T14:53:00Z,28.543377,77.341675,0.0,261.0,stop,9.1,0,normal
BUS-006,2025-11-10T14:54:00Z,28.542033,77.341472,0.0,262.5,stop,13.2,0,normal
BUS-006,2025-11-10T14:55:00Z,28.540701,77.341283,0.0,264.0,stop,2.5,0,normal
BUS-006,2025-11-10T14:56:00Z,28.539389,77.341123,0.0,265.5,stop,10.8,0,normal
BUS-006,2025-11-10T14:57:00Z,28.53814,77.341087,0.0,267.0,stop,14.5,0,normal
BUS-006,2025-11-10T14:58:00Z,28.536758,77.341031,8.7,268.5,location,6.5,0,normal
BUS-006,2025-11-10T14:59:00Z,28.535473,77.340966,0.0,270.0,stop,7.7,0,normal
BUS-007,2025-11-10T07:00:00Z,28.504326,77.348109,28.7,306.0,location,13.0,0,normal
BUS-007,2025-11-10T07:01:00Z,28.503213,77.348935,31.7,307.5,location,6.9,0,normal
BUS-007,2025-11-10T07:02:00Z,28.502107,77.349841,36.8,309.0,location,1.9,0,normal
BUS-007,2025-11-10T07:03:00Z,28.500997,77.350641,30.9,310.5,location,10.9,0,normal
BUS-007,2025-11-10T07:04:00Z,28.500094,77.351672,26.1,312.0,location,7.1,0,normal
BUS-007,2025-11-10T07:05:00Z,28.499057,77.352603,36.5,313.5,location,14.0,0,normal
BUS-007,2025-11-10T07:06:00Z,28.497972,77.353537,26.7,315.0,location,2.4,0,normal
BUS-007,2025-11-10T07:07:00Z,28.497035,77.35455,50.2,316.5,location,11.3,0,normal
BUS-007,2025-11-10T07:08:00Z,28.495993,77.35559,32.4,318.0,location,10.9,0,normal
BUS-007,2025-11-10T07:09:00Z,28.495211,77.35664,41.1,319.5,location,5.2,0,normal
BUS-007,2025-11-10T07:10:00Z,28.49434,77.357658,31.4,321.0,location,10.5,0,normal
BUS-007,2025-11-10T07:11:00Z,28.493464,77.358727,28.7,322.5,location,16.6,0,normal
BUS-007,2025-11-10T07:12:00Z,28.492616,77.359768,41.0,324.0,location,14.4,0,normal
BUS-007,2025-11-10T07:13:00Z,28.491738,77.360981,42.3,325.5,location,9.5,0,normal
BUS-007,2025-11-10T07:14:00Z,28.490942,77.362174,34.9,327.0,location,7.1,0,normal
BUS-007,2025-11-10T07:15:00Z,28.490331,77.36333,31.2,328.5,location,5.9,0,normal
BUS-007,2025-11-10T07:16:00Z,28.489639,77.364488,38.4,330.1,location,5.6,0,normal
BUS-007,2025-11-10T07:17:00Z,28.488862,77.365743,40.8,331.6,location,9.2,0,normal
BUS-007,2025-11-10T07:18:00Z,28.488224,77.366988,43.5,333.1,location,9.7,0,normal
BUS-007,2025-11-10T07:19:00Z,28.48764,77.368191,46.3,334.6,location,12.4,0,normal
BUS-007,2025-11-10T07:20:00Z,28.487022,77.369471,31.2,336.1,location,7.8,0,normal
BUS-007,2025-11-10T07:21:00Z,28.486442,77.370856,47.0,337.6,location,8.9,0,normal
BUS-007,2025-11-10T07:22:00Z,28.486041,77.371979,38.7,339.1,location,13.4,0,normal
BUS-007,2025-11-10T07:23:00Z,28.485481,77.373352,26.6,340.6,location,10.8,0,normal
BUS-007,2025-11-10T07:24:00Z,28.485116,77.37468,46.2,342.1,location,6.6,0,normal
BUS-007,2025-11-10T07:25:00Z,28.484661,77.376107,37.4,343.6,location,3.9,0,normal
BUS-007,2025-11-10T07:26:00Z,28.484266,77.377329,40.5,345.1,location,2.2,0,normal
BUS-007,2025-11-10T07:27:00Z,28.483884,77.378674,38.6,346.6,location,4.6,0,normal
BUS-007,2025-11-10T07:28:00Z,28.483542,77.380066,36.3,348.1,location,2.4,0,normal
BUS-007,2025-11-10T07:29:00Z,28.48339,77.381404,39.4,349.6,location,9.5,0,normal
BUS-007,2025-11-10T07:30:00Z,28.483113,77.382738,23.5,351.1,location,3.2,0,normal
BUS-007,2025-11-10T07:31:00Z,28.482948,77.384101,35.5,352.6,location,8.5,0,normal
BUS-007,2025-11-10T07:32:00Z,28.482789,77.385581,36.7,354.1,location,3.8,0,normal
BUS-007,2025-11-10T07:33:00Z,28.482622,77.386888,35.3,355.6,location,8.9,0,normal
BUS-007,2025-11-10T07:34:00Z,28.482606,77.388357,36.7,357.1,location,8.2,0,normal
BUS-007,2025-11-10T07:35:00Z,28.482559,77.389702,41.8,358.6,location,8.9,0,normal
BUS-007,2025-11-10T07:36:00Z,28.482436,77.391048,34.2,0.1,location,8.1,0,normal
BUS-007,2025-11-10T07:37:00Z,28.482491,77.392545,36.5,1.6,location,5.8,0,normal
BUS-007,2025-11-10T07:38:00Z,28.482519,77.393903,30.4,3.1,location,1.1,0,normal
BUS-007,2025-11-10T07:39:00Z,28.48257,77.395236,39.7,4.6,location,15.0,0,normal
BUS-007,2025-11-10T07:40:00Z,28.482763,77.39666,27.8,6.1,location,16.7,0,normal
BUS-007,2025-11-10T07:41:00Z,28.48298,77.398014,32.6,7.6,location,9.0,0,normal
BUS-007,2025-11-10T07:42:00Z,28.483223,77.399375,22.3,9.1,location,7.7,0,normal
BUS-007,2025-11-10T07:43:00Z,28.483383,77.40085,39.3,10.6,location,10.1,0,normal
BUS-007,2025-11-10T07:44:00Z,28.483624,77.402163,37.5,12.1,location,4.1,0,normal
BUS-007,2025-11-10T07:45:00Z,28.483964,77.403518,33.4,13.6,location,4.9,0,normal
BUS-007,2025-11-10T07:46:00Z,28.484376,77.404877,15.4,15.1,location,7.0,0,normal
BUS-007,2025-11-10T07:47:00Z,28.484661,77.406238,30.6,16.6,location,10.2,0,normal
BUS-007,2025-11-10T07:48:00Z,28.48524,77.407471,28.0,18.2,location,6.9,0,normal
BUS-007,2025-11-10T07:49:00Z,28.485549,77.408835,30.7,19.7,location,9.1,0,normal
BUS-007,2025-11-10T07:50:00Z,28.486089,77.410112,35.2,21.2,location,10.6,0,normal
BUS-007,2025-11-10T07:51:00Z,28.486618,77.411423,37.2,22.7,location,5.7,0,normal
BUS-007,2025-11-10T07:52:00Z,28.487165,77.412733,36.3,24.2,location,11.5,0,normal
BUS-007,2025-11-10T07:53:00Z,28.487661,77.414033,40.5,25.7,location,5.5,0,normal
BUS-007,2025-11-10T07:54:00Z,28.488348,77.415228,33.5,27.2,location,13.2,0,normal
BUS-007,2025-11-10T07:55:00Z,28.48909,77.416416,25.1,28.7,location,11.5,0,normal
BUS-007,2025-11-10T07:56:00Z,28.489711,77.417554,33.2,30.2,location,5.1,0,normal
BUS-007,2025-11-10T07:57:00Z,28.490466,77.4188,47.9,31.7,location,5.9,0,normal
BUS-007,2025-11-10T07:58:00Z,28.491117,77.420005,48.8,33.2,location,10.3,0,normal
BUS-007,2025-11-10T07:59:00Z,28.491864,77.421226,30.4,34.7,location,10.6,0,normal
BUS-007,2025-11-10T08:00:00Z,28.492754,77.42224,38.0,36.2,location,13.6,0,normal
BUS-007,2025-11-10T08:01:00Z,28.493638,77.423368,34.6,37.7,location,11.8,0,normal
BUS-007,2025-11-10T08:02:00Z,28.494388,77.424573,29.0,39.2,location,12.2,0,normal
BUS-007,2025-11-10T08:03:00Z,28.495262,77.425583,24.7,40.7,location,7.1,0,normal
BUS-007,2025-11-10T08:04:00Z,28.496234,77.426564,25.7,42.2,location,8.0,0,normal
BUS-007,2025-11-10T08:05:00Z,28.497232,77.42764,35.8,43.7,location,10.1,0,normal
BUS-007,2025-11-10T08:06:00Z,28.498153,77.42863,44.9,45.2,location,11.5,0,normal
BUS-007,2025-11-10T08:07:00Z,28.49921,77.42956,37.2,46.7,location,6.3,0,normal
BUS-007,2025-11-10T08:08:00Z,28.500198,77.430514,38.1,48.2,location,8.7,0,normal
BUS-007,2025-11-10T08:09:00Z,28.501242,77.431467,32.3,49.7,location,11.4,0,normal
BUS-007,2025-11-10T08:10:00Z,28.502347,77.432251,35.6,51.2,location,8.9,0,normal
BUS-007,2025-11-10T08:11:00Z,28.503366,77.433205,32.6,52.7,location,10.9,0,normal
BUS-007,2025-11-10T08:12:00Z,28.504557,77.433968,40.8,54.2,location,1.7,0,normal
BUS-007,2025-11-10T08:13:00Z,28.505604,77.434853,34.0,55.7,location,0.5,0,normal
BUS-007,2025-11-10T08:14:00Z,28.506781,77.435626,40.1,57.2,location,0.6,0,normal
BUS-007,2025-11-10T08:15:00Z,28.508108,77.436365,32.9,58.7,location,0.9,0,normal
BUS-007,2025-11-10T08:16:00Z,28.509196,77.437064,44.1,60.2,location,8.2,0,normal
BUS-007,2025-11-10T08:17:00Z,28.510464,77.437687,38.8,61.7,location,13.7,0,normal
BUS-007,2025-11-10T08:18:00Z,28.511646,77.438341,25.2,63.2,location,16.0,0,normal
BUS-007,2025-11-10T08:19:00Z,28.512915,77.438926,37.4,64.7,location,2.4,0,normal
BUS-007,2025-11-10T08:20:00Z,28.514109,77.43956,29.2,66.3,location,5.6,0,normal
BUS-007,2025-11-10T08:21:00Z,28.515492,77.440064,32.5,67.8,location,14.3,0,normal
BUS-007,2025-11-10T08:22:00Z,28.516805,77.44061,36.2,69.3,location,12.5,0,normal
BUS-007,2025-11-10T08:23:00Z,28.518084,77.440965,34.4,70.8,location,4.8,0,normal
BUS-007,2025-11-10T08:24:00Z,28.519315,77.441502,37.3,72.3,location,3.4,0,normal
BUS-007,2025-11-10T08:25:00Z,28.520619,77.441962,42.5,73.8,location,5.7,0,normal
BUS-007,2025-11-10T08:26:00Z,28.521984,77.44222,37.6,75.3,location,2.6,0,normal
BUS-007,2025-11-10T08:27:00Z,28.523362,77.442584,41.4,76.8,location,4.6,0,normal
BUS-007,2025-11-10T08:28:00Z,28.524749,77.442894,31.8,78.3,location,12.3,0,normal
BUS-007,2025-11-10T08:29:00Z,28.526007,77.443126,23.2,79.8,location,2.5,0,normal
BUS-007,2025-11-10T08:30:00Z,28.527445,77.443358,31.8,81.3,location,9.5,0,normal
BUS-007,2025-11-10T08:31:00Z,28.528771,77.443595,0.0,82.8,stop,5.9,0,normal
BUS-007,2025-11-10T08:32:00Z,28.530287,77.443713,0.0,84.3,stop,2.4,0,normal
BUS-007,2025-11-10T08:33:00Z,28.531574,77.443827,0.0,85.8,stop,8.5,0,normal
BUS-007,2025-11-10T08:34:00Z,28.533036,77.443933,0.0,87.3,stop,9.0,0,normal
BUS-007,2025-11-10T08:35:00Z,28.534377,77.44399,0.0,88.8,stop,8.6,0,normal
BUS-007,2025-11-10T08:36:00Z,28.53579,77.444018,0.0,90.3,stop,1.9,0,normal
BUS-007,2025-11-10T08:37:00Z,28.537217,77.443982,0.0,91.8,stop,7.7,0,normal
BUS-007,2025-11-10T08:38:00Z,28.538502,77.443916,11.6,93.3,location,5.3,0,normal
BUS-007,2025-11-10T08:39:00Z,28.540005,77.443825,6.6,94.8,location,11.5,0,normal
BUS-007,2025-11-10T08:40:00Z,28.54139,77.443691,0.0,96.3,stop,11.6,0,normal
BUS-007,2025-11-10T08:41:00Z,28.542861,77.443481,0.0,97.8,stop,8.6,0,normal
BUS-007,2025-11-10T08:42:00Z,28.544057,77.443227,0.0,99.3,stop,9.2,0,normal
BUS-007,2025-11-10T08:43:00Z,28.545441,77.443101,11.4,100.8,location,14.1,0,normal
BUS-007,2025-11-10T08:44:00Z,28.546806,77.442802,0.0,102.3,stop,8.6,0,normal
BUS-007,2025-11-10T08:45:00Z,28.548189,77.442493,0.0,103.8,stop,8.3,0,normal
BUS-007,2025-11-10T08:46:00Z,28.54944,77.442115,0.0,105.3,stop,4.7,0,normal
BUS-007,2025-11-10T08:47:00Z,28.550798,77.441788,0.0,106.8,stop,7.4,0,normal
BUS-007,2025-11-10T08:48:00Z,28.552086,77.441257,0.0,108.3,stop,7.0,0,normal
BUS-007,2025-11-10T08:49:00Z,28.55353,77.440942,0.0,109.8,stop,12.7,0,normal
BUS-007,2025-11-10T08:50:00Z,28.554762,77.440307,0.0,111.3,stop,3.3,0,normal
BUS-007,2025-11-10T08:51:00Z,28.556038,77.43991,0.0,112.8,stop,10.3,0,normal
BUS-007,2025-11-10T08:52:00Z,28.557216,77.439291,0.0,114.4,stop,5.6,0,normal
BUS-007,2025-11-10T08:53:00Z,28.558591,77.438683,0.0,115.9,stop,4.7,0,normal
BUS-007,2025-11-10T08:54:00Z,28.559849,77.438134,0.0,117.4,stop,5.4,0,normal
BUS-007,2025-11-10T08:55:00Z,28.561079,77.437411,0.0,118.9,stop,1.6,0,normal
BUS-007,2025-11-10T08:56:00Z,28.562282,77.436767,0.0,120.4,stop,0.3,0,normal
BUS-007,2025-11-10T08:57:00Z,28.563499,77.436051,0.0,121.9,stop,2.3,0,normal
BUS-007,2025-11-10T08:58:00Z,28.564628,77.435433,0.0,123.4,stop,12.0,0,normal
BUS-007,2025-11-10T08:59:00Z,28.565859,77.434463,0.0,124.9,stop,4.7,0,normal
BUS-007,2025-11-10T09:00:00Z,28.566963,77.433685,0.0,126.4,stop,14.0,0,normal
BUS-007,2025-11-10T09:01:00Z,28.568108,77.432878,0.0,127.9,stop,0.4,0,normal
BUS-007,2025-11-10T09:02:00Z,28.569112,77.431908,0.0,129.4,stop,11.5,0,normal
BUS-007,2025-11-10T09:03:00Z,28.57024,77.431055,0.0,130.9,stop,18.6,0,normal
BUS-007,2025-11-10T09:04:00Z,28.571195,77.430069,0.0,132.4,stop,14.4,0,normal
BUS-007,2025-11-10T09:05:00Z,28.572226,77.429165,0.0,133.9,stop,5.5,0,normal
BUS-007,2025-11-10T09:06:00Z,28.573228,77.428275,0.0,135.4,stop,13.6,0,normal
BUS-007,2025-11-10T09:07:00Z,28.57416,77.427204,0.0,136.9,stop,7.0,0,normal
BUS-007,2025-11-10T09:08:00Z,28.575174,77.426143,0.0,138.4,stop,5.9,0,normal
BUS-007,2025-11-10T09:09:00Z,28.57599,77.425128,0.0,139.9,stop,11.1,0,normal
BUS-007,2025-11-10T09:10:00Z,28.576941,77.424074,11.7,141.4,location,8.1,0,normal
BUS-007,2025-11-10T09:11:00Z,28.577872,77.423004,0.0,142.9,stop,12.8,0,normal
BUS-007,2025-11-10T09:12:00Z,28.578678,77.421811,0.0,144.4,stop,6.9,0,normal
BUS-007,2025-11-10T09:13:00Z,28.579447,77.4207,0.0,145.9,stop,4.8,0,normal
BUS-007,2025-11-10T09:14:00Z,28.580129,77.419489,0.0,147.4,stop,3.8,0,normal
BUS-007,2025-11-10T09:15:00Z,28.580891,77.418344,0.0,148.9,stop,8.7,0,normal
BUS-007,2025-11-10T09:16:00Z,28.581606,77.417128,0.0,150.4,stop,4.4,0,normal
BUS-007,2025-11-10T09:17:00Z,28.582318,77.415875,0.0,151.9,stop,13.1,0,normal
BUS-007,2025-11-10T09:18:00Z,28.582943,77.414711,0.0,153.4,stop,8.7,0,normal
BUS-007,2025-11-10T09:19:00Z,28.583552,77.413432,0.0,154.9,stop,4.2,0,normal
BUS-007,2025-11-10T09:20:00Z,28.584092,77.412286,0.0,156.4,stop,8.7,0,normal
BUS-007,2025-11-10T09:21:00Z,28.584643,77.410923,0.0,157.9,stop,2.7,0,normal
BUS-007,2025-11-10T09:22:00Z,28.585159,77.409593,0.0,159.4,stop,1.4,0,normal
BUS-007,2025-11-10T09:23:00Z,28.585552,77.408305,0.0,160.9,stop,14.5,0,normal
BUS-007,2025-11-10T09:24:00Z,28.586073,77.406982,11.5,162.5,location,7.3,0,normal
BUS-007,2025-11-10T09:25:00Z,28.586461,77.405676,0.0,164.0,stop,2.5,0,normal
BUS-007,2025-11-10T09:26:00Z,28.586807,77.404249,6.4,165.5,location,9.0,0,normal
BUS-007,2025-11-10T09:27:00Z,28.587176,77.402965,0.0,167.0,stop,14.3,0,normal
BUS-007,2025-11-10T09:28:00Z,28.58739,77.401651,0.0,168.5,stop,14.0,0,normal
BUS-007,2025-11-10T09:29:00Z,28.587708,77.400214,0.0,170.0,stop,12.4,0,normal
BUS-007,2025-11-10T09:30:00Z,28.587901,77.398796,0.0,171.5,stop,7.4,0,normal
BUS-007,2025-11-10T09:31:00Z,28.588033,77.397479,0.0,173.0,stop,7.9,0,normal
BUS-007,2025-11-10T09:32:00Z,28.588153,77.396125,0.0,174.5,stop,5.8,0,normal
BUS-007,2025-11-10T09:33:00Z,28.588316,77.394653,0.0,176.0,stop,9.9,0,normal
BUS-007,2025-11-10T09:34:00Z,28.588443,77.393356,0.0,177.5,stop,9.5,0,normal
BUS-007,2025-11-10T09:35:00Z,28.588396,77.392042,0.0,179.0,stop,3.7,0,normal
BUS-007,2025-11-10T09:36:00Z,28.588539,77.390579,10.1,180.5,location,12.1,0,normal
BUS-007,2025-11-10T09:37:00Z,28.588448,77.389187,0.0,182.0,stop,10.8,0,normal
BUS-007,2025-11-10T09:38:00Z,28.588444,77.387704,0.0,183.5,stop,8.7,0,normal
BUS-007,2025-11-10T09:39:00Z,28.588263,77.386397,0.0,185.0,stop,4.7,0,normal
BUS-007,2025-11-10T09:40:00Z,28.588152,77.384986,0.0,186.5,stop,7.4,0,normal
BUS-007,2025-11-10T09:41:00Z,28.587977,77.383646,0.0,188.0,stop,6.9,0,normal
BUS-007,2025-11-10T09:42:00Z,28.587798,77.382206,0.0,189.5,stop,13.1,0,normal
BUS-007,2025-11-10T09:43:00Z,28.587531,77.380893,0.0,191.0,stop,2.8,0,normal
BUS-007,2025-11-10T09:44:00Z,28.587236,77.379597,0.0,192.5,stop,11.2,0,normal
BUS-007,2025-11-10T09:45:00Z,28.586864,77.378081,0.0,194.0,stop,12.5,0,normal
BUS-007,2025-11-10T09:46:00Z,28.586623,77.376823,0.0,195.5,stop,3.3,0,normal
BUS-007,2025-11-10T09:47:00Z,28.586224,77.375466,0.0,197.0,stop,9.2,0,normal
BUS-007,2025-11-10T09:48:00Z,28.585796,77.374176,0.0,198.5,stop,6.9,0,normal
BUS-007,2025-11-10T09:49:00Z,28.585293,77.372795,0.0,200.0,stop,1.0,0,normal
BUS-007,2025-11-10T09:50:00Z,28.584866,77.371596,0.0,201.5,stop,2.4,0,normal
BUS-007,2025-11-10T09:51:00Z,28.584241,77.370256,0.0,203.0,stop,4.3,0,normal
BUS-007,2025-11-10T09:52:00Z,28.583708,77.368884,0.0,204.5,stop,17.6,0,normal
BUS-007,2025-11-10T09:53:00Z,28.583124,77.367723,0.0,206.0,stop,6.9,0,normal
BUS-007,2025-11-10T09:54:00Z,28.582459,77.366473,0.0,207.5,stop,7.8,0,normal
BUS-007,2025-11-10T09:55:00Z,28.581772,77.365312,0.0,209.0,stop,11.4,0,normal
BUS-007,2025-11-10T09:56:00Z,28.581138,77.364055,0.0,210.6,stop,7.8,0,normal
BUS-007,2025-11-10T09:57:00Z,28.580407,77.362753,0.0,212.1,stop,15.1,0,normal
BUS-007,2025-11-10T09:58:00Z,28.579656,77.361764,8.9,213.6,location,5.8,0,normal
BUS-007,2025-11-10T09:59:00Z,28.578843,77.360576,0.0,215.1,stop,6.1,0,normal
BUS-007,2025-11-10T10:00:00Z,28.578147,77.359461,0.0,216.6,stop,10.0,0,normal
BUS-007,2025-11-10T10:01:00Z,28.577221,77.358312,0.0,218.1,stop,13.4,0,normal
BUS-007,2025-11-10T10:02:00Z,28.576341,77.357356,0.0,219.6,stop,7.7,0,normal
BUS-007,2025-11-10T10:03:00Z,28.575489,77.356216,0.0,221.1,stop,11.4,0,normal
BUS-007,2025-11-10T10:04:00Z,28.574496,77.355143,0.0,222.6,stop,6.6,0,normal
BUS-007,2025-11-10T10:05:00Z,28.57358,77.354185,0.0,224.1,stop,7.2,0,normal
BUS-007,2025-11-10T10:06:00Z,28.572546,77.353157,0.0,225.6,stop,10.5,0,normal
BUS-007,2025-11-10T10:07:00Z,28.571541,77.352157,0.0,227.1,stop,11.1,0,normal
BUS-007,2025-11-10T10:08:00Z,28.570521,77.351242,0.0,228.6,stop,8.2,0,normal
BUS-007,2025-11-10T10:09:00Z,28.569521,77.350367,0.0,230.1,stop,12.1,0,normal
BUS-007,2025-11-10T10:10:00Z,28.568442,77.349441,0.0,231.6,stop,10.4,0,normal
BUS-007,2025-11-10T10:11:00Z,28.56721,77.348619,0.0,233.1,stop,7.2,0,normal
BUS-007,2025-11-10T10:12:00Z,28.566225,77.347767,0.0,234.6,stop,7.2,0,normal
BUS-007,2025-11-10T10:13:00Z,28.565073,77.347032,9.8,236.1,location,3.3,0,normal
BUS-007,2025-11-10T10:14:00Z,28.56385,77.346213,0.0,237.6,stop,7.0,0,normal
BUS-007,2025-11-10T10:15:00Z,28.56274,77.345517,0.0,239.1,stop,10.3,0,normal
BUS-007,2025-11-10T10:16:00Z,28.561476,77.344798,0.0,240.6,stop,15.2,0,normal
BUS-007,2025-11-10T10:17:00Z,28.560332,77.344158,0.0,242.1,stop,7.9,0,normal
BUS-007,2025-11-10T10:18:00Z,28.559014,77.343502,0.0,243.6,stop,7.1,0,normal
BUS-007,2025-11-10T10:19:00Z,28.557816,77.342941,0.0,245.1,stop,8.5,0,normal
BUS-007,2025-11-10T10:20:00Z,28.556559,77.342339,10.7,246.6,location,7.5,0,normal
BUS-007,2025-11-10T10:21:00Z,28.555262,77.341835,0.0,248.1,stop,6.9,0,normal
BUS-007,2025-11-10T10:22:00Z,28.55402,77.34129,0.0,249.6,stop,7.4,0,normal
BUS-007,2025-11-10T10:23:00Z,28.552636,77.340819,0.0,251.1,stop,4.7,0,normal
BUS-007,2025-11-10T10:24:00Z,28.551254,77.340384,0.0,252.6,stop,4.1,0,normal
BUS-007,2025-11-10T10:25:00Z,28.549911,77.339999,7.1,254.1,location,8.9,0,normal
BUS-007,2025-11-10T10:26:00Z,28.548625,77.339638,0.0,255.6,stop,7.5,0,normal
BUS-007,2025-11-10T10:27:00Z,28.547323,77.339292,9.9,257.1,location,4.9,0,normal
BUS-007,2025-11-10T10:28:00Z,28.545954,77.33893,10.9,258.7,location,9.7,0,normal
BUS-007,2025-11-10T10:29:00Z,28.544604,77.338774,0.0,260.2,stop,5.1,0,normal
BUS-007,2025-11-10T10:30:00Z,28.543254,77.338596,0.0,261.7,stop,232.2,1,unexpected_stop
BUS-007,2025-11-10T10:31:00Z,28.541808,77.338395,0.0,263.2,stop,318.8,1,unexpected_stop
BUS-007,2025-11-10T10:32:00Z,28.540488,77.338334,0.0,264.7,stop,220.9,1,unexpected_stop
BUS-007,2025-11-10T10:33:00Z,28.539072,77.338105,0.0,266.2,stop,208.4,1,unexpected_stop
BUS-007,2025-11-10T10:34:00Z,28.537597,77.33805,0.0,267.7,stop,265.5,1,unexpected_stop
BUS-007,2025-11-10T10:35:00Z,28.536161,77.338055,0.0,269.2,stop,307.8,1,unexpected_stop
BUS-007,2025-11-10T10:36:00Z,28.534958,77.337882,0.0,270.7,stop,295.8,1,unexpected_stop
BUS-007,2025-11-10T10:37:00Z,28.533514,77.338056,0.0,272.2,stop,303.1,1,unexpected_stop
BUS-007,2025-11-10T10:38:00Z,28.53211,77.338036,0.0,273.7,stop,242.0,1,unexpected_stop
BUS-007,2025-11-10T10:39:00Z,28.530696,77.338257,0.0,275.2,stop,253.9,1,unexpected_stop
BUS-007,2025-11-10T10:40:00Z,28.529376,77.338268,0.0,276.7,stop,282.4,1,unexpected_stop
BUS-007,2025-11-10T10:41:00Z,28.527938,77.338583,0.0,278.2,stop,231.1,1,unexpected_stop
BUS-007,2025-11-10T10:42:00Z,28.526621,77.338815,0.0,279.7,stop,260.4,1,unexpected_stop
BUS-007,2025-11-10T10:43:00Z,28.52509,77.339039,0.0,281.2,stop,266.2,1,unexpected_stop
BUS-007,2025-11-10T10:44:00Z,28.523851,77.339351,0.0,282.7,stop,284.4,1,unexpected_stop
BUS-007,2025-11-10T10:45:00Z,28.522535,77.339686,0.0,284.2,stop,287.1,1,unexpected_stop
BUS-007,2025-11-10T10:46:00Z,28.521122,77.340026,0.0,285.7,stop,258.1,1,unexpected_stop
BUS-007,2025-11-10T10:47:00Z,28.519862,77.340436,0.0,287.2,stop,250.8,1,unexpected_stop
BUS-007,2025-11-10T10:48:00Z,28.51848,77.340851,0.0,288.7,stop,293.7,1,unexpected_stop
BUS-007,2025-11-10T10:49:00Z,28.517208,77.341161,0.0,290.2,stop,274.4,1,unexpected_stop
BUS-007,2025-11-10T10:50:00Z,28.515872,77.341766,0.0,291.7,stop,221.4,1,unexpected_stop
BUS-007,2025-11-10T10:51:00Z,28.51457,77.342321,0.0,293.2,stop,225.2,1,unexpected_stop
BUS-007,2025-11-10T10:52:00Z,28.513409,77.342826,0.0,294.7,stop,211.2,1,unexpected_stop
BUS-007,2025-11-10T10:53:00Z,28.512037,77.343459,0.0,296.2,stop,233.5,1,unexpected_stop
BUS-007,2025-11-10T10:54:00Z,28.510823,77.344114,0.0,297.7,stop,284.8,1,unexpected_stop
BUS-007,2025-11-10T10:55:00Z,28.509605,77.344721,0.0,299.2,stop,253.3,1,extended_idle
BUS-007,2025-11-10T10:56:00Z,28.508354,77.345463,0.0,300.7,stop,261.6,1,extended_idle
BUS-007,2025-11-10T10:57:00Z,28.507215,77.346162,0.0,302.2,stop,273.1,1,extended_idle
BUS-007,2025-11-10T10:58:00Z,28.506053,77.346966,0.0,303.7,stop,211.1,1,extended_idle
BUS-007,2025-11-10T10:59:00Z,28.504915,77.34782,0.0,305.2,stop,277.4,1,extended_idle
BUS-007,2025-11-10T11:00:00Z,28.503803,77.348622,0.0,306.8,stop,243.0,1,extended_idle
BUS-007,2025-11-10T11:01:00Z,28.502691,77.349364,0.0,308.3,stop,266.8,1,extended_idle
BUS-007,2025-11-10T11:02:00Z,28.501636,77.350248,0.0,309.8,stop,309.7,1,extended_idle
BUS-007,2025-11-10T11:03:00Z,28.500677,77.351119,0.0,311.3,stop,319.9,1,extended_idle
BUS-007,2025-11-10T11:04:00Z,28.49951,77.35212,0.0,312.8,stop,305.3,1,extended_idle
BUS-007,2025-11-10T11:05:00Z,28.498594,77.353019,0.0,314.3,stop,198.1,1,extended_idle
BUS-007,2025-11-10T11:06:00Z,28.497436,77.354039,0.0,315.8,stop,5.8,0,normal
BUS-007,2025-11-10T11:07:00Z,28.49652,77.355102,0.0,317.3,stop,12.5,0,normal
BUS-007,2025-11-10T11:08:00Z,28.495617,77.356085,0.0,318.8,stop,0.9,0,normal
BUS-007,2025-11-10T11:09:00Z,28.49467,77.357154,0.0,320.3,stop,7.2,0,normal
BUS-007,2025-11-10T11:10:00Z,28.493917,77.358194,0.0,321.8,stop,7.6,0,normal
BUS-007,2025-11-10T11:11:00Z,28.492983,77.359265,0.0,323.3,stop,9.4,0,normal
BUS-007,2025-11-10T11:12:00Z,28.492256,77.360429,5.0,324.8,location,3.9,0,normal
BUS-007,2025-11-10T11:13:00Z,28.49136,77.361471,0.0,326.3,stop,2.6,0,normal
BUS-007,2025-11-10T11:14:00Z,28.490767,77.362703,0.0,327.8,stop,8.2,0,normal
BUS-007,2025-11-10T11:15:00Z,28.48997,77.363977,0.0,329.3,stop,7.9,0,normal
BUS-007,2025-11-10T11:16:00Z,28.489218,77.365175,0.0,330.8,stop,0.6,0,normal
BUS-007,2025-11-10T11:17:00Z,28.488606,77.366433,0.0,332.3,stop,1.4,0,normal
BUS-007,2025-11-10T11:18:00Z,28.488037,77.367629,0.0,333.8,stop,14.7,0,normal
BUS-007,2025-11-10T11:19:00Z,28.487385,77.368898,7.3,335.3,location,2.8,0,normal
BUS-007,2025-11-10T11:20:00Z,28.486799,77.370262,9.3,336.8,location,10.2,0,normal
BUS-007,2025-11-10T11:21:00Z,28.486264,77.371458,0.0,338.3,stop,7.4,0,normal
BUS-007,2025-11-10T11:22:00Z,28.485728,77.372643,0.0,339.8,stop,15.2,0,normal
BUS-007,2025-11-10T11:23:00Z,28.485253,77.374112,0.0,341.3,stop,3.9,0,normal
BUS-007,2025-11-10T11:24:00Z,28.484884,77.375412,0.0,342.8,stop,13.3,0,normal
BUS-007,2025-11-10T11:25:00Z,28.48459,77.376738,0.0,344.3,stop,11.6,0,normal
BUS-007,2025-11-10T11:26:00Z,28.48406,77.377979,0.0,345.8,stop,5.5,0,normal
BUS-007,2025-11-10T11:27:00Z,28.483708,77.379326,8.5,347.3,location,13.5,0,normal
BUS-007,2025-11-10T11:28:00Z,28.483522,77.380744,0.0,348.8,stop,8.2,0,normal
BUS-007,2025-11-10T11:29:00Z,28.48322,77.382077,0.0,350.3,stop,5.9,0,normal
BUS-007,2025-11-10T11:30:00Z,28.483005,77.38346,11.0,351.8,location,18.3,0,normal
BUS-007,2025-11-10T11:31:00Z,28.482837,77.384782,5.3,353.3,location,11.2,0,normal
BUS-007,2025-11-10T11:32:00Z,28.482738,77.386275,0.0,354.9,stop,2.0,0,normal
BUS-007,2025-11-10T11:33:00Z,28.482588,77.387655,0.0,356.4,stop,7.9,0,normal
BUS-007,2025-11-10T11:34:00Z,28.482521,77.389056,0.0,357.9,stop,6.8,0,normal
BUS-007,2025-11-10T11:35:00Z,28.482388,77.390438,0.0,359.4,stop,3.9,0,normal
BUS-007,2025-11-10T11:36:00Z,28.482555,77.391834,0.0,0.9,stop,6.4,0,normal
BUS-007,2025-11-10T11:37:00Z,28.482598,77.393243,0.0,2.4,stop,1.9,0,normal
BUS-007,2025-11-10T11:38:00Z,28.482642,77.39458,0.0,3.9,stop,1.3,0,normal
BUS-007,2025-11-10T11:39:00Z,28.482693,77.39593,0.0,5.4,stop,0.5,0,normal
BUS-007,2025-11-10T11:40:00Z,28.482831,77.397395,0.0,6.9,stop,6.9,0,normal
BUS-007,2025-11-10T11:41:00Z,28.483053,77.39882,0.0,8.4,stop,3.1,0,normal
BUS-007,2025-11-10T11:42:00Z,28.483255,77.400133,0.0,9.9,stop,9.2,0,normal
BUS-007,2025-11-10T11:43:00Z,28.483454,77.401474,0.0,11.4,stop,6.2,0,normal
BUS-007,2025-11-10T11:44:00Z,28.483845,77.402864,0.0,12.9,stop,6.4,0,normal
BUS-007,2025-11-10T11:45:00Z,28.484163,77.404283,6.1,14.4,location,13.2,0,normal
BUS-007,2025-11-10T11:46:00Z,28.484534,77.405466,0.0,15.9,stop,9.1,0,normal
BUS-007,2025-11-10T11:47:00Z,28.48494,77.406805,9.9,17.4,location,6.7,0,normal
BUS-007,2025-11-10T11:48:00Z,28.485378,77.408254,0.0,18.9,stop,7.7,0,normal
BUS-007,2025-11-10T11:49:00Z,28.485784,77.409502,0.0,20.4,stop,15.1,0,normal
BUS-007,2025-11-10T11:50:00Z,28.486331,77.41074,0.0,21.9,stop,15.5,0,normal
BUS-007,2025-11-10T11:51:00Z,28.486884,77.412039,0.0,23.4,stop,1.0,0,normal
BUS-007,2025-11-10T11:52:00Z,28.487418,77.413363,0.0,24.9,stop,11.2,0,normal
BUS-007,2025-11-10T11:53:00Z,28.487976,77.414618,0.0,26.4,stop,6.7,0,normal
BUS-007,2025-11-10T11:54:00Z,28.488691,77.415789,0.0,27.9,stop,9.9,0,normal
BUS-007,2025-11-10T11:55:00Z,28.489304,77.417023,9.8,29.4,location,8.2,0,normal
BUS-007,2025-11-10T11:56:00Z,28.490048,77.418194,0.0,30.9,stop,6.3,0,normal
BUS-007,2025-11-10T11:57:00Z,28.490835,77.419497,0.0,32.4,stop,12.3,0,normal
BUS-007,2025-11-10T11:58:00Z,28.491563,77.420575,0.0,33.9,stop,10.2,0,normal
BUS-007,2025-11-10T11:59:00Z,28.492259,77.421731,8.4,35.4,location,8.1,0,normal
BUS-007,2025-11-10T12:00:00Z,28.493218,77.422849,0.0,36.9,stop,3.8,0,normal
BUS-007,2025-11-10T12:01:00Z,28.493977,77.423932,6.7,38.4,location,5.3,0,normal
BUS-007,2025-11-10T12:02:00Z,28.49486,77.425032,0.0,39.9,stop,22.6,0,normal
BUS-007,2025-11-10T12:03:00Z,28.495725,77.426127,0.0,41.4,stop,5.1,0,normal
BUS-007,2025-11-10T12:04:00Z,28.49669,77.42708,0.0,43.0,stop,4.2,0,normal
BUS-007,2025-11-10T12:05:00Z,28.497555,77.428176,8.5,44.5,location,0.8,0,normal
BUS-007,2025-11-10T12:06:00Z,28.498623,77.42908,0.0,46.0,stop,11.6,0,normal
BUS-007,2025-11-10T12:07:00Z,28.499651,77.430097,0.0,47.5,stop,10.9,0,normal
BUS-007,2025-11-10T12:08:00Z,28.500749,77.431002,0.0,49.0,stop,11.2,0,normal
BUS-007,2025-11-10T12:09:00Z,28.501805,77.431697,0.0,50.5,stop,7.3,0,normal
BUS-007,2025-11-10T12:10:00Z,28.502759,77.432735,0.0,52.0,stop,13.7,0,normal
BUS-007,2025-11-10T12:11:00Z,28.503998,77.43365,9.3,53.5,location,1.4,0,normal
BUS-007,2025-11-10T12:12:00Z,28.505094,77.434468,0.0,55.0,stop,4.9,0,normal
BUS-007,2025-11-10T12:13:00Z,28.506196,77.435116,0.0,56.5,stop,2.7,0,normal
BUS-007,2025-11-10T12:14:00Z,28.507389,77.435841,9.6,58.0,location,12.1,0,normal
BUS-007,2025-11-10T12:15:00Z,28.508585,77.436655,0.0,59.5,stop,8.2,0,normal
BUS-007,2025-11-10T12:16:00Z,28.509803,77.437424,8.5,61.0,location,4.2,0,normal
BUS-007,2025-11-10T12:17:00Z,28.511045,77.438013,0.0,62.5,stop,4.6,0,normal
BUS-007,2025-11-10T12:18:00Z,28.512222,77.438582,0.0,64.0,stop,3.7,0,normal
BUS-007,2025-11-10T12:19:00Z,28.513465,77.439283,0.0,65.5,stop,4.2,0,normal
BUS-007,2025-11-10T12:20:00Z,28.51474,77.439832,0.0,67.0,stop,6.1,0,normal
BUS-007,2025-11-10T12:21:00Z,28.516095,77.440339,0.0,68.5,stop,8.3,0,normal
BUS-007,2025-11-10T12:22:00Z,28.517356,77.440806,10.2,70.0,location,15.2,0,normal
BUS-007,2025-11-10T12:23:00Z,28.518754,77.441311,0.0,71.5,stop,9.7,0,normal
BUS-007,2025-11-10T12:24:00Z,28.519994,77.441719,0.0,73.0,stop,13.8,0,normal
BUS-007,2025-11-10T12:25:00Z,28.521319,77.44204,0.0,74.5,stop,7.5,0,normal
BUS-007,2025-11-10T12:26:00Z,28.522697,77.442354,0.0,76.0,stop,14.8,0,normal
BUS-007,2025-11-10T12:27:00Z,28.524014,77.442643,0.0,77.5,stop,10.8,0,normal
BUS-007,2025-11-10T12:28:00Z,28.525403,77.443091,7.4,79.0,location,0.5,0,normal
BUS-007,2025-11-10T12:29:00Z,28.526735,77.443295,0.0,80.5,stop,9.0,0,normal
BUS-007,2025-11-10T12:30:00Z,28.528093,77.443497,0.0,82.0,stop,7.8,0,normal
BUS-007,2025-11-10T12:31:00Z,28.529464,77.443619,0.0,83.5,stop,2.5,0,normal
BUS-007,2025-11-10T12:32:00Z,28.530889,77.443912,0.0,85.0,stop,7.7,0,normal
BUS-007,2025-11-10T12:33:00Z,28.532268,77.443854,0.0,86.5,stop,5.2,0,normal
BUS-007,2025-11-10T12:34:00Z,28.533696,77.44393,0.0,88.0,stop,11.1,0,normal
BUS-007,2025-11-10T12:35:00Z,28.535073,77.443963,0.0,89.5,stop,10.3,0,normal
BUS-007,2025-11-10T12:36:00Z,28.536499,77.444012,0.0,91.1,stop,11.9,0,normal
BUS-007,2025-11-10T12:37:00Z,28.537872,77.443978,0.0,92.6,stop,6.1,0,normal
BUS-007,2025-11-10T12:38:00Z,28.539256,77.443828,0.0,94.1,stop,11.4,0,normal
BUS-007,2025-11-10T12:39:00Z,28.540621,77.443709,0.0,95.6,stop,1.5,0,normal
BUS-007,2025-11-10T12:40:00Z,28.541979,77.443611,0.0,97.1,stop,9.2,0,normal
BUS-007,2025-11-10T12:41:00Z,28.543467,77.443434,8.2,98.6,location,2.8,0,normal
BUS-007,2025-11-10T12:42:00Z,28.544795,77.443167,0.0,100.1,stop,3.2,0,normal
BUS-007,2025-11-10T12:43:00Z,28.546217,77.442951,0.0,101.6,stop,13.3,0,normal
BUS-007,2025-11-10T12:44:00Z,28.547499,77.44265,0.0,103.1,stop,4.9,0,normal
BUS-007,2025-11-10T12:45:00Z,28.548806,77.442368,0.0,104.6,stop,6.0,0,normal
BUS-007,2025-11-10T12:46:00Z,28.550177,77.441926,0.0,106.1,stop,7.1,0,normal
BUS-007,2025-11-10T12:47:00Z,28.551413,77.441434,6.3,107.6,location,5.5,0,normal
BUS-007,2025-11-10T12:48:00Z,28.552859,77.441043,0.0,109.1,stop,12.4,0,normal
BUS-007,2025-11-10T12:49:00Z,28.55412,77.440657,0.0,110.6,stop,10.4,0,normal
BUS-007,2025-11-10T12:50:00Z,28.555456,77.440182,10.8,112.1,location,6.9,0,normal
BUS-007,2025-11-10T12:51:00Z,28.556738,77.439547,0.0,113.6,stop,5.7,0,normal
BUS-007,2025-11-10T12:52:00Z,28.558026,77.438949,0.0,115.1,stop,9.8,0,normal
BUS-007,2025-11-10T12:53:00Z,28.559163,77.438457,0.0,116.6,stop,8.8,0,normal
BUS-007,2025-11-10T12:54:00Z,28.560476,77.437803,0.0,118.1,stop,3.6,0,normal
BUS-007,2025-11-10T12:55:00Z,28.561729,77.437063,0.0,119.6,stop,7.4,0,normal
BUS-007,2025-11-10T12:56:00Z,28.562899,77.43634,0.0,121.1,stop,4.2,0,normal
BUS-007,2025-11-10T12:57:00Z,28.564064,77.435652,0.0,122.6,stop,13.1,0,normal
BUS-007,2025-11-10T12:58:00Z,28.565298,77.434866,0.0,124.1,stop,11.0,0,normal
BUS-007,2025-11-10T12:59:00Z,28.566378,77.434105,0.0,125.6,stop,3.0,0,normal
BUS-007,2025-11-10T13:00:00Z,28.567453,77.433295,35.6,127.1,location,11.6,0,normal
BUS-007,2025-11-10T13:01:00Z,28.568619,77.432385,36.9,128.6,location,11.4,0,normal
BUS-007,2025-11-10T13:02:00Z,28.569703,77.431625,37.1,130.1,location,2.2,0,normal
BUS-007,2025-11-10T13:03:00Z,28.570638,77.430619,29.0,131.6,location,12.1,0,normal
BUS-007,2025-11-10T13:04:00Z,28.571663,77.429719,29.7,133.1,location,6.0,0,normal
BUS-007,2025-11-10T13:05:00Z,28.572682,77.428879,33.7,134.6,location,10.8,0,normal
BUS-007,2025-11-10T13:06:00Z,28.573679,77.427738,43.8,136.1,location,4.0,0,normal
BUS-007,2025-11-10T13:07:00Z,28.574546,77.426726,41.1,137.6,location,9.3,0,normal
BUS-007,2025-11-10T13:08:00Z,28.575555,77.425713,41.8,139.2,location,5.5,0,normal
BUS-007,2025-11-10T13:09:00Z,28.576358,77.424614,42.3,140.7,location,6.4,0,normal
BUS-007,2025-11-10T13:10:00Z,28.577412,77.423558,39.6,142.2,location,9.7,0,normal
BUS-007,2025-11-10T13:11:00Z,28.578211,77.422407,47.9,143.7,location,9.9,0,normal
BUS-007,2025-11-10T13:12:00Z,28.578981,77.42127,35.8,145.2,location,7.1,0,normal
BUS-007,2025-11-10T13:13:00Z,28.579749,77.420103,45.5,146.7,location,0.6,0,normal
BUS-007,2025-11-10T13:14:00Z,28.580465,77.418952,39.7,148.2,location,11.2,0,normal
BUS-007,2025-11-10T13:15:00Z,28.581319,77.417882,34.0,149.7,location,9.6,0,normal
BUS-007,2025-11-10T13:16:00Z,28.581908,77.416533,34.7,151.2,location,8.0,0,normal
BUS-007,2025-11-10T13:17:00Z,28.582547,77.415349,34.7,152.7,location,6.4,0,normal
BUS-007,2025-11-10T13:18:00Z,28.583279,77.414143,41.8,154.2,location,5.6,0,normal
BUS-007,2025-11-10T13:19:00Z,28.583852,77.412756,41.8,155.7,location,10.2,0,normal
BUS-007,2025-11-10T13:20:00Z,28.584336,77.411525,37.3,157.2,location,10.3,0,normal
BUS-007,2025-11-10T13:21:00Z,28.584819,77.41023,41.4,158.7,location,3.1,0,normal
BUS-007,2025-11-10T13:22:00Z,28.585358,77.409013,37.3,160.2,location,6.6,0,normal
BUS-007,2025-11-10T13:23:00Z,28.585823,77.407612,38.7,161.7,location,7.0,0,normal
BUS-007,2025-11-10T13:24:00Z,28.586244,77.406314,39.3,163.2,location,9.7,0,normal
BUS-007,2025-11-10T13:25:00Z,28.586607,77.405017,34.0,164.7,location,10.2,0,normal
BUS-007,2025-11-10T13:26:00Z,28.587036,77.403647,33.7,166.2,location,7.2,0,normal
BUS-007,2025-11-10T13:27:00Z,28.587298,77.402341,41.3,167.7,location,9.2,0,normal
BUS-007,2025-11-10T13:28:00Z,28.587536,77.400899,30.1,169.2,location,5.3,0,normal
BUS-007,2025-11-10T13:29:00Z,28.587797,77.399553,43.4,170.7,location,2.6,0,normal
BUS-007,2025-11-10T13:30:00Z,28.588068,77.398119,30.6,172.2,location,8.8,0,normal
BUS-007,2025-11-10T13:31:00Z,28.588121,77.396823,47.8,173.7,location,8.2,0,normal
BUS-007,2025-11-10T13:32:00Z,28.588305,77.395462,38.8,175.2,location,5.5,0,normal
BUS-007,2025-11-10T13:33:00Z,28.588374,77.394011,39.3,176.7,location,14.4,0,normal
BUS-007,2025-11-10T13:34:00Z,28.588552,77.392556,36.6,178.2,location,8.8,0,normal
BUS-007,2025-11-10T13:35:00Z,28.588494,77.391266,39.6,179.7,location,3.6,0,normal
BUS-007,2025-11-10T13:36:00Z,28.588431,77.389775,39.3,181.2,location,5.2,0,normal
BUS-007,2025-11-10T13:37:00Z,28.588483,77.388473,25.2,182.7,location,5.3,0,normal
BUS-007,2025-11-10T13:38:00Z,28.588316,77.38707,30.9,184.2,location,5.6,0,normal
BUS-007,2025-11-10T13:39:00Z,28.588266,77.385665,27.3,185.7,location,11.2,0,normal
BUS-007,2025-11-10T13:40:00Z,28.588118,77.384299,36.6,187.3,location,11.1,0,normal
BUS-007,2025-11-10T13:41:00Z,28.587853,77.382933,39.9,188.8,location,13.6,0,normal
BUS-007,2025-11-10T13:42:00Z,28.587617,77.381652,34.8,190.3,location,13.2,0,normal
BUS-007,2025-11-10T13:43:00Z,28.58741,77.380182,40.9,191.8,location,8.5,0,normal
BUS-007,2025-11-10T13:44:00Z,28.587018,77.378911,33.5,193.3,location,7.6,0,normal
BUS-007,2025-11-10T13:45:00Z,28.586609,77.377425,38.9,194.8,location,10.4,0,normal
BUS-007,2025-11-10T13:46:00Z,28.586422,77.376156,29.8,196.3,location,8.3,0,normal
BUS-007,2025-11-10T13:47:00Z,28.585851,77.37476,36.6,197.8,location,12.7,0,normal
BUS-007,2025-11-10T13:48:00Z,28.58552,77.373552,24.4,199.3,location,8.1,0,normal
BUS-007,2025-11-10T13:49:00Z,28.585021,77.372206,35.2,200.8,location,7.6,0,normal
BUS-007,2025-11-10T13:50:00Z,28.584538,77.370757,36.4,202.3,location,5.6,0,normal
BUS-007,2025-11-10T13:51:00Z,28.584022,77.369559,42.3,203.8,location,9.5,0,normal
BUS-007,2025-11-10T13:52:00Z,28.583395,77.368356,31.0,205.3,location,13.4,0,normal
BUS-007,2025-11-10T13:53:00Z,28.582831,77.367095,35.7,206.8,location,5.3,0,normal
BUS-007,2025-11-10T13:54:00Z,28.582216,77.365857,37.6,208.3,location,6.1,0,normal
BUS-007,2025-11-10T13:55:00Z,28.581542,77.364682,33.2,209.8,location,10.8,0,normal
BUS-007,2025-11-10T13:56:00Z,28.580729,77.363557,39.7,211.3,location,10.2,0,normal
BUS-007,2025-11-10T13:57:00Z,28.580057,77.362273,41.2,212.8,location,11.2,0,normal
BUS-007,2025-11-10T13:58:00Z,28.579232,77.361177,28.8,214.3,location,11.6,0,normal
BUS-007,2025-11-10T13:59:00Z,28.578431,77.359962,34.3,215.8,location,6.4,0,normal
BUS-007,2025-11-10T14:00:00Z,28.577669,77.358758,27.0,217.3,location,8.8,0,normal
BUS-007,2025-11-10T14:01:00Z,28.576804,77.357737,23.6,218.8,location,12.0,0,normal
BUS-007,2025-11-10T14:02:00Z,28.575959,77.35672,29.2,220.3,location,4.0,0,normal
BUS-007,2025-11-10T14:03:00Z,28.574947,77.355614,39.8,221.8,location,7.1,0,normal
BUS-007,2025-11-10T14:04:00Z,28.574106,77.354693,24.9,223.3,location,3.7,0,normal
BUS-007,2025-11-10T14:05:00Z,28.573044,77.353617,46.4,224.8,location,8.8,0,normal
BUS-007,2025-11-10T14:06:00Z,28.57216,77.352671,35.3,226.3,location,9.1,0,normal
BUS-007,2025-11-10T14:07:00Z,28.571021,77.351718,40.5,227.8,location,11.4,0,normal
BUS-007,2025-11-10T14:08:00Z,28.570011,77.35085,42.2,229.3,location,1.8,0,normal
BUS-007,2025-11-10T14:09:00Z,28.569015,77.349869,35.9,230.8,location,7.8,0,normal
BUS-007,2025-11-10T14:10:00Z,28.567853,77.349043,35.0,232.3,location,5.1,0,normal
BUS-007,2025-11-10T14:11:00Z,28.566807,77.348237,34.2,233.8,location,4.9,0,normal
BUS-007,2025-11-10T14:12:00Z,28.565691,77.347358,40.3,235.4,location,1.1,0,normal
BUS-007,2025-11-10T14:13:00Z,28.564407,77.34674,28.2,236.9,location,1.2,0,normal
BUS-007,2025-11-10T14:14:00Z,28.563222,77.34586,32.6,238.4,location,5.9,0,normal
BUS-007,2025-11-10T14:15:00Z,28.562128,77.345191,30.1,239.9,location,6.1,0,normal
BUS-007,2025-11-10T14:16:00Z,28.560863,77.344569,40.5,241.4,location,3.5,0,normal
BUS-007,2025-11-10T14:17:00Z,28.559731,77.343904,29.1,242.9,location,13.8,0,normal
BUS-007,2025-11-10T14:18:00Z,28.558467,77.343202,32.5,244.4,location,3.3,0,normal
BUS-007,2025-11-10T14:19:00Z,28.557157,77.342615,42.1,245.9,location,3.0,0,normal
BUS-007,2025-11-10T14:20:00Z,28.555916,77.342036,31.8,247.4,location,7.9,0,normal
BUS-007,2025-11-10T14:21:00Z,28.554631,77.341616,38.6,248.9,location,6.6,0,normal
BUS-007,2025-11-10T14:22:00Z,28.553362,77.341049,34.4,250.4,location,14.0,0,normal
BUS-007,2025-11-10T14:23:00Z,28.552015,77.340671,40.6,251.9,location,7.7,0,normal
BUS-007,2025-11-10T14:24:00Z,28.550744,77.340283,31.2,253.4,location,14.6,0,normal
BUS-007,2025-11-10T14:25:00Z,28.549358,77.339868,31.6,254.9,location,9.8,0,normal
BUS-007,2025-11-10T14:26:00Z,28.547979,77.339505,35.0,256.4,location,7.8,0,normal
BUS-007,2025-11-10T14:27:00Z,28.54662,77.339115,31.3,257.9,location,3.5,0,normal
BUS-007,2025-11-10T14:28:00Z,28.545286,77.338892,44.0,259.4,location,9.3,0,normal
BUS-007,2025-11-10T14:29:00Z,28.543882,77.33867,38.8,260.9,location,8.9,0,normal
BUS-007,2025-11-10T14:30:00Z,28.542494,77.338434,34.7,262.4,location,12.2,0,normal
BUS-007,2025-11-10T14:31:00Z,28.541162,77.338324,0.0,263.9,stop,7.4,0,normal
BUS-007,2025-11-10T14:32:00Z,28.539799,77.338168,0.0,265.4,stop,11.1,0,normal
BUS-007,2025-11-10T14:33:00Z,28.538342,77.338185,0.0,266.9,stop,10.6,0,normal
BUS-007,2025-11-10T14:34:00Z,28.536967,77.338039,0.0,268.4,stop,6.7,0,normal
BUS-007,2025-11-10T14:35:00Z,28.535625,77.337932,0.0,269.9,stop,6.6,0,normal
BUS-007,2025-11-10T14:36:00Z,28.53418,77.337999,0.0,271.4,stop,12.2,0,normal
BUS-007,2025-11-10T14:37:00Z,28.532799,77.338042,0.0,272.9,stop,7.3,0,normal
BUS-007,2025-11-10T14:38:00Z,28.531392,77.338182,0.0,274.4,stop,12.8,0,normal
BUS-007,2025-11-10T14:39:00Z,28.530052,77.338315,0.0,275.9,stop,6.4,0,normal
BUS-007,2025-11-10T14:40:00Z,28.528679,77.338425,0.0,277.4,stop,11.2,0,normal
BUS-007,2025-11-10T14:41:00Z,28.527348,77.338729,0.0,278.9,stop,8.5,0,normal
BUS-007,2025-11-10T14:42:00Z,28.525917,77.338927,0.0,280.4,stop,3.3,0,normal
BUS-007,2025-11-10T14:43:00Z,28.524521,77.339078,0.0,281.9,stop,2.2,0,normal
BUS-007,2025-11-10T14:44:00Z,28.523175,77.339461,0.0,283.5,stop,8.2,0,normal
BUS-007,2025-11-10T14:45:00Z,28.521859,77.339784,0.0,285.0,stop,1.0,0,normal
BUS-007,2025-11-10T14:46:00Z,28.520424,77.340247,0.0,286.5,stop,0.6,0,normal
BUS-007,2025-11-10T14:47:00Z,28.519274,77.340611,0.0,288.0,stop,3.2,0,normal
BUS-007,2025-11-10T14:48:00Z,28.517879,77.341016,0.0,289.5,stop,3.6,0,normal
BUS-007,2025-11-10T14:49:00Z,28.516602,77.341562,0.0,291.0,stop,2.5,0,normal
BUS-007,2025-11-10T14:50:00Z,28.51517,77.341984,0.0,292.5,stop,6.2,0,normal
BUS-007,2025-11-10T14:51:00Z,28.513855,77.34254,0.0,294.0,stop,11.2,0,normal
BUS-007,2025-11-10T14:52:00Z,28.512698,77.343152,0.0,295.5,stop,15.3,0,normal
BUS-007,2025-11-10T14:53:00Z,28.511428,77.343852,0.0,297.0,stop,4.7,0,normal
BUS-007,2025-11-10T14:54:00Z,28.510198,77.344396,0.0,298.5,stop,2.3,0,normal
BUS-007,2025-11-10T14:55:00Z,28.508997,77.345045,0.0,300.0,stop,10.0,0,normal
BUS-007,2025-11-10T14:56:00Z,28.507814,77.345796,0.0,301.5,stop,6.2,0,normal
BUS-007,2025-11-10T14:57:00Z,28.506634,77.346614,0.0,303.0,stop,5.0,0,normal
BUS-007,2025-11-10T14:58:00Z,28.505433,77.347322,0.0,304.5,stop,6.2,0,normal
BUS-007,2025-11-10T14:59:00Z,28.504384,77.348206,0.0,306.0,stop,9.0,0,normal
BUS-008,2025-11-10T07:00:00Z,28.48229,77.373729,31.1,342.0,location,3.3,0,normal
BUS-008,2025-11-10T07:01:00Z,28.481795,77.375211,38.2,343.5,location,10.0,0,normal
BUS-008,2025-11-10T07:02:00Z,28.481447,77.376565,35.1,345.0,location,5.4,0,normal
BUS-008,2025-11-10T07:03:00Z,28.481061,77.378006,41.1,346.5,location,7.5,0,normal
BUS-008,2025-11-10T07:04:00Z,28.480767,77.379413,37.0,348.0,location,1.7,0,normal
BUS-008,2025-11-10T07:05:00Z,28.480435,77.380838,39.3,349.5,location,7.1,0,normal
BUS-008,2025-11-10T07:06:00Z,28.480276,77.382281,43.5,351.0,location,10.6,0,normal
BUS-008,2025-11-10T07:07:00Z,28.480049,77.383677,40.4,352.5,location,10.0,0,normal
BUS-008,2025-11-10T07:08:00Z,28.479821,77.385203,37.0,354.0,location,6.2,0,normal
BUS-008,2025-11-10T07:09:00Z,28.479683,77.386661,38.9,355.5,location,5.7,0,normal
BUS-008,2025-11-10T07:10:00Z,28.479493,77.388116,36.9,357.0,location,3.3,0,normal
BUS-008,2025-11-10T07:11:00Z,28.479493,77.389582,28.0,358.5,location,1.8,0,normal
BUS-008,2025-11-10T07:12:00Z,28.47952,77.391077,39.6,0.0,location,13.8,0,normal
BUS-008,2025-11-10T07:13:00Z,28.479611,77.392448,33.5,1.5,location,4.1,0,normal
BUS-008,2025-11-10T07:14:00Z,28.479653,77.394019,36.0,3.0,location,6.1,0,normal
BUS-008,2025-11-10T07:15:00Z,28.479705,77.395439,31.3,4.5,location,6.3,0,normal
BUS-008,2025-11-10T07:16:00Z,28.4798,77.39697,31.8,6.1,location,5.3,0,normal
BUS-008,2025-11-10T07:17:00Z,28.479956,77.398404,37.2,7.6,location,9.3,0,normal
BUS-008,2025-11-10T07:18:00Z,28.480177,77.399742,30.1,9.1,location,6.8,0,normal
BUS-008,2025-11-10T07:19:00Z,28.480378,77.401265,36.1,10.6,location,13.4,0,normal
BUS-008,2025-11-10T07:20:00Z,28.480696,77.40266,37.8,12.1,location,6.0,0,normal
BUS-008,2025-11-10T07:21:00Z,28.481118,77.404098,25.5,13.6,location,6.9,0,normal
BUS-008,2025-11-10T07:22:00Z,28.481407,77.405615,32.4,15.1,location,7.4,0,normal
BUS-008,2025-11-10T07:23:00Z,28.481834,77.406983,35.3,16.6,location,7.9,0,normal
BUS-008,2025-11-10T07:24:00Z,28.482133,77.408409,30.4,18.1,location,5.3,0,normal
BUS-008,2025-11-10T07:25:00Z,28.482695,77.409708,39.6,19.6,location,2.0,0,normal
BUS-008,2025-11-10T07:26:00Z,28.483252,77.411039,41.0,21.1,location,11.4,0,normal
BUS-008,2025-11-10T07:27:00Z,28.483867,77.412552,39.8,22.6,location,5.5,0,normal
BUS-008,2025-11-10T07:28:00Z,28.484428,77.413891,52.0,24.1,location,7.6,0,normal
BUS-008,2025-11-10T07:29:00Z,28.48488,77.415169,37.7,25.6,location,7.4,0,normal
BUS-008,2025-11-10T07:30:00Z,28.485642,77.416517,30.7,27.1,location,13.9,0,normal
BUS-008,2025-11-10T07:31:00Z,28.486327,77.41777,38.8,28.6,location,9.5,0,normal
BUS-008,2025-11-10T07:32:00Z,28.487069,77.419125,36.0,30.1,location,6.7,0,normal
BUS-008,2025-11-10T07:33:00Z,28.487738,77.420308,33.9,31.6,location,12.1,0,normal
BUS-008,2025-11-10T07:34:00Z,28.488564,77.42161,34.1,33.1,location,5.2,0,normal
BUS-008,2025-11-10T07:35:00Z,28.489372,77.422869,32.6,34.6,location,9.2,0,normal
BUS-008,2025-11-10T07:36:00Z,28.490281,77.424007,40.1,36.1,location,11.1,0,normal
BUS-008,2025-11-10T07:37:00Z,28.491181,77.425214,38.3,37.6,location,1.7,0,normal
BUS-008,2025-11-10T07:38:00Z,28.492097,77.426378,26.5,39.1,location,7.6,0,normal
BUS-008,2025-11-10T07:39:00Z,28.493039,77.427426,38.8,40.6,location,10.9,0,normal
BUS-008,2025-11-10T07:40:00Z,28.493939,77.428571,31.8,42.1,location,1.3,0,normal
BUS-008,2025-11-10T07:41:00Z,28.495043,77.429682,37.0,43.6,location,2.6,0,normal
BUS-008,2025-11-10T07:42:00Z,28.496,77.430716,37.4,45.1,location,9.0,0,normal
BUS-008,2025-11-10T07:43:00Z,28.497038,77.431715,34.1,46.6,location,3.3,0,normal
BUS-008,2025-11-10T07:44:00Z,28.498155,77.432708,28.5,48.1,location,9.9,0,normal
BUS-008,2025-11-10T07:45:00Z,28.499211,77.433648,23.8,49.6,location,7.2,0,normal
BUS-008,2025-11-10T07:46:00Z,28.500415,77.434678,42.3,51.1,location,9.6,0,normal
BUS-008,2025-11-10T07:47:00Z,28.501513,77.435547,32.9,52.6,location,7.9,0,normal
BUS-008,2025-11-10T07:48:00Z,28.502738,77.43637,37.5,54.2,location,4.3,0,normal
BUS-008,2025-11-10T07:49:00Z,28.503913,77.43718,38.9,55.7,location,7.0,0,normal
BUS-008,2025-11-10T07:50:00Z,28.50508,77.438011,31.6,57.2,location,4.4,0,normal
BUS-008,2025-11-10T07:51:00Z,28.506375,77.438798,31.0,58.7,location,5.1,0,normal
BUS-008,2025-11-10T07:52:00Z,28.507699,77.439607,30.7,60.2,location,9.7,0,normal
BUS-008,2025-11-10T07:53:00Z,28.508994,77.440234,37.0,61.7,location,11.6,0,normal
BUS-008,2025-11-10T07:54:00Z,28.510282,77.440992,46.2,63.2,location,10.8,0,normal
BUS-008,2025-11-10T07:55:00Z,28.51163,77.441676,41.3,64.7,location,9.9,0,normal
BUS-008,2025-11-10T07:56:00Z,28.512908,77.442321,31.4,66.2,location,14.2,0,normal
BUS-008,2025-11-10T07:57:00Z,28.514293,77.442753,38.3,67.7,location,9.9,0,normal
BUS-008,2025-11-10T07:58:00Z,28.515573,77.443366,39.1,69.2,location,10.8,0,normal
BUS-008,2025-11-10T07:59:00Z,28.517016,77.443802,31.7,70.7,location,8.9,0,normal
BUS-008,2025-11-10T08:00:00Z,28.518351,77.444251,33.9,72.2,location,6.6,0,normal
BUS-008,2025-11-10T08:01:00Z,28.519813,77.444652,34.6,73.7,location,12.3,0,normal
BUS-008,2025-11-10T08:02:00Z,28.521171,77.4451,33.1,75.2,location,13.2,0,normal
BUS-008,2025-11-10T08:03:00Z,28.522627,77.445435,39.8,76.7,location,9.0,0,normal
BUS-008,2025-11-10T08:04:00Z,28.524114,77.445875,36.6,78.2,location,4.5,0,normal
BUS-008,2025-11-10T08:05:00Z,28.525491,77.446131,25.8,79.7,location,1.2,0,normal
BUS-008,2025-11-10T08:06:00Z,28.526925,77.446273,34.0,81.2,location,5.4,0,normal
BUS-008,2025-11-10T08:07:00Z,28.528369,77.446563,27.4,82.7,location,4.8,0,normal
BUS-008,2025-11-10T08:08:00Z,28.529829,77.446691,41.8,84.2,location,6.7,0,normal
BUS-008,2025-11-10T08:09:00Z,28.531303,77.446865,40.2,85.7,location,10.0,0,normal
BUS-008,2025-11-10T08:10:00Z,28.532724,77.44695,42.5,87.2,location,13.9,0,normal
BUS-008,2025-11-10T08:11:00Z,28.534278,77.446912,39.0,88.7,location,13.4,0,normal
BUS-008,2025-11-10T08:12:00Z,28.535699,77.447018,38.0,90.2,location,4.4,0,normal
BUS-008,2025-11-10T08:13:00Z,28.537195,77.446963,39.5,91.7,location,1.7,0,normal
BUS-008,2025-11-10T08:14:00Z,28.538669,77.446863,39.2,93.2,location,6.0,0,normal
BUS-008,2025-11-10T08:15:00Z,28.540085,77.44694,39.8,94.7,location,8.0,0,normal
BUS-008,2025-11-10T08:16:00Z,28.541636,77.446623,32.2,96.2,location,9.5,0,normal
BUS-008,2025-11-10T08:17:00Z,28.543031,77.44649,30.2,97.7,location,9.3,0,normal
BUS-008,2025-11-10T08:18:00Z,28.544427,77.446394,31.2,99.2,location,12.7,0,normal
BUS-008,2025-11-10T08:19:00Z,28.545945,77.445973,34.0,100.7,location,6.8,0,normal
BUS-008,2025-11-10T08:20:00Z,28.547391,77.445788,34.6,102.3,location,10.2,0,normal
BUS-008,2025-11-10T08:21:00Z,28.548892,77.445436,26.3,103.8,location,11.6,0,normal
BUS-008,2025-11-10T08:22:00Z,28.550276,77.44503,39.5,105.3,location,10.0,0,normal
BUS-008,2025-11-10T08:23:00Z,28.551596,77.444588,25.1,106.8,location,4.6,0,normal
BUS-008,2025-11-10T08:24:00Z,28.553019,77.444193,33.8,108.3,location,8.0,0,normal
BUS-008,2025-11-10T08:25:00Z,28.554524,77.44371,34.0,109.8,location,8.2,0,normal
BUS-008,2025-11-10T08:26:00Z,28.55585,77.443121,40.8,111.3,location,12.0,0,normal
BUS-008,2025-11-10T08:27:00Z,28.557193,77.442648,34.5,112.8,location,8.6,0,normal
BUS-008,2025-11-10T08:28:00Z,28.558476,77.441982,42.7,114.3,location,10.1,0,normal
BUS-008,2025-11-10T08:29:00Z,28.559891,77.441346,28.8,115.8,location,8.2,0,normal
BUS-008,2025-11-10T08:30:00Z,28.561239,77.440816,35.2,117.3,location,6.1,0,normal
BUS-008,2025-11-10T08:31:00Z,28.562442,77.440079,0.0,118.8,stop,13.1,0,normal
BUS-008,2025-11-10T08:32:00Z,28.563699,77.439406,0.0,120.3,stop,12.8,0,normal
BUS-008,2025-11-10T08:33:00Z,28.56503,77.438622,0.0,121.8,stop,9.8,0,normal
BUS-008,2025-11-10T08:34:00Z,28.566275,77.437857,0.0,123.3,stop,10.0,0,normal
BUS-008,2025-11-10T08:35:00Z,28.56755,77.436916,0.0,124.8,stop,10.4,0,normal
BUS-008,2025-11-10T08:36:00Z,28.568604,77.436172,0.0,126.3,stop,8.0,0,normal
BUS-008,2025-11-10T08:37:00Z,28.569764,77.435316,0.0,127.8,stop,11.2,0,normal
BUS-008,2025-11-10T08:38:00Z,28.570967,77.434367,0.0,129.3,stop,11.2,0,normal
BUS-008,2025-11-10T08:39:00Z,28.572102,77.43347,0.0,130.8,stop,6.3,0,normal
BUS-008,2025-11-10T08:40:00Z,28.573187,77.432443,0.0,132.3,stop,13.8,0,normal
BUS-008,2025-11-10T08:41:00Z,28.574373,77.431396,0.0,133.8,stop,4.0,0,normal
BUS-008,2025-11-10T08:42:00Z,28.575387,77.43036,0.0,135.3,stop,6.7,0,normal
BUS-008,2025-11-10T08:43:00Z,28.576335,77.429296,0.0,136.8,stop,12.1,0,normal
BUS-008,2025-11-10T08:44:00Z,28.577284,77.428234,0.0,138.3,stop,9.1,0,normal
BUS-008,2025-11-10T08:45:00Z,28.578306,77.427194,0.0,139.8,stop,7.9,0,normal
BUS-008,2025-11-10T08:46:00Z,28.579193,77.425942,0.0,141.3,stop,7.2,0,normal
BUS-008,2025-11-10T08:47:00Z,28.580188,77.424768,0.0,142.8,stop,8.4,0,normal
BUS-008,2025-11-10T08:48:00Z,28.580981,77.423677,0.0,144.3,stop,8.3,0,normal
BUS-008,2025-11-10T08:49:00Z,28.581872,77.422433,0.0,145.8,stop,8.0,0,normal
BUS-008,2025-11-10T08:50:00Z,28.582544,77.421194,0.0,147.3,stop,6.4,0,normal
BUS-008,2025-11-10T08:51:00Z,28.583411,77.419942,0.0,148.8,stop,14.7,0,normal
BUS-008,2025-11-10T08:52:00Z,28.58419,77.418708,9.0,150.4,location,5.3,0,normal
BUS-008,2025-11-10T08:53:00Z,28.584957,77.417436,0.0,151.9,stop,8.7,0,normal
BUS-008,2025-11-10T08:54:00Z,28.585548,77.416157,0.0,153.4,stop,7.1,0,normal
BUS-008,2025-11-10T08:55:00Z,28.586205,77.414745,0.0,154.9,stop,4.8,0,normal
BUS-008,2025-11-10T08:56:00Z,28.586824,77.413449,0.0,156.4,stop,0.7,0,normal
BUS-008,2025-11-10T08:57:00Z,28.587273,77.412124,0.0,157.9,stop,9.7,0,normal
BUS-008,2025-11-10T08:58:00Z,28.58789,77.410784,0.0,159.4,stop,8.9,0,normal
BUS-008,2025-11-10T08:59:00Z,28.588349,77.409384,0.0,160.9,stop,8.1,0,normal
BUS-008,2025-11-10T09:00:00Z,28.588943,77.407985,0.0,162.4,stop,6.5,0,normal
BUS-008,2025-11-10T09:01:00Z,28.589289,77.406629,9.0,163.9,location,12.1,0,normal
BUS-008,2025-11-10T09:02:00Z,28.589645,77.405138,10.7,165.4,location,8.6,0,normal
BUS-008,2025-11-10T09:03:00Z,28.589997,77.403698,0.0,166.9,stop,11.5,0,normal
BUS-008,2025-11-10T09:04:00Z,28.590338,77.402167,0.0,168.4,stop,10.2,0,normal
BUS-008,2025-11-10T09:05:00Z,28.590564,77.400779,0.0,169.9,stop,6.5,0,normal
BUS-008,2025-11-10T09:06:00Z,28.590968,77.399399,0.0,171.4,stop,3.7,0,normal
BUS-008,2025-11-10T09:07:00Z,28.591088,77.397889,0.0,172.9,stop,8.9,0,normal
BUS-008,2025-11-10T09:08:00Z,28.591212,77.396375,0.0,174.4,stop,7.3,0,normal
BUS-008,2025-11-10T09:09:00Z,28.591373,77.395025,0.0,175.9,stop,16.2,0,normal
BUS-008,2025-11-10T09:10:00Z,28.591414,77.393538,9.2,177.4,location,0.8,0,normal
BUS-008,2025-11-10T09:11:00Z,28.591481,77.391889,0.0,178.9,stop,1.2,0,normal
BUS-008,2025-11-10T09:12:00Z,28.591559,77.39061,0.0,180.4,stop,10.1,0,normal
BUS-008,2025-11-10T09:13:00Z,28.591516,77.389179,8.9,181.9,location,8.6,0,normal
BUS-008,2025-11-10T09:14:00Z,28.591398,77.387607,0.0,183.4,stop,8.1,0,normal
BUS-008,2025-11-10T09:15:00Z,28.591289,77.386206,7.6,184.9,location,4.0,0,normal
BUS-008,2025-11-10T09:16:00Z,28.591163,77.384737,0.0,186.4,stop,12.7,0,normal
BUS-008,2025-11-10T09:17:00Z,28.590981,77.383238,0.0,187.9,stop,5.8,0,normal
BUS-008,2025-11-10T09:18:00Z,28.590804,77.38187,0.0,189.4,stop,13.0,0,normal
BUS-008,2025-11-10T09:19:00Z,28.590434,77.380394,0.0,190.9,stop,1.2,0,normal
BUS-008,2025-11-10T09:20:00Z,28.590163,77.378968,0.0,192.4,stop,10.8,0,normal
BUS-008,2025-11-10T09:21:00Z,28.589835,77.377507,0.0,193.9,stop,12.5,0,normal
BUS-008,2025-11-10T09:22:00Z,28.58948,77.376073,0.0,195.4,stop,8.3,0,normal
BUS-008,2025-11-10T09:23:00Z,28.589058,77.374745,0.0,196.9,stop,7.9,0,normal
BUS-008,2025-11-10T09:24:00Z,28.588566,77.373341,0.0,198.5,stop,11.1,0,normal
BUS-008,2025-11-10T09:25:00Z,28.587992,77.371788,0.0,200.0,stop,5.5,0,normal
BUS-008,2025-11-10T09:26:00Z,28.58757,77.37051,0.0,201.5,stop,13.1,0,normal
BUS-008,2025-11-10T09:27:00Z,28.587109,77.369184,0.0,203.0,stop,8.2,0,normal
BUS-008,2025-11-10T09:28:00Z,28.58644,77.367813,0.0,204.5,stop,9.8,0,normal
BUS-008,2025-11-10T09:29:00Z,28.585934,77.366513,0.0,206.0,stop,9.8,0,normal
BUS-008,2025-11-10T09:30:00Z,28.585234,77.36518,11.3,207.5,location,15.1,0,normal
BUS-008,2025-11-10T09:31:00Z,28.58447,77.363868,0.0,209.0,stop,8.4,0,normal
BUS-008,2025-11-10T09:32:00Z,28.583719,77.362538,0.0,210.5,stop,8.3,0,normal
BUS-008,2025-11-10T09:33:00Z,28.583017,77.361383,8.9,212.0,location,16.0,0,normal
BUS-008,2025-11-10T09:34:00Z,28.582263,77.360077,0.0,213.5,stop,9.2,0,normal
BUS-008,2025-11-10T09:35:00Z,28.581429,77.358839,9.3,215.0,location,9.6,0,normal
BUS-008,2025-11-10T09:36:00Z,28.580541,77.357703,0.0,216.5,stop,1.4,0,normal
BUS-008,2025-11-10T09:37:00Z,28.579612,77.356625,0.0,218.0,stop,4.0,0,normal
BUS-008,2025-11-10T09:38:00Z,28.57869,77.355407,0.0,219.5,stop,9.8,0,normal
BUS-008,2025-11-10T09:39:00Z,28.57771,77.354316,6.2,221.0,location,1.1,0,normal
BUS-008,2025-11-10T09:40:00Z,28.576742,77.353175,0.0,222.5,stop,4.3,0,normal
BUS-008,2025-11-10T09:41:00Z,28.57581,77.352128,0.0,224.0,stop,6.7,0,normal
BUS-008,2025-11-10T09:42:00Z,28.574737,77.351073,11.0,225.5,location,8.7,0,normal
BUS-008,2025-11-10T09:43:00Z,28.573754,77.350098,0.0,227.0,stop,4.5,0,normal
BUS-008,2025-11-10T09:44:00Z,28.572593,77.348983,12.0,228.5,location,8.4,0,normal
BUS-008,2025-11-10T09:45:00Z,28.571456,77.348033,0.0,230.0,stop,9.5,0,normal
BUS-008,2025-11-10T09:46:00Z,28.570197,77.347158,0.0,231.5,stop,4.6,0,normal
BUS-008,2025-11-10T09:47:00Z,28.569171,77.346304,0.0,233.0,stop,7.7,0,normal
BUS-008,2025-11-10T09:48:00Z,28.567994,77.3453,0.0,234.5,stop,2.5,0,normal
BUS-008,2025-11-10T09:49:00Z,28.566842,77.34461,0.0,236.0,stop,12.4,0,normal
BUS-008,2025-11-10T09:50:00Z,28.565507,77.343791,0.0,237.5,stop,4.8,0,normal
BUS-008,2025-11-10T09:51:00Z,28.564364,77.343057,0.0,239.0,stop,3.6,0,normal
BUS-008,2025-11-10T09:52:00Z,28.563016,77.342261,7.8,240.5,location,6.9,0,normal
BUS-008,2025-11-10T09:53:00Z,28.561748,77.341506,0.0,242.0,stop,13.4,0,normal
BUS-008,2025-11-10T09:54:00Z,28.560457,77.3408,0.0,243.5,stop,12.1,0,normal
BUS-008,2025-11-10T09:55:00Z,28.559133,77.340293,0.0,245.0,stop,6.7,0,normal
BUS-008,2025-11-10T09:56:00Z,28.557758,77.339654,0.0,246.6,stop,7.6,0,normal
BUS-008,2025-11-10T09:57:00Z,28.556411,77.339053,0.0,248.1,stop,13.0,0,normal
BUS-008,2025-11-10T09:58:00Z,28.555028,77.338514,0.0,249.6,stop,7.4,0,normal
BUS-008,2025-11-10T09:59:00Z,28.553674,77.33797,0.0,251.1,stop,6.3,0,normal
BUS-008,2025-11-10T10:00:00Z,28.552272,77.337542,0.0,252.6,stop,11.7,0,normal
BUS-008,2025-11-10T10:01:00Z,28.550821,77.337172,0.0,254.1,stop,8.8,0,normal
BUS-008,2025-11-10T10:02:00Z,28.549579,77.336738,0.0,255.6,stop,15.2,0,normal
BUS-008,2025-11-10T10:03:00Z,28.548071,77.336518,0.0,257.1,stop,7.2,0,normal
BUS-008,2025-11-10T10:04:00Z,28.546521,77.336061,0.0,258.6,stop,6.4,0,normal
BUS-008,2025-11-10T10:05:00Z,28.545182,77.33578,0.0,260.1,stop,13.7,0,normal
BUS-008,2025-11-10T10:06:00Z,28.543603,77.33556,0.0,261.6,stop,10.9,0,normal
BUS-008,2025-11-10T10:07:00Z,28.542234,77.335474,0.0,263.1,stop,11.2,0,normal
BUS-008,2025-11-10T10:08:00Z,28.540718,77.335238,0.0,264.6,stop,5.9,0,normal
BUS-008,2025-11-10T10:09:00Z,28.539367,77.335104,0.0,266.1,stop,15.3,0,normal
BUS-008,2025-11-10T10:10:00Z,28.537828,77.335095,0.0,267.6,stop,5.5,0,normal
BUS-008,2025-11-10T10:11:00Z,28.536376,77.335096,0.0,269.1,stop,10.7,0,normal
BUS-008,2025-11-10T10:12:00Z,28.534927,77.334986,0.0,270.6,stop,6.6,0,normal
BUS-008,2025-11-10T10:13:00Z,28.533425,77.335075,0.0,272.1,stop,4.5,0,normal
BUS-008,2025-11-10T10:14:00Z,28.532022,77.335202,0.0,273.6,stop,6.2,0,normal
BUS-008,2025-11-10T10:15:00Z,28.530381,77.335218,0.0,275.1,stop,12.2,0,normal
BUS-008,2025-11-10T10:16:00Z,28.529067,77.335394,0.0,276.6,stop,11.7,0,normal
BUS-008,2025-11-10T10:17:00Z,28.527653,77.335559,0.0,278.1,stop,9.4,0,normal
BUS-008,2025-11-10T10:18:00Z,28.526152,77.335744,9.2,279.6,location,4.6,0,normal
BUS-008,2025-11-10T10:19:00Z,28.524679,77.335968,0.0,281.1,stop,9.3,0,normal
BUS-008,2025-11-10T10:20:00Z,28.523295,77.336379,0.0,282.6,stop,1.1,0,normal
BUS-008,2025-11-10T10:21:00Z,28.521802,77.336753,0.0,284.1,stop,7.1,0,normal
BUS-008,2025-11-10T10:22:00Z,28.52037,77.337097,0.0,285.6,stop,2.9,0,normal
BUS-008,2025-11-10T10:23:00Z,28.51898,77.337446,0.0,287.1,stop,8.3,0,normal
BUS-008,2025-11-10T10:24:00Z,28.517529,77.337917,0.0,288.6,stop,6.0,0,normal
BUS-008,2025-11-10T10:25:00Z,28.516223,77.338362,0.0,290.1,stop,0.9,0,normal
BUS-008,2025-11-10T10:26:00Z,28.514862,77.338913,0.0,291.6,stop,3.6,0,normal
BUS-008,2025-11-10T10:27:00Z,28.513486,77.339491,0.0,293.1,stop,10.4,0,normal
BUS-008,2025-11-10T10:28:00Z,28.512174,77.340035,0.0,294.7,stop,4.9,0,normal
BUS-008,2025-11-10T10:29:00Z,28.510874,77.340741,0.0,296.2,stop,9.9,0,normal
BUS-008,2025-11-10T10:30:00Z,28.509473,77.341444,0.0,297.7,stop,5.6,0,normal
BUS-008,2025-11-10T10:31:00Z,28.50835,77.342062,0.0,299.2,stop,0.2,0,normal
BUS-008,2025-11-10T10:32:00Z,28.506963,77.342797,0.0,300.7,stop,5.2,0,normal
BUS-008,2025-11-10T10:33:00Z,28.505755,77.343537,0.0,302.2,stop,13.2,0,normal
BUS-008,2025-11-10T10:34:00Z,28.504475,77.344337,0.0,303.7,stop,7.1,0,normal
BUS-008,2025-11-10T10:35:00Z,28.503186,77.345292,0.0,305.2,stop,7.2,0,normal
BUS-008,2025-11-10T10:36:00Z,28.502008,77.346058,0.0,306.7,stop,6.4,0,normal
BUS-008,2025-11-10T10:37:00Z,28.500887,77.346986,0.0,308.2,stop,9.4,0,normal
BUS-008,2025-11-10T10:38:00Z,28.49975,77.347964,0.0,309.7,stop,8.7,0,normal
BUS-008,2025-11-10T10:39:00Z,28.498732,77.348987,0.0,311.2,stop,4.5,0,normal
BUS-008,2025-11-10T10:40:00Z,28.497551,77.349802,0.0,312.7,stop,4.0,0,normal
BUS-008,2025-11-10T10:41:00Z,28.496484,77.350778,0.0,314.2,stop,13.0,0,normal
BUS-008,2025-11-10T10:42:00Z,28.495407,77.351882,0.0,315.7,stop,7.5,0,normal
BUS-008,2025-11-10T10:43:00Z,28.494434,77.352974,0.0,317.2,stop,14.8,0,normal
BUS-008,2025-11-10T10:44:00Z,28.49347,77.354009,0.0,318.7,stop,6.2,0,normal
BUS-008,2025-11-10T10:45:00Z,28.492429,77.355189,0.0,320.2,stop,11.0,0,normal
BUS-008,2025-11-10T10:46:00Z,28.491462,77.356315,0.0,321.7,stop,11.6,0,normal
BUS-008,2025-11-10T10:47:00Z,28.49069,77.357367,0.0,323.2,stop,4.5,0,normal
BUS-008,2025-11-10T10:48:00Z,28.489709,77.358569,0.0,324.7,stop,7.7,0,normal
BUS-008,2025-11-10T10:49:00Z,28.488891,77.359914,0.0,326.2,stop,9.8,0,normal
BUS-008,2025-11-10T10:50:00Z,28.488159,77.361111,0.0,327.7,stop,9.3,0,normal
BUS-008,2025-11-10T10:51:00Z,28.48742,77.362274,0.0,329.2,stop,2.4,0,normal
BUS-008,2025-11-10T10:52:00Z,28.486674,77.363596,0.0,330.7,stop,3.8,0,normal
BUS-008,2025-11-10T10:53:00Z,28.485944,77.364851,0.0,332.2,stop,2.2,0,normal
BUS-008,2025-11-10T10:54:00Z,28.485319,77.366193,10.9,333.7,location,11.8,0,normal
BUS-008,2025-11-10T10:55:00Z,28.484704,77.367672,0.0,335.2,stop,15.9,0,normal
BUS-008,2025-11-10T10:56:00Z,28.48407,77.368892,0.0,336.7,stop,7.4,0,normal
BUS-008,2025-11-10T10:57:00Z,28.483418,77.370268,0.0,338.2,stop,9.2,0,normal
BUS-008,2025-11-10T10:58:00Z,28.482991,77.371582,0.0,339.7,stop,9.9,0,normal
BUS-008,2025-11-10T10:59:00Z,28.482381,77.372951,0.0,341.2,stop,0.2,0,normal
BUS-008,2025-11-10T11:00:00Z,28.482072,77.374322,9.5,342.8,location,14.0,0,normal
BUS-008,2025-11-10T11:01:00Z,28.48161,77.375846,0.0,344.3,stop,11.0,0,normal
BUS-008,2025-11-10T11:02:00Z,28.481195,77.377178,0.0,345.8,stop,4.4,0,normal
BUS-008,2025-11-10T11:03:00Z,28.480803,77.378678,0.0,347.3,stop,9.4,0,normal
BUS-008,2025-11-10T11:04:00Z,28.480547,77.379998,0.0,348.8,stop,6.8,0,normal
BUS-008,2025-11-10T11:05:00Z,28.480217,77.381601,6.0,350.3,location,3.9,0,normal
BUS-008,2025-11-10T11:06:00Z,28.480051,77.383008,5.8,351.8,location,1.8,0,normal
BUS-008,2025-11-10T11:07:00Z,28.479837,77.384527,11.4,353.3,location,8.8,0,normal
BUS-008,2025-11-10T11:08:00Z,28.479726,77.38599,11.2,354.8,location,4.9,0,normal
BUS-008,2025-11-10T11:09:00Z,28.479692,77.387316,0.0,356.3,stop,7.5,0,normal
BUS-008,2025-11-10T11:10:00Z,28.479531,77.388901,0.0,357.8,stop,3.8,0,normal
BUS-008,2025-11-10T11:11:00Z,28.479548,77.390262,0.0,359.3,stop,11.8,0,normal
BUS-008,2025-11-10T11:12:00Z,28.479509,77.391695,0.0,0.8,stop,9.7,0,normal
BUS-008,2025-11-10T11:13:00Z,28.479578,77.393314,0.0,2.3,stop,7.1,0,normal
BUS-008,2025-11-10T11:14:00Z,28.479642,77.394708,0.0,3.8,stop,3.7,0,normal
BUS-008,2025-11-10T11:15:00Z,28.47976,77.396162,0.0,5.3,stop,11.7,0,normal
BUS-008,2025-11-10T11:16:00Z,28.47992,77.397759,0.0,6.8,stop,3.5,0,normal
BUS-008,2025-11-10T11:17:00Z,28.480058,77.399055,0.0,8.3,stop,10.9,0,normal
BUS-008,2025-11-10T11:18:00Z,28.480366,77.400633,0.0,9.8,stop,6.8,0,normal
BUS-008,2025-11-10T11:19:00Z,28.480597,77.402024,0.0,11.3,stop,5.6,0,normal
BUS-008,2025-11-10T11:20:00Z,28.4809,77.40344,0.0,12.8,stop,7.3,0,normal
BUS-008,2025-11-10T11:21:00Z,28.481214,77.404826,0.0,14.3,stop,11.7,0,normal
BUS-008,2025-11-10T11:22:00Z,28.481645,77.40618,0.0,15.8,stop,8.4,0,normal
BUS-008,2025-11-10T11:23:00Z,28.482077,77.40765,0.0,17.3,stop,2.8,0,normal
BUS-008,2025-11-10T11:24:00Z,28.482503,77.409055,0.0,18.8,stop,8.4,0,normal
BUS-008,2025-11-10T11:25:00Z,28.482999,77.41041,0.0,20.3,stop,10.0,0,normal
BUS-008,2025-11-10T11:26:00Z,28.483429,77.41183,0.0,21.8,stop,7.9,0,normal
BUS-008,2025-11-10T11:27:00Z,28.484133,77.413199,0.0,23.3,stop,9.1,0,normal
BUS-008,2025-11-10T11:28:00Z,28.484678,77.41454,0.0,24.8,stop,8.8,0,normal
BUS-008,2025-11-10T11:29:00Z,28.485405,77.415823,0.0,26.3,stop,18.2,0,normal
BUS-008,2025-11-10T11:30:00Z,28.485972,77.417162,0.0,27.8,stop,6.3,0,normal
BUS-008,2025-11-10T11:31:00Z,28.486793,77.418528,0.0,29.3,stop,7.1,0,normal
BUS-008,2025-11-10T11:32:00Z,28.487307,77.419724,0.0,30.9,stop,5.7,0,normal
BUS-008,2025-11-10T11:33:00Z,28.488246,77.420966,0.0,32.4,stop,6.5,0,normal
BUS-008,2025-11-10T11:34:00Z,28.489025,77.422265,0.0,33.9,stop,12.5,0,normal
BUS-008,2025-11-10T11:35:00Z,28.489813,77.423383,0.0,35.4,stop,4.6,0,normal
BUS-008,2025-11-10T11:36:00Z,28.490685,77.424533,0.0,36.9,stop,14.3,0,normal
BUS-008,2025-11-10T11:37:00Z,28.491623,77.42583,0.0,38.4,stop,8.8,0,normal
BUS-008,2025-11-10T11:38:00Z,28.492562,77.426869,0.0,39.9,stop,11.3,0,normal
BUS-008,2025-11-10T11:39:00Z,28.493507,77.428051,0.0,41.4,stop,13.3,0,normal
BUS-008,2025-11-10T11:40:00Z,28.4944,77.429133,0.0,42.9,stop,13.0,0,normal
BUS-008,2025-11-10T11:41:00Z,28.495474,77.430156,0.0,44.4,stop,10.0,0,normal
BUS-008,2025-11-10T11:42:00Z,28.496499,77.431189,0.0,45.9,stop,8.6,0,normal
BUS-008,2025-11-10T11:43:00Z,28.497583,77.432224,7.5,47.4,location,6.4,0,normal
BUS-008,2025-11-10T11:44:00Z,28.498651,77.433126,0.0,48.9,stop,14.2,0,normal
BUS-008,2025-11-10T11:45:00Z,28.499888,77.434139,0.0,50.4,stop,2.4,0,normal
BUS-008,2025-11-10T11:46:00Z,28.50096,77.435093,0.0,51.9,stop,3.6,0,normal
BUS-008,2025-11-10T11:47:00Z,28.502058,77.435984,6.7,53.4,location,15.6,0,normal
BUS-008,2025-11-10T11:48:00Z,28.503267,77.436858,0.0,54.9,stop,10.1,0,normal
BUS-008,2025-11-10T11:49:00Z,28.504524,77.437658,0.0,56.4,stop,7.2,0,normal
BUS-008,2025-11-10T11:50:00Z,28.50577,77.438408,0.0,57.9,stop,13.0,0,normal
BUS-008,2025-11-10T11:51:00Z,28.506935,77.439204,0.0,59.4,stop,7.8,0,normal
BUS-008,2025-11-10T11:52:00Z,28.508176,77.439919,0.0,60.9,stop,7.4,0,normal
BUS-008,2025-11-10T11:53:00Z,28.509514,77.440634,0.0,62.4,stop,6.9,0,normal
BUS-008,2025-11-10T11:54:00Z,28.510835,77.44131,0.0,63.9,stop,8.1,0,normal
BUS-008,2025-11-10T11:55:00Z,28.512216,77.441946,10.7,65.4,location,4.4,0,normal
BUS-008,2025-11-10T11:56:00Z,28.513561,77.442672,0.0,66.9,stop,15.1,0,normal
BUS-008,2025-11-10T11:57:00Z,28.514936,77.443119,0.0,68.4,stop,5.9,0,normal
BUS-008,2025-11-10T11:58:00Z,28.516318,77.44353,0.0,69.9,stop,15.3,0,normal
BUS-008,2025-11-10T11:59:00Z,28.517751,77.444033,0.0,71.4,stop,3.5,0,normal
BUS-008,2025-11-10T12:00:00Z,28.519027,77.444538,0.0,72.9,stop,3.5,0,normal
BUS-008,2025-11-10T12:01:00Z,28.52048,77.444931,0.0,74.4,stop,6.5,0,normal
BUS-008,2025-11-10T12:02:00Z,28.521814,77.445285,7.1,75.9,location,4.1,0,normal
BUS-008,2025-11-10T12:03:00Z,28.523271,77.44574,0.0,77.4,stop,5.1,0,normal
BUS-008,2025-11-10T12:04:00Z,28.524834,77.445932,0.0,79.0,stop,3.7,0,normal
BUS-008,2025-11-10T12:05:00Z,28.526148,77.446154,0.0,80.5,stop,8.9,0,normal
BUS-008,2025-11-10T12:06:00Z,28.527657,77.4465,0.0,82.0,stop,10.2,0,normal
BUS-008,2025-11-10T12:07:00Z,28.529087,77.446564,0.0,83.5,stop,9.1,0,normal
BUS-008,2025-11-10T12:08:00Z,28.53062,77.44675,0.0,85.0,stop,9.6,0,normal
BUS-008,2025-11-10T12:09:00Z,28.532071,77.44691,0.0,86.5,stop,3.7,0,normal
BUS-008,2025-11-10T12:10:00Z,28.533617,77.446939,0.0,88.0,stop,6.1,0,normal
BUS-008,2025-11-10T12:11:00Z,28.535021,77.447012,0.0,89.5,stop,3.3,0,normal
BUS-008,2025-11-10T12:12:00Z,28.536418,77.446965,0.0,91.0,stop,6.1,0,normal
BUS-008,2025-11-10T12:13:00Z,28.537914,77.446879,0.0,92.5,stop,8.5,0,normal
BUS-008,2025-11-10T12:14:00Z,28.539374,77.446892,0.0,94.0,stop,9.7,0,normal
BUS-008,2025-11-10T12:15:00Z,28.54085,77.446746,0.0,95.5,stop,8.4,0,normal
BUS-008,2025-11-10T12:16:00Z,28.54235,77.446642,0.0,97.0,stop,11.8,0,normal
BUS-008,2025-11-10T12:17:00Z,28.543776,77.446282,0.0,98.5,stop,12.6,0,normal
BUS-008,2025-11-10T12:18:00Z,28.545251,77.44615,0.0,100.0,stop,8.2,0,normal
BUS-008,2025-11-10T12:19:00Z,28.546632,77.445888,0.0,101.5,stop,7.9,0,normal
BUS-008,2025-11-10T12:20:00Z,28.54807,77.44559,0.0,103.0,stop,11.5,0,normal
BUS-008,2025-11-10T12:21:00Z,28.549506,77.445204,0.0,104.5,stop,17.9,0,normal
BUS-008,2025-11-10T12:22:00Z,28.550898,77.444769,0.0,106.0,stop,15.7,0,normal
BUS-008,2025-11-10T12:23:00Z,28.552368,77.444405,0.0,107.5,stop,2.8,0,normal
BUS-008,2025-11-10T12:24:00Z,28.55377,77.443975,0.0,109.0,stop,2.5,0,normal
BUS-008,2025-11-10T12:25:00Z,28.555148,77.443435,0.0,110.5,stop,6.9,0,normal
BUS-008,2025-11-10T12:26:00Z,28.556453,77.442827,6.2,112.0,location,6.4,0,normal
BUS-008,2025-11-10T12:27:00Z,28.557875,77.442318,0.0,113.5,stop,1.9,0,normal
BUS-008,2025-11-10T12:28:00Z,28.559093,77.441705,0.0,115.0,stop,5.6,0,normal
BUS-008,2025-11-10T12:29:00Z,28.560539,77.441047,0.0,116.5,stop,10.5,0,normal
BUS-008,2025-11-10T12:30:00Z,28.561727,77.440451,0.0,118.0,stop,9.1,0,normal
BUS-008,2025-11-10T12:31:00Z,28.563159,77.439704,0.0,119.5,stop,7.8,0,normal
BUS-008,2025-11-10T12:32:00Z,28.564451,77.4389,0.0,121.0,stop,3.4,0,normal
BUS-008,2025-11-10T12:33:00Z,28.565663,77.438229,0.0,122.5,stop,3.6,0,normal
BUS-008,2025-11-10T12:34:00Z,28.566919,77.437488,0.0,124.0,stop,9.3,0,normal
BUS-008,2025-11-10T12:35:00Z,28.568054,77.436587,0.0,125.5,stop,7.5,0,normal
BUS-008,2025-11-10T12:36:00Z,28.569237,77.435629,0.0,127.1,stop,9.8,0,normal
BUS-008,2025-11-10T12:37:00Z,28.57043,77.434788,0.0,128.6,stop,14.2,0,normal
BUS-008,2025-11-10T12:38:00Z,28.571523,77.433874,0.0,130.1,stop,8.6,0,normal
BUS-008,2025-11-10T12:39:00Z,28.572787,77.432982,0.0,131.6,stop,10.6,0,normal
BUS-008,2025-11-10T12:40:00Z,28.573625,77.431941,0.0,133.1,stop,2.3,0,normal
BUS-008,2025-11-10T12:41:00Z,28.574717,77.430986,0.0,134.6,stop,8.7,0,normal
BUS-008,2025-11-10T12:42:00Z,28.575934,77.42987,0.0,136.1,stop,3.0,0,normal
BUS-008,2025-11-10T12:43:00Z,28.576892,77.428821,0.0,137.6,stop,2.8,0,normal
BUS-008,2025-11-10T12:44:00Z,28.577763,77.427629,0.0,139.1,stop,9.2,0,normal
BUS-008,2025-11-10T12:45:00Z,28.57874,77.426548,0.0,140.6,stop,4.0,0,normal
BUS-008,2025-11-10T12:46:00Z,28.579624,77.425426,0.0,142.1,stop,5.9,0,normal
BUS-008,2025-11-10T12:47:00Z,28.580532,77.424244,0.0,143.6,stop,12.6,0,normal
BUS-008,2025-11-10T12:48:00Z,28.581457,77.423059,10.9,145.1,location,7.7,0,normal
BUS-008,2025-11-10T12:49:00Z,28.582246,77.421774,0.0,146.6,stop,14.7,0,normal
BUS-008,2025-11-10T12:50:00Z,28.583034,77.420561,0.0,148.1,stop,6.4,0,normal
BUS-008,2025-11-10T12:51:00Z,28.58371,77.41935,0.0,149.6,stop,13.3,0,normal
BUS-008,2025-11-10T12:52:00Z,28.584475,77.417999,0.0,151.1,stop,7.1,0,normal
BUS-008,2025-11-10T12:53:00Z,28.585168,77.416789,8.3,152.6,location,11.2,0,normal
BUS-008,2025-11-10T12:54:00Z,28.585853,77.415488,0.0,154.1,stop,12.7,0,normal
BUS-008,2025-11-10T12:55:00Z,28.586514,77.414146,0.0,155.6,stop,6.2,0,normal
BUS-008,2025-11-10T12:56:00Z,28.587108,77.412798,0.0,157.1,stop,8.8,0,normal
BUS-008,2025-11-10T12:57:00Z,28.587629,77.411466,0.0,158.6,stop,4.9,0,normal
BUS-008,2025-11-10T12:58:00Z,28.588116,77.410091,0.0,160.1,stop,7.9,0,normal
BUS-008,2025-11-10T12:59:00Z,28.588648,77.408679,0.0,161.6,stop,13.8,0,normal
BUS-008,2025-11-10T13:00:00Z,28.589107,77.407197,45.7,163.1,location,9.7,0,normal
BUS-008,2025-11-10T13:01:00Z,28.589584,77.405818,31.9,164.6,location,5.8,0,normal
BUS-008,2025-11-10T13:02:00Z,28.589944,77.404389,32.1,166.1,location,6.9,0,normal
BUS-008,2025-11-10T13:03:00Z,28.59032,77.402947,41.6,167.6,location,16.1,0,normal
BUS-008,2025-11-10T13:04:00Z,28.590553,77.401588,32.0,169.1,location,10.1,0,normal
BUS-008,2025-11-10T13:05:00Z,28.59072,77.400101,32.9,170.6,location,3.7,0,normal
BUS-008,2025-11-10T13:06:00Z,28.590954,77.398655,41.4,172.1,location,18.6,0,normal
BUS-008,2025-11-10T13:07:00Z,28.591197,77.397354,30.1,173.6,location,8.1,0,normal
BUS-008,2025-11-10T13:08:00Z,28.591272,77.395729,38.0,175.2,location,9.3,0,normal
BUS-008,2025-11-10T13:09:00Z,28.591292,77.394281,36.4,176.7,location,4.9,0,normal
BUS-008,2025-11-10T13:10:00Z,28.591591,77.392823,38.9,178.2,location,8.4,0,normal
BUS-008,2025-11-10T13:11:00Z,28.591514,77.391342,37.7,179.7,location,13.1,0,normal
BUS-008,2025-11-10T13:12:00Z,28.591454,77.389802,26.3,181.2,location,4.1,0,normal
BUS-008,2025-11-10T13:13:00Z,28.591441,77.388364,36.6,182.7,location,11.6,0,normal
BUS-008,2025-11-10T13:14:00Z,28.591339,77.386939,49.4,184.2,location,10.5,0,normal
BUS-008,2025-11-10T13:15:00Z,28.591254,77.385429,31.2,185.7,location,8.0,0,normal
BUS-008,2025-11-10T13:16:00Z,28.59099,77.384046,32.2,187.2,location,8.8,0,normal
BUS-008,2025-11-10T13:17:00Z,28.590815,77.38246,41.1,188.7,location,6.3,0,normal
BUS-008,2025-11-10T13:18:00Z,28.590582,77.381112,31.4,190.2,location,9.0,0,normal
BUS-008,2025-11-10T13:19:00Z,28.590445,77.379758,39.8,191.7,location,4.9,0,normal
BUS-008,2025-11-10T13:20:00Z,28.589969,77.378294,35.4,193.2,location,2.6,0,normal
BUS-008,2025-11-10T13:21:00Z,28.5896,77.376788,37.7,194.7,location,14.2,0,normal
BUS-008,2025-11-10T13:22:00Z,28.589278,77.375384,32.1,196.2,location,8.8,0,normal
BUS-008,2025-11-10T13:23:00Z,28.588843,77.373999,39.3,197.7,location,4.8,0,normal
BUS-008,2025-11-10T13:24:00Z,28.588385,77.372535,40.9,199.2,location,7.8,0,normal
BUS-008,2025-11-10T13:25:00Z,28.5879,77.371213,33.3,200.7,location,0.1,0,normal
BUS-008,2025-11-10T13:26:00Z,28.587296,77.369825,43.8,202.2,location,4.3,0,normal
BUS-008,2025-11-10T13:27:00Z,28.586749,77.36849,34.1,203.7,location,3.7,0,normal
BUS-008,2025-11-10T13:28:00Z,28.586151,77.367147,31.7,205.2,location,7.6,0,normal
BUS-008,2025-11-10T13:29:00Z,28.585551,77.365765,43.7,206.7,location,0.5,0,normal
BUS-008,2025-11-10T13:30:00Z,28.584779,77.364509,46.9,208.2,location,9.5,0,normal
BUS-008,2025-11-10T13:31:00Z,28.584048,77.363233,34.1,209.7,location,6.7,0,normal
BUS-008,2025-11-10T13:32:00Z,28.583379,77.361954,32.6,211.2,location,5.0,0,normal
BUS-008,2025-11-10T13:33:00Z,28.582644,77.360722,36.4,212.7,location,14.0,0,normal
BUS-008,2025-11-10T13:34:00Z,28.581832,77.359525,40.0,214.2,location,19.3,0,normal
BUS-008,2025-11-10T13:35:00Z,28.580933,77.358289,39.0,215.7,location,7.2,0,normal
BUS-008,2025-11-10T13:36:00Z,28.580055,77.357056,35.1,217.2,location,8.6,0,normal
BUS-008,2025-11-10T13:37:00Z,28.579208,77.355947,34.8,218.7,location,2.0,0,normal
BUS-008,2025-11-10T13:38:00Z,28.578292,77.354856,33.1,220.2,location,9.2,0,normal
BUS-008,2025-11-10T13:39:00Z,28.577267,77.35364,36.4,221.7,location,11.3,0,normal
BUS-008,2025-11-10T13:40:00Z,28.576273,77.352639,33.8,223.3,location,6.8,0,normal
BUS-008,2025-11-10T13:41:00Z,28.575234,77.351575,23.5,224.8,location,8.7,0,normal
BUS-008,2025-11-10T13:42:00Z,28.574282,77.350519,42.3,226.3,location,9.9,0,normal
BUS-008,2025-11-10T13:43:00Z,28.573245,77.349522,33.9,227.8,location,8.1,0,normal
BUS-008,2025-11-10T13:44:00Z,28.572089,77.348622,37.1,229.3,location,15.1,0,normal
BUS-008,2025-11-10T13:45:00Z,28.570944,77.347545,33.9,230.8,location,6.1,0,normal
BUS-008,2025-11-10T13:46:00Z,28.569748,77.346652,37.4,232.3,location,6.3,0,normal
BUS-008,2025-11-10T13:47:00Z,28.568511,77.345819,36.8,233.8,location,0.2,0,normal
BUS-008,2025-11-10T13:48:00Z,28.567506,77.345006,31.4,235.3,location,9.8,0,normal
BUS-008,2025-11-10T13:49:00Z,28.566183,77.344108,41.1,236.8,location,9.0,0,normal
BUS-008,2025-11-10T13:50:00Z,28.564841,77.343412,36.3,238.3,location,5.4,0,normal
BUS-008,2025-11-10T13:51:00Z,28.563602,77.342579,38.1,239.8,location,6.8,0,normal
BUS-008,2025-11-10T13:52:00Z,28.562323,77.341933,31.9,241.3,location,7.8,0,normal
BUS-008,2025-11-10T13:53:00Z,28.561013,77.341193,22.5,242.8,location,12.6,0,normal
BUS-008,2025-11-10T13:54:00Z,28.559786,77.340465,39.3,244.3,location,9.5,0,normal
BUS-008,2025-11-10T13:55:00Z,28.558418,77.339886,42.1,245.8,location,9.3,0,normal
BUS-008,2025-11-10T13:56:00Z,28.557178,77.339389,37.0,247.3,location,10.7,0,normal
BUS-008,2025-11-10T13:57:00Z,28.555777,77.338783,30.9,248.8,location,5.7,0,normal
BUS-008,2025-11-10T13:58:00Z,28.554325,77.338261,25.9,250.3,location,9.9,0,normal
BUS-008,2025-11-10T13:59:00Z,28.552864,77.337777,26.9,251.8,location,8.2,0,normal
BUS-008,2025-11-10T14:00:00Z,28.551592,77.337313,39.0,253.3,location,7.4,0,normal
BUS-008,2025-11-10T14:01:00Z,28.550194,77.336885,35.7,254.8,location,14.9,0,normal
BUS-008,2025-11-10T14:02:00Z,28.548672,77.336542,31.5,256.3,location,7.6,0,normal
BUS-008,2025-11-10T14:03:00Z,28.547307,77.336298,29.3,257.8,location,16.6,0,normal
BUS-008,2025-11-10T14:04:00Z,28.545902,77.335917,25.9,259.3,location,4.5,0,normal
BUS-008,2025-11-10T14:05:00Z,28.54444,77.335753,38.6,260.8,location,6.8,0,normal
BUS-008,2025-11-10T14:06:00Z,28.542958,77.335413,38.4,262.3,location,4.8,0,normal
BUS-008,2025-11-10T14:07:00Z,28.54152,77.335307,33.6,263.8,location,6.0,0,normal
BUS-008,2025-11-10T14:08:00Z,28.540067,77.335145,33.4,265.3,location,12.3,0,normal
BUS-008,2025-11-10T14:09:00Z,28.538573,77.335035,28.0,266.8,location,4.9,0,normal
BUS-008,2025-11-10T14:10:00Z,28.537207,77.335062,32.2,268.3,location,6.4,0,normal
BUS-008,2025-11-10T14:11:00Z,28.535649,77.335039,46.3,269.8,location,14.8,0,normal
BUS-008,2025-11-10T14:12:00Z,28.53416,77.335074,30.3,271.4,location,8.7,0,normal
BUS-008,2025-11-10T14:13:00Z,28.532675,77.335078,28.1,272.9,location,3.5,0,normal
BUS-008,2025-11-10T14:14:00Z,28.53122,77.335235,42.9,274.4,location,9.8,0,normal
BUS-008,2025-11-10T14:15:00Z,28.52975,77.335222,32.9,275.9,location,7.3,0,normal
BUS-008,2025-11-10T14:16:00Z,28.528284,77.335415,50.2,277.4,location,11.3,0,normal
BUS-008,2025-11-10T14:17:00Z,28.526886,77.335639,39.0,278.9,location,7.8,0,normal
BUS-008,2025-11-10T14:18:00Z,28.525399,77.336008,30.8,280.4,location,8.5,0,normal
BUS-008,2025-11-10T14:19:00Z,28.524101,77.336219,30.5,281.9,location,3.3,0,normal
BUS-008,2025-11-10T14:20:00Z,28.522542,77.336566,42.0,283.4,location,2.8,0,normal
BUS-008,2025-11-10T14:21:00Z,28.521119,77.336937,48.6,284.9,location,5.8,0,normal
BUS-008,2025-11-10T14:22:00Z,28.519781,77.337369,34.3,286.4,location,5.5,0,normal
BUS-008,2025-11-10T14:23:00Z,28.518304,77.337771,41.8,287.9,location,8.1,0,normal
BUS-008,2025-11-10T14:24:00Z,28.516876,77.338251,42.2,289.4,location,4.1,0,normal
BUS-008,2025-11-10T14:25:00Z,28.51555,77.33876,21.6,290.9,location,3.4,0,normal
BUS-008,2025-11-10T14:26:00Z,28.514145,77.339206,37.7,292.4,location,12.6,0,normal
BUS-008,2025-11-10T14:27:00Z,28.512838,77.339837,38.2,293.9,location,4.0,0,normal
BUS-008,2025-11-10T14:28:00Z,28.511485,77.340401,35.2,295.4,location,7.9,0,normal
BUS-008,2025-11-10T14:29:00Z,28.510198,77.341028,24.5,296.9,location,10.5,0,normal
BUS-008,2025-11-10T14:30:00Z,28.508821,77.341658,33.5,298.4,location,10.0,0,normal
BUS-008,2025-11-10T14:31:00Z,28.507514,77.342355,0.0,299.9,stop,6.6,0,normal
BUS-008,2025-11-10T14:32:00Z,28.5064,77.343164,0.0,301.4,stop,8.0,0,normal
BUS-008,2025-11-10T14:33:00Z,28.505137,77.344022,0.0,302.9,stop,2.6,0,normal
BUS-008,2025-11-10T14:34:00Z,28.503877,77.344768,0.0,304.4,stop,8.5,0,normal
BUS-008,2025-11-10T14:35:00Z,28.502579,77.345655,0.0,305.9,stop,8.3,0,normal
BUS-008,2025-11-10T14:36:00Z,28.501501,77.346503,0.0,307.4,stop,8.5,0,normal
BUS-008,2025-11-10T14:37:00Z,28.500302,77.34746,0.0,308.9,stop,14.5,0,normal
BUS-008,2025-11-10T14:38:00Z,28.499219,77.348355,0.0,310.4,stop,10.7,0,normal
BUS-008,2025-11-10T14:39:00Z,28.498074,77.34938,0.0,311.9,stop,10.0,0,normal
BUS-008,2025-11-10T14:40:00Z,28.497036,77.350271,0.0,313.4,stop,8.9,0,normal
BUS-008,2025-11-10T14:41:00Z,28.495893,77.351351,0.0,314.9,stop,4.8,0,normal
BUS-008,2025-11-10T14:42:00Z,28.494934,77.35244,11.0,316.4,location,10.1,0,normal
BUS-008,2025-11-10T14:43:00Z,28.493867,77.353473,0.0,317.9,stop,1.1,0,normal
BUS-008,2025-11-10T14:44:00Z,28.492755,77.354569,0.0,319.5,stop,5.1,0,normal
BUS-008,2025-11-10T14:45:00Z,28.491943,77.355755,0.0,321.0,stop,5.0,0,normal
BUS-008,2025-11-10T14:46:00Z,28.491159,77.35686,0.0,322.5,stop,14.6,0,normal
BUS-008,2025-11-10T14:47:00Z,28.490205,77.358203,0.0,324.0,stop,1.4,0,normal
BUS-008,2025-11-10T14:48:00Z,28.489318,77.359222,0.0,325.5,stop,5.3,0,normal
BUS-008,2025-11-10T14:49:00Z,28.488558,77.36048,0.0,327.0,stop,5.1,0,normal
BUS-008,2025-11-10T14:50:00Z,28.48783,77.361705,0.0,328.5,stop,5.4,0,normal
BUS-008,2025-11-10T14:51:00Z,28.487015,77.363009,0.0,330.0,stop,4.3,0,normal
BUS-008,2025-11-10T14:52:00Z,28.486311,77.364267,0.0,331.5,stop,5.0,0,normal
BUS-008,2025-11-10T14:53:00Z,28.485556,77.365532,0.0,333.0,stop,3.5,0,normal
BUS-008,2025-11-10T14:54:00Z,28.485025,77.366861,7.0,334.5,location,4.0,0,normal
BUS-008,2025-11-10T14:55:00Z,28.484376,77.368188,0.0,336.0,stop,12.6,0,normal
BUS-008,2025-11-10T14:56:00Z,28.483791,77.369571,0.0,337.5,stop,14.2,0,normal
BUS-008,2025-11-10T14:57:00Z,28.483211,77.370851,0.0,339.0,stop,12.7,0,normal
BUS-008,2025-11-10T14:58:00Z,28.482673,77.37242,0.0,340.5,stop,11.3,0,normal
BUS-008,2025-11-10T14:59:00Z,28.482364,77.373661,0.0,342.0,stop,11.0,0,normal
BUS-009,2025-11-10T07:00:00Z,28.47941,77.40916,46.2,18.0,location,2.1,0,normal
BUS-009,2025-11-10T07:01:00Z,28.479991,77.410609,34.4,19.5,location,2.7,0,normal
BUS-009,2025-11-10T07:02:00Z,28.480418,77.41224,39.7,21.0,location,8.8,0,normal
BUS-009,2025-11-10T07:03:00Z,28.481099,77.413678,34.5,22.5,location,5.9,0,normal
BUS-009,2025-11-10T07:04:00Z,28.481566,77.415037,31.8,24.0,location,14.0,0,normal
BUS-009,2025-11-10T07:05:00Z,28.482244,77.416466,29.9,25.5,location,11.8,0,normal
BUS-009,2025-11-10T07:06:00Z,28.482967,77.417843,28.4,27.0,location,5.9,0,normal
BUS-009,2025-11-10T07:07:00Z,28.483702,77.419128,32.4,28.5,location,9.2,0,normal
BUS-009,2025-11-10T07:08:00Z,28.484444,77.420544,34.9,30.0,location,9.2,0,normal
BUS-009,2025-11-10T07:09:00Z,28.485243,77.421864,37.5,31.5,location,7.6,0,normal
BUS-009,2025-11-10T07:10:00Z,28.486024,77.423155,40.8,33.0,location,11.6,0,normal
BUS-009,2025-11-10T07:11:00Z,28.486845,77.424416,28.6,34.5,location,7.0,0,normal
BUS-009,2025-11-10T07:12:00Z,28.487791,77.425673,48.7,36.0,location,8.6,0,normal
BUS-009,2025-11-10T07:13:00Z,28.488722,77.426907,37.8,37.5,location,3.0,0,normal
BUS-009,2025-11-10T07:14:00Z,28.489684,77.428188,34.9,39.0,location,12.4,0,normal
BUS-009,2025-11-10T07:15:00Z,28.490635,77.429294,41.8,40.5,location,3.0,0,normal
BUS-009,2025-11-10T07:16:00Z,28.491727,77.430574,41.1,42.1,location,12.2,0,normal
BUS-009,2025-11-10T07:17:00Z,28.49271,77.431617,28.2,43.6,location,8.1,0,normal
BUS-009,2025-11-10T07:18:00Z,28.493812,77.432781,32.4,45.1,location,6.1,0,normal
BUS-009,2025-11-10T07:19:00Z,28.494806,77.433836,34.8,46.6,location,17.7,0,normal
BUS-009,2025-11-10T07:20:00Z,28.496215,77.43487,44.5,48.1,location,13.9,0,normal
BUS-009,2025-11-10T07:21:00Z,28.497214,77.435987,42.3,49.6,location,8.9,0,normal
BUS-009,2025-11-10T07:22:00Z,28.498485,77.436917,34.0,51.1,location,7.1,0,normal
BUS-009,2025-11-10T07:23:00Z,28.499561,77.437812,27.0,52.6,location,2.6,0,normal
BUS-009,2025-11-10T07:24:00Z,28.500873,77.438734,44.3,54.1,location,7.5,0,normal
BUS-009,2025-11-10T07:25:00Z,28.502137,77.43971,38.6,55.6,location,8.9,0,normal
BUS-009,2025-11-10T07:26:00Z,28.503409,77.440492,37.0,57.1,location,5.3,0,normal
BUS-009,2025-11-10T07:27:00Z,28.504865,77.441425,32.9,58.6,location,7.6,0,normal
BUS-009,2025-11-10T07:28:00Z,28.506012,77.442216,25.9,60.1,location,5.8,0,normal
BUS-009,2025-11-10T07:29:00Z,28.507441,77.442899,37.9,61.6,location,2.1,0,normal
BUS-009,2025-11-10T07:30:00Z,28.508685,77.4435,32.2,63.1,location,7.1,0,normal
BUS-009,2025-11-10T07:31:00Z,28.510297,77.444331,36.3,64.6,location,7.7,0,normal
BUS-009,2025-11-10T07:32:00Z,28.51171,77.444883,38.3,66.1,location,10.1,0,normal
BUS-009,2025-11-10T07:33:00Z,28.512952,77.445566,36.3,67.6,location,9.2,0,normal
BUS-009,2025-11-10T07:34:00Z,28.514447,77.446162,42.5,69.1,location,9.7,0,normal
BUS-009,2025-11-10T07:35:00Z,28.515784,77.446543,46.6,70.6,location,9.1,0,normal
BUS-009,2025-11-10T07:36:00Z,28.517363,77.447149,32.3,72.1,location,3.2,0,normal
BUS-009,2025-11-10T07:37:00Z,28.518838,77.447618,43.9,73.6,location,9.6,0,normal
BUS-009,2025-11-10T07:38:00Z,28.520347,77.447958,43.7,75.1,location,14.3,0,normal
BUS-009,2025-11-10T07:39:00Z,28.521877,77.448426,31.9,76.6,location,6.2,0,normal
BUS-009,2025-11-10T07:40:00Z,28.523383,77.44877,36.5,78.1,location,8.3,0,normal
BUS-009,2025-11-10T07:41:00Z,28.524837,77.449043,29.9,79.6,location,5.0,0,normal
BUS-009,2025-11-10T07:42:00Z,28.526398,77.449295,35.1,81.1,location,4.1,0,normal
BUS-009,2025-11-10T07:43:00Z,28.527907,77.449417,42.4,82.6,location,8.0,0,normal
BUS-009,2025-11-10T07:44:00Z,28.529503,77.449717,39.2,84.1,location,12.2,0,normal
BUS-009,2025-11-10T07:45:00Z,28.531112,77.44978,35.2,85.6,location,4.6,0,normal
BUS-009,2025-11-10T07:46:00Z,28.532507,77.449946,24.7,87.1,location,4.1,0,normal
BUS-009,2025-11-10T07:47:00Z,28.534091,77.450042,38.4,88.6,location,10.9,0,normal
BUS-009,2025-11-10T07:48:00Z,28.535632,77.449953,29.9,90.2,location,11.5,0,normal
BUS-009,2025-11-10T07:49:00Z,28.537223,77.449985,27.4,91.7,location,18.9,0,normal
BUS-009,2025-11-10T07:50:00Z,28.538677,77.449854,29.6,93.2,location,4.0,0,normal
BUS-009,2025-11-10T07:51:00Z,28.540287,77.449898,24.5,94.7,location,7.3,0,normal
BUS-009,2025-11-10T07:52:00Z,28.541784,77.449634,46.4,96.2,location,8.3,0,normal
BUS-009,2025-11-10T07:53:00Z,28.543436,77.449433,38.4,97.7,location,7.6,0,normal
BUS-009,2025-11-10T07:54:00Z,28.544954,77.449212,37.2,99.2,location,8.9,0,normal
BUS-009,2025-11-10T07:55:00Z,28.546479,77.448972,38.2,100.7,location,13.6,0,normal
BUS-009,2025-11-10T07:56:00Z,28.548006,77.4485,34.0,102.2,location,2.3,0,normal
BUS-009,2025-11-10T07:57:00Z,28.549534,77.448273,34.7,103.7,location,10.5,0,normal
BUS-009,2025-11-10T07:58:00Z,28.55094,77.447938,37.0,105.2,location,5.5,0,normal
BUS-009,2025-11-10T07:59:00Z,28.552396,77.447489,39.1,106.7,location,6.8,0,normal
BUS-009,2025-11-10T08:00:00Z,28.553913,77.447076,28.7,108.2,location,9.9,0,normal
BUS-009,2025-11-10T08:01:00Z,28.555375,77.446527,44.6,109.7,location,7.7,0,normal
BUS-009,2025-11-10T08:02:00Z,28.556815,77.446024,39.3,111.2,location,6.2,0,normal
BUS-009,2025-11-10T08:03:00Z,28.558294,77.445391,34.1,112.7,location,13.1,0,normal
BUS-009,2025-11-10T08:04:00Z,28.559629,77.444896,31.0,114.2,location,1.5,0,normal
BUS-009,2025-11-10T08:05:00Z,28.561175,77.444118,38.3,115.7,location,5.4,0,normal
BUS-009,2025-11-10T08:06:00Z,28.56251,77.443449,26.6,117.2,location,15.0,0,normal
BUS-009,2025-11-10T08:07:00Z,28.563846,77.442749,34.9,118.7,location,3.1,0,normal
BUS-009,2025-11-10T08:08:00Z,28.565217,77.44192,36.3,120.2,location,8.3,0,normal
BUS-009,2025-11-10T08:09:00Z,28.566584,77.441213,35.0,121.7,location,4.2,0,normal
BUS-009,2025-11-10T08:10:00Z,28.567701,77.44034,40.6,123.2,location,8.5,0,normal
BUS-009,2025-11-10T08:11:00Z,28.569124,77.439531,36.3,124.7,location,2.4,0,normal
BUS-009,2025-11-10T08:12:00Z,28.570362,77.438624,42.1,126.2,location,10.3,0,normal
BUS-009,2025-11-10T08:13:00Z,28.571662,77.437636,39.4,127.7,location,3.4,0,normal
BUS-009,2025-11-10T08:14:00Z,28.572844,77.43677,45.0,129.2,location,8.9,0,normal
BUS-009,2025-11-10T08:15:00Z,28.574075,77.435751,45.5,130.7,location,10.7,0,normal
BUS-009,2025-11-10T08:16:00Z,28.575155,77.434718,35.7,132.2,location,18.0,0,normal
BUS-009,2025-11-10T08:17:00Z,28.576254,77.433626,37.6,133.7,location,6.5,0,normal
BUS-009,2025-11-10T08:18:00Z,28.577299,77.43248,42.5,135.2,location,9.0,0,normal
BUS-009,2025-11-10T08:19:00Z,28.578478,77.431364,42.5,136.7,location,4.7,0,normal
BUS-009,2025-11-10T08:20:00Z,28.579601,77.430301,39.9,138.3,location,0.9,0,normal
BUS-009,2025-11-10T08:21:00Z,28.580566,77.429208,34.6,139.8,location,1.9,0,normal
BUS-009,2025-11-10T08:22:00Z,28.581497,77.42789,30.5,141.3,location,8.0,0,normal
BUS-009,2025-11-10T08:23:00Z,28.582405,77.426745,49.7,142.8,location,14.0,0,normal
BUS-009,2025-11-10T08:24:00Z,28.583385,77.425441,40.0,144.3,location,3.4,0,normal
BUS-009,2025-11-10T08:25:00Z,28.584366,77.424161,34.3,145.8,location,8.0,0,normal
BUS-009,2025-11-10T08:26:00Z,28.585045,77.422878,35.9,147.3,location,10.9,0,normal
BUS-009,2025-11-10T08:27:00Z,28.585907,77.421547,38.3,148.8,location,11.6,0,normal
BUS-009,2025-11-10T08:28:00Z,28.586773,77.420265,27.1,150.3,location,6.6,0,normal
BUS-009,2025-11-10T08:29:00Z,28.587385,77.418981,28.9,151.8,location,7.4,0,normal
BUS-009,2025-11-10T08:30:00Z,28.588141,77.417532,38.8,153.3,location,17.1,0,normal
BUS-009,2025-11-10T08:31:00Z,28.588887,77.416119,0.0,154.8,stop,12.5,0,normal
BUS-009,2025-11-10T08:32:00Z,28.589484,77.414761,0.0,156.3,stop,3.3,0,normal
BUS-009,2025-11-10T08:33:00Z,28.59009,77.413245,0.0,157.8,stop,5.6,0,normal
BUS-009,2025-11-10T08:34:00Z,28.590695,77.411863,0.0,159.3,stop,7.5,0,normal
BUS-009,2025-11-10T08:35:00Z,28.591268,77.410379,0.0,160.8,stop,0.6,0,normal
BUS-009,2025-11-10T08:36:00Z,28.591644,77.4089,9.2,162.3,location,6.0,0,normal
BUS-009,2025-11-10T08:37:00Z,28.592129,77.407429,0.0,163.8,stop,16.0,0,normal
BUS-009,2025-11-10T08:38:00Z,28.59251,77.405991,0.0,165.3,stop,5.0,0,normal
BUS-009,2025-11-10T08:39:00Z,28.593019,77.404393,0.0,166.8,stop,4.7,0,normal
BUS-009,2025-11-10T08:40:00Z,28.593246,77.402898,0.0,168.3,stop,6.7,0,normal
BUS-009,2025-11-10T08:41:00Z,28.593632,77.401299,0.0,169.8,stop,3.8,0,normal
BUS-009,2025-11-10T08:42:00Z,28.593892,77.399899,0.0,171.3,stop,21.6,0,normal
BUS-009,2025-11-10T08:43:00Z,28.593998,77.398342,0.0,172.8,stop,14.4,0,normal
BUS-009,2025-11-10T08:44:00Z,28.594237,77.396862,0.0,174.3,stop,10.2,0,normal
BUS-009,2025-11-10T08:45:00Z,28.594363,77.395287,0.0,175.8,stop,15.5,0,normal
BUS-009,2025-11-10T08:46:00Z,28.594435,77.393727,0.0,177.3,stop,2.7,0,normal
BUS-009,2025-11-10T08:47:00Z,28.594492,77.392214,0.0,178.8,stop,6.5,0,normal
BUS-009,2025-11-10T08:48:00Z,28.594523,77.390582,0.0,180.3,stop,4.1,0,normal
BUS-009,2025-11-10T08:49:00Z,28.594385,77.389066,0.0,181.8,stop,12.0,0,normal
BUS-009,2025-11-10T08:50:00Z,28.59442,77.387467,0.0,183.3,stop,4.7,0,normal
BUS-009,2025-11-10T08:51:00Z,28.594323,77.386036,0.0,184.8,stop,4.9,0,normal
BUS-009,2025-11-10T08:52:00Z,28.594145,77.384383,7.6,186.4,location,6.6,0,normal
BUS-009,2025-11-10T08:53:00Z,28.593985,77.382936,0.0,187.9,stop,7.4,0,normal
BUS-009,2025-11-10T08:54:00Z,28.593696,77.381474,0.0,189.4,stop,12.0,0,normal
BUS-009,2025-11-10T08:55:00Z,28.593467,77.379878,0.0,190.9,stop,13.3,0,normal
BUS-009,2025-11-10T08:56:00Z,28.593155,77.37826,0.0,192.4,stop,8.3,0,normal
BUS-009,2025-11-10T08:57:00Z,28.592793,77.376866,0.0,193.9,stop,4.8,0,normal
BUS-009,2025-11-10T08:58:00Z,28.592438,77.375308,0.0,195.4,stop,13.3,0,normal
BUS-009,2025-11-10T08:59:00Z,28.591964,77.373832,0.0,196.9,stop,3.7,0,normal
BUS-009,2025-11-10T09:00:00Z,28.591496,77.372428,0.0,198.4,stop,6.4,0,normal
BUS-009,2025-11-10T09:01:00Z,28.590993,77.370976,0.0,199.9,stop,14.8,0,normal
BUS-009,2025-11-10T09:02:00Z,28.590361,77.369523,0.0,201.4,stop,3.3,0,normal
BUS-009,2025-11-10T09:03:00Z,28.589866,77.367979,0.0,202.9,stop,0.7,0,normal
BUS-009,2025-11-10T09:04:00Z,28.589183,77.366658,0.0,204.4,stop,1.7,0,normal
BUS-009,2025-11-10T09:05:00Z,28.588592,77.365246,0.0,205.9,stop,1.3,0,normal
BUS-009,2025-11-10T09:06:00Z,28.587896,77.363877,0.0,207.4,stop,10.0,0,normal
BUS-009,2025-11-10T09:07:00Z,28.587174,77.362465,0.0,208.9,stop,0.6,0,normal
BUS-009,2025-11-10T09:08:00Z,28.586362,77.36112,0.0,210.4,stop,17.3,0,normal
BUS-009,2025-11-10T09:09:00Z,28.585611,77.359913,0.0,211.9,stop,8.5,0,normal
BUS-009,2025-11-10T09:10:00Z,28.584754,77.358517,7.4,213.4,location,14.0,0,normal
BUS-009,2025-11-10T09:11:00Z,28.583913,77.357309,0.0,214.9,stop,3.4,0,normal
BUS-009,2025-11-10T09:12:00Z,28.582968,77.355987,0.0,216.4,stop,2.0,0,normal
BUS-009,2025-11-10T09:13:00Z,28.582105,77.354697,7.3,217.9,location,0.9,0,normal
BUS-009,2025-11-10T09:14:00Z,28.581156,77.353505,0.0,219.4,stop,9.3,0,normal
BUS-009,2025-11-10T09:15:00Z,28.580098,77.352378,0.0,220.9,stop,6.2,0,normal
BUS-009,2025-11-10T09:16:00Z,28.578954,77.351207,0.0,222.4,stop,6.4,0,normal
BUS-009,2025-11-10T09:17:00Z,28.578056,77.350073,0.0,223.9,stop,2.3,0,normal
BUS-009,2025-11-10T09:18:00Z,28.576862,77.348953,0.0,225.4,stop,8.8,0,normal
BUS-009,2025-11-10T09:19:00Z,28.575823,77.347931,11.3,226.9,location,15.6,0,normal
BUS-009,2025-11-10T09:20:00Z,28.574553,77.346876,0.0,228.4,stop,11.6,0,normal
BUS-009,2025-11-10T09:21:00Z,28.57344,77.345804,0.0,229.9,stop,8.9,0,normal
BUS-009,2025-11-10T09:22:00Z,28.572179,77.344882,0.0,231.4,stop,15.6,0,normal
BUS-009,2025-11-10T09:23:00Z,28.571069,77.343795,0.0,232.9,stop,7.5,0,normal
BUS-009,2025-11-10T09:24:00Z,28.569739,77.343041,0.0,234.5,stop,13.5,0,normal
BUS-009,2025-11-10T09:25:00Z,28.568575,77.342139,0.0,236.0,stop,9.7,0,normal
BUS-009,2025-11-10T09:26:00Z,28.567232,77.341184,8.4,237.5,location,6.6,0,normal
BUS-009,2025-11-10T09:27:00Z,28.565812,77.340528,0.0,239.0,stop,4.6,0,normal
BUS-009,2025-11-10T09:28:00Z,28.564568,77.339688,0.0,240.5,stop,7.4,0,normal
BUS-009,2025-11-10T09:29:00Z,28.563268,77.338929,0.0,242.0,stop,9.7,0,normal
BUS-009,2025-11-10T09:30:00Z,28.561795,77.33826,0.0,243.5,stop,13.0,0,normal
BUS-009,2025-11-10T09:31:00Z,28.560371,77.337665,0.0,245.0,stop,13.3,0,normal
BUS-009,2025-11-10T09:32:00Z,28.55906,77.33684,0.0,246.5,stop,7.9,0,normal
BUS-009,2025-11-10T09:33:00Z,28.557667,77.336312,0.0,248.0,stop,5.0,0,normal
BUS-009,2025-11-10T09:34:00Z,28.556238,77.33575,0.0,249.5,stop,2.2,0,normal
BUS-009,2025-11-10T09:35:00Z,28.55473,77.33524,0.0,251.0,stop,10.1,0,normal
BUS-009,2025-11-10T09:36:00Z,28.553334,77.334821,0.0,252.5,stop,6.9,0,normal
BUS-009,2025-11-10T09:37:00Z,28.551658,77.334292,0.0,254.0,stop,6.9,0,normal
BUS-009,2025-11-10T09:38:00Z,28.550286,77.333896,0.0,255.5,stop,9.4,0,normal
BUS-009,2025-11-10T09:39:00Z,28.548634,77.333523,0.0,257.0,stop,12.9,0,normal
BUS-009,2025-11-10T09:40:00Z,28.547276,77.333244,0.0,258.5,stop,6.1,0,normal
BUS-009,2025-11-10T09:41:00Z,28.545794,77.332894,0.0,260.0,stop,8.6,0,normal
BUS-009,2025-11-10T09:42:00Z,28.544222,77.332704,0.0,261.5,stop,5.4,0,normal
BUS-009,2025-11-10T09:43:00Z,28.542645,77.33251,0.0,263.0,stop,9.1,0,normal
BUS-009,2025-11-10T09:44:00Z,28.541116,77.332243,0.0,264.5,stop,14.6,0,normal
BUS-009,2025-11-10T09:45:00Z,28.539598,77.332164,8.7,266.0,location,0.8,0,normal
BUS-009,2025-11-10T09:46:00Z,28.538013,77.332045,8.9,267.5,location,8.6,0,normal
BUS-009,2025-11-10T09:47:00Z,28.536522,77.331994,0.0,269.0,stop,3.9,0,normal
BUS-009,2025-11-10T09:48:00Z,28.534967,77.331991,0.0,270.5,stop,8.8,0,normal
BUS-009,2025-11-10T09:49:00Z,28.533412,77.332094,9.7,272.0,location,14.5,0,normal
BUS-009,2025-11-10T09:50:00Z,28.531789,77.332187,7.6,273.5,location,1.5,0,normal
BUS-009,2025-11-10T09:51:00Z,28.530315,77.332229,0.0,275.0,stop,9.8,0,normal
BUS-009,2025-11-10T09:52:00Z,28.528779,77.332459,0.0,276.5,stop,5.1,0,normal
BUS-009,2025-11-10T09:53:00Z,28.52723,77.332502,0.0,278.0,stop,14.0,0,normal
BUS-009,2025-11-10T09:54:00Z,28.525721,77.332868,8.8,279.5,location,5.7,0,normal
BUS-009,2025-11-10T09:55:00Z,28.52421,77.33307,0.0,281.0,stop,13.2,0,normal
BUS-009,2025-11-10T09:56:00Z,28.522657,77.333407,0.0,282.6,stop,8.6,0,normal
BUS-009,2025-11-10T09:57:00Z,28.521206,77.333773,0.0,284.1,stop,4.0,0,normal
BUS-009,2025-11-10T09:58:00Z,28.519643,77.334137,0.0,285.6,stop,9.9,0,normal
BUS-009,2025-11-10T09:59:00Z,28.518189,77.334515,0.0,287.1,stop,7.3,0,normal
BUS-009,2025-11-10T10:00:00Z,28.51675,77.335108,0.0,288.6,stop,12.3,0,normal
BUS-009,2025-11-10T10:01:00Z,28.515149,77.335543,0.0,290.1,stop,8.5,0,normal
BUS-009,2025-11-10T10:02:00Z,28.513773,77.336156,0.0,291.6,stop,10.9,0,normal
BUS-009,2025-11-10T10:03:00Z,28.5124,77.336679,0.0,293.1,stop,8.0,0,normal
BUS-009,2025-11-10T10:04:00Z,28.510944,77.337364,0.0,294.6,stop,7.7,0,normal
BUS-009,2025-11-10T10:05:00Z,28.509597,77.338019,0.0,296.1,stop,8.3,0,normal
BUS-009,2025-11-10T10:06:00Z,28.508143,77.338682,0.0,297.6,stop,12.6,0,normal
BUS-009,2025-11-10T10:07:00Z,28.506861,77.339428,0.0,299.1,stop,9.9,0,normal
BUS-009,2025-11-10T10:08:00Z,28.505493,77.340255,0.0,300.6,stop,6.1,0,normal
BUS-009,2025-11-10T10:09:00Z,28.504121,77.341058,11.8,302.1,location,15.2,0,normal
BUS-009,2025-11-10T10:10:00Z,28.502774,77.341803,0.0,303.6,stop,9.0,0,normal
BUS-009,2025-11-10T10:11:00Z,28.501464,77.342652,0.0,305.1,stop,7.4,0,normal
BUS-009,2025-11-10T10:12:00Z,28.500357,77.343673,0.0,306.6,stop,4.7,0,normal
BUS-009,2025-11-10T10:13:00Z,28.49901,77.344646,8.6,308.1,location,11.3,0,normal
BUS-009,2025-11-10T10:14:00Z,28.497886,77.345678,0.0,309.6,stop,8.1,0,normal
BUS-009,2025-11-10T10:15:00Z,28.496688,77.346558,0.0,311.1,stop,9.5,0,normal
BUS-009,2025-11-10T10:16:00Z,28.495532,77.347572,0.0,312.6,stop,8.3,0,normal
BUS-009,2025-11-10T10:17:00Z,28.494388,77.348579,5.9,314.1,location,12.3,0,normal
BUS-009,2025-11-10T10:18:00Z,28.493234,77.349737,0.0,315.6,stop,6.1,0,normal
BUS-009,2025-11-10T10:19:00Z,28.492265,77.350943,8.2,317.1,location,1.2,0,normal
BUS-009,2025-11-10T10:20:00Z,28.491267,77.352018,0.0,318.6,stop,11.8,0,normal
BUS-009,2025-11-10T10:21:00Z,28.490208,77.353204,0.0,320.1,stop,6.8,0,normal
BUS-009,2025-11-10T10:22:00Z,28.489242,77.354296,0.0,321.6,stop,10.0,0,normal
BUS-009,2025-11-10T10:23:00Z,28.48837,77.355622,0.0,323.1,stop,2.2,0,normal
BUS-009,2025-11-10T10:24:00Z,28.487385,77.356816,0.0,324.6,stop,4.8,0,normal
BUS-009,2025-11-10T10:25:00Z,28.486523,77.358139,0.0,326.1,stop,10.0,0,normal
BUS-009,2025-11-10T10:26:00Z,28.485719,77.359404,0.0,327.6,stop,20.4,0,normal
BUS-009,2025-11-10T10:27:00Z,28.484911,77.360716,0.0,329.1,stop,7.0,0,normal
BUS-009,2025-11-10T10:28:00Z,28.484089,77.362111,0.0,330.7,stop,8.2,0,normal
BUS-009,2025-11-10T10:29:00Z,28.483303,77.363392,0.0,332.2,stop,13.4,0,normal
BUS-009,2025-11-10T10:30:00Z,28.482614,77.364797,5.7,333.7,location,9.6,0,normal
BUS-009,2025-11-10T10:31:00Z,28.481871,77.366275,0.0,335.2,stop,7.8,0,normal
BUS-009,2025-11-10T10:32:00Z,28.481378,77.367641,0.0,336.7,stop,4.8,0,normal
BUS-009,2025-11-10T10:33:00Z,28.480802,77.36905,0.0,338.2,stop,3.1,0,normal
BUS-009,2025-11-10T10:34:00Z,28.480153,77.370567,0.0,339.7,stop,7.6,0,normal
BUS-009,2025-11-10T10:35:00Z,28.479717,77.371881,0.0,341.2,stop,6.7,0,normal
BUS-009,2025-11-10T10:36:00Z,28.479155,77.373548,0.0,342.7,stop,3.2,0,normal
BUS-009,2025-11-10T10:37:00Z,28.478736,77.374937,0.0,344.2,stop,16.7,0,normal
BUS-009,2025-11-10T10:38:00Z,28.478276,77.37649,0.0,345.7,stop,4.5,0,normal
BUS-009,2025-11-10T10:39:00Z,28.477955,77.377906,0.0,347.2,stop,10.9,0,normal
BUS-009,2025-11-10T10:40:00Z,28.477613,77.379509,0.0,348.7,stop,8.5,0,normal
BUS-009,2025-11-10T10:41:00Z,28.477383,77.380948,0.0,350.2,stop,11.9,0,normal
BUS-009,2025-11-10T10:42:00Z,28.477239,77.382413,0.0,351.7,stop,8.3,0,normal
BUS-009,2025-11-10T10:43:00Z,28.476896,77.383946,0.0,353.2,stop,3.8,0,normal
BUS-009,2025-11-10T10:44:00Z,28.476783,77.385647,0.0,354.7,stop,13.1,0,normal
BUS-009,2025-11-10T10:45:00Z,28.476612,77.387226,0.0,356.2,stop,4.7,0,normal
BUS-009,2025-11-10T10:46:00Z,28.476629,77.388694,6.9,357.7,location,10.9,0,normal
BUS-009,2025-11-10T10:47:00Z,28.476486,77.390135,0.0,359.2,stop,7.1,0,normal
BUS-009,2025-11-10T10:48:00Z,28.476468,77.391652,0.0,0.7,stop,1.4,0,normal
BUS-009,2025-11-10T10:49:00Z,28.476593,77.393225,0.0,2.2,stop,2.8,0,normal
BUS-009,2025-11-10T10:50:00Z,28.476531,77.394878,0.0,3.7,stop,3.3,0,normal
BUS-009,2025-11-10T10:51:00Z,28.476747,77.396405,0.0,5.2,stop,13.8,0,normal
BUS-009,2025-11-10T10:52:00Z,28.476942,77.397959,0.0,6.7,stop,4.2,0,normal
BUS-009,2025-11-10T10:53:00Z,28.477134,77.399459,0.0,8.2,stop,7.2,0,normal
BUS-009,2025-11-10T10:54:00Z,28.477436,77.400916,0.0,9.7,stop,10.8,0,normal
BUS-009,2025-11-10T10:55:00Z,28.477688,77.402448,0.0,11.2,stop,8.2,0,normal
BUS-009,2025-11-10T10:56:00Z,28.478002,77.404084,0.0,12.7,stop,5.1,0,normal
BUS-009,2025-11-10T10:57:00Z,28.478234,77.405428,0.0,14.2,stop,9.5,0,normal
BUS-009,2025-11-10T10:58:00Z,28.478755,77.407028,0.0,15.7,stop,9.8,0,normal
BUS-009,2025-11-10T10:59:00Z,28.479173,77.408449,0.0,17.2,stop,10.1,0,normal
BUS-009,2025-11-10T11:00:00Z,28.479744,77.409894,0.0,18.8,stop,8.4,0,normal
BUS-009,2025-11-10T11:01:00Z,28.48019,77.411476,0.0,20.3,stop,5.2,0,normal
BUS-009,2025-11-10T11:02:00Z,28.480687,77.412896,0.0,21.8,stop,3.1,0,normal
BUS-009,2025-11-10T11:03:00Z,28.481276,77.414375,0.0,23.3,stop,6.8,0,normal
BUS-009,2025-11-10T11:04:00Z,28.481925,77.415699,11.3,24.8,location,6.3,0,normal
BUS-009,2025-11-10T11:05:00Z,28.482584,77.417107,0.0,26.3,stop,6.6,0,normal
BUS-009,2025-11-10T11:06:00Z,28.483356,77.418394,0.0,27.8,stop,13.2,0,normal
BUS-009,2025-11-10T11:07:00Z,28.48402,77.419792,0.0,29.3,stop,11.6,0,normal
BUS-009,2025-11-10T11:08:00Z,28.484682,77.421301,0.0,30.8,stop,13.0,0,normal
BUS-009,2025-11-10T11:09:00Z,28.485616,77.422496,0.0,32.3,stop,6.5,0,normal
BUS-009,2025-11-10T11:10:00Z,28.486333,77.423823,0.0,33.8,stop,2.5,0,normal
BUS-009,2025-11-10T11:11:00Z,28.487361,77.425127,0.0,35.3,stop,14.5,0,normal
BUS-009,2025-11-10T11:12:00Z,28.488341,77.426197,0.0,36.8,stop,7.4,0,normal
BUS-009,2025-11-10T11:13:00Z,28.489168,77.427599,0.0,38.3,stop,9.8,0,normal
BUS-009,2025-11-10T11:14:00Z,28.490163,77.428835,0.0,39.8,stop,13.3,0,normal
BUS-009,2025-11-10T11:15:00Z,28.491206,77.429964,0.0,41.3,stop,9.0,0,normal
BUS-009,2025-11-10T11:16:00Z,28.492226,77.431104,0.0,42.8,stop,10.0,0,normal
BUS-009,2025-11-10T11:17:00Z,28.493382,77.432258,0.0,44.3,stop,7.5,0,normal
BUS-009,2025-11-10T11:18:00Z,28.494349,77.433264,0.0,45.8,stop,12.2,0,normal
BUS-009,2025-11-10T11:19:00Z,28.495501,77.434445,0.0,47.3,stop,6.2,0,normal
BUS-009,2025-11-10T11:20:00Z,28.496699,77.435377,0.0,48.8,stop,4.0,0,normal
BUS-009,2025-11-10T11:21:00Z,28.497836,77.436326,0.0,50.3,stop,3.2,0,normal
BUS-009,2025-11-10T11:22:00Z,28.498937,77.437418,0.0,51.8,stop,11.4,0,normal
BUS-009,2025-11-10T11:23:00Z,28.500277,77.438299,0.0,53.3,stop,5.9,0,normal
BUS-009,2025-11-10T11:24:00Z,28.50147,77.439213,9.4,54.8,location,7.2,0,normal
BUS-009,2025-11-10T11:25:00Z,28.50288,77.440043,0.0,56.3,stop,0.4,0,normal
BUS-009,2025-11-10T11:26:00Z,28.504028,77.440977,0.0,57.8,stop,7.1,0,normal
BUS-009,2025-11-10T11:27:00Z,28.505428,77.441741,0.0,59.3,stop,6.8,0,normal
BUS-009,2025-11-10T11:28:00Z,28.506799,77.442491,0.0,60.8,stop,3.4,0,normal
BUS-009,2025-11-10T11:29:00Z,28.508006,77.443196,0.0,62.3,stop,8.5,0,normal
BUS-009,2025-11-10T11:30:00Z,28.509499,77.444007,0.0,63.8,stop,10.8,0,normal
BUS-009,2025-11-10T11:31:00Z,28.510779,77.444629,0.0,65.3,stop,8.9,0,normal
BUS-009,2025-11-10T11:32:00Z,28.512239,77.445318,0.0,66.9,stop,3.6,0,normal
BUS-009,2025-11-10T11:33:00Z,28.513745,77.445904,0.0,68.4,stop,6.6,0,normal
BUS-009,2025-11-10T11:34:00Z,28.51522,77.446339,0.0,69.9,stop,12.7,0,normal
BUS-009,2025-11-10T11:35:00Z,28.516585,77.446893,0.0,71.4,stop,3.3,0,normal
BUS-009,2025-11-10T11:36:00Z,28.518226,77.447317,0.0,72.9,stop,7.4,0,normal
BUS-009,2025-11-10T11:37:00Z,28.519524,77.447892,5.8,74.4,location,13.8,0,normal
BUS-009,2025-11-10T11:38:00Z,28.52116,77.448201,0.0,75.9,stop,9.3,0,normal
BUS-009,2025-11-10T11:39:00Z,28.522545,77.448436,0.0,77.4,stop,4.0,0,normal
BUS-009,2025-11-10T11:40:00Z,28.524188,77.448991,0.0,78.9,stop,3.0,0,normal
BUS-009,2025-11-10T11:41:00Z,28.525549,77.449178,0.0,80.4,stop,6.2,0,normal
BUS-009,2025-11-10T11:42:00Z,28.527236,77.449412,10.2,81.9,location,7.0,0,normal
BUS-009,2025-11-10T11:43:00Z,28.528645,77.449643,0.0,83.4,stop,8.0,0,normal
BUS-009,2025-11-10T11:44:00Z,28.530216,77.449792,0.0,84.9,stop,14.1,0,normal
BUS-009,2025-11-10T11:45:00Z,28.531764,77.4499,0.0,86.4,stop,10.6,0,normal
BUS-009,2025-11-10T11:46:00Z,28.533389,77.449908,0.0,87.9,stop,10.3,0,normal
BUS-009,2025-11-10T11:47:00Z,28.534898,77.450061,0.0,89.4,stop,5.1,0,normal
BUS-009,2025-11-10T11:48:00Z,28.536392,77.449836,0.0,90.9,stop,11.0,0,normal
BUS-009,2025-11-10T11:49:00Z,28.537936,77.449915,0.0,92.4,stop,7.3,0,normal
BUS-009,2025-11-10T11:50:00Z,28.539562,77.449876,0.0,93.9,stop,13.2,0,normal
BUS-009,2025-11-10T11:51:00Z,28.541081,77.449804,0.0,95.4,stop,8.4,0,normal
BUS-009,2025-11-10T11:52:00Z,28.542667,77.449573,9.2,96.9,location,8.5,0,normal
BUS-009,2025-11-10T11:53:00Z,28.54406,77.449388,11.1,98.4,location,5.4,0,normal
BUS-009,2025-11-10T11:54:00Z,28.545628,77.449111,0.0,99.9,stop,9.8,0,normal
BUS-009,2025-11-10T11:55:00Z,28.547194,77.448764,0.0,101.4,stop,5.9,0,normal
BUS-009,2025-11-10T11:56:00Z,28.548739,77.448538,0.0,102.9,stop,5.4,0,normal
BUS-009,2025-11-10T11:57:00Z,28.5502,77.448066,0.0,104.4,stop,9.1,0,normal
BUS-009,2025-11-10T11:58:00Z,28.551767,77.447741,0.0,105.9,stop,8.5,0,normal
BUS-009,2025-11-10T11:59:00Z,28.553144,77.447382,0.0,107.4,stop,8.5,0,normal
BUS-009,2025-11-10T12:00:00Z,28.554594,77.446747,8.2,108.9,location,9.0,0,normal
BUS-009,2025-11-10T12:01:00Z,28.555971,77.446339,0.0,110.4,stop,5.3,0,normal
BUS-009,2025-11-10T12:02:00Z,28.557533,77.445771,0.0,111.9,stop,11.5,0,normal
BUS-009,2025-11-10T12:03:00Z,28.559004,77.445059,0.0,113.4,stop,6.0,0,normal
BUS-009,2025-11-10T12:04:00Z,28.56045,77.444504,0.0,115.0,stop,6.2,0,normal
BUS-009,2025-11-10T12:05:00Z,28.561819,77.443844,0.0,116.5,stop,7.4,0,normal
BUS-009,2025-11-10T12:06:00Z,28.563211,77.443049,0.0,118.0,stop,9.9,0,normal
BUS-009,2025-11-10T12:07:00Z,28.564588,77.442323,0.0,119.5,stop,5.0,0,normal
BUS-009,2025-11-10T12:08:00Z,28.565844,77.441601,0.0,121.0,stop,12.2,0,normal
BUS-009,2025-11-10T12:09:00Z,28.567168,77.440771,0.0,122.5,stop,8.2,0,normal
BUS-009,2025-11-10T12:10:00Z,28.56839,77.439956,0.0,124.0,stop,4.5,0,normal
BUS-009,2025-11-10T12:11:00Z,28.569681,77.43912,0.0,125.5,stop,11.2,0,normal
BUS-009,2025-11-10T12:12:00Z,28.570988,77.438154,0.0,127.0,stop,5.2,0,normal
BUS-009,2025-11-10T12:13:00Z,28.572147,77.43724,7.2,128.5,location,11.8,0,normal
BUS-009,2025-11-10T12:14:00Z,28.573428,77.436254,0.0,130.0,stop,13.9,0,normal
BUS-009,2025-11-10T12:15:00Z,28.574632,77.435113,0.0,131.5,stop,13.6,0,normal
BUS-009,2025-11-10T12:16:00Z,28.575743,77.4342,0.0,133.0,stop,7.8,0,normal
BUS-009,2025-11-10T12:17:00Z,28.576792,77.433076,0.0,134.5,stop,10.0,0,normal
BUS-009,2025-11-10T12:18:00Z,28.577841,77.431905,0.0,136.0,stop,4.8,0,normal
BUS-009,2025-11-10T12:19:00Z,28.578969,77.430917,0.0,137.5,stop,8.0,0,normal
BUS-009,2025-11-10T12:20:00Z,28.579997,77.429667,0.0,139.0,stop,9.7,0,normal
BUS-009,2025-11-10T12:21:00Z,28.581078,77.428585,0.0,140.5,stop,3.3,0,normal
BUS-009,2025-11-10T12:22:00Z,28.582001,77.427252,10.9,142.0,location,14.4,0,normal
BUS-009,2025-11-10T12:23:00Z,28.58298,77.426096,0.0,143.5,stop,14.9,0,normal
BUS-009,2025-11-10T12:24:00Z,28.583873,77.424841,0.0,145.0,stop,11.6,0,normal
BUS-009,2025-11-10T12:25:00Z,28.584636,77.423547,0.0,146.5,stop,12.5,0,normal
BUS-009,2025-11-10T12:26:00Z,28.585548,77.422288,0.0,148.0,stop,10.7,0,normal
BUS-009,2025-11-10T12:27:00Z,28.586386,77.420834,0.0,149.5,stop,4.6,0,normal
BUS-009,2025-11-10T12:28:00Z,28.587142,77.419614,0.0,151.0,stop,1.9,0,normal
BUS-009,2025-11-10T12:29:00Z,28.587891,77.418298,0.0,152.5,stop,7.4,0,normal
BUS-009,2025-11-10T12:30:00Z,28.588556,77.416777,0.0,154.0,stop,11.5,0,normal
BUS-009,2025-11-10T12:31:00Z,28.589123,77.415437,0.0,155.5,stop,20.0,0,normal
BUS-009,2025-11-10T12:32:00Z,28.589873,77.414043,0.0,157.0,stop,1.4,0,normal
BUS-009,2025-11-10T12:33:00Z,28.590348,77.412528,5.9,158.5,location,5.3,0,normal
BUS-009,2025-11-10T12:34:00Z,28.590908,77.411106,0.0,160.0,stop,10.4,0,normal
BUS-009,2025-11-10T12:35:00Z,28.591551,77.409638,0.0,161.5,stop,8.7,0,normal
BUS-009,2025-11-10T12:36:00Z,28.592002,77.408134,0.0,163.1,stop,4.2,0,normal
BUS-009,2025-11-10T12:37:00Z,28.592356,77.406797,0.0,164.6,stop,7.5,0,normal
BUS-009,2025-11-10T12:38:00Z,28.59276,77.405226,0.0,166.1,stop,6.9,0,normal
BUS-009,2025-11-10T12:39:00Z,28.593168,77.403658,0.0,167.6,stop,7.3,0,normal
BUS-009,2025-11-10T12:40:00Z,28.593291,77.402119,0.0,169.1,stop,9.2,0,normal
BUS-009,2025-11-10T12:41:00Z,28.593654,77.400632,0.0,170.6,stop,8.0,0,normal
BUS-009,2025-11-10T12:42:00Z,28.59386,77.399149,0.0,172.1,stop,12.2,0,normal
BUS-009,2025-11-10T12:43:00Z,28.594185,77.397607,0.0,173.6,stop,9.6,0,normal
BUS-009,2025-11-10T12:44:00Z,28.594276,77.396089,0.0,175.1,stop,11.0,0,normal
BUS-009,2025-11-10T12:45:00Z,28.594431,77.394481,7.8,176.6,location,3.1,0,normal
BUS-009,2025-11-10T12:46:00Z,28.594379,77.392895,0.0,178.1,stop,3.9,0,normal
BUS-009,2025-11-10T12:47:00Z,28.594519,77.391289,0.0,179.6,stop,9.2,0,normal
BUS-009,2025-11-10T12:48:00Z,28.59454,77.389773,0.0,181.1,stop,8.3,0,normal
BUS-009,2025-11-10T12:49:00Z,28.594477,77.388344,0.0,182.6,stop,2.0,0,normal
BUS-009,2025-11-10T12:50:00Z,28.594378,77.386754,0.0,184.1,stop,13.9,0,normal
BUS-009,2025-11-10T12:51:00Z,28.59425,77.385226,0.0,185.6,stop,10.9,0,normal
BUS-009,2025-11-10T12:52:00Z,28.593984,77.383687,0.0,187.1,stop,2.6,0,normal
BUS-009,2025-11-10T12:53:00Z,28.593933,77.382182,10.4,188.6,location,15.1,0,normal
BUS-009,2025-11-10T12:54:00Z,28.59361,77.380681,0.0,190.1,stop,6.7,0,normal
BUS-009,2025-11-10T12:55:00Z,28.593329,77.379061,0.0,191.6,stop,4.5,0,normal
BUS-009,2025-11-10T12:56:00Z,28.593038,77.37769,0.0,193.1,stop,12.0,0,normal
BUS-009,2025-11-10T12:57:00Z,28.592574,77.3761,0.0,194.6,stop,4.9,0,normal
BUS-009,2025-11-10T12:58:00Z,28.592223,77.374712,0.0,196.1,stop,7.5,0,normal
BUS-009,2025-11-10T12:59:00Z,28.591707,77.373111,0.0,197.6,stop,7.7,0,normal
BUS-009,2025-11-10T13:00:00Z,28.591217,77.371696,30.8,199.1,location,11.7,0,normal
BUS-009,2025-11-10T13:01:00Z,28.590715,77.370224,41.5,200.6,location,9.6,0,normal
BUS-009,2025-11-10T13:02:00Z,28.590101,77.368833,26.8,202.1,location,6.5,0,normal
BUS-009,2025-11-10T13:03:00Z,28.589553,77.367396,37.9,203.6,location,8.8,0,normal
BUS-009,2025-11-10T13:04:00Z,28.588922,77.365803,28.8,205.1,location,5.0,0,normal
BUS-009,2025-11-10T13:05:00Z,28.588341,77.364605,33.5,206.6,location,5.3,0,normal
BUS-009,2025-11-10T13:06:00Z,28.587538,77.363165,42.5,208.1,location,16.3,0,normal
BUS-009,2025-11-10T13:07:00Z,28.586789,77.361772,29.3,209.6,location,0.7,0,normal
BUS-009,2025-11-10T13:08:00Z,28.586003,77.36047,44.2,211.2,location,8.6,0,normal
BUS-009,2025-11-10T13:09:00Z,28.585147,77.359214,30.0,212.7,location,4.7,0,normal
BUS-009,2025-11-10T13:10:00Z,28.584321,77.357807,35.5,214.2,location,3.5,0,normal
BUS-009,2025-11-10T13:11:00Z,28.583575,77.356618,32.7,215.7,location,10.9,0,normal
BUS-009,2025-11-10T13:12:00Z,28.582571,77.355296,24.1,217.2,location,13.8,0,normal
BUS-009,2025-11-10T13:13:00Z,28.581573,77.354147,24.8,218.7,location,5.0,0,normal
BUS-009,2025-11-10T13:14:00Z,28.580607,77.352933,41.3,220.2,location,9.6,0,normal
BUS-009,2025-11-10T13:15:00Z,28.579559,77.351741,38.4,221.7,location,0.7,0,normal
BUS-009,2025-11-10T13:16:00Z,28.57861,77.3507,38.0,223.2,location,11.2,0,normal
BUS-009,2025-11-10T13:17:00Z,28.577365,77.349554,43.3,224.7,location,16.2,0,normal
BUS-009,2025-11-10T13:18:00Z,28.576343,77.348394,37.9,226.2,location,10.3,0,normal
BUS-009,2025-11-10T13:19:00Z,28.575234,77.347354,30.1,227.7,location,5.7,0,normal
BUS-009,2025-11-10T13:20:00Z,28.573998,77.346276,38.3,229.2,location,12.1,0,normal
BUS-009,2025-11-10T13:21:00Z,28.572887,77.345373,34.3,230.7,location,6.5,0,normal
BUS-009,2025-11-10T13:22:00Z,28.571654,77.344412,42.7,232.2,location,12.2,0,normal
BUS-009,2025-11-10T13:23:00Z,28.570359,77.343543,38.0,233.7,location,8.9,0,normal
BUS-009,2025-11-10T13:24:00Z,28.569198,77.342597,36.1,235.2,location,12.4,0,normal
BUS-009,2025-11-10T13:25:00Z,28.567933,77.341589,43.3,236.7,location,4.3,0,normal
BUS-009,2025-11-10T13:26:00Z,28.56659,77.340811,43.4,238.2,location,10.0,0,normal
BUS-009,2025-11-10T13:27:00Z,28.565263,77.3401,38.1,239.7,location,7.1,0,normal
BUS-009,2025-11-10T13:28:00Z,28.563898,77.339309,28.4,241.2,location,5.1,0,normal
BUS-009,2025-11-10T13:29:00Z,28.562465,77.338632,37.8,242.7,location,9.6,0,normal
BUS-009,2025-11-10T13:30:00Z,28.561246,77.337853,34.5,244.2,location,9.5,0,normal
BUS-009,2025-11-10T13:31:00Z,28.559747,77.337271,30.5,245.7,location,13.6,0,normal
BUS-009,2025-11-10T13:32:00Z,28.558251,77.336589,31.8,247.2,location,2.8,0,normal
BUS-009,2025-11-10T13:33:00Z,28.556947,77.335992,31.2,248.7,location,9.6,0,normal
BUS-009,2025-11-10T13:34:00Z,28.555365,77.335377,49.6,250.2,location,12.9,0,normal
BUS-009,2025-11-10T13:35:00Z,28.554007,77.335002,42.5,251.7,location,2.5,0,normal
BUS-009,2025-11-10T13:36:00Z,28.552509,77.33442,34.5,253.2,location,9.2,0,normal
BUS-009,2025-11-10T13:37:00Z,28.551029,77.334144,33.6,254.7,location,11.5,0,normal
BUS-009,2025-11-10T13:38:00Z,28.549441,77.333769,36.3,256.2,location,9.6,0,normal
BUS-009,2025-11-10T13:39:00Z,28.547958,77.333376,27.5,257.7,location,10.9,0,normal
BUS-009,2025-11-10T13:40:00Z,28.546589,77.332968,42.3,259.3,location,7.0,0,normal
BUS-009,2025-11-10T13:41:00Z,28.545045,77.332697,33.7,260.8,location,5.4,0,normal
BUS-009,2025-11-10T13:42:00Z,28.543415,77.332504,31.0,262.3,location,11.8,0,normal
BUS-009,2025-11-10T13:43:00Z,28.541888,77.332361,44.6,263.8,location,5.0,0,normal
BUS-009,2025-11-10T13:44:00Z,28.540362,77.332245,37.3,265.3,location,10.1,0,normal
BUS-009,2025-11-10T13:45:00Z,28.53876,77.331997,28.9,266.8,location,4.6,0,normal
BUS-009,2025-11-10T13:46:00Z,28.537309,77.33212,38.6,268.3,location,10.9,0,normal
BUS-009,2025-11-10T13:47:00Z,28.535801,77.332045,38.3,269.8,location,4.7,0,normal
BUS-009,2025-11-10T13:48:00Z,28.534148,77.332055,44.4,271.3,location,13.4,0,normal
BUS-009,2025-11-10T13:49:00Z,28.532631,77.33201,39.9,272.8,location,8.7,0,normal
BUS-009,2025-11-10T13:50:00Z,28.531091,77.33221,31.2,274.3,location,14.5,0,normal
BUS-009,2025-11-10T13:51:00Z,28.529557,77.332286,44.6,275.8,location,10.5,0,normal
BUS-009,2025-11-10T13:52:00Z,28.528086,77.3324,34.6,277.3,location,2.6,0,normal
BUS-009,2025-11-10T13:53:00Z,28.526454,77.332684,27.9,278.8,location,13.9,0,normal
BUS-009,2025-11-10T13:54:00Z,28.524866,77.33285,32.6,280.3,location,10.4,0,normal
BUS-009,2025-11-10T13:55:00Z,28.523408,77.333235,29.8,281.8,location,9.4,0,normal
BUS-009,2025-11-10T13:56:00Z,28.521956,77.333545,38.5,283.3,location,10.4,0,normal
BUS-009,2025-11-10T13:57:00Z,28.52043,77.334025,37.4,284.8,location,11.2,0,normal
BUS-009,2025-11-10T13:58:00Z,28.518959,77.334468,45.0,286.3,location,8.8,0,normal
BUS-009,2025-11-10T13:59:00Z,28.517503,77.334877,32.9,287.8,location,10.2,0,normal
BUS-009,2025-11-10T14:00:00Z,28.515999,77.335351,33.1,289.3,location,6.6,0,normal
BUS-009,2025-11-10T14:01:00Z,28.514493,77.335887,26.5,290.8,location,3.5,0,normal
BUS-009,2025-11-10T14:02:00Z,28.513069,77.336379,33.9,292.3,location,10.1,0,normal
BUS-009,2025-11-10T14:03:00Z,28.511673,77.336958,40.6,293.8,location,9.3,0,normal
BUS-009,2025-11-10T14:04:00Z,28.510297,77.337761,30.8,295.3,location,13.2,0,normal
BUS-009,2025-11-10T14:05:00Z,28.50887,77.338357,27.0,296.8,location,5.7,0,normal
BUS-009,2025-11-10T14:06:00Z,28.507441,77.339033,48.7,298.3,location,3.7,0,normal
BUS-009,2025-11-10T14:07:00Z,28.506053,77.339776,36.3,299.8,location,9.7,0,normal
BUS-009,2025-11-10T14:08:00Z,28.504802,77.340654,35.4,301.3,location,8.6,0,normal
BUS-009,2025-11-10T14:09:00Z,28.503469,77.341452,35.8,302.8,location,9.4,0,normal
BUS-009,2025-11-10T14:10:00Z,28.502077,77.342323,28.1,304.3,location,2.3,0,normal
BUS-009,2025-11-10T14:11:00Z,28.501018,77.343175,45.3,305.8,location,6.6,0,normal
BUS-009,2025-11-10T14:12:00Z,28.499615,77.344128,34.1,307.4,location,6.2,0,normal
BUS-009,2025-11-10T14:13:00Z,28.498496,77.344955,46.8,308.9,location,12.5,0,normal
BUS-009,2025-11-10T14:14:00Z,28.497338,77.346059,29.2,310.4,location,8.9,0,normal
BUS-009,2025-11-10T14:15:00Z,28.496166,77.347107,22.9,311.9,location,10.0,0,normal
BUS-009,2025-11-10T14:16:00Z,28.49501,77.348181,36.3,313.4,location,2.5,0,normal
BUS-009,2025-11-10T14:17:00Z,28.493916,77.349175,38.5,314.9,location,13.1,0,normal
BUS-009,2025-11-10T14:18:00Z,28.492795,77.350362,32.7,316.4,location,0.6,0,normal
BUS-009,2025-11-10T14:19:00Z,28.491755,77.351406,38.4,317.9,location,9.1,0,normal
BUS-009,2025-11-10T14:20:00Z,28.490726,77.352572,37.7,319.4,location,16.2,0,normal
BUS-009,2025-11-10T14:21:00Z,28.489796,77.353809,45.5,320.9,location,6.2,0,normal
BUS-009,2025-11-10T14:22:00Z,28.488816,77.355044,28.0,322.4,location,9.6,0,normal
BUS-009,2025-11-10T14:23:00Z,28.48789,77.356309,29.1,323.9,location,14.8,0,normal
BUS-009,2025-11-10T14:24:00Z,28.486908,77.357493,39.2,325.4,location,16.6,0,normal
BUS-009,2025-11-10T14:25:00Z,28.486033,77.358714,40.5,326.9,location,9.8,0,normal
BUS-009,2025-11-10T14:26:00Z,28.48528,77.360028,38.3,328.4,location,11.8,0,normal
BUS-009,2025-11-10T14:27:00Z,28.484511,77.361383,33.0,329.9,location,12.4,0,normal
BUS-009,2025-11-10T14:28:00Z,28.483682,77.362785,32.0,331.4,location,7.3,0,normal
BUS-009,2025-11-10T14:29:00Z,28.482985,77.364125,28.1,332.9,location,10.0,0,normal
BUS-009,2025-11-10T14:30:00Z,28.482351,77.365547,36.3,334.4,location,8.8,0,normal
BUS-009,2025-11-10T14:31:00Z,28.481714,77.366878,0.0,335.9,stop,7.2,0,normal
BUS-009,2025-11-10T14:32:00Z,28.4811,77.368297,0.0,337.4,stop,3.4,0,normal
BUS-009,2025-11-10T14:33:00Z,28.480419,77.369732,0.0,338.9,stop,3.0,0,normal
BUS-009,2025-11-10T14:34:00Z,28.480004,77.371191,0.0,340.4,stop,5.0,0,normal
BUS-009,2025-11-10T14:35:00Z,28.479469,77.372687,0.0,341.9,stop,9.8,0,normal
BUS-009,2025-11-10T14:36:00Z,28.479023,77.374268,0.0,343.4,stop,7.2,0,normal
BUS-009,2025-11-10T14:37:00Z,28.478522,77.375585,0.0,344.9,stop,8.9,0,normal
BUS-009,2025-11-10T14:38:00Z,28.478133,77.377199,0.0,346.4,stop,6.7,0,normal
BUS-009,2025-11-10T14:39:00Z,28.477818,77.378644,0.0,347.9,stop,7.2,0,normal
BUS-009,2025-11-10T14:40:00Z,28.477429,77.38022,6.9,349.4,location,6.5,0,normal
BUS-009,2025-11-10T14:41:00Z,28.477282,77.381615,0.0,350.9,stop,6.0,0,normal
BUS-009,2025-11-10T14:42:00Z,28.477076,77.383298,0.0,352.4,stop,8.7,0,normal
BUS-009,2025-11-10T14:43:00Z,28.476795,77.384811,0.0,353.9,stop,9.9,0,normal
BUS-009,2025-11-10T14:44:00Z,28.476742,77.38631,0.0,355.5,stop,11.1,0,normal
BUS-009,2025-11-10T14:45:00Z,28.476641,77.387865,0.0,357.0,stop,10.5,0,normal
BUS-009,2025-11-10T14:46:00Z,28.476529,77.389401,0.0,358.5,stop,4.1,0,normal
BUS-009,2025-11-10T14:47:00Z,28.476428,77.390898,0.0,360.0,stop,3.1,0,normal
BUS-009,2025-11-10T14:48:00Z,28.476475,77.392512,0.0,1.5,stop,5.1,0,normal
BUS-009,2025-11-10T14:49:00Z,28.476587,77.394045,0.0,3.0,stop,12.4,0,normal
BUS-009,2025-11-10T14:50:00Z,28.476694,77.395664,0.0,4.5,stop,13.4,0,normal
BUS-009,2025-11-10T14:51:00Z,28.476832,77.397146,0.0,6.0,stop,6.5,0,normal
BUS-009,2025-11-10T14:52:00Z,28.476991,77.398654,0.0,7.5,stop,6.7,0,normal
BUS-009,2025-11-10T14:53:00Z,28.477282,77.400193,0.0,9.0,stop,2.7,0,normal
BUS-009,2025-11-10T14:54:00Z,28.477521,77.401724,0.0,10.5,stop,8.1,0,normal
BUS-009,2025-11-10T14:55:00Z,28.477749,77.403262,0.0,12.0,stop,13.4,0,normal
BUS-009,2025-11-10T14:56:00Z,28.478156,77.404844,0.0,13.5,stop,5.8,0,normal
BUS-009,2025-11-10T14:57:00Z,28.478472,77.406253,0.0,15.0,stop,3.5,0,normal
BUS-009,2025-11-10T14:58:00Z,28.478899,77.407782,0.0,16.5,stop,7.8,0,normal
BUS-009,2025-11-10T14:59:00Z,28.479456,77.409196,0.0,18.0,stop,10.6,0,normal
BUS-010,2025-11-10T07:00:00Z,28.499119,77.441078,29.2,54.0,location,11.2,0,normal
BUS-010,2025-11-10T07:01:00Z,28.500346,77.442127,20.8,55.5,location,7.1,0,normal
BUS-010,2025-11-10T07:02:00Z,28.501771,77.443004,27.2,57.0,location,6.6,0,normal
BUS-010,2025-11-10T07:03:00Z,28.503091,77.443917,28.7,58.5,location,8.5,0,normal
BUS-010,2025-11-10T07:04:00Z,28.504505,77.444811,37.4,60.0,location,14.5,0,normal
BUS-010,2025-11-10T07:05:00Z,28.505987,77.44548,37.8,61.5,location,5.0,0,normal
BUS-010,2025-11-10T07:06:00Z,28.507259,77.446335,29.2,63.0,location,6.7,0,normal
BUS-010,2025-11-10T07:07:00Z,28.508719,77.446825,34.7,64.5,location,12.5,0,normal
BUS-010,2025-11-10T07:08:00Z,28.51027,77.447634,35.8,66.0,location,3.0,0,normal
BUS-010,2025-11-10T07:09:00Z,28.51183,77.44832,34.2,67.5,location,10.7,0,normal
BUS-010,2025-11-10T07:10:00Z,28.513285,77.448892,33.7,69.0,location,4.9,0,normal
BUS-010,2025-11-10T07:11:00Z,28.514856,77.449492,26.1,70.5,location,14.8,0,normal
BUS-010,2025-11-10T07:12:00Z,28.516343,77.449949,24.9,72.0,location,9.8,0,normal
BUS-010,2025-11-10T07:13:00Z,28.517969,77.4505,44.0,73.5,location,8.1,0,normal
BUS-010,2025-11-10T07:14:00Z,28.519487,77.450857,44.1,75.0,location,1.2,0,normal
BUS-010,2025-11-10T07:15:00Z,28.521088,77.451287,34.9,76.5,location,6.3,0,normal
BUS-010,2025-11-10T07:16:00Z,28.522724,77.451587,34.8,78.1,location,4.9,0,normal
BUS-010,2025-11-10T07:17:00Z,28.524328,77.451999,31.6,79.6,location,8.7,0,normal
BUS-010,2025-11-10T07:18:00Z,28.525834,77.452197,40.5,81.1,location,6.4,0,normal
BUS-010,2025-11-10T07:19:00Z,28.527511,77.452431,32.8,82.6,location,4.1,0,normal
BUS-010,2025-11-10T07:20:00Z,28.529068,77.452608,39.3,84.1,location,6.4,0,normal
BUS-010,2025-11-10T07:21:00Z,28.530726,77.452802,42.3,85.6,location,2.5,0,normal
BUS-010,2025-11-10T07:22:00Z,28.532208,77.452884,35.5,87.1,location,11.5,0,normal
BUS-010,2025-11-10T07:23:00Z,28.533956,77.452971,33.1,88.6,location,4.0,0,normal
BUS-010,2025-11-10T07:24:00Z,28.535662,77.453109,31.8,90.1,location,8.8,0,normal
BUS-010,2025-11-10T07:25:00Z,28.53728,77.452896,34.0,91.6,location,7.3,0,normal
BUS-010,2025-11-10T07:26:00Z,28.53876,77.45292,28.2,93.1,location,2.4,0,normal
BUS-010,2025-11-10T07:27:00Z,28.540448,77.452779,35.0,94.6,location,3.6,0,normal
BUS-010,2025-11-10T07:28:00Z,28.542081,77.452694,28.5,96.1,location,8.2,0,normal
BUS-010,2025-11-10T07:29:00Z,28.543624,77.452538,37.5,97.6,location,12.2,0,normal
BUS-010,2025-11-10T07:30:00Z,28.545285,77.452198,35.9,99.1,location,10.1,0,normal
BUS-010,2025-11-10T07:31:00Z,28.546934,77.451982,30.9,100.6,location,10.3,0,normal
BUS-010,2025-11-10T07:32:00Z,28.548485,77.451473,25.6,102.1,location,2.6,0,normal
BUS-010,2025-11-10T07:33:00Z,28.550158,77.451308,38.1,103.6,location,2.0,0,normal
BUS-010,2025-11-10T07:34:00Z,28.551681,77.450888,32.5,105.1,location,19.1,0,normal
BUS-010,2025-11-10T07:35:00Z,28.553261,77.450408,32.7,106.6,location,9.3,0,normal
BUS-010,2025-11-10T07:36:00Z,28.554866,77.450045,39.7,108.1,location,15.9,0,normal
BUS-010,2025-11-10T07:37:00Z,28.556338,77.449414,34.6,109.6,location,8.2,0,normal
BUS-010,2025-11-10T07:38:00Z,28.557878,77.44893,16.1,111.1,location,3.7,0,normal
BUS-010,2025-11-10T07:39:00Z,28.559408,77.448132,40.3,112.6,location,11.7,0,normal
BUS-010,2025-11-10T07:40:00Z,28.560832,77.447588,41.5,114.1,location,9.1,0,normal
BUS-010,2025-11-10T07:41:00Z,28.56231,77.446917,38.9,115.6,location,0.9,0,normal
BUS-010,2025-11-10T07:42:00Z,28.563753,77.446216,36.9,117.1,location,18.8,0,normal
BUS-010,2025-11-10T07:43:00Z,28.565205,77.445407,40.7,118.6,location,9.7,0,normal
BUS-010,2025-11-10T07:44:00Z,28.566654,77.444591,41.0,120.1,location,7.1,0,normal
BUS-010,2025-11-10T07:45:00Z,28.568004,77.443778,39.9,121.6,location,5.2,0,normal
BUS-010,2025-11-10T07:46:00Z,28.569395,77.442935,38.2,123.1,location,4.3,0,normal
BUS-010,2025-11-10T07:47:00Z,28.570804,77.442015,43.0,124.6,location,14.7,0,normal
BUS-010,2025-11-10T07:48:00Z,28.572052,77.441027,32.7,126.2,location,5.7,0,normal
BUS-010,2025-11-10T07:49:00Z,28.573466,77.440048,36.8,127.7,location,11.4,0,normal
BUS-010,2025-11-10T07:50:00Z,28.574744,77.439145,29.6,129.2,location,6.0,0,normal
BUS-010,2025-11-10T07:51:00Z,28.575974,77.43797,40.5,130.7,location,6.4,0,normal
BUS-010,2025-11-10T07:52:00Z,28.577181,77.436958,39.1,132.2,location,5.6,0,normal
BUS-010,2025-11-10T07:53:00Z,28.578329,77.435872,44.2,133.7,location,6.8,0,normal
BUS-010,2025-11-10T07:54:00Z,28.579509,77.434685,25.4,135.2,location,3.2,0,normal
BUS-010,2025-11-10T07:55:00Z,28.580572,77.433565,25.6,136.7,location,0.9,0,normal
BUS-010,2025-11-10T07:56:00Z,28.581702,77.432426,30.9,138.2,location,0.8,0,normal
BUS-010,2025-11-10T07:57:00Z,28.58277,77.431157,35.9,139.7,location,2.2,0,normal
BUS-010,2025-11-10T07:58:00Z,28.583847,77.429793,29.2,141.2,location,13.5,0,normal
BUS-010,2025-11-10T07:59:00Z,28.584777,77.428653,32.2,142.7,location,8.4,0,normal
BUS-010,2025-11-10T08:00:00Z,28.585719,77.427284,42.7,144.2,location,18.4,0,normal
BUS-010,2025-11-10T08:01:00Z,28.586682,77.426033,39.1,145.7,location,15.9,0,normal
BUS-010,2025-11-10T08:02:00Z,28.587641,77.424585,33.1,147.2,location,8.6,0,normal
BUS-010,2025-11-10T08:03:00Z,28.588534,77.423167,42.8,148.7,location,10.5,0,normal
BUS-010,2025-11-10T08:04:00Z,28.589394,77.421906,37.6,150.2,location,6.2,0,normal
BUS-010,2025-11-10T08:05:00Z,28.590025,77.420371,34.3,151.7,location,12.7,0,normal
BUS-010,2025-11-10T08:06:00Z,28.590814,77.418834,41.0,153.2,location,14.6,0,normal
BUS-010,2025-11-10T08:07:00Z,28.591534,77.41745,39.5,154.7,location,5.7,0,normal
BUS-010,2025-11-10T08:08:00Z,28.592222,77.416068,38.8,156.2,location,14.7,0,normal
BUS-010,2025-11-10T08:09:00Z,28.59293,77.414552,36.2,157.7,location,3.3,0,normal
BUS-010,2025-11-10T08:10:00Z,28.593475,77.413009,28.6,159.2,location,6.6,0,normal
BUS-010,2025-11-10T08:11:00Z,28.594049,77.411508,22.3,160.7,location,5.4,0,normal
BUS-010,2025-11-10T08:12:00Z,28.594594,77.409997,36.7,162.2,location,9.7,0,normal
BUS-010,2025-11-10T08:13:00Z,28.594998,77.408359,37.2,163.7,location,12.9,0,normal
BUS-010,2025-11-10T08:14:00Z,28.595398,77.406761,35.3,165.2,location,9.3,0,normal
BUS-010,2025-11-10T08:15:00Z,28.595769,77.405272,41.6,166.7,location,5.2,0,normal
BUS-010,2025-11-10T08:16:00Z,28.596169,77.403551,38.7,168.2,location,4.6,0,normal
BUS-010,2025-11-10T08:17:00Z,28.596467,77.402075,34.5,169.7,location,10.0,0,normal
BUS-010,2025-11-10T08:18:00Z,28.596815,77.400406,37.8,171.2,location,9.0,0,normal
BUS-010,2025-11-10T08:19:00Z,28.597003,77.398799,32.3,172.7,location,5.6,0,normal
BUS-010,2025-11-10T08:20:00Z,28.597124,77.397315,35.4,174.3,location,6.2,0,normal
BUS-010,2025-11-10T08:21:00Z,28.597264,77.395569,33.4,175.8,location,9.7,0,normal
BUS-010,2025-11-10T08:22:00Z,28.597386,77.394024,44.2,177.3,location,4.3,0,normal
BUS-010,2025-11-10T08:23:00Z,28.597484,77.392349,37.4,178.8,location,9.8,0,normal
BUS-010,2025-11-10T08:24:00Z,28.597468,77.390742,47.9,180.3,location,10.7,0,normal
BUS-010,2025-11-10T08:25:00Z,28.597478,77.389132,34.8,181.8,location,11.7,0,normal
BUS-010,2025-11-10T08:26:00Z,28.597494,77.387497,32.0,183.3,location,13.0,0,normal
BUS-010,2025-11-10T08:27:00Z,28.597283,77.385836,36.1,184.8,location,8.3,0,normal
BUS-010,2025-11-10T08:28:00Z,28.597031,77.384265,23.1,186.3,location,10.7,0,normal
BUS-010,2025-11-10T08:29:00Z,28.596935,77.382527,32.7,187.8,location,6.8,0,normal
BUS-010,2025-11-10T08:30:00Z,28.596696,77.380992,44.5,189.3,location,10.6,0,normal
BUS-010,2025-11-10T08:31:00Z,28.596453,77.379396,0.0,190.8,stop,9.4,0,normal
BUS-010,2025-11-10T08:32:00Z,28.596128,77.377794,6.1,192.3,location,9.7,0,normal
BUS-010,2025-11-10T08:33:00Z,28.595674,77.376235,0.0,193.8,stop,2.7,0,normal
BUS-010,2025-11-10T08:34:00Z,28.595259,77.374647,0.0,195.3,stop,8.7,0,normal
BUS-010,2025-11-10T08:35:00Z,28.59481,77.373085,0.0,196.8,stop,3.0,0,normal
BUS-010,2025-11-10T08:36:00Z,28.59433,77.371513,0.0,198.3,stop,13.0,0,normal
BUS-010,2025-11-10T08:37:00Z,28.593851,77.369987,0.0,199.8,stop,11.5,0,normal
BUS-010,2025-11-10T08:38:00Z,28.593187,77.368422,0.0,201.3,stop,10.0,0,normal
BUS-010,2025-11-10T08:39:00Z,28.592567,77.366942,0.0,202.8,stop,14.5,0,normal
BUS-010,2025-11-10T08:40:00Z,28.591913,77.365515,0.0,204.3,stop,5.4,0,normal
BUS-010,2025-11-10T08:41:00Z,28.591295,77.364089,0.0,205.8,stop,12.9,0,normal
BUS-010,2025-11-10T08:42:00Z,28.590601,77.362649,0.0,207.3,stop,2.8,0,normal
BUS-010,2025-11-10T08:43:00Z,28.589836,77.361123,0.0,208.8,stop,10.0,0,normal
BUS-010,2025-11-10T08:44:00Z,28.588975,77.359686,0.0,210.3,stop,13.7,0,normal
BUS-010,2025-11-10T08:45:00Z,28.588122,77.358282,0.0,211.8,stop,11.0,0,normal
BUS-010,2025-11-10T08:46:00Z,28.587299,77.356905,0.0,213.3,stop,10.6,0,normal
BUS-010,2025-11-10T08:47:00Z,28.586394,77.355599,11.5,214.8,location,6.0,0,normal
BUS-010,2025-11-10T08:48:00Z,28.585484,77.354231,0.0,216.3,stop,5.8,0,normal
BUS-010,2025-11-10T08:49:00Z,28.584466,77.352949,0.0,217.8,stop,9.3,0,normal
BUS-010,2025-11-10T08:50:00Z,28.583459,77.351698,0.0,219.3,stop,6.9,0,normal
BUS-010,2025-11-10T08:51:00Z,28.582405,77.35044,0.0,220.8,stop,5.2,0,normal
BUS-010,2025-11-10T08:52:00Z,28.581425,77.349253,0.0,222.4,stop,8.1,0,normal
BUS-010,2025-11-10T08:53:00Z,28.580109,77.348059,0.0,223.9,stop,13.2,0,normal
BUS-010,2025-11-10T08:54:00Z,28.579,77.346801,0.0,225.4,stop,5.3,0,normal
BUS-010,2025-11-10T08:55:00Z,28.577906,77.345748,0.0,226.9,stop,6.9,0,normal
BUS-010,2025-11-10T08:56:00Z,28.576731,77.344652,0.0,228.4,stop,13.2,0,normal
BUS-010,2025-11-10T08:57:00Z,28.575525,77.343596,0.0,229.9,stop,4.4,0,normal
BUS-010,2025-11-10T08:58:00Z,28.574214,77.342612,0.0,231.4,stop,9.7,0,normal
BUS-010,2025-11-10T08:59:00Z,28.572949,77.34159,0.0,232.9,stop,8.7,0,normal
BUS-010,2025-11-10T09:00:00Z,28.571606,77.340623,0.0,234.4,stop,7.4,0,normal
BUS-010,2025-11-10T09:01:00Z,28.570252,77.339621,0.0,235.9,stop,10.1,0,normal
BUS-010,2025-11-10T09:02:00Z,28.56893,77.338762,0.0,237.4,stop,8.2,0,normal
BUS-010,2025-11-10T09:03:00Z,28.567457,77.337814,0.0,238.9,stop,9.9,0,normal
BUS-010,2025-11-10T09:04:00Z,28.565997,77.337092,0.0,240.4,stop,15.8,0,normal
BUS-010,2025-11-10T09:05:00Z,28.564718,77.336236,0.0,241.9,stop,4.9,0,normal
BUS-010,2025-11-10T09:06:00Z,28.563346,77.335555,0.0,243.4,stop,11.2,0,normal
BUS-010,2025-11-10T09:07:00Z,28.561849,77.334807,0.0,244.9,stop,7.3,0,normal
BUS-010,2025-11-10T09:08:00Z,28.560235,77.334161,11.2,246.4,location,3.0,0,normal
BUS-010,2025-11-10T09:09:00Z,28.55879,77.33359,0.0,247.9,stop,0.9,0,normal
BUS-010,2025-11-10T09:10:00Z,28.557331,77.332885,0.0,249.4,stop,4.9,0,normal
BUS-010,2025-11-10T09:11:00Z,28.555797,77.332335,0.0,250.9,stop,3.9,0,normal
BUS-010,2025-11-10T09:12:00Z,28.554264,77.331841,7.8,252.4,location,15.2,0,normal
BUS-010,2025-11-10T09:13:00Z,28.552637,77.331464,0.0,253.9,stop,5.3,0,normal
BUS-010,2025-11-10T09:14:00Z,28.551104,77.330946,0.0,255.4,stop,9.2,0,normal
BUS-010,2025-11-10T09:15:00Z,28.549514,77.330605,0.0,256.9,stop,12.1,0,normal
BUS-010,2025-11-10T09:16:00Z,28.54789,77.330174,0.0,258.4,stop,10.3,0,normal
BUS-010,2025-11-10T09:17:00Z,28.546353,77.329939,0.0,259.9,stop,11.0,0,normal
BUS-010,2025-11-10T09:18:00Z,28.544812,77.329651,0.0,261.4,stop,7.7,0,normal
BUS-010,2025-11-10T09:19:00Z,28.543086,77.329518,0.0,262.9,stop,4.4,0,normal
BUS-010,2025-11-10T09:20:00Z,28.541382,77.329222,0.0,264.4,stop,13.4,0,normal
BUS-010,2025-11-10T09:21:00Z,28.539869,77.329125,0.0,265.9,stop,16.1,0,normal
BUS-010,2025-11-10T09:22:00Z,28.538201,77.329099,0.0,267.4,stop,12.9,0,normal
BUS-010,2025-11-10T09:23:00Z,28.536625,77.329058,0.0,268.9,stop,4.2,0,normal
BUS-010,2025-11-10T09:24:00Z,28.535057,77.329105,0.0,270.5,stop,3.0,0,normal
BUS-010,2025-11-10T09:25:00Z,28.533413,77.329027,0.0,272.0,stop,10.4,0,normal
BUS-010,2025-11-10T09:26:00Z,28.531802,77.32911,0.0,273.5,stop,5.9,0,normal
BUS-010,2025-11-10T09:27:00Z,28.530132,77.329204,0.0,275.0,stop,0.9,0,normal
BUS-010,2025-11-10T09:28:00Z,28.528507,77.329472,0.0,276.5,stop,6.0,0,normal
BUS-010,2025-11-10T09:29:00Z,28.526871,77.329614,0.0,278.0,stop,2.1,0,normal
BUS-010,2025-11-10T09:30:00Z,28.525298,77.329923,0.0,279.5,stop,0.8,0,normal
BUS-010,2025-11-10T09:31:00Z,28.523622,77.330086,9.5,281.0,location,7.6,0,normal
BUS-010,2025-11-10T09:32:00Z,28.522042,77.330471,0.0,282.5,stop,8.1,0,normal
BUS-010,2025-11-10T09:33:00Z,28.520584,77.330906,0.0,284.0,stop,3.6,0,normal
BUS-010,2025-11-10T09:34:00Z,28.518904,77.331239,0.0,285.5,stop,8.6,0,normal
BUS-010,2025-11-10T09:35:00Z,28.517308,77.331741,0.0,287.0,stop,20.5,0,normal
BUS-010,2025-11-10T09:36:00Z,28.515903,77.332183,0.0,288.5,stop,4.2,0,normal
BUS-010,2025-11-10T09:37:00Z,28.514273,77.332669,0.0,290.0,stop,4.7,0,normal
BUS-010,2025-11-10T09:38:00Z,28.512662,77.33339,0.0,291.5,stop,12.4,0,normal
BUS-010,2025-11-10T09:39:00Z,28.511357,77.333886,10.4,293.0,location,4.9,0,normal
BUS-010,2025-11-10T09:40:00Z,28.509786,77.334666,0.0,294.5,stop,5.2,0,normal
BUS-010,2025-11-10T09:41:00Z,28.50833,77.335269,7.3,296.0,location,0.8,0,normal
BUS-010,2025-11-10T09:42:00Z,28.506906,77.33599,0.0,297.5,stop,8.9,0,normal
BUS-010,2025-11-10T09:43:00Z,28.505443,77.336779,0.0,299.0,stop,6.5,0,normal
BUS-010,2025-11-10T09:44:00Z,28.504107,77.3377,0.0,300.5,stop,6.4,0,normal
BUS-010,2025-11-10T09:45:00Z,28.502686,77.338411,0.0,302.0,stop,2.0,0,normal
BUS-010,2025-11-10T09:46:00Z,28.501289,77.339324,0.0,303.5,stop,9.3,0,normal
BUS-010,2025-11-10T09:47:00Z,28.499949,77.3402,0.0,305.0,stop,12.2,0,normal
BUS-010,2025-11-10T09:48:00Z,28.498627,77.341102,0.0,306.5,stop,11.1,0,normal
BUS-010,2025-11-10T09:49:00Z,28.497273,77.342099,0.0,308.0,stop,16.7,0,normal
BUS-010,2025-11-10T09:50:00Z,28.496145,77.343182,0.0,309.5,stop,10.7,0,normal
BUS-010,2025-11-10T09:51:00Z,28.494796,77.344277,5.0,311.0,location,8.4,0,normal
BUS-010,2025-11-10T09:52:00Z,28.493609,77.345279,0.0,312.5,stop,11.5,0,normal
BUS-010,2025-11-10T09:53:00Z,28.492441,77.346504,0.0,314.0,stop,5.7,0,normal
BUS-010,2025-11-10T09:54:00Z,28.491286,77.347652,0.0,315.5,stop,6.3,0,normal
BUS-010,2025-11-10T09:55:00Z,28.490106,77.348692,0.0,317.0,stop,7.3,0,normal
BUS-010,2025-11-10T09:56:00Z,28.489026,77.349973,0.0,318.6,stop,11.6,0,normal
BUS-010,2025-11-10T09:57:00Z,28.487908,77.351228,0.0,320.1,stop,4.9,0,normal
BUS-010,2025-11-10T09:58:00Z,28.486938,77.352438,7.8,321.6,location,6.3,0,normal
BUS-010,2025-11-10T09:59:00Z,28.486,77.353777,5.6,323.1,location,5.9,0,normal
BUS-010,2025-11-10T10:00:00Z,28.484982,77.35505,0.0,324.6,stop,5.6,0,normal
BUS-010,2025-11-10T10:01:00Z,28.484065,77.356386,0.0,326.1,stop,6.2,0,normal
BUS-010,2025-11-10T10:02:00Z,28.48312,77.357728,0.0,327.6,stop,5.6,0,normal
BUS-010,2025-11-10T10:03:00Z,28.482281,77.359126,0.0,329.1,stop,15.4,0,normal
BUS-010,2025-11-10T10:04:00Z,28.48151,77.360416,5.3,330.6,location,14.8,0,normal
BUS-010,2025-11-10T10:05:00Z,28.480662,77.361999,0.0,332.1,stop,9.3,0,normal
BUS-010,2025-11-10T10:06:00Z,28.479923,77.363335,0.0,333.6,stop,6.7,0,normal
BUS-010,2025-11-10T10:07:00Z,28.479259,77.364828,0.0,335.1,stop,10.8,0,normal
BUS-010,2025-11-10T10:08:00Z,28.478595,77.366414,0.0,336.6,stop,4.0,0,normal
BUS-010,2025-11-10T10:09:00Z,28.477908,77.367942,11.7,338.1,location,9.8,0,normal
BUS-010,2025-11-10T10:10:00Z,28.477527,77.369432,0.0,339.6,stop,9.1,0,normal
BUS-010,2025-11-10T10:11:00Z,28.47684,77.370867,0.0,341.1,stop,5.8,0,normal
BUS-010,2025-11-10T10:12:00Z,28.476254,77.37255,0.0,342.6,stop,14.0,0,normal
BUS-010,2025-11-10T10:13:00Z,28.475842,77.373954,8.7,344.1,location,5.0,0,normal
BUS-010,2025-11-10T10:14:00Z,28.475497,77.375553,0.0,345.6,stop,18.0,0,normal
BUS-010,2025-11-10T10:15:00Z,28.475023,77.377141,8.5,347.1,location,5.9,0,normal
BUS-010,2025-11-10T10:16:00Z,28.474755,77.378755,0.0,348.6,stop,4.1,0,normal
BUS-010,2025-11-10T10:17:00Z,28.474437,77.380226,0.0,350.1,stop,6.5,0,normal
BUS-010,2025-11-10T10:18:00Z,28.474155,77.381974,0.0,351.6,stop,1.3,0,normal
BUS-010,2025-11-10T10:19:00Z,28.47399,77.383506,0.0,353.1,stop,5.9,0,normal
BUS-010,2025-11-10T10:20:00Z,28.473781,77.385173,0.0,354.6,stop,12.3,0,normal
BUS-010,2025-11-10T10:21:00Z,28.473608,77.386849,0.0,356.1,stop,8.9,0,normal
BUS-010,2025-11-10T10:22:00Z,28.473559,77.38843,0.0,357.6,stop,7.5,0,normal
BUS-010,2025-11-10T10:23:00Z,28.47348,77.390101,0.0,359.1,stop,9.1,0,normal
BUS-010,2025-11-10T10:24:00Z,28.473476,77.391704,0.0,0.6,stop,7.0,0,normal
BUS-010,2025-11-10T10:25:00Z,28.473505,77.393257,6.0,2.1,location,15.7,0,normal
BUS-010,2025-11-10T10:26:00Z,28.473624,77.394988,0.0,3.6,stop,4.7,0,normal
BUS-010,2025-11-10T10:27:00Z,28.473677,77.396555,5.6,5.1,location,8.2,0,normal
BUS-010,2025-11-10T10:28:00Z,28.473927,77.398225,0.0,6.7,stop,2.0,0,normal
BUS-010,2025-11-10T10:29:00Z,28.474067,77.39984,0.0,8.2,stop,7.5,0,normal
BUS-010,2025-11-10T10:30:00Z,28.474397,77.401429,0.0,9.7,stop,11.0,0,normal
BUS-010,2025-11-10T10:31:00Z,28.474581,77.402901,0.0,11.2,stop,9.7,0,normal
BUS-010,2025-11-10T10:32:00Z,28.475101,77.404564,0.0,12.7,stop,10.9,0,normal
BUS-010,2025-11-10T10:33:00Z,28.475349,77.406115,0.0,14.2,stop,15.9,0,normal
BUS-010,2025-11-10T10:34:00Z,28.47584,77.407733,0.0,15.7,stop,12.6,0,normal
BUS-010,2025-11-10T10:35:00Z,28.476281,77.409295,0.0,17.2,stop,0.6,0,normal
BUS-010,2025-11-10T10:36:00Z,28.47678,77.410907,5.9,18.7,location,10.8,0,normal
BUS-010,2025-11-10T10:37:00Z,28.477281,77.41239,0.0,20.2,stop,7.3,0,normal
BUS-010,2025-11-10T10:38:00Z,28.477952,77.413803,0.0,21.7,stop,6.6,0,normal
BUS-010,2025-11-10T10:39:00Z,28.478465,77.415359,0.0,23.2,stop,9.9,0,normal
BUS-010,2025-11-10T10:40:00Z,28.47923,77.41699,0.0,24.7,stop,7.3,0,normal
BUS-010,2025-11-10T10:41:00Z,28.479803,77.418337,0.0,26.2,stop,11.8,0,normal
BUS-010,2025-11-10T10:42:00Z,28.480636,77.419757,0.0,27.7,stop,9.1,0,normal
BUS-010,2025-11-10T10:43:00Z,28.481315,77.421316,0.0,29.2,stop,5.9,0,normal
BUS-010,2025-11-10T10:44:00Z,28.482273,77.422696,0.0,30.7,stop,14.7,0,normal
BUS-010,2025-11-10T10:45:00Z,28.483099,77.424115,0.0,32.2,stop,6.2,0,normal
BUS-010,2025-11-10T10:46:00Z,28.483978,77.425431,0.0,33.7,stop,7.7,0,normal
BUS-010,2025-11-10T10:47:00Z,28.48475,77.426789,0.0,35.2,stop,8.3,0,normal
BUS-010,2025-11-10T10:48:00Z,28.485696,77.427934,0.0,36.7,stop,5.3,0,normal
BUS-010,2025-11-10T10:49:00Z,28.486773,77.429323,0.0,38.2,stop,8.3,0,normal
BUS-010,2025-11-10T10:50:00Z,28.487789,77.430657,0.0,39.7,stop,15.7,0,normal
BUS-010,2025-11-10T10:51:00Z,28.488877,77.431883,0.0,41.2,stop,5.6,0,normal
BUS-010,2025-11-10T10:52:00Z,28.490009,77.433094,0.0,42.7,stop,11.6,0,normal
BUS-010,2025-11-10T10:53:00Z,28.491115,77.434236,0.0,44.2,stop,13.9,0,normal
BUS-010,2025-11-10T10:54:00Z,28.492158,77.435364,0.0,45.7,stop,7.0,0,normal
BUS-010,2025-11-10T10:55:00Z,28.4935,77.436519,0.0,47.2,stop,6.8,0,normal
BUS-010,2025-11-10T10:56:00Z,28.494622,77.4377,0.0,48.7,stop,2.7,0,normal
BUS-010,2025-11-10T10:57:00Z,28.495882,77.43875,0.0,50.2,stop,8.2,0,normal
BUS-010,2025-11-10T10:58:00Z,28.497124,77.439764,0.0,51.7,stop,9.9,0,normal
BUS-010,2025-11-10T10:59:00Z,28.498347,77.440633,0.0,53.2,stop,1.8,0,normal
BUS-010,2025-11-10T11:00:00Z,28.499706,77.441653,0.0,54.8,stop,6.7,0,normal
BUS-010,2025-11-10T11:01:00Z,28.501022,77.44259,0.0,56.3,stop,6.9,0,normal
BUS-010,2025-11-10T11:02:00Z,28.502297,77.443377,0.0,57.8,stop,13.7,0,normal
BUS-010,2025-11-10T11:03:00Z,28.503751,77.444245,0.0,59.3,stop,10.2,0,normal
BUS-010,2025-11-10T11:04:00Z,28.505243,77.445135,0.0,60.8,stop,17.0,0,normal
BUS-010,2025-11-10T11:05:00Z,28.506718,77.445831,0.0,62.3,stop,8.6,0,normal
BUS-010,2025-11-10T11:06:00Z,28.508121,77.446541,0.0,63.8,stop,1.8,0,normal
BUS-010,2025-11-10T11:07:00Z,28.509472,77.447331,0.0,65.3,stop,10.5,0,normal
BUS-010,2025-11-10T11:08:00Z,28.511041,77.448037,0.0,66.8,stop,12.1,0,normal
BUS-010,2025-11-10T11:09:00Z,28.512523,77.448539,0.0,68.3,stop,16.5,0,normal
BUS-010,2025-11-10T11:10:00Z,28.514025,77.449204,11.2,69.8,location,10.0,0,normal
BUS-010,2025-11-10T11:11:00Z,28.515546,77.449759,0.0,71.3,stop,9.3,0,normal
BUS-010,2025-11-10T11:12:00Z,28.5172,77.450241,0.0,72.8,stop,12.8,0,normal
BUS-010,2025-11-10T11:13:00Z,28.518662,77.450792,0.0,74.3,stop,6.9,0,normal
BUS-010,2025-11-10T11:14:00Z,28.52035,77.451019,0.0,75.8,stop,7.0,0,normal
BUS-010,2025-11-10T11:15:00Z,28.521862,77.451477,0.0,77.3,stop,6.6,0,normal
BUS-010,2025-11-10T11:16:00Z,28.52342,77.45181,9.0,78.8,location,16.3,0,normal
BUS-010,2025-11-10T11:17:00Z,28.524957,77.45203,0.0,80.3,stop,9.6,0,normal
BUS-010,2025-11-10T11:18:00Z,28.52674,77.452356,0.0,81.8,stop,9.2,0,normal
BUS-010,2025-11-10T11:19:00Z,28.528309,77.452501,0.0,83.3,stop,4.3,0,normal
BUS-010,2025-11-10T11:20:00Z,28.529941,77.452751,0.0,84.8,stop,10.3,0,normal
BUS-010,2025-11-10T11:21:00Z,28.531556,77.452841,0.0,86.3,stop,12.1,0,normal
BUS-010,2025-11-10T11:22:00Z,28.533194,77.45295,0.0,87.8,stop,4.7,0,normal
BUS-010,2025-11-10T11:23:00Z,28.534768,77.452933,0.0,89.3,stop,8.5,0,normal
BUS-010,2025-11-10T11:24:00Z,28.536406,77.45293,0.0,90.8,stop,12.8,0,normal
BUS-010,2025-11-10T11:25:00Z,28.538077,77.452888,0.0,92.3,stop,12.1,0,normal
BUS-010,2025-11-10T11:26:00Z,28.539647,77.452883,0.0,93.8,stop,4.3,0,normal
BUS-010,2025-11-10T11:27:00Z,28.541148,77.452717,0.0,95.3,stop,9.8,0,normal
BUS-010,2025-11-10T11:28:00Z,28.542863,77.452557,0.0,96.8,stop,4.0,0,normal
BUS-010,2025-11-10T11:29:00Z,28.544512,77.452332,0.0,98.3,stop,14.2,0,normal
BUS-010,2025-11-10T11:30:00Z,28.546096,77.452135,0.0,99.8,stop,5.5,0,normal
BUS-010,2025-11-10T11:31:00Z,28.547659,77.451755,5.9,101.3,location,10.1,0,normal
BUS-010,2025-11-10T11:32:00Z,28.549214,77.451564,0.0,102.9,stop,4.8,0,normal
BUS-010,2025-11-10T11:33:00Z,28.550893,77.451028,8.9,104.4,location,2.8,0,normal
BUS-010,2025-11-10T11:34:00Z,28.552349,77.450675,0.0,105.9,stop,9.6,0,normal
BUS-010,2025-11-10T11:35:00Z,28.55389,77.450264,0.0,107.4,stop,2.9,0,normal
BUS-010,2025-11-10T11:36:00Z,28.555448,77.449629,0.0,108.9,stop,3.4,0,normal
BUS-010,2025-11-10T11:37:00Z,28.557105,77.449154,0.0,110.4,stop,5.5,0,normal
BUS-010,2025-11-10T11:38:00Z,28.558522,77.448564,0.0,111.9,stop,10.3,0,normal
BUS-010,2025-11-10T11:39:00Z,28.56007,77.447895,0.0,113.4,stop,1.8,0,normal
BUS-010,2025-11-10T11:40:00Z,28.561616,77.447323,0.0,114.9,stop,5.6,0,normal
BUS-010,2025-11-10T11:41:00Z,28.563042,77.446475,0.0,116.4,stop,11.7,0,normal
BUS-010,2025-11-10T11:42:00Z,28.564441,77.44583,11.6,117.9,location,8.5,0,normal
BUS-010,2025-11-10T11:43:00Z,28.565945,77.445103,0.0,119.4,stop,7.4,0,normal
BUS-010,2025-11-10T11:44:00Z,28.567376,77.444226,0.0,120.9,stop,11.8,0,normal
BUS-010,2025-11-10T11:45:00Z,28.568772,77.443335,0.0,122.4,stop,0.1,0,normal
BUS-010,2025-11-10T11:46:00Z,28.570055,77.442506,0.0,123.9,stop,9.9,0,normal
BUS-010,2025-11-10T11:47:00Z,28.571433,77.441473,0.0,125.4,stop,8.3,0,normal
BUS-010,2025-11-10T11:48:00Z,28.572743,77.440663,0.0,126.9,stop,3.1,0,normal
BUS-010,2025-11-10T11:49:00Z,28.574019,77.439624,0.0,128.4,stop,1.2,0,normal
BUS-010,2025-11-10T11:50:00Z,28.575325,77.438639,0.0,129.9,stop,5.8,0,normal
BUS-010,2025-11-10T11:51:00Z,28.576496,77.437497,0.0,131.4,stop,6.1,0,normal
BUS-010,2025-11-10T11:52:00Z,28.57765,77.436445,0.0,132.9,stop,6.6,0,normal
BUS-010,2025-11-10T11:53:00Z,28.57887,77.435243,10.8,134.4,location,4.1,0,normal
BUS-010,2025-11-10T11:54:00Z,28.580035,77.434045,0.0,135.9,stop,9.5,0,normal
BUS-010,2025-11-10T11:55:00Z,28.581215,77.432939,0.0,137.4,stop,8.3,0,normal
BUS-010,2025-11-10T11:56:00Z,28.582234,77.431797,0.0,138.9,stop,14.9,0,normal
BUS-010,2025-11-10T11:57:00Z,28.583296,77.430531,0.0,140.4,stop,11.0,0,normal
BUS-010,2025-11-10T11:58:00Z,28.584259,77.429244,10.9,141.9,location,0.5,0,normal
BUS-010,2025-11-10T11:59:00Z,28.585296,77.42797,8.4,143.4,location,6.5,0,normal
BUS-010,2025-11-10T12:00:00Z,28.586196,77.426548,0.0,144.9,stop,6.7,0,normal
BUS-010,2025-11-10T12:01:00Z,28.587244,77.425215,0.0,146.4,stop,12.6,0,normal
BUS-010,2025-11-10T12:02:00Z,28.588042,77.423977,0.0,147.9,stop,1.4,0,normal
BUS-010,2025-11-10T12:03:00Z,28.588861,77.422474,0.0,149.4,stop,5.0,0,normal
BUS-010,2025-11-10T12:04:00Z,28.589762,77.421114,0.0,151.0,stop,7.8,0,normal
BUS-010,2025-11-10T12:05:00Z,28.590471,77.419775,0.0,152.5,stop,5.4,0,normal
BUS-010,2025-11-10T12:06:00Z,28.591243,77.418239,0.0,154.0,stop,3.6,0,normal
BUS-010,2025-11-10T12:07:00Z,28.591873,77.416806,0.0,155.5,stop,8.7,0,normal
BUS-010,2025-11-10T12:08:00Z,28.592593,77.415279,0.0,157.0,stop,5.1,0,normal
BUS-010,2025-11-10T12:09:00Z,28.593247,77.413711,0.0,158.5,stop,6.4,0,normal
BUS-010,2025-11-10T12:10:00Z,28.593747,77.412321,0.0,160.0,stop,12.1,0,normal
BUS-010,2025-11-10T12:11:00Z,28.594238,77.410684,0.0,161.5,stop,18.8,0,normal
BUS-010,2025-11-10T12:12:00Z,28.594743,77.409175,0.0,163.0,stop,6.3,0,normal
BUS-010,2025-11-10T12:13:00Z,28.595271,77.407544,0.0,164.5,stop,14.0,0,normal
BUS-010,2025-11-10T12:14:00Z,28.595661,77.406111,0.0,166.0,stop,12.2,0,normal
BUS-010,2025-11-10T12:15:00Z,28.595962,77.404391,9.8,167.5,location,3.0,0,normal
BUS-010,2025-11-10T12:16:00Z,28.596412,77.40281,0.0,169.0,stop,8.8,0,normal
BUS-010,2025-11-10T12:17:00Z,28.596583,77.401256,0.0,170.5,stop,6.8,0,normal
BUS-010,2025-11-10T12:18:00Z,28.596967,77.399682,0.0,172.0,stop,6.2,0,normal
BUS-010,2025-11-10T12:19:00Z,28.597135,77.398069,0.0,173.5,stop,10.2,0,normal
BUS-010,2025-11-10T12:20:00Z,28.597278,77.396362,0.0,175.0,stop,12.0,0,normal
BUS-010,2025-11-10T12:21:00Z,28.597339,77.394742,0.0,176.5,stop,2.1,0,normal
BUS-010,2025-11-10T12:22:00Z,28.597375,77.393084,0.0,178.0,stop,3.9,0,normal
BUS-010,2025-11-10T12:23:00Z,28.597497,77.391476,0.0,179.5,stop,5.1,0,normal
BUS-010,2025-11-10T12:24:00Z,28.597434,77.389878,0.0,181.0,stop,3.8,0,normal
BUS-010,2025-11-10T12:25:00Z,28.597532,77.388225,0.0,182.5,stop,4.4,0,normal
BUS-010,2025-11-10T12:26:00Z,28.597312,77.386662,0.0,184.0,stop,7.9,0,normal
BUS-010,2025-11-10T12:27:00Z,28.597327,77.385039,0.0,185.5,stop,4.6,0,normal
BUS-010,2025-11-10T12:28:00Z,28.597076,77.383475,0.0,187.0,stop,0.1,0,normal
BUS-010,2025-11-10T12:29:00Z,28.596747,77.381752,0.0,188.5,stop,2.2,0,normal
BUS-010,2025-11-10T12:30:00Z,28.596588,77.380158,0.0,190.0,stop,12.3,0,normal
BUS-010,2025-11-10T12:31:00Z,28.596218,77.37854,0.0,191.5,stop,6.5,0,normal
BUS-010,2025-11-10T12:32:00Z,28.595904,77.377043,0.0,193.0,stop,14.6,0,normal
BUS-010,2025-11-10T12:33:00Z,28.595507,77.37543,0.0,194.5,stop,5.0,0,normal
BUS-010,2025-11-10T12:34:00Z,28.595143,77.373942,0.0,196.0,stop,11.4,0,normal
BUS-010,2025-11-10T12:35:00Z,28.594584,77.372336,0.0,197.5,stop,10.3,0,normal
BUS-010,2025-11-10T12:36:00Z,28.594196,77.370747,0.0,199.1,stop,7.0,0,normal
BUS-010,2025-11-10T12:37:00Z,28.593549,77.369307,10.9,200.6,location,4.2,0,normal
BUS-010,2025-11-10T12:38:00Z,28.592957,77.367729,0.0,202.1,stop,6.2,0,normal
BUS-010,2025-11-10T12:39:00Z,28.592321,77.366212,0.0,203.6,stop,8.4,0,normal
BUS-010,2025-11-10T12:40:00Z,28.591624,77.364755,0.0,205.1,stop,5.9,0,normal
BUS-010,2025-11-10T12:41:00Z,28.590943,77.363271,10.5,206.6,location,12.7,0,normal
BUS-010,2025-11-10T12:42:00Z,28.59024,77.361879,0.0,208.1,stop,6.7,0,normal
BUS-010,2025-11-10T12:43:00Z,28.58936,77.360391,0.0,209.6,stop,2.9,0,normal
BUS-010,2025-11-10T12:44:00Z,28.588538,77.359013,0.0,211.1,stop,8.8,0,normal
BUS-010,2025-11-10T12:45:00Z,28.587716,77.35766,0.0,212.6,stop,10.0,0,normal
BUS-010,2025-11-10T12:46:00Z,28.586845,77.356261,0.0,214.1,stop,8.0,0,normal
BUS-010,2025-11-10T12:47:00Z,28.585969,77.35489,0.0,215.6,stop,11.9,0,normal
BUS-010,2025-11-10T12:48:00Z,28.584984,77.353616,0.0,217.1,stop,11.2,0,normal
BUS-010,2025-11-10T12:49:00Z,28.584055,77.352316,0.0,218.6,stop,11.0,0,normal
BUS-010,2025-11-10T12:50:00Z,28.582955,77.351086,0.0,220.1,stop,2.4,0,normal
BUS-010,2025-11-10T12:51:00Z,28.581835,77.349928,0.0,221.6,stop,7.8,0,normal
BUS-010,2025-11-10T12:52:00Z,28.580725,77.348695,0.0,223.1,stop,7.1,0,normal
BUS-010,2025-11-10T12:53:00Z,28.579594,77.347516,0.0,224.6,stop,7.6,0,normal
BUS-010,2025-11-10T12:54:00Z,28.578439,77.346284,0.0,226.1,stop,8.0,0,normal
BUS-010,2025-11-10T12:55:00Z,28.577262,77.345238,0.0,227.6,stop,5.3,0,normal
BUS-010,2025-11-10T12:56:00Z,28.576016,77.344106,6.6,229.1,location,7.3,0,normal
BUS-010,2025-11-10T12:57:00Z,28.574797,77.34312,0.0,230.6,stop,2.0,0,normal
BUS-010,2025-11-10T12:58:00Z,28.573572,77.341966,0.0,232.1,stop,11.8,0,normal
BUS-010,2025-11-10T12:59:00Z,28.572249,77.340981,0.0,233.6,stop,8.9,0,normal
BUS-010,2025-11-10T13:00:00Z,28.570889,77.340065,42.5,235.1,location,13.5,0,normal
BUS-010,2025-11-10T13:01:00Z,28.56968,77.339209,36.5,236.6,location,6.8,0,normal
BUS-010,2025-11-10T13:02:00Z,28.568264,77.338386,41.4,238.1,location,9.8,0,normal
BUS-010,2025-11-10T13:03:00Z,28.566973,77.337529,32.8,239.6,location,2.2,0,normal
BUS-010,2025-11-10T13:04:00Z,28.565419,77.336734,40.5,241.1,location,9.6,0,normal
BUS-010,2025-11-10T13:05:00Z,28.564007,77.335865,42.3,242.6,location,10.1,0,normal
BUS-010,2025-11-10T13:06:00Z,28.56261,77.335144,31.8,244.1,location,11.7,0,normal
BUS-010,2025-11-10T13:07:00Z,28.561138,77.334558,42.3,245.6,location,10.4,0,normal
BUS-010,2025-11-10T13:08:00Z,28.559593,77.333815,28.3,247.2,location,7.4,0,normal
BUS-010,2025-11-10T13:09:00Z,28.558026,77.333236,31.7,248.7,location,5.9,0,normal
BUS-010,2025-11-10T13:10:00Z,28.556621,77.332688,26.5,250.2,location,7.7,0,normal
BUS-010,2025-11-10T13:11:00Z,28.55495,77.332099,36.5,251.7,location,11.1,0,normal
BUS-010,2025-11-10T13:12:00Z,28.55348,77.331617,29.8,253.2,location,8.7,0,normal
BUS-010,2025-11-10T13:13:00Z,28.551821,77.331232,38.8,254.7,location,15.7,0,normal
BUS-010,2025-11-10T13:14:00Z,28.550423,77.330818,52.0,256.2,location,0.6,0,normal
BUS-010,2025-11-10T13:15:00Z,28.548792,77.33046,29.6,257.7,location,6.8,0,normal
BUS-010,2025-11-10T13:16:00Z,28.547085,77.330098,41.9,259.2,location,6.0,0,normal
BUS-010,2025-11-10T13:17:00Z,28.545546,77.329705,29.3,260.7,location,10.3,0,normal
BUS-010,2025-11-10T13:18:00Z,28.543862,77.329619,29.2,262.2,location,14.2,0,normal
BUS-010,2025-11-10T13:19:00Z,28.542354,77.329402,39.2,263.7,location,0.2,0,normal
BUS-010,2025-11-10T13:20:00Z,28.54063,77.329226,41.3,265.2,location,1.0,0,normal
BUS-010,2025-11-10T13:21:00Z,28.539056,77.329056,39.1,266.7,location,5.3,0,normal
BUS-010,2025-11-10T13:22:00Z,28.537407,77.328957,32.6,268.2,location,9.4,0,normal
BUS-010,2025-11-10T13:23:00Z,28.535811,77.329033,49.9,269.7,location,8.7,0,normal
BUS-010,2025-11-10T13:24:00Z,28.534213,77.329052,33.2,271.2,location,13.7,0,normal
BUS-010,2025-11-10T13:25:00Z,28.532505,77.329066,34.8,272.7,location,1.2,0,normal
BUS-010,2025-11-10T13:26:00Z,28.530916,77.329134,36.6,274.2,location,2.9,0,normal
BUS-010,2025-11-10T13:27:00Z,28.52932,77.329215,33.4,275.7,location,2.9,0,normal
BUS-010,2025-11-10T13:28:00Z,28.527753,77.329558,28.8,277.2,location,9.1,0,normal
BUS-010,2025-11-10T13:29:00Z,28.526022,77.329747,30.0,278.7,location,9.2,0,normal
BUS-010,2025-11-10T13:30:00Z,28.524434,77.330014,40.1,280.2,location,13.3,0,normal
BUS-010,2025-11-10T13:31:00Z,28.522845,77.33026,37.0,281.7,location,9.7,0,normal
BUS-010,2025-11-10T13:32:00Z,28.521252,77.330646,38.3,283.2,location,1.0,0,normal
BUS-010,2025-11-10T13:33:00Z,28.519692,77.330978,43.0,284.7,location,10.9,0,normal
BUS-010,2025-11-10T13:34:00Z,28.518316,77.331539,38.8,286.2,location,13.2,0,normal
BUS-010,2025-11-10T13:35:00Z,28.516666,77.331969,28.9,287.7,location,4.0,0,normal
BUS-010,2025-11-10T13:36:00Z,28.51509,77.332424,35.7,289.2,location,13.3,0,normal
BUS-010,2025-11-10T13:37:00Z,28.5135,77.333022,40.5,290.7,location,6.1,0,normal
BUS-010,2025-11-10T13:38:00Z,28.512053,77.333636,35.0,292.2,location,1.3,0,normal
BUS-010,2025-11-10T13:39:00Z,28.510471,77.334257,41.6,293.7,location,6.5,0,normal
BUS-010,2025-11-10T13:40:00Z,28.509048,77.334944,42.3,295.3,location,14.2,0,normal
BUS-010,2025-11-10T13:41:00Z,28.5076,77.335617,42.6,296.8,location,7.2,0,normal
BUS-010,2025-11-10T13:42:00Z,28.506211,77.336449,27.3,298.3,location,3.4,0,normal
BUS-010,2025-11-10T13:43:00Z,28.504678,77.337253,39.5,299.8,location,7.6,0,normal
BUS-010,2025-11-10T13:44:00Z,28.503366,77.338099,36.8,301.3,location,7.0,0,normal
BUS-010,2025-11-10T13:45:00Z,28.501984,77.338859,32.1,302.8,location,4.8,0,normal
BUS-010,2025-11-10T13:46:00Z,28.500541,77.339825,33.0,304.3,location,14.4,0,normal
BUS-010,2025-11-10T13:47:00Z,28.499234,77.340682,46.1,305.8,location,6.8,0,normal
BUS-010,2025-11-10T13:48:00Z,28.497928,77.341636,45.7,307.3,location,3.2,0,normal
BUS-010,2025-11-10T13:49:00Z,28.496681,77.342696,39.0,308.8,location,8.6,0,normal
BUS-010,2025-11-10T13:50:00Z,28.495418,77.343667,45.3,310.3,location,8.8,0,normal
BUS-010,2025-11-10T13:51:00Z,28.49418,77.344771,38.2,311.8,location,4.5,0,normal
BUS-010,2025-11-10T13:52:00Z,28.492989,77.345831,27.8,313.3,location,6.8,0,normal
BUS-010,2025-11-10T13:53:00Z,28.491862,77.346946,25.1,314.8,location,7.7,0,normal
BUS-010,2025-11-10T13:54:00Z,28.490587,77.348205,35.7,316.3,location,13.7,0,normal
BUS-010,2025-11-10T13:55:00Z,28.489527,77.349347,33.9,317.8,location,7.5,0,normal
BUS-010,2025-11-10T13:56:00Z,28.488552,77.350615,29.7,319.3,location,5.9,0,normal
BUS-010,2025-11-10T13:57:00Z,28.487446,77.351843,18.8,320.8,location,7.8,0,normal
BUS-010,2025-11-10T13:58:00Z,28.486462,77.35305,33.9,322.3,location,1.5,0,normal
BUS-010,2025-11-10T13:59:00Z,28.485464,77.35436,33.6,323.8,location,6.1,0,normal
BUS-010,2025-11-10T14:00:00Z,28.484462,77.355765,37.9,325.3,location,10.5,0,normal
BUS-010,2025-11-10T14:01:00Z,28.483686,77.357071,35.4,326.8,location,15.9,0,normal
BUS-010,2025-11-10T14:02:00Z,28.482722,77.358478,38.5,328.3,location,14.0,0,normal
BUS-010,2025-11-10T14:03:00Z,28.481897,77.359846,36.6,329.8,location,5.6,0,normal
BUS-010,2025-11-10T14:04:00Z,28.481035,77.361207,42.2,331.3,location,8.4,0,normal
BUS-010,2025-11-10T14:05:00Z,28.480362,77.362666,41.8,332.8,location,8.4,0,normal
BUS-010,2025-11-10T14:06:00Z,28.479592,77.364173,31.9,334.3,location,5.8,0,normal
BUS-010,2025-11-10T14:07:00Z,28.478956,77.36564,41.2,335.8,location,8.1,0,normal
BUS-010,2025-11-10T14:08:00Z,28.478323,77.367086,29.5,337.3,location,7.4,0,normal
BUS-010,2025-11-10T14:09:00Z,28.477615,77.368553,34.9,338.8,location,15.3,0,normal
BUS-010,2025-11-10T14:10:00Z,28.477115,77.370257,40.4,340.3,location,11.3,0,normal
BUS-010,2025-11-10T14:11:00Z,28.476544,77.37166,33.9,341.8,location,7.0,0,normal
BUS-010,2025-11-10T14:12:00Z,28.47614,77.373308,25.8,343.4,location,15.1,0,normal
BUS-010,2025-11-10T14:13:00Z,28.475664,77.374783,47.7,344.9,location,10.2,0,normal
BUS-010,2025-11-10T14:14:00Z,28.475264,77.376356,27.9,346.4,location,3.4,0,normal
BUS-010,2025-11-10T14:15:00Z,28.474856,77.377943,29.8,347.9,location,11.2,0,normal
BUS-010,2025-11-10T14:16:00Z,28.474587,77.379552,26.5,349.4,location,11.3,0,normal
BUS-010,2025-11-10T14:17:00Z,28.474275,77.381186,38.4,350.9,location,4.0,0,normal
BUS-010,2025-11-10T14:18:00Z,28.473899,77.382737,27.0,352.4,location,4.7,0,normal
BUS-010,2025-11-10T14:19:00Z,28.473799,77.384367,38.6,353.9,location,8.4,0,normal
BUS-010,2025-11-10T14:20:00Z,28.473695,77.385916,37.4,355.4,location,4.7,0,normal
BUS-010,2025-11-10T14:21:00Z,28.47355,77.387662,35.4,356.9,location,8.5,0,normal
BUS-010,2025-11-10T14:22:00Z,28.473569,77.389271,43.0,358.4,location,1.9,0,normal
BUS-010,2025-11-10T14:23:00Z,28.473457,77.390951,32.9,359.9,location,8.0,0,normal
BUS-010,2025-11-10T14:24:00Z,28.473505,77.392513,31.7,1.4,location,10.2,0,normal
BUS-010,2025-11-10T14:25:00Z,28.473654,77.394263,35.9,2.9,location,3.6,0,normal
BUS-010,2025-11-10T14:26:00Z,28.473616,77.395765,31.4,4.4,location,21.8,0,normal
BUS-010,2025-11-10T14:27:00Z,28.473898,77.397421,30.8,5.9,location,17.0,0,normal
BUS-010,2025-11-10T14:28:00Z,28.474024,77.39901,43.8,7.4,location,14.5,0,normal
BUS-010,2025-11-10T14:29:00Z,28.474216,77.400558,34.5,8.9,location,6.2,0,normal
BUS-010,2025-11-10T14:30:00Z,28.474529,77.402228,34.1,10.4,location,11.3,0,normal
BUS-010,2025-11-10T14:31:00Z,28.474725,77.40384,0.0,11.9,stop,5.5,0,normal
BUS-010,2025-11-10T14:32:00Z,28.475206,77.405339,0.0,13.4,stop,3.9,0,normal
BUS-010,2025-11-10T14:33:00Z,28.475707,77.406986,0.0,14.9,stop,15.4,0,normal
BUS-010,2025-11-10T14:34:00Z,28.475985,77.408609,0.0,16.4,stop,6.9,0,normal
BUS-010,2025-11-10T14:35:00Z,28.476461,77.410097,0.0,17.9,stop,6.3,0,normal
BUS-010,2025-11-10T14:36:00Z,28.477102,77.411613,5.6,19.4,location,7.4,0,normal
BUS-010,2025-11-10T14:37:00Z,28.477574,77.413127,0.0,20.9,stop,2.1,0,normal
BUS-010,2025-11-10T14:38:00Z,28.478121,77.414689,0.0,22.4,stop,0.9,0,normal
BUS-010,2025-11-10T14:39:00Z,28.478767,77.416181,0.0,23.9,stop,14.1,0,normal
BUS-010,2025-11-10T14:40:00Z,28.47948,77.417612,0.0,25.4,stop,3.8,0,normal
BUS-010,2025-11-10T14:41:00Z,28.480281,77.419095,0.0,26.9,stop,11.2,0,normal
BUS-010,2025-11-10T14:42:00Z,28.481002,77.420619,0.0,28.4,stop,3.8,0,normal
BUS-010,2025-11-10T14:43:00Z,28.481747,77.421925,0.0,29.9,stop,11.5,0,normal
BUS-010,2025-11-10T14:44:00Z,28.482571,77.423418,0.0,31.5,stop,15.4,0,normal
BUS-010,2025-11-10T14:45:00Z,28.483455,77.42469,0.0,33.0,stop,6.0,0,normal
BUS-010,2025-11-10T14:46:00Z,28.484429,77.426118,0.0,34.5,stop,4.0,0,normal
BUS-010,2025-11-10T14:47:00Z,28.48529,77.4274,0.0,36.0,stop,8.7,0,normal
BUS-010,2025-11-10T14:48:00Z,28.486232,77.428726,9.1,37.5,location,2.8,0,normal
BUS-010,2025-11-10T14:49:00Z,28.487355,77.430041,0.0,39.0,stop,6.8,0,normal
BUS-010,2025-11-10T14:50:00Z,28.488217,77.43122,0.0,40.5,stop,12.0,0,normal
BUS-010,2025-11-10T14:51:00Z,28.489424,77.432478,0.0,42.0,stop,15.2,0,normal
BUS-010,2025-11-10T14:52:00Z,28.490546,77.433686,0.0,43.5,stop,9.9,0,normal
BUS-010,2025-11-10T14:53:00Z,28.491594,77.434806,6.5,45.0,location,8.0,0,normal
BUS-010,2025-11-10T14:54:00Z,28.492755,77.435948,0.0,46.5,stop,6.2,0,normal
BUS-010,2025-11-10T14:55:00Z,28.494058,77.437081,0.0,48.0,stop,9.2,0,normal
BUS-010,2025-11-10T14:56:00Z,28.495255,77.438159,0.0,49.5,stop,5.1,0,normal
BUS-010,2025-11-10T14:57:00Z,28.496407,77.439233,0.0,51.0,stop,5.6,0,normal
BUS-010,2025-11-10T14:58:00Z,28.497773,77.440157,0.0,52.5,stop,6.2,0,normal
BUS-010,2025-11-10T14:59:00Z,28.499055,77.441005,0.0,54.0,stop,6.6,0,normal
