studentId,performance_trend,attendance_anomaly_score,mood_avg_7d,mood_avg_30d,mood_low_count_14d,wellbeing_signal_count,homework_completion_drop,engagement_drop,behavior_concerns_30d,safety_reports_submitted,riskScore,riskCategory,isAtRisk
STU-2026-0001,0.0176,0.4366,3.57,3.98,0,0,0.0,0.0,1,0,0.02,low,0
STU-2026-0002,0.016,0.1751,4.53,4.42,0,0,0.0,0.0,0,0,0.02,low,0
STU-2026-0003,-0.0741,0.2175,4.95,4.06,1,0,0.0,0.0,0,0,0.0251,low,0
STU-2026-0004,-0.5399,-1.0068,2.5,2.24,6,3,0.1352,0.0972,2,1,0.6963,high,1
STU-2026-0005,0.0111,0.454,3.79,3.4,2,2,0.0,0.0,0,0,0.02,low,0
STU-2026-0006,0.0008,0.3991,3.96,3.85,1,1,0.0,0.0,0,0,0.02,low,0
STU-2026-0007,0.008,0.4676,4.23,4.0,0,0,0.0,0.0,0,0,0.0234,low,0
STU-2026-0008,-0.6307,-1.2966,3.23,3.07,3,2,0.2307,0.2019,1,0,0.7498,high,1
STU-2026-0009,-0.2374,-0.8358,4.04,3.49,0,2,0.0679,0.1078,2,1,0.4508,medium,0
STU-2026-0010,-0.2364,-0.6741,3.79,3.58,0,1,0.0281,0.0992,0,1,0.3951,medium,0
STU-2026-0011,0.035,-0.0024,4.71,4.42,2,0,0.0,0.0,0,0,0.0434,low,0
STU-2026-0012,-0.0348,0.3621,4.12,3.83,1,0,0.0,0.0,0,0,0.02,low,0
STU-2026-0013,0.0127,0.6919,4.43,4.0,0,1,0.0,0.0,0,0,0.02,low,0
STU-2026-0014,-0.0995,-0.7728,3.32,3.3,3,1,0.1128,0.143,0,1,0.4958,medium,0
STU-2026-0015,0.0087,-0.2207,4.23,3.94,3,0,0.0,0.0,0,0,0.044,low,0
STU-2026-0016,-0.0535,-0.5983,2.65,2.63,0,2,0.0587,0.0615,0,0,0.4114,medium,0
STU-2026-0017,0.0549,0.0433,4.01,3.96,0,0,0.0,0.0,0,0,0.02,low,0
STU-2026-0018,-0.0686,0.1808,4.14,4.04,0,1,0.0,0.0,1,0,0.02,low,0
STU-2026-0019,-0.2245,-0.4139,3.89,3.28,2,2,0.1239,0.0633,0,0,0.4531,medium,0
STU-2026-0020,-0.0034,0.2951,3.8,3.84,0,0,0.0,0.0,0,0,0.02,low,0
STU-2026-0021,-0.4641,-1.0945,2.42,2.38,7,2,0.1542,0.2391,1,0,0.774,high,1
STU-2026-0022,-0.0224,-0.0428,3.97,3.87,0,0,0.0,0.0,0,0,0.0281,low,0
STU-2026-0023,-0.0279,0.0549,4.18,4.2,0,0,0.0,0.0,1,0,0.0596,low,0
STU-2026-0024,0.0455,0.4202,4.35,3.92,0,1,0.0,0.0,0,0,0.0204,low,0
STU-2026-0025,0.1096,-0.2805,3.83,3.82,0,1,0.0,0.0,0,0,0.02,low,0
STU-2026-0026,0.043,0.4886,4.34,4.51,0,0,0.0,0.0,0,0,0.02,low,0
STU-2026-0027,0.0427,-0.0505,4.06,3.45,0,0,0.0,0.0,0,0,0.02,low,0
STU-2026-0028,0.0125,0.1314,3.99,4.38,0,0,0.0,0.0,0,0,0.02,low,0
STU-2026-0029,0.095,-0.1467,3.79,4.42,0,0,0.0,0.0,0,0,0.02,low,0
STU-2026-0030,0.0101,0.3437,4.16,4.26,1,0,0.0,0.0,0,0,0.02,low,0
STU-2026-0031,0.1244,0.4829,4.3,4.38,0,1,0.0,0.0,0,0,0.02,low,0
STU-2026-0032,-0.0336,0.7273,3.97,4.15,0,0,0.0,0.0,0,0,0.02,low,0
STU-2026-0033,-0.012,0.3894,4.65,4.79,0,0,0.0,0.0,0,0,0.02,low,0
STU-2026-0034,-0.0543,0.032,4.34,4.79,0,0,0.0,0.0,0,0,0.02,low,0
STU-2026-0035,-0.0252,0.1868,3.93,3.98,0,0,0.0,0.0,0,0,0.02,low,0
STU-2026-0036,-0.0377,0.7211,4.27,3.91,0,1,0.0,0.0,0,0,0.0313,low,0
STU-2026-0037,-0.1661,-0.6809,3.37,3.01,2,1,0.1134,0.112,1,0,0.4851,medium,0
STU-2026-0038,0.0536,0.8206,5.0,5.0,0,0,0.0,0.0,0,0,0.02,low,0
STU-2026-0039,-0.191,-0.6839,3.43,2.76,4,3,0.0707,0.1156,1,0,0.4929,medium,0
STU-2026-0040,-0.3613,-1.4029,2.7,3.05,7,3,0.2061,0.3072,3,0,0.8113,high,1
STU-2026-0041,0.0201,0.1954,4.43,4.85,0,0,0.0,0.0,0,0,0.02,low,0
STU-2026-0042,-0.0459,0.3073,4.56,4.47,1,0,0.0,0.0,0,0,0.022,low,0
STU-2026-0043,0.0774,-0.0706,4.22,4.55,1,0,0.0,0.0,0,0,0.02,low,0
STU-2026-0044,-0.5893,-1.5952,1.92,2.82,5,2,0.1992,0.2356,1,0,0.7836,high,1
STU-2026-0045,-0.1302,-0.8358,2.91,3.38,1,0,0.1137,0.1024,0,0,0.4583,medium,0
STU-2026-0046,0.1274,0.3849,4.12,4.2,2,0,0.0,0.0,0,0,0.0552,low,0
STU-2026-0047,0.0809,0.3445,3.28,3.61,1,1,0.0,0.0,0,0,0.02,low,0
STU-2026-0048,-0.0033,0.2641,4.49,4.58,0,0,0.0,0.0,1,0,0.0616,low,0
STU-2026-0049,0.0327,0.3131,3.95,3.93,1,0,0.0,0.0,0,0,0.0303,low,0
STU-2026-0050,-0.0243,0.1867,4.12,4.24,0,0,0.0,0.0,0,0,0.02,low,0
STU-2026-0051,0.0458,0.2862,4.54,4.34,0,0,0.0,0.0,0,0,0.02,low,0
STU-2026-0052,0.0749,0.1706,4.77,4.38,0,0,0.0,0.0,0,0,0.02,low,0
STU-2026-0053,0.0373,0.496,4.54,4.13,1,1,0.0,0.0,0,0,0.02,low,0
STU-2026-0054,-0.4896,-1.6982,1.51,2.18,9,1,0.2647,0.1981,4,0,0.7712,high,1
STU-2026-0055,0.0645,0.1661,4.23,4.36,0,0,0.0,0.0,0,0,0.02,low,0
STU-2026-0056,-0.067,0.1087,4.37,3.9,0,0,0.0,0.0,0,0,0.02,low,0
STU-2026-0057,0.0236,0.0588,4.05,4.17,0,1,0.0,0.0,1,0,0.02,low,0
STU-2026-0058,0.0496,0.7839,4.69,4.16,1,0,0.0,0.0,0,0,0.02,low,0
STU-2026-0059,-0.0977,-0.0933,3.27,3.39,1,0,0.0428,0.0833,1,0,0.4566,medium,0
STU-2026-0060,-0.0062,0.1461,3.74,3.09,2,0,0.0,0.0,0,0,0.0941,low,0
STU-2026-0061,-0.1123,0.3227,4.0,4.05,0,0,0.0,0.0,0,0,0.02,low,0
STU-2026-0062,0.0682,0.4588,4.35,3.94,0,0,0.0,0.0,0,0,0.0282,low,0
STU-2026-0063,-0.0168,0.2266,3.59,4.05,0,0,0.0,0.0,0,0,0.02,low,0
STU-2026-0064,0.0349,0.412,4.7,4.76,0,0,0.0,0.0,0,0,0.02,low,0
STU-2026-0065,-0.1725,-0.7013,2.37,2.56,3,1,0.0945,0.0879,0,0,0.4696,medium,0
STU-2026-0066,-0.0661,-0.4125,2.64,2.55,2,1,0.1322,0.1131,2,0,0.4665,medium,0
STU-2026-0067,-0.5052,-1.2631,2.45,1.49,10,2,0.153,0.1201,2,2,0.7907,high,1
STU-2026-0068,0.041,0.4135,4.2,4.08,0,0,0.0,0.0,1,0,0.02,low,0
STU-2026-0069,-0.1247,-1.0306,3.68,3.44,4,0,0.0645,0.0925,1,1,0.5181,medium,0
STU-2026-0070,0.0367,-0.5803,3.8,3.67,1,0,0.0,0.0,0,0,0.0595,low,0
STU-2026-0071,-0.0878,-0.9143,3.69,3.85,4,2,0.1012,0.099,0,0,0.5058,medium,0
STU-2026-0072,0.0589,0.0901,5.0,5.0,3,0,0.0,0.0,0,0,0.02,low,0
STU-2026-0073,0.07,0.4406,4.77,4.77,1,0,0.0,0.0,0,0,0.0293,low,0
STU-2026-0074,-0.0427,-0.1717,4.5,3.86,1,1,0.0,0.0,0,0,0.02,low,0
STU-2026-0075,0.0182,0.6794,3.52,3.53,2,0,0.0,0.0,0,0,0.02,low,0
STU-2026-0076,-0.1264,-0.7469,3.19,4.03,2,1,0.0887,0.1126,1,0,0.536,medium,0
STU-2026-0077,-0.0098,0.4258,4.32,4.24,1,0,0.0,0.0,0,0,0.02,low,0
STU-2026-0078,0.0872,0.2717,3.9,3.47,0,0,0.0,0.0,0,0,0.02,low,0
STU-2026-0079,-0.251,-0.5344,3.73,3.67,1,1,0.0694,0.1018,0,0,0.4223,medium,0
STU-2026-0080,0.0056,0.1025,3.9,4.0,0,0,0.0,0.0,0,0,0.02,low,0
STU-2026-0081,-0.0054,0.3583,4.69,5.0,0,0,0.0,0.0,0,0,0.02,low,0
STU-2026-0082,-0.0453,0.1388,4.37,4.57,0,0,0.0,0.0,1,0,0.062,low,0
STU-2026-0083,0.0523,-0.2043,3.71,3.76,1,0,0.0,0.0,0,0,0.05,low,0
STU-2026-0084,0.1383,0.2599,4.66,4.57,0,0,0.0,0.0,0,0,0.02,low,0
STU-2026-0085,-0.0112,0.2554,4.66,4.53,0,0,0.0,0.0,0,0,0.02,low,0
STU-2026-0086,-0.0817,-0.6865,3.14,2.94,6,0,0.0823,0.0945,0,1,0.4793,medium,0
STU-2026-0087,0.0172,0.3902,4.07,3.94,0,1,0.0,0.0,0,0,0.0219,low,0
STU-2026-0088,-0.1149,-0.6178,2.31,2.39,1,0,0.091,0.0959,1,0,0.4332,medium,0
STU-2026-0089,0.0463,0.1116,4.04,4.06,2,0,0.0,0.0,0,0,0.02,low,0
STU-2026-0090,-0.0014,0.5198,4.35,4.59,0,1,0.0,0.0,0,0,0.02,low,0
STU-2026-0091,0.0774,0.2295,4.47,4.2,1,1,0.0,0.0,0,0,0.0343,low,0
STU-2026-0092,-0.1878,-0.8241,2.43,2.68,5,1,0.1198,0.1076,2,0,0.5476,medium,0
STU-2026-0093,0.0433,0.1754,3.59,4.32,0,0,0.0,0.0,0,0,0.02,low,0
STU-2026-0094,0.0918,-0.0997,4.84,4.81,1,0,0.0,0.0,0,0,0.02,low,0
STU-2026-0095,-0.1726,-0.9132,3.37,2.67,4,4,0.1224,0.0808,1,0,0.4819,medium,0
STU-2026-0096,0.0356,-0.0173,3.44,3.6,0,0,0.0,0.0,0,0,0.02,low,0
STU-2026-0097,-0.3317,-1.8156,2.12,2.33,2,4,0.2451,0.193,3,0,0.8068,high,1
STU-2026-0098,0.0435,0.2302,4.28,4.28,0,1,0.0,0.0,0,0,0.02,low,0
STU-2026-0099,0.0398,-0.0908,3.88,4.16,0,0,0.0,0.0,0,0,0.02,low,0
STU-2026-0100,-0.175,-0.3518,3.57,3.31,3,2,0.0797,0.1208,2,0,0.4127,medium,0
STU-2026-0101,0.0314,0.3321,4.53,4.65,0,0,0.0,0.0,0,0,0.0351,low,0
STU-2026-0102,-0.0546,-0.1487,4.41,4.51,0,0,0.0,0.0,0,0,0.02,low,0
STU-2026-0103,0.0094,0.0702,4.84,4.3,0,0,0.0,0.0,1,0,0.02,low,0
STU-2026-0104,-0.215,-0.7086,2.24,2.91,4,0,0.0899,0.0795,1,1,0.4787,medium,0
STU-2026-0105,-0.0715,-0.6078,4.03,4.36,2,1,0.0656,0.1176,0,1,0.4656,medium,0
STU-2026-0106,-0.1579,-0.6513,2.94,2.66,1,2,0.0966,0.1246,1,0,0.4913,medium,0
STU-2026-0107,-0.1458,-1.0942,3.21,2.98,4,0,0.1081,0.1223,0,0,0.5297,medium,0
STU-2026-0108,0.0113,0.3217,4.29,4.3,0,1,0.0,0.0,0,0,0.02,low,0
STU-2026-0109,0.0883,0.244,4.17,4.39,0,0,0.0,0.0,0,0,0.02,low,0
STU-2026-0110,-0.4527,-1.0419,1.92,1.94,14,3,0.083,0.1002,1,0,0.7645,high,1
STU-2026-0111,-0.1358,-0.906,2.61,2.68,2,1,0.0877,0.0874,0,0,0.54,medium,0
STU-2026-0112,-0.1314,-0.402,2.64,2.99,2,0,0.1797,0.1212,0,0,0.492,medium,0
STU-2026-0113,0.0096,-0.1569,4.06,4.18,0,0,0.0,0.0,0,0,0.02,low,0
STU-2026-0114,0.0016,-0.4337,4.6,4.54,0,0,0.0,0.0,0,1,0.02,low,0
STU-2026-0115,-0.1646,-0.3473,2.83,3.09,6,1,0.1008,0.069,0,0,0.519,medium,0
STU-2026-0116,0.0053,0.1784,4.07,4.49,1,0,0.0,0.0,0,0,0.0622,low,0
STU-2026-0117,-0.2003,-0.7746,3.1,2.68,1,2,0.0641,0.1383,0,0,0.4622,medium,0
STU-2026-0118,-0.0281,-0.0159,4.79,4.89,0,0,0.0,0.0,0,0,0.0398,low,0
STU-2026-0119,0.0226,0.218,3.89,3.54,0,0,0.0,0.0,1,0,0.0412,low,0
STU-2026-0120,-0.492,-1.5092,2.25,2.3,5,2,0.1856,0.2048,2,0,0.772,high,1
STU-2026-0121,-0.0391,-0.2057,4.04,4.06,1,0,0.0,0.0,0,0,0.02,low,0
STU-2026-0122,-0.0432,0.2559,4.77,4.36,1,0,0.0,0.0,0,0,0.02,low,0
STU-2026-0123,-0.0389,0.6008,3.9,3.87,1,0,0.0,0.0,0,0,0.043,low,0
STU-2026-0124,0.0072,0.4316,4.7,5.0,1,0,0.0,0.0,0,0,0.02,low,0
STU-2026-0125,-0.0443,0.2238,3.97,4.19,0,0,0.0,0.0,0,0,0.02,low,0
STU-2026-0126,0.0317,0.1115,4.6,4.61,0,0,0.0,0.0,0,0,0.02,low,0
STU-2026-0127,-0.0061,0.2094,4.58,3.92,0,1,0.0,0.0,0,0,0.02,low,0
STU-2026-0128,-0.5792,-0.7069,1.97,1.92,4,3,0.1157,0.175,1,1,0.7295,high,1
STU-2026-0129,-0.0203,0.0309,4.04,4.3,0,0,0.0,0.0,0,0,0.02,low,0
STU-2026-0130,-0.096,-0.5793,3.57,3.7,5,2,0.0487,0.0905,0,0,0.4551,medium,0
STU-2026-0131,0.0051,0.449,4.24,4.08,1,0,0.0,0.0,0,0,0.02,low,0
STU-2026-0132,0.0404,0.4035,4.63,4.94,2,0,0.0,0.0,0,0,0.0625,low,0
STU-2026-0133,-0.0003,0.4125,4.2,4.29,0,0,0.0,0.0,0,0,0.02,low,0
STU-2026-0134,-0.0834,0.0439,4.82,5.0,0,0,0.0,0.0,0,0,0.0284,low,0
STU-2026-0135,0.117,0.1583,4.14,4.0,0,0,0.0,0.0,0,0,0.0544,low,0
STU-2026-0136,-0.0137,0.1467,4.05,4.27,0,0,0.0,0.0,1,0,0.02,low,0
STU-2026-0137,-0.1791,-0.9106,3.21,3.08,3,1,0.1034,0.1174,0,1,0.5077,medium,0
STU-2026-0138,0.0216,0.4514,4.46,4.35,1,0,0.0,0.0,0,0,0.0301,low,0
STU-2026-0139,0.0107,0.2157,3.85,3.93,0,0,0.0,0.0,0,0,0.02,low,0
STU-2026-0140,0.0608,0.1075,3.51,4.11,0,0,0.0,0.0,1,0,0.02,low,0
STU-2026-0141,-0.0336,-0.4661,3.76,3.41,1,0,0.0,0.0,0,0,0.0308,low,0
STU-2026-0142,-0.0871,-1.0956,3.58,3.52,2,2,0.0454,0.1222,1,0,0.5381,medium,0
STU-2026-0143,-0.0294,0.3241,3.83,4.1,1,0,0.0,0.0,1,0,0.02,low,0
STU-2026-0144,0.0137,-0.1265,4.25,4.29,0,0,0.0,0.0,0,0,0.02,low,0
STU-2026-0145,0.0476,0.0875,3.92,4.3,0,0,0.0,0.0,0,0,0.02,low,0
STU-2026-0146,-0.3805,-1.71,1.8,1.95,7,1,0.1471,0.2051,4,1,0.7613,high,1
STU-2026-0147,-0.0311,0.6935,3.69,3.95,0,0,0.0,0.0,0,0,0.02,low,0
STU-2026-0148,-0.029,0.1708,4.17,4.04,0,0,0.0,0.0,0,0,0.02,low,0
STU-2026-0149,-0.0614,0.2665,5.0,4.53,1,0,0.0,0.0,0,0,0.02,low,0
STU-2026-0150,0.0521,0.8594,4.29,3.99,0,0,0.0,0.0,0,0,0.02,low,0
STU-2026-0151,-0.0103,0.1098,3.62,4.02,0,1,0.0,0.0,0,0,0.0205,low,0
STU-2026-0152,-0.0106,0.5328,3.98,3.94,0,0,0.0,0.0,0,0,0.02,low,0
STU-2026-0153,-0.1767,-0.1871,3.56,2.95,3,2,0.0724,0.1092,0,0,0.4126,medium,0
STU-2026-0154,0.0058,0.0595,4.49,4.34,0,0,0.0,0.0,0,0,0.02,low,0
STU-2026-0155,0.0583,0.1725,3.82,4.2,0,0,0.0,0.0,0,0,0.0233,low,0
STU-2026-0156,-0.114,-1.1264,3.01,3.5,2,0,0.0907,0.1324,0,1,0.546,medium,0
STU-2026-0157,-0.1508,-0.5059,3.79,3.52,2,0,0.0743,0.0553,0,0,0.4928,medium,0
STU-2026-0158,0.0366,0.1908,4.01,4.17,1,0,0.0,0.0,0,0,0.0719,low,0
STU-2026-0159,0.0431,-0.2378,3.81,3.89,0,0,0.0,0.0,0,0,0.02,low,0
STU-2026-0160,-0.0496,-0.4979,3.09,3.48,4,0,0.088,0.1019,0,1,0.4663,medium,0
STU-2026-0161,-0.0093,0.0267,4.75,4.41,0,0,0.0,0.0,0,0,0.02,low,0
STU-2026-0162,-0.0004,0.406,4.45,4.44,0,1,0.0,0.0,1,0,0.02,low,0
STU-2026-0163,-0.0164,0.3307,4.25,4.79,0,1,0.0,0.0,0,0,0.02,low,0
STU-2026-0164,0.0558,0.4893,4.2,4.14,0,0,0.0,0.0,1,0,0.02,low,0
STU-2026-0165,-0.1626,-0.669,3.2,3.18,2,0,0.0593,0.078,1,1,0.4802,medium,0
STU-2026-0166,-0.15,-0.9146,3.45,2.93,2,1,0.1294,0.114,1,1,0.4582,medium,0
STU-2026-0167,-0.012,0.3353,4.86,4.75,2,0,0.0,0.0,0,0,0.0285,low,0
STU-2026-0168,0.0792,0.1402,3.72,4.08,0,0,0.0,0.0,1,0,0.0463,low,0
STU-2026-0169,0.0764,0.2005,4.27,3.92,0,1,0.0,0.0,0,0,0.02,low,0
STU-2026-0170,-0.0418,0.1912,4.62,4.41,1,0,0.0,0.0,0,0,0.0476,low,0
STU-2026-0171,-0.0757,0.5174,3.95,4.1,0,1,0.0,0.0,0,0,0.02,low,0
STU-2026-0172,0.0431,-0.0705,3.67,3.69,2,1,0.0,0.0,0,0,0.02,low,0
STU-2026-0173,-0.0321,0.4124,4.54,4.28,0,0,0.0,0.0,0,0,0.0585,low,0
STU-2026-0174,0.0202,0.1613,4.86,4.79,1,1,0.0,0.0,0,0,0.02,low,0
STU-2026-0175,0.0491,0.2223,4.43,4.21,0,0,0.0,0.0,1,0,0.0667,low,0
STU-2026-0176,0.0125,0.6354,4.03,3.34,0,0,0.0,0.0,0,0,0.02,low,0
STU-2026-0177,0.0575,0.3239,3.75,3.32,0,0,0.0,0.0,0,0,0.02,low,0
STU-2026-0178,-0.0278,0.4271,4.14,4.7,1,0,0.0,0.0,0,0,0.02,low,0
STU-2026-0179,0.0105,0.6073,4.66,4.8,0,0,0.0,0.0,0,0,0.02,low,0
STU-2026-0180,0.0098,0.0036,3.94,4.31,0,2,0.0,0.0,0,0,0.02,low,0
STU-2026-0181,-0.0651,-0.0357,3.98,3.45,0,0,0.0,0.0,0,0,0.0381,low,0
STU-2026-0182,0.0992,0.0139,3.31,3.98,0,1,0.0,0.0,0,0,0.02,low,0
STU-2026-0183,0.0675,0.7816,3.61,3.85,0,0,0.0,0.0,0,0,0.02,low,0
STU-2026-0184,0.0457,0.3169,4.05,4.16,3,0,0.0,0.0,0,0,0.0363,low,0
STU-2026-0185,-0.199,-0.8242,2.95,3.28,1,2,0.1268,0.1129,1,0,0.5356,medium,0
STU-2026-0186,-0.5723,-1.1181,3.02,2.99,10,1,0.1203,0.2024,3,0,0.8129,high,1
STU-2026-0187,0.0137,0.0051,4.68,4.66,1,0,0.0,0.0,0,0,0.02,low,0
STU-2026-0188,-0.1967,-0.9812,3.13,3.12,5,0,0.1155,0.1227,1,0,0.5268,medium,0
STU-2026-0189,-0.0473,0.4012,4.2,4.42,0,0,0.0,0.0,0,0,0.02,low,0
STU-2026-0190,-0.0003,-0.1196,3.92,3.59,0,1,0.0,0.0,0,0,0.02,low,0
STU-2026-0191,-0.0271,0.0609,4.22,4.07,1,0,0.0,0.0,0,0,0.02,low,0
STU-2026-0192,0.0737,0.2332,3.84,3.91,0,0,0.0,0.0,0,0,0.02,low,0
STU-2026-0193,0.0061,0.1585,4.02,4.03,1,2,0.0,0.0,1,0,0.02,low,0
STU-2026-0194,0.0927,0.2099,4.15,4.28,1,0,0.0,0.0,1,0,0.0524,low,0
STU-2026-0195,-0.0978,-0.023,4.97,5.0,0,0,0.0,0.0,0,0,0.0347,low,0
STU-2026-0196,-0.1481,-0.505,4.08,3.8,2,0,0.0483,0.1267,1,0,0.4746,medium,0
STU-2026-0197,0.0501,-0.004,3.84,4.38,0,0,0.0,0.0,0,0,0.02,low,0
STU-2026-0198,0.0757,0.1479,3.86,3.77,0,0,0.0,0.0,0,0,0.0365,low,0
STU-2026-0199,-0.0256,-0.0139,4.15,3.81,1,0,0.0,0.0,0,0,0.02,low,0
STU-2026-0200,-0.0177,0.4109,5.0,4.86,0,0,0.0,0.0,0,0,0.02,low,0
STU-2026-0201,-0.0096,0.5668,4.18,4.14,0,0,0.0,0.0,0,0,0.02,low,0
STU-2026-0202,-0.048,0.2598,4.37,4.45,1,0,0.0,0.0,0,0,0.0282,low,0
STU-2026-0203,0.0342,0.0798,4.1,4.14,0,0,0.0,0.0,0,0,0.02,low,0
STU-2026-0204,0.0413,0.1552,4.47,4.05,0,0,0.0,0.0,0,0,0.02,low,0
STU-2026-0205,0.0782,0.2972,4.41,4.14,0,0,0.0,0.0,0,1,0.02,low,0
STU-2026-0206,-0.1099,-0.6054,3.22,3.57,2,1,0.1353,0.1369,1,0,0.5347,medium,0
STU-2026-0207,0.1128,0.1298,4.16,3.74,1,1,0.0,0.0,0,0,0.02,low,0
STU-2026-0208,-0.0633,0.2011,4.68,4.65,1,0,0.0,0.0,0,0,0.0402,low,0
STU-2026-0209,0.0373,0.6773,3.8,4.05,0,0,0.0,0.0,0,0,0.02,low,0
STU-2026-0210,-0.504,-1.493,2.8,2.72,5,4,0.2844,0.2973,2,1,0.8268,high,1
STU-2026-0211,0.044,-0.2932,5.0,4.97,2,0,0.0,0.0,0,0,0.0494,low,0
STU-2026-0212,0.0061,0.2085,4.26,4.18,0,0,0.0,0.0,1,1,0.02,low,0
STU-2026-0213,-0.0605,-0.4731,2.94,3.16,2,1,0.1196,0.1107,1,0,0.4283,medium,0
STU-2026-0214,0.0797,0.604,3.95,4.15,0,0,0.0,0.0,0,0,0.02,low,0
STU-2026-0215,0.047,-0.0116,3.74,3.63,0,1,0.0,0.0,0,0,0.02,low,0
STU-2026-0216,-0.0225,0.5507,4.11,4.74,0,0,0.0,0.0,1,0,0.02,low,0
STU-2026-0217,0.0362,0.27,3.94,4.26,0,1,0.0,0.0,0,0,0.0227,low,0
STU-2026-0218,0.0347,0.3175,4.03,4.19,0,1,0.0,0.0,0,0,0.0424,low,0
STU-2026-0219,-0.012,0.2032,4.16,4.21,0,0,0.0,0.0,0,0,0.02,low,0
STU-2026-0220,0.0271,0.0152,4.56,4.33,0,0,0.0,0.0,0,0,0.02,low,0
STU-2026-0221,-0.7085,-0.9464,2.02,2.33,10,3,0.1321,0.1583,2,0,0.7681,high,1
STU-2026-0222,0.0616,0.3617,4.06,4.14,0,0,0.0,0.0,0,0,0.02,low,0
STU-2026-0223,-0.134,-0.9604,3.18,3.04,3,0,0.1342,0.0923,0,0,0.5455,medium,0
STU-2026-0224,-0.1725,-0.8061,3.42,3.03,4,2,0.0743,0.0822,1,0,0.4529,medium,0
STU-2026-0225,-0.0315,0.021,5.0,4.74,0,0,0.0,0.0,0,0,0.02,low,0
STU-2026-0226,0.0805,0.3789,4.8,4.58,0,0,0.0,0.0,0,0,0.02,low,0
STU-2026-0227,-0.0017,-0.067,4.31,4.2,0,0,0.0,0.0,0,0,0.02,low,0
STU-2026-0228,0.0295,0.2657,4.1,4.28,1,0,0.0,0.0,0,0,0.0438,low,0
STU-2026-0229,0.055,-0.0364,4.79,4.88,2,0,0.0,0.0,0,0,0.0481,low,0
STU-2026-0230,-0.489,-1.3253,2.38,1.6,2,3,0.1602,0.2018,1,0,0.7263,high,1
STU-2026-0231,-0.2183,-0.8803,2.69,2.8,1,0,0.0538,0.1119,0,0,0.4326,medium,0
STU-2026-0232,-0.0096,0.3161,3.77,3.7,0,0,0.0,0.0,0,0,0.02,low,0
STU-2026-0233,0.1208,0.5061,4.32,4.64,0,0,0.0,0.0,0,1,0.02,low,0
STU-2026-0234,-0.0447,-0.507,2.97,2.79,2,0,0.0787,0.1215,0,0,0.4318,medium,0
STU-2026-0235,0.0563,0.1581,4.54,4.56,1,0,0.0,0.0,0,1,0.0224,low,0
STU-2026-0236,-0.0213,0.4901,4.09,3.83,2,0,0.0,0.0,0,0,0.02,low,0
STU-2026-0237,-0.0094,0.1768,4.2,4.54,1,0,0.0,0.0,0,0,0.02,low,0
STU-2026-0238,-0.1424,-0.7052,2.72,3.18,1,2,0.1293,0.1151,1,0,0.4445,medium,0
STU-2026-0239,0.0664,0.0209,4.39,4.37,0,0,0.0,0.0,0,0,0.02,low,0
STU-2026-0240,-0.0082,-0.1298,3.56,3.05,0,0,0.0,0.0,0,0,0.0313,low,0
STU-2026-0241,-0.0384,-0.3111,4.12,3.97,0,0,0.0,0.0,0,0,0.02,low,0
STU-2026-0242,0.0813,0.2882,3.67,3.86,0,0,0.0,0.0,0,0,0.02,low,0
STU-2026-0243,-0.1292,-0.439,3.03,2.86,2,0,0.1037,0.0596,0,0,0.4562,medium,0
STU-2026-0244,0.0559,0.0517,3.81,4.16,0,0,0.0,0.0,0,0,0.02,low,0
STU-2026-0245,-0.6292,-1.1884,2.22,1.88,7,4,0.2184,0.1924,1,1,0.841,high,1
STU-2026-0246,-0.6671,-1.8933,1.71,1.95,5,1,0.2028,0.1926,3,1,0.7586,high,1
STU-2026-0247,-0.0206,-0.2043,3.79,3.97,0,0,0.0,0.0,0,0,0.0258,low,0
STU-2026-0248,-0.1604,-0.4539,2.6,2.51,4,1,0.0994,0.0702,0,0,0.4484,medium,0
STU-2026-0249,-0.4317,-1.2769,2.75,2.32,8,1,0.1814,0.1775,2,2,0.768,high,1
STU-2026-0250,0.0215,0.4561,3.92,4.0,0,0,0.0,0.0,0,0,0.02,low,0
STU-2026-0251,-0.4944,-0.9253,2.76,2.0,10,4,0.1598,0.1587,1,1,0.8126,high,1
STU-2026-0252,0.0417,0.2569,4.0,4.53,0,0,0.0,0.0,0,0,0.02,low,0
STU-2026-0253,-0.5962,-1.5348,2.09,2.4,6,4,0.2182,0.2031,2,0,0.8379,high,1
STU-2026-0254,-0.0225,-0.0438,3.65,3.76,0,0,0.0,0.0,0,0,0.0568,low,0
STU-2026-0255,0.0395,0.209,4.75,4.39,0,0,0.0,0.0,0,0,0.02,low,0
STU-2026-0256,-0.0589,0.2778,4.25,3.99,1,0,0.0,0.0,0,0,0.02,low,0
STU-2026-0257,-0.0198,0.0598,3.85,3.84,0,0,0.0,0.0,0,0,0.0326,low,0
STU-2026-0258,-0.1606,-0.6576,2.72,2.62,3,2,0.0698,0.1149,0,0,0.4976,medium,0
STU-2026-0259,0.1007,0.4202,4.38,4.72,0,0,0.0,0.0,0,0,0.02,low,0
STU-2026-0260,0.0367,-0.179,4.75,4.33,0,0,0.0,0.0,0,0,0.02,low,0
STU-2026-0261,-0.0073,-0.0661,3.71,4.01,1,0,0.0,0.0,0,0,0.0258,low,0
STU-2026-0262,-0.1531,-0.2604,3.0,3.25,2,1,0.0698,0.0721,2,0,0.4132,medium,0
STU-2026-0263,-0.4978,-1.2973,1.88,1.65,5,2,0.0874,0.1966,1,0,0.7401,high,1
STU-2026-0264,0.0062,0.2372,4.2,4.21,0,0,0.0,0.0,0,0,0.0372,low,0
STU-2026-0265,0.0462,-0.0603,4.38,4.19,1,0,0.0,0.0,0,0,0.02,low,0
STU-2026-0266,0.107,0.1912,4.22,3.88,0,0,0.0,0.0,0,0,0.02,low,0
STU-2026-0267,-0.0396,0.4492,4.51,4.26,0,0,0.0,0.0,1,0,0.02,low,0
STU-2026-0268,-0.2337,-0.3657,3.16,2.78,2,2,0.0775,0.0511,0,0,0.4343,medium,0
STU-2026-0269,0.0029,0.3212,3.77,4.06,1,0,0.0,0.0,0,0,0.0269,low,0
STU-2026-0270,0.0407,-0.078,3.97,4.63,0,0,0.0,0.0,0,0,0.02,low,0
STU-2026-0271,0.0593,0.2493,5.0,4.82,0,0,0.0,0.0,1,0,0.02,low,0
STU-2026-0272,-0.056,-0.4579,3.01,2.85,1,0,0.0758,0.1094,1,0,0.4959,medium,0
STU-2026-0273,0.0333,-0.0602,4.99,4.61,1,0,0.0,0.0,0,0,0.02,low,0
STU-2026-0274,0.0472,0.2402,4.73,4.44,1,0,0.0,0.0,0,0,0.02,low,0
STU-2026-0275,-0.1853,-0.9608,3.45,3.6,3,0,0.0994,0.0565,1,0,0.4854,medium,0
STU-2026-0276,-0.1354,-0.8018,2.59,2.72,3,1,0.0511,0.0855,1,0,0.5055,medium,0
STU-2026-0277,0.0351,0.2056,4.61,4.32,1,0,0.0,0.0,0,0,0.02,low,0
STU-2026-0278,0.0149,0.384,4.12,3.81,1,0,0.0,0.0,0,0,0.02,low,0
STU-2026-0279,-0.6061,-1.1308,2.04,1.93,3,5,0.1548,0.2724,1,0,0.7594,high,1
STU-2026-0280,0.0899,0.1712,3.89,3.55,0,1,0.0,0.0,0,0,0.02,low,0
STU-2026-0281,0.0409,0.2192,4.11,4.2,1,1,0.0,0.0,0,0,0.02,low,0
STU-2026-0282,-0.0374,-0.0618,4.48,4.3,1,0,0.0,0.0,0,0,0.02,low,0
STU-2026-0283,-0.1301,-0.4583,3.39,3.24,4,0,0.0742,0.1276,0,0,0.5256,medium,0
STU-2026-0284,-0.2403,-0.9331,2.39,2.72,2,0,0.1073,0.1043,1,0,0.4771,medium,0
STU-2026-0285,-0.306,-1.2969,2.33,2.06,5,1,0.0705,0.2119,1,2,0.6865,high,1
STU-2026-0286,0.0159,0.1295,5.0,4.96,0,1,0.0,0.0,0,0,0.02,low,0
STU-2026-0287,-0.0392,0.2694,4.35,4.49,1,0,0.0,0.0,0,0,0.02,low,0
STU-2026-0288,-0.3946,-0.5737,1.92,1.96,3,6,0.1707,0.1936,3,1,0.7274,high,1
STU-2026-0289,-0.0489,0.0056,3.81,3.97,0,0,0.0,0.0,0,0,0.02,low,0
STU-2026-0290,0.0774,0.6797,3.82,3.9,0,0,0.0,0.0,0,0,0.02,low,0
STU-2026-0291,-0.1128,-0.724,3.04,2.99,3,0,0.0592,0.2082,1,0,0.5523,medium,0
STU-2026-0292,-0.4684,-0.6955,1.75,1.41,6,1,0.1226,0.1903,3,1,0.7311,high,1
STU-2026-0293,-0.1391,-0.7802,3.42,3.77,1,3,0.1244,0.1089,0,0,0.4598,medium,0
STU-2026-0294,-0.0087,0.3177,3.71,3.72,0,0,0.0,0.0,0,0,0.02,low,0
STU-2026-0295,0.0526,0.3389,4.77,4.78,0,1,0.0,0.0,0,0,0.02,low,0
STU-2026-0296,0.0294,0.1292,4.38,4.24,0,0,0.0,0.0,0,0,0.0757,low,0
STU-2026-0297,-0.0367,0.3578,3.95,3.81,1,0,0.0,0.0,0,0,0.0255,low,0
STU-2026-0298,0.0145,0.4897,3.57,4.15,1,0,0.0,0.0,0,0,0.02,low,0
STU-2026-0299,-0.0171,0.0799,3.58,3.36,0,0,0.0,0.0,0,0,0.02,low,0
STU-2026-0300,-0.6921,-1.0716,1.98,1.96,9,2,0.1158,0.2262,2,1,0.7992,high,1
STU-2026-0301,0.004,-0.0844,5.0,4.52,0,0,0.0,0.0,0,0,0.02,low,0
STU-2026-0302,-0.2081,-0.5375,4.0,3.91,4,2,0.0468,0.0979,0,0,0.4829,medium,0
STU-2026-0303,-0.107,-0.6161,2.68,2.92,5,0,0.0849,0.113,1,1,0.534,medium,0
STU-2026-0304,-0.0406,0.216,4.35,4.19,0,0,0.0,0.0,0,0,0.02,low,0
STU-2026-0305,-0.3061,-1.249,1.42,1.9,9,1,0.0922,0.1646,2,0,0.7866,high,1
STU-2026-0306,-0.5141,-1.4433,1.96,2.15,8,1,0.1191,0.1056,2,1,0.7474,high,1
STU-2026-0307,0.0317,-0.2803,4.62,4.04,2,0,0.0,0.0,0,0,0.0667,low,0
STU-2026-0308,0.0104,0.3815,4.66,4.98,2,0,0.0,0.0,0,0,0.0424,low,0
STU-2026-0309,-0.1404,-0.2571,3.47,3.59,1,1,0.1025,0.0953,0,0,0.4409,medium,0
STU-2026-0310,-0.4246,-1.0091,2.1,2.12,12,4,0.1306,0.1551,4,0,0.7922,high,1
STU-2026-0311,0.0056,0.0441,4.47,4.35,1,1,0.0,0.0,0,0,0.02,low,0
STU-2026-0312,0.0601,-0.0204,4.6,4.6,0,0,0.0,0.0,0,0,0.0604,low,0
STU-2026-0313,-0.0413,0.2309,3.9,4.29,1,0,0.0,0.0,0,0,0.02,low,0
STU-2026-0314,0.0514,0.11,4.94,4.85,0,0,0.0,0.0,0,0,0.02,low,0
STU-2026-0315,0.0293,0.4611,4.03,4.17,0,0,0.0,0.0,0,0,0.0292,low,0
STU-2026-0316,-0.6158,-1.065,2.61,2.51,4,2,0.2168,0.2347,1,0,0.7718,high,1
STU-2026-0317,0.0131,-0.264,5.0,4.97,1,0,0.0,0.0,0,0,0.0241,low,0
STU-2026-0318,0.0963,0.1166,3.87,4.29,0,0,0.0,0.0,0,0,0.0659,low,0
STU-2026-0319,-0.2654,-0.5072,2.54,2.77,2,0,0.072,0.0461,1,1,0.4686,medium,0
STU-2026-0320,-0.5964,-1.5311,2.32,2.59,4,3,0.16,0.2337,2,1,0.7764,high,1
STU-2026-0321,0.0385,-0.0017,3.97,3.56,0,1,0.0,0.0,0,0,0.02,low,0
STU-2026-0322,0.1876,0.1436,3.81,3.79,1,0,0.0,0.0,0,0,0.0428,low,0
STU-2026-0323,-0.0079,0.1786,4.76,5.0,1,0,0.0,0.0,0,0,0.02,low,0
STU-2026-0324,0.0231,-0.138,4.33,4.02,0,0,0.0,0.0,0,0,0.02,low,0
STU-2026-0325,0.0472,0.6121,4.22,4.49,0,1,0.0,0.0,0,0,0.0319,low,0
STU-2026-0326,0.0452,0.6323,3.85,4.44,1,0,0.0,0.0,0,0,0.02,low,0
STU-2026-0327,0.0533,0.1093,4.66,4.87,0,0,0.0,0.0,0,0,0.02,low,0
STU-2026-0328,0.0455,0.3981,3.67,3.78,0,0,0.0,0.0,0,0,0.02,low,0
STU-2026-0329,0.0786,0.2155,4.19,4.37,0,0,0.0,0.0,0,0,0.02,low,0
STU-2026-0330,0.0009,0.287,4.92,4.97,0,0,0.0,0.0,1,0,0.02,low,0
STU-2026-0331,-0.0195,0.3924,4.19,4.33,0,0,0.0,0.0,0,0,0.02,low,0
STU-2026-0332,0.0101,-0.0824,3.74,3.73,0,0,0.0,0.0,0,0,0.02,low,0
STU-2026-0333,-0.2652,-0.118,2.98,3.37,4,1,0.0668,0.0561,1,0,0.4049,medium,0
STU-2026-0334,0.0226,0.3991,5.0,4.86,0,0,0.0,0.0,0,0,0.0248,low,0
STU-2026-0335,-0.0174,0.4025,4.53,5.0,0,0,0.0,0.0,0,0,0.02,low,0
STU-2026-0336,0.048,0.2826,3.98,3.93,1,1,0.0,0.0,0,0,0.02,low,0
STU-2026-0337,0.0436,0.3916,4.25,4.08,0,0,0.0,0.0,0,0,0.02,low,0
STU-2026-0338,-0.013,0.4332,4.38,4.88,0,0,0.0,0.0,0,0,0.02,low,0
STU-2026-0339,-0.1748,-0.6263,3.05,3.49,3,1,0.0452,0.1014,0,0,0.4945,medium,0
STU-2026-0340,-0.0803,-0.6167,3.22,3.24,3,0,0.0815,0.0528,0,0,0.4742,medium,0
STU-2026-0341,-0.1489,-0.8872,2.54,2.97,1,3,0.0553,0.0638,1,0,0.4572,medium,0
STU-2026-0342,0.0667,0.5768,3.92,3.93,0,0,0.0,0.0,0,0,0.02,low,0
STU-2026-0343,-0.629,-1.658,2.64,2.52,6,2,0.2185,0.18,1,1,0.8037,high,1
STU-2026-0344,0.0422,0.2444,3.67,3.64,0,0,0.0,0.0,0,0,0.02,low,0
STU-2026-0345,-0.0483,0.0018,4.83,4.56,1,0,0.0,0.0,0,0,0.02,low,0
STU-2026-0346,0.0282,0.3051,4.72,4.38,1,0,0.0,0.0,0,0,0.02,low,0
STU-2026-0347,0.0553,0.3211,4.59,3.97,2,0,0.0,0.0,0,0,0.02,low,0
STU-2026-0348,0.046,-0.4907,4.36,4.28,0,0,0.0,0.0,0,0,0.02,low,0
STU-2026-0349,0.0971,0.1469,4.11,3.67,0,0,0.0,0.0,0,0,0.0225,low,0
STU-2026-0350,-0.1358,-0.5058,3.04,3.28,5,2,0.0433,0.113,0,0,0.5246,medium,0
STU-2026-0351,-0.0102,-0.0013,4.72,4.65,1,0,0.0,0.0,0,0,0.0269,low,0
STU-2026-0352,0.0086,0.3807,4.18,4.1,0,0,0.0,0.0,0,0,0.02,low,0
STU-2026-0353,-0.0145,0.2729,4.11,4.4,1,0,0.0,0.0,0,0,0.02,low,0
STU-2026-0354,0.0796,0.333,4.86,4.58,0,0,0.0,0.0,0,0,0.02,low,0
STU-2026-0355,-0.4965,-1.0178,2.06,2.3,9,2,0.123,0.1627,1,1,0.7696,high,1
STU-2026-0356,0.0624,0.1012,3.7,4.25,0,0,0.0,0.0,0,0,0.0392,low,0
STU-2026-0357,-0.0282,0.6368,4.39,4.54,1,0,0.0,0.0,0,0,0.02,low,0
STU-2026-0358,-0.0022,0.0978,3.63,3.45,0,2,0.0,0.0,0,0,0.02,low,0
STU-2026-0359,0.0788,0.0197,3.84,4.16,0,0,0.0,0.0,0,0,0.0701,low,0
STU-2026-0360,0.0391,0.4841,4.33,4.26,1,0,0.0,0.0,0,0,0.02,low,0
STU-2026-0361,-0.0124,0.1468,4.76,4.45,0,0,0.0,0.0,0,0,0.0227,low,0
STU-2026-0362,-0.0718,0.1494,3.32,3.7,0,0,0.0,0.0,0,0,0.02,low,0
STU-2026-0363,-0.1821,-0.1908,3.02,2.91,0,0,0.0481,0.0607,1,0,0.4293,medium,0
STU-2026-0364,-0.2406,-0.6379,3.05,3.38,2,0,0.0977,0.1081,1,0,0.4371,medium,0
STU-2026-0365,-0.0171,0.1116,4.46,4.33,0,0,0.0,0.0,0,0,0.02,low,0
STU-2026-0366,-0.0149,-0.21,4.89,4.49,0,0,0.0,0.0,0,0,0.02,low,0
STU-2026-0367,-0.041,0.2782,3.69,4.35,1,0,0.0,0.0,0,0,0.02,low,0
STU-2026-0368,-0.1426,-0.6925,2.89,3.01,1,1,0.0637,0.0801,0,0,0.451,medium,0
STU-2026-0369,0.0321,0.4811,4.19,4.44,0,0,0.0,0.0,0,1,0.02,low,0
STU-2026-0370,0.0947,0.2064,3.77,3.79,1,0,0.0,0.0,0,0,0.02,low,0
STU-2026-0371,-0.114,-0.3085,3.38,3.61,1,0,0.0796,0.1163,0,0,0.4629,medium,0
STU-2026-0372,0.0063,0.43,4.53,4.53,0,0,0.0,0.0,0,0,0.0489,low,0
STU-2026-0373,0.0244,-0.0178,4.07,4.14,1,0,0.0,0.0,1,0,0.02,low,0
STU-2026-0374,0.0822,-0.0081,4.73,4.61,0,0,0.0,0.0,0,0,0.0282,low,0
STU-2026-0375,-0.0133,0.4827,4.04,4.33,0,0,0.0,0.0,0,0,0.0628,low,0
STU-2026-0376,-0.0207,0.5322,4.8,4.09,0,0,0.0,0.0,0,0,0.0334,low,0
STU-2026-0377,-0.3861,-1.499,2.53,2.87,7,1,0.1508,0.0948,2,1,0.7277,high,1
STU-2026-0378,-0.4994,-1.4581,2.28,1.8,7,1,0.1592,0.1924,2,0,0.7871,high,1
STU-2026-0379,0.0399,0.0747,4.04,3.4,0,0,0.0,0.0,0,0,0.02,low,0
STU-2026-0380,-0.0269,0.2594,4.47,4.58,1,0,0.0,0.0,0,0,0.0528,low,0
STU-2026-0381,0.1275,-0.0711,3.87,4.15,0,0,0.0,0.0,0,0,0.02,low,0
STU-2026-0382,-0.0586,-0.1713,4.76,4.35,0,0,0.0,0.0,0,0,0.02,low,0
STU-2026-0383,0.0317,0.5554,3.93,4.49,2,0,0.0,0.0,0,0,0.02,low,0
STU-2026-0384,0.0515,-0.0572,4.58,4.48,0,1,0.0,0.0,0,0,0.02,low,0
STU-2026-0385,0.1144,0.1053,4.11,3.74,0,0,0.0,0.0,0,0,0.0585,low,0
STU-2026-0386,-0.3524,-1.2021,1.84,1.98,3,1,0.2587,0.2458,3,2,0.7013,high,1
STU-2026-0387,-0.2667,-1.183,2.0,2.09,5,1,0.1745,0.1392,3,1,0.7325,high,1
STU-2026-0388,-0.0478,-0.3426,3.79,3.74,0,0,0.0,0.0,0,0,0.0343,low,0
STU-2026-0389,-0.0135,-0.1051,4.78,4.28,1,0,0.0,0.0,0,0,0.02,low,0
STU-2026-0390,-0.0817,-0.1666,2.69,2.73,4,2,0.0692,0.0836,0,0,0.471,medium,0
STU-2026-0391,0.06,0.0905,4.15,4.1,1,0,0.0,0.0,0,0,0.0233,low,0
STU-2026-0392,0.0554,0.195,3.91,4.02,0,0,0.0,0.0,0,0,0.02,low,0
STU-2026-0393,-0.1687,-1.0663,2.02,2.69,2,0,0.1227,0.0917,2,1,0.5179,medium,0
STU-2026-0394,-0.0565,0.3297,4.34,4.53,0,0,0.0,0.0,0,0,0.02,low,0
STU-2026-0395,0.0276,0.3004,4.23,4.67,0,0,0.0,0.0,0,0,0.02,low,0
STU-2026-0396,0.0219,0.0999,4.28,4.54,1,0,0.0,0.0,0,0,0.0682,low,0
STU-2026-0397,-0.5213,-1.5811,1.15,1.33,5,4,0.0946,0.2179,3,2,0.7711,high,1
STU-2026-0398,-0.1394,0.3611,4.61,4.43,0,0,0.0,0.0,0,0,0.02,low,0
STU-2026-0399,-0.001,-0.12,4.68,4.23,2,0,0.0,0.0,0,0,0.0315,low,0
STU-2026-0400,0.0129,-0.0307,4.7,4.34,2,0,0.0,0.0,0,0,0.0488,low,0
STU-2026-0401,0.0243,-0.1376,3.89,3.54,2,0,0.0,0.0,0,0,0.0279,low,0
STU-2026-0402,0.0462,0.0734,4.77,4.2,0,0,0.0,0.0,0,0,0.02,low,0
STU-2026-0403,0.0401,-0.0107,4.54,4.03,0,0,0.0,0.0,0,0,0.02,low,0
STU-2026-0404,0.0062,0.0169,4.48,4.59,1,0,0.0,0.0,0,0,0.02,low,0
STU-2026-0405,-0.0685,0.6601,4.06,4.57,1,0,0.0,0.0,0,0,0.0325,low,0
STU-2026-0406,0.0686,-0.0253,4.31,4.49,0,0,0.0,0.0,0,0,0.02,low,0
STU-2026-0407,-0.2374,-0.4853,3.98,3.59,3,0,0.0691,0.0964,0,0,0.5133,medium,0
STU-2026-0408,0.0585,0.0834,4.22,3.77,0,0,0.0,0.0,1,0,0.0426,low,0
STU-2026-0409,-0.0989,0.2914,3.79,4.2,0,0,0.0,0.0,0,0,0.0557,low,0
STU-2026-0410,-0.1906,-0.5932,2.54,2.86,1,0,0.0894,0.0874,1,0,0.4801,medium,0
STU-2026-0411,0.0053,-0.2977,4.31,4.22,0,0,0.0,0.0,0,0,0.02,low,0
STU-2026-0412,-0.2035,-0.5102,3.25,3.63,2,1,0.0585,0.023,0,1,0.4499,medium,0
STU-2026-0413,0.0931,-0.0509,4.21,4.6,0,0,0.0,0.0,0,0,0.02,low,0
STU-2026-0414,0.1092,-0.1328,4.8,4.68,0,0,0.0,0.0,0,0,0.02,low,0
STU-2026-0415,-0.0078,0.2864,4.57,4.38,0,0,0.0,0.0,0,0,0.02,low,0
STU-2026-0416,-0.1335,-0.728,4.12,3.73,3,2,0.0993,0.1021,0,0,0.4763,medium,0
STU-2026-0417,0.014,0.3057,4.83,4.44,0,0,0.0,0.0,0,0,0.02,low,0
STU-2026-0418,-0.0146,0.6864,4.81,4.54,0,0,0.0,0.0,0,0,0.02,low,0
STU-2026-0419,-0.0665,0.1807,4.29,4.15,0,0,0.0,0.0,0,0,0.02,low,0
STU-2026-0420,0.0154,0.2827,4.16,3.59,0,0,0.0,0.0,0,0,0.02,low,0
STU-2026-0421,0.0179,0.3146,4.5,4.24,0,0,0.0,0.0,0,0,0.0373,low,0
STU-2026-0422,0.005,-0.0644,3.67,3.46,0,1,0.0,0.0,0,0,0.0299,low,0
STU-2026-0423,0.0645,0.1031,4.15,4.63,0,0,0.0,0.0,0,0,0.02,low,0
STU-2026-0424,-0.2986,-0.3068,3.35,3.43,2,0,0.071,0.1165,0,0,0.414,medium,0
STU-2026-0425,0.1453,-0.211,3.99,4.07,0,0,0.0,0.0,0,0,0.02,low,0
STU-2026-0426,0.0603,0.6079,3.82,3.84,0,0,0.0,0.0,0,0,0.0487,low,0
STU-2026-0427,-0.0969,-0.4566,2.79,3.16,2,0,0.0821,0.1103,0,0,0.4585,medium,0
STU-2026-0428,0.0748,0.107,3.85,3.7,0,0,0.0,0.0,0,0,0.02,low,0
STU-2026-0429,0.1079,-0.1269,3.8,4.37,1,0,0.0,0.0,0,0,0.02,low,0
STU-2026-0430,0.0569,0.2508,3.42,3.16,0,0,0.0,0.0,0,0,0.02,low,0
STU-2026-0431,0.0134,0.191,4.08,4.26,0,0,0.0,0.0,0,0,0.0504,low,0
STU-2026-0432,-0.054,0.5989,3.94,4.43,1,0,0.0,0.0,0,0,0.02,low,0
STU-2026-0433,0.0176,-0.0378,4.75,4.69,1,0,0.0,0.0,0,0,0.0613,low,0
STU-2026-0434,0.0777,0.1204,4.67,4.32,0,0,0.0,0.0,0,0,0.02,low,0
STU-2026-0435,-0.2442,-0.8666,2.92,3.57,1,3,0.1038,0.1033,0,0,0.5152,medium,0
STU-2026-0436,0.0595,0.261,4.11,4.31,0,0,0.0,0.0,0,0,0.02,low,0
STU-2026-0437,-0.0082,-0.0965,3.62,4.13,0,0,0.0,0.0,0,0,0.0277,low,0
STU-2026-0438,-0.5103,-1.5225,3.07,2.29,5,3,0.1672,0.1587,3,1,0.7815,high,1
STU-2026-0439,-0.0138,0.023,4.38,4.32,0,0,0.0,0.0,0,0,0.02,low,0
STU-2026-0440,-0.0139,-0.3609,4.33,4.09,0,0,0.0,0.0,0,0,0.02,low,0
STU-2026-0441,-0.014,0.2938,3.74,4.32,1,0,0.0,0.0,0,0,0.02,low,0
STU-2026-0442,0.0563,0.0551,4.37,4.69,0,0,0.0,0.0,0,0,0.021,low,0
STU-2026-0443,0.0694,-0.0524,4.13,4.06,0,0,0.0,0.0,0,0,0.02,low,0
STU-2026-0444,0.0808,0.3339,4.48,4.19,0,0,0.0,0.0,0,0,0.023,low,0
STU-2026-0445,-0.4911,-0.8342,3.04,2.43,4,5,0.1115,0.1295,3,0,0.7313,high,1
STU-2026-0446,0.0056,0.5983,3.4,3.82,0,2,0.0,0.0,0,0,0.02,low,0
STU-2026-0447,0.0404,0.1312,4.73,4.66,0,0,0.0,0.0,0,1,0.02,low,0
STU-2026-0448,-0.0926,-0.5457,2.95,2.96,3,1,0.1042,0.0867,0,0,0.496,medium,0
STU-2026-0449,0.0895,-0.0255,3.64,3.22,0,0,0.0,0.0,0,0,0.02,low,0
STU-2026-0450,-0.5353,-1.4973,1.09,1.79,6,4,0.1505,0.246,2,2,0.754,high,1
STU-2026-0451,-0.2716,-0.6985,3.3,3.26,4,0,0.1081,0.1027,0,0,0.4848,medium,0
STU-2026-0452,-0.0565,-0.6157,3.81,3.44,1,1,0.0637,0.1138,0,0,0.4614,medium,0
STU-2026-0453,0.0294,-0.0368,3.88,3.68,1,1,0.0,0.0,0,0,0.02,low,0
STU-2026-0454,0.1179,-0.0402,4.29,4.17,1,1,0.0,0.0,0,0,0.0289,low,0
STU-2026-0455,0.0229,0.3194,4.63,4.39,0,2,0.0,0.0,0,0,0.0833,low,0
STU-2026-0456,0.0116,0.4887,4.9,4.55,1,0,0.0,0.0,0,0,0.0627,low,0
STU-2026-0457,0.0005,-0.029,3.56,3.49,1,1,0.0,0.0,0,0,0.02,low,0
STU-2026-0458,0.0397,0.0203,4.75,4.52,0,0,0.0,0.0,0,0,0.0779,low,0
STU-2026-0459,-0.0709,0.1619,4.96,4.82,0,1,0.0,0.0,0,0,0.02,low,0
STU-2026-0460,-0.5607,-0.987,2.63,2.44,4,2,0.2234,0.2029,2,0,0.7486,high,1
STU-2026-0461,0.0002,0.6448,4.51,4.66,0,0,0.0,0.0,0,0,0.055,low,0
STU-2026-0462,-0.1109,-0.3808,2.89,3.19,2,1,0.1144,0.1,0,0,0.4492,medium,0
STU-2026-0463,0.0123,0.1903,4.59,4.58,0,0,0.0,0.0,0,0,0.02,low,0
STU-2026-0464,-0.1705,-0.6116,2.86,3.45,4,2,0.0965,0.075,0,0,0.4716,medium,0
STU-2026-0465,0.0587,0.3068,5.0,4.45,1,0,0.0,0.0,0,0,0.02,low,0
STU-2026-0466,-0.0564,0.1893,4.24,3.81,0,1,0.0,0.0,0,0,0.02,low,0
STU-2026-0467,-0.1875,-0.7062,3.78,3.8,2,2,0.0691,0.1013,2,0,0.4923,medium,0
STU-2026-0468,-0.2333,-0.365,3.47,3.53,4,0,0.1232,0.0712,1,0,0.4718,medium,0
STU-2026-0469,0.0447,0.2625,4.32,4.61,0,0,0.0,0.0,0,0,0.02,low,0
STU-2026-0470,-0.2037,-0.669,2.62,2.33,1,0,0.0775,0.0698,0,0,0.4594,medium,0
STU-2026-0471,0.0045,-0.3409,4.59,4.6,0,0,0.0,0.0,0,0,0.02,low,0
STU-2026-0472,-0.5198,-1.0882,2.0,1.91,8,3,0.1612,0.2312,2,0,0.761,high,1
STU-2026-0473,-0.2313,-0.7323,3.07,2.9,0,2,0.0176,0.1174,0,0,0.3836,medium,0
STU-2026-0474,-0.0549,0.1989,4.1,3.92,0,0,0.0,0.0,0,0,0.02,low,0
STU-2026-0475,-0.0142,-0.0037,4.36,4.11,0,0,0.0,0.0,0,0,0.02,low,0
STU-2026-0476,-0.1114,-0.0372,3.33,3.58,2,1,0.1095,0.0739,0,0,0.397,medium,0
STU-2026-0477,-0.0758,-0.5706,3.33,4.06,3,1,0.0945,0.1457,0,1,0.499,medium,0
STU-2026-0478,-0.562,-1.6789,3.06,3.07,8,3,0.1806,0.2684,3,2,0.8181,high,1
STU-2026-0479,0.0462,0.4463,3.33,4.0,0,0,0.0,0.0,1,0,0.02,low,0
STU-2026-0480,0.0107,-0.4219,3.51,4.14,0,0,0.0,0.0,0,0,0.0438,low,0
STU-2026-0481,-0.0391,0.2077,4.75,4.65,0,0,0.0,0.0,0,0,0.02,low,0
STU-2026-0482,-0.0089,-0.0288,4.59,4.06,0,0,0.0,0.0,0,0,0.0357,low,0
STU-2026-0483,-0.3418,-0.9809,1.7,1.27,6,4,0.089,0.147,1,2,0.7448,high,1
STU-2026-0484,-0.0719,0.1271,4.27,4.16,0,0,0.0,0.0,0,1,0.02,low,0
STU-2026-0485,0.0095,0.7239,3.84,3.77,0,0,0.0,0.0,1,0,0.0288,low,0
STU-2026-0486,-0.1335,-0.9336,3.44,3.18,1,0,0.0902,0.0811,0,1,0.4655,medium,0
STU-2026-0487,-0.0213,0.3375,4.16,3.75,0,0,0.0,0.0,0,0,0.02,low,0
STU-2026-0488,0.0191,-0.2231,3.72,4.64,0,2,0.0,0.0,0,0,0.02,low,0
STU-2026-0489,0.0069,0.0165,3.95,4.24,1,0,0.0,0.0,0,0,0.02,low,0
STU-2026-0490,0.0489,0.2612,3.58,4.2,0,0,0.0,0.0,0,0,0.0457,low,0
STU-2026-0491,-0.064,0.4337,4.35,4.27,2,0,0.0,0.0,0,0,0.024,low,0
STU-2026-0492,-0.0723,0.42,2.92,3.51,1,0,0.0,0.0,0,0,0.061,low,0
STU-2026-0493,0.1285,0.6733,4.17,4.3,0,0,0.0,0.0,0,0,0.02,low,0
STU-2026-0494,-0.0416,0.0862,4.01,4.11,1,0,0.0,0.0,1,1,0.02,low,0
STU-2026-0495,0.0824,0.0864,3.95,4.04,0,0,0.0,0.0,0,0,0.02,low,0
STU-2026-0496,-0.7222,-1.7462,1.9,2.11,6,4,0.1456,0.1912,3,0,0.7606,high,1
STU-2026-0497,-0.6018,-1.6434,2.98,3.01,8,3,0.2591,0.2484,4,0,0.7857,high,1
STU-2026-0498,-0.1115,-0.7509,3.26,3.75,4,2,0.0585,0.1359,1,0,0.5083,medium,0
STU-2026-0499,-0.2697,-1.2151,1.72,1.83,11,2,0.1294,0.1334,1,1,0.7694,high,1
STU-2026-0500,-0.616,-2.1576,1.79,1.69,4,3,0.2732,0.2444,1,0,0.7892,high,1
STU-2026-0501,0.075,0.0954,3.86,3.62,1,0,0.0,0.0,0,0,0.02,low,0
STU-2026-0502,-0.0687,0.1658,4.6,4.04,0,0,0.0,0.0,0,0,0.02,low,0
STU-2026-0503,0.0376,0.4149,3.85,3.75,1,0,0.0,0.0,1,0,0.02,low,0
STU-2026-0504,0.1387,0.3854,4.38,4.69,0,0,0.0,0.0,0,0,0.02,low,0
STU-2026-0505,-0.0216,-0.0749,3.73,3.97,0,0,0.0,0.0,0,0,0.02,low,0
STU-2026-0506,0.0796,0.3971,3.33,3.28,0,0,0.0,0.0,0,0,0.02,low,0
STU-2026-0507,0.0385,-0.0135,4.17,3.73,0,0,0.0,0.0,0,0,0.02,low,0
STU-2026-0508,0.0082,-0.1732,4.36,4.07,0,0,0.0,0.0,0,0,0.02,low,0
STU-2026-0509,-0.1495,-0.5676,2.25,2.35,2,1,0.0763,0.1333,1,0,0.5105,medium,0
STU-2026-0510,-0.1205,-0.7659,3.75,2.98,2,0,0.0874,0.1336,1,0,0.4853,medium,0
STU-2026-0511,-0.0939,-0.4462,3.31,3.25,2,0,0.0731,0.1065,0,1,0.4558,medium,0
STU-2026-0512,-0.1585,-0.5556,2.18,2.63,4,2,0.055,0.184,2,0,0.5511,medium,0
STU-2026-0513,-0.0549,-0.5788,3.92,4.0,2,0,0.0883,0.1075,2,0,0.539,medium,0
STU-2026-0514,0.0329,0.1716,4.33,4.54,0,0,0.0,0.0,0,0,0.02,low,0
STU-2026-0515,0.0512,0.4506,3.68,3.89,0,0,0.0,0.0,0,0,0.02,low,0
STU-2026-0516,-0.4945,-1.3918,2.19,2.15,9,4,0.1916,0.2028,4,0,0.757,high,1
STU-2026-0517,-0.1962,-0.6465,3.21,3.24,1,0,0.0932,0.0675,0,0,0.3983,medium,0
STU-2026-0518,-0.2528,-1.927,1.51,1.68,3,1,0.0776,0.2034,1,1,0.7593,high,1
STU-2026-0519,-0.1026,0.2917,4.46,4.57,0,0,0.0,0.0,0,0,0.0279,low,0
STU-2026-0520,0.0804,0.2444,4.19,4.1,0,1,0.0,0.0,0,0,0.02,low,0
STU-2026-0521,0.0211,-0.1209,4.21,4.38,0,1,0.0,0.0,0,0,0.02,low,0
STU-2026-0522,0.0172,-0.3037,3.69,3.57,3,0,0.0,0.0,0,0,0.0881,low,0
STU-2026-0523,0.0563,0.1189,3.81,4.5,0,0,0.0,0.0,0,0,0.02,low,0
STU-2026-0524,0.0745,0.0414,4.4,4.55,0,0,0.0,0.0,0,0,0.02,low,0
STU-2026-0525,-0.4438,-0.942,1.62,1.68,4,4,0.1436,0.1997,4,0,0.7122,high,1
STU-2026-0526,0.0013,0.5724,4.26,3.89,1,1,0.0,0.0,0,0,0.02,low,0
STU-2026-0527,0.0246,0.1985,4.12,3.94,1,0,0.0,0.0,0,0,0.02,low,0
STU-2026-0528,-0.0057,0.6102,4.2,3.96,1,1,0.0,0.0,1,0,0.0661,low,0
STU-2026-0529,0.0039,-0.166,4.33,4.04,0,0,0.0,0.0,0,0,0.02,low,0
STU-2026-0530,-0.0705,0.606,3.93,4.24,0,0,0.0,0.0,0,0,0.023,low,0
STU-2026-0531,-0.053,0.3854,4.34,4.52,2,1,0.0,0.0,0,0,0.02,low,0
STU-2026-0532,0.1351,-0.1424,4.24,4.49,2,0,0.0,0.0,0,0,0.02,low,0
STU-2026-0533,0.0691,0.1341,3.51,3.33,1,1,0.0,0.0,0,0,0.02,low,0
STU-2026-0534,-0.0376,0.3281,4.42,4.24,2,0,0.0,0.0,0,0,0.02,low,0
STU-2026-0535,0.0168,0.3248,4.46,4.54,0,0,0.0,0.0,0,0,0.0525,low,0
STU-2026-0536,0.0911,0.4241,4.92,4.86,0,0,0.0,0.0,0,0,0.02,low,0
STU-2026-0537,0.0448,-0.0627,3.78,4.03,0,0,0.0,0.0,0,0,0.02,low,0
STU-2026-0538,0.1068,-0.0096,3.81,3.68,1,0,0.0,0.0,0,0,0.0411,low,0
STU-2026-0539,-0.5523,-1.5663,1.44,1.98,4,1,0.1981,0.2344,3,0,0.7711,high,1
STU-2026-0540,0.0219,0.3647,4.45,4.38,0,0,0.0,0.0,0,0,0.02,low,0
STU-2026-0541,0.0154,0.3903,3.88,3.12,0,0,0.0,0.0,0,0,0.0535,low,0
STU-2026-0542,0.0229,0.1574,3.66,4.14,1,0,0.0,0.0,0,0,0.02,low,0
STU-2026-0543,0.0161,0.4336,3.2,2.77,0,0,0.0,0.0,1,0,0.0315,low,0
STU-2026-0544,-0.1501,0.4251,3.93,4.04,0,1,0.0,0.0,0,0,0.0232,low,0
STU-2026-0545,0.0246,0.2832,3.61,3.79,0,1,0.0,0.0,0,1,0.02,low,0
STU-2026-0546,0.0687,-0.0273,4.45,4.54,0,1,0.0,0.0,0,0,0.02,low,0
STU-2026-0547,-0.0554,0.1549,4.36,4.05,0,0,0.0,0.0,0,0,0.0296,low,0
STU-2026-0548,-0.0309,0.5067,4.0,4.32,0,0,0.0,0.0,0,0,0.02,low,0
STU-2026-0549,-0.0157,0.1144,4.2,4.31,0,0,0.0,0.0,0,0,0.02,low,0
STU-2026-0550,0.0425,-0.1236,4.7,4.25,0,0,0.0,0.0,0,0,0.02,low,0
STU-2026-0551,-0.6326,-1.7089,2.75,3.23,7,2,0.2077,0.24,1,0,0.8194,high,1
STU-2026-0552,-0.5361,-1.1347,2.22,2.67,4,4,0.2971,0.2638,2,1,0.7905,high,1
STU-2026-0553,-0.0036,0.4216,4.03,4.21,0,0,0.0,0.0,0,0,0.0429,low,0
STU-2026-0554,-0.0294,0.4987,4.09,3.86,2,1,0.0,0.0,0,0,0.02,low,0
STU-2026-0555,-0.1322,-0.9501,2.44,2.41,3,0,0.0914,0.1207,1,0,0.4752,medium,0
STU-2026-0556,0.0183,0.1351,4.13,4.25,0,0,0.0,0.0,1,0,0.02,low,0
STU-2026-0557,0.0104,0.3691,3.84,4.0,1,1,0.0,0.0,0,0,0.0201,low,0
STU-2026-0558,-0.0131,-0.0145,4.38,4.62,1,0,0.0,0.0,0,0,0.0696,low,0
STU-2026-0559,-0.0866,0.2837,4.64,4.84,0,0,0.0,0.0,0,0,0.0264,low,0
STU-2026-0560,0.0327,0.283,4.05,4.43,1,0,0.0,0.0,0,0,0.02,low,0
STU-2026-0561,0.0492,0.2523,4.43,4.0,0,0,0.0,0.0,0,0,0.02,low,0
STU-2026-0562,0.0279,0.1377,4.25,4.13,0,0,0.0,0.0,0,0,0.02,low,0
STU-2026-0563,-0.2078,-0.4725,3.55,3.0,4,1,0.0622,0.1522,0,0,0.4442,medium,0
STU-2026-0564,0.0055,0.2042,4.34,4.13,0,2,0.0,0.0,0,0,0.0341,low,0
STU-2026-0565,-0.0064,0.1907,4.1,4.36,0,2,0.0,0.0,0,0,0.0208,low,0
STU-2026-0566,0.0226,0.2987,4.37,3.93,1,0,0.0,0.0,0,0,0.0397,low,0
STU-2026-0567,0.0009,0.376,4.43,4.14,1,0,0.0,0.0,0,0,0.02,low,0
STU-2026-0568,0.0487,-0.0103,3.99,4.09,1,0,0.0,0.0,0,0,0.02,low,0
STU-2026-0569,-0.0051,0.1772,5.0,5.0,0,0,0.0,0.0,0,0,0.0229,low,0
STU-2026-0570,-0.2176,-0.2493,3.56,3.33,0,1,0.1575,0.1348,2,1,0.4424,medium,0
STU-2026-0571,0.0397,0.4833,4.16,4.15,2,0,0.0,0.0,0,0,0.0341,low,0
STU-2026-0572,-0.0238,-0.1251,4.33,4.25,1,0,0.0,0.0,0,0,0.02,low,0
STU-2026-0573,0.0568,-0.0352,4.11,3.1,0,1,0.0,0.0,0,0,0.0544,low,0
STU-2026-0574,-0.4998,-0.6383,1.57,1.83,5,2,0.1486,0.1558,2,1,0.7036,high,1
STU-2026-0575,-0.0205,0.0182,3.67,4.29,0,0,0.0,0.0,0,0,0.02,low,0
STU-2026-0576,0.0442,0.2173,4.02,3.68,0,0,0.0,0.0,0,0,0.02,low,0
STU-2026-0577,0.0188,0.0969,4.27,3.54,0,0,0.0,0.0,0,0,0.0296,low,0
STU-2026-0578,0.034,0.7298,4.05,3.86,0,0,0.0,0.0,0,0,0.02,low,0
STU-2026-0579,-0.1426,-0.9212,3.1,3.07,3,0,0.0731,0.1515,0,0,0.4734,medium,0
STU-2026-0580,0.1403,0.2119,4.86,4.1,0,1,0.0,0.0,0,0,0.02,low,0
STU-2026-0581,0.0021,0.405,4.71,4.73,1,0,0.0,0.0,0,0,0.042,low,0
STU-2026-0582,-0.2394,-1.4316,2.95,2.89,8,1,0.2218,0.1793,1,2,0.8633,high,1
STU-2026-0583,0.0361,0.3976,4.34,4.46,2,0,0.0,0.0,0,0,0.02,low,0
STU-2026-0584,0.0216,0.4462,4.68,4.34,3,0,0.0,0.0,0,0,0.0636,low,0
STU-2026-0585,-0.0056,0.2508,4.54,4.62,0,0,0.0,0.0,0,0,0.02,low,0
STU-2026-0586,-0.1932,-0.6119,3.64,3.28,3,2,0.0881,0.115,0,0,0.4645,medium,0
STU-2026-0587,0.051,-0.016,3.94,4.11,0,1,0.0,0.0,0,0,0.02,low,0
STU-2026-0588,-0.5925,-1.5939,1.58,1.61,6,1,0.1773,0.1991,1,0,0.7704,high,1
STU-2026-0589,0.0845,0.0392,3.37,3.52,0,0,0.0,0.0,1,0,0.02,low,0
STU-2026-0590,-0.6522,-1.3694,2.02,1.74,4,5,0.0905,0.1764,2,1,0.7527,high,1
STU-2026-0591,-0.041,-0.2686,4.15,4.36,0,0,0.0,0.0,0,0,0.0521,low,0
STU-2026-0592,-0.0211,0.3631,4.56,4.43,0,0,0.0,0.0,0,0,0.02,low,0
STU-2026-0593,0.0171,0.0492,4.56,4.68,0,0,0.0,0.0,0,0,0.02,low,0
STU-2026-0594,0.0461,0.4174,4.56,4.32,0,0,0.0,0.0,0,0,0.02,low,0
STU-2026-0595,-0.1884,-0.5994,3.96,4.09,1,0,0.1074,0.1471,0,1,0.4712,medium,0
STU-2026-0596,-0.0091,-0.2043,4.04,4.2,1,1,0.0,0.0,0,0,0.0408,low,0
STU-2026-0597,0.1162,0.005,4.2,4.44,0,0,0.0,0.0,0,0,0.02,low,0
STU-2026-0598,0.0643,0.3406,4.2,4.42,0,0,0.0,0.0,0,0,0.02,low,0
STU-2026-0599,-0.5875,-1.5281,2.28,2.5,7,1,0.1772,0.2467,4,0,0.8106,high,1
STU-2026-0600,-0.2004,-0.8252,3.12,2.68,5,0,0.0812,0.1144,1,1,0.4925,medium,0
STU-2026-0001,-0.0309,0.1438,3.8,4.44,0,0,0.0,0.0,0,1,0.02,low,0
STU-2026-0002,0.0118,0.3727,4.17,4.05,0,0,0.0,0.0,0,0,0.02,low,0
STU-2026-0003,0.017,0.3709,3.99,4.4,1,0,0.0,0.0,0,0,0.0441,low,0
STU-2026-0004,-0.47,-1.4384,2.27,2.28,5,2,0.1358,0.2648,4,1,0.8127,high,1
STU-2026-0005,-0.0324,0.1579,2.98,3.61,0,0,0.0,0.0,1,0,0.02,low,0
STU-2026-0006,-0.0677,-0.2398,3.91,3.94,0,0,0.0,0.0,0,0,0.0301,low,0
STU-2026-0007,0.0001,0.3241,3.98,4.39,1,0,0.0,0.0,0,0,0.0287,low,0
STU-2026-0008,-0.3054,-2.1532,2.74,3.27,10,2,0.1143,0.227,2,2,0.8662,high,1
STU-2026-0009,-0.1304,-0.9861,3.71,3.84,2,3,0.0683,0.1548,0,0,0.5062,medium,0
STU-2026-0010,-0.1004,-0.8954,3.21,3.11,1,1,0.0992,0.1134,0,0,0.5227,medium,0
STU-2026-0011,0.0052,-0.3176,4.8,4.61,0,1,0.0,0.0,0,0,0.0276,low,0
STU-2026-0012,0.0709,0.4829,3.03,3.81,0,0,0.0,0.0,0,1,0.02,low,0
STU-2026-0013,0.0971,0.3787,4.15,4.28,0,0,0.0,0.0,0,0,0.02,low,0
STU-2026-0014,-0.2483,-0.1955,3.16,2.98,4,2,0.1491,0.1146,2,0,0.5159,medium,0
STU-2026-0015,0.035,0.5161,4.16,4.09,0,0,0.0,0.0,0,0,0.02,low,0
STU-2026-0016,-0.2376,-0.7933,2.42,2.5,1,0,0.0972,0.1002,1,0,0.4567,medium,0
STU-2026-0017,0.0177,0.5923,4.44,3.93,2,0,0.0,0.0,0,0,0.02,low,0
STU-2026-0018,0.0427,0.3189,4.66,4.7,0,0,0.0,0.0,0,0,0.02,low,0
STU-2026-0019,-0.1619,-0.4984,3.6,3.62,0,3,0.1023,0.146,2,0,0.477,medium,0
STU-2026-0020,0.0432,0.1723,3.45,3.79,0,1,0.0,0.0,1,0,0.02,low,0
STU-2026-0021,-0.6813,-1.6998,2.38,2.37,9,6,0.1883,0.2904,1,0,0.7981,high,1
STU-2026-0022,0.1134,-0.1935,3.72,4.04,0,0,0.0,0.0,0,0,0.0515,low,0
STU-2026-0023,0.1253,0.3578,4.59,4.39,0,2,0.0,0.0,0,0,0.0525,low,0
STU-2026-0024,0.0236,0.0954,4.3,4.41,0,0,0.0,0.0,0,0,0.02,low,0
STU-2026-0025,0.0523,0.53,4.15,3.84,0,0,0.0,0.0,1,0,0.02,low,0
STU-2026-0026,-0.0323,0.205,3.99,4.44,1,0,0.0,0.0,0,0,0.02,low,0
STU-2026-0027,0.1369,0.3338,3.18,3.78,2,0,0.0,0.0,0,0,0.02,low,0
STU-2026-0028,-0.0237,0.3658,4.21,4.43,0,1,0.0,0.0,0,0,0.02,low,0
STU-2026-0029,0.0326,-0.0169,3.91,4.12,0,0,0.0,0.0,0,0,0.02,low,0
STU-2026-0030,0.0183,0.2033,4.27,4.49,0,0,0.0,0.0,0,0,0.02,low,0
STU-2026-0031,0.0446,0.5533,4.47,4.58,0,0,0.0,0.0,0,0,0.023,low,0
STU-2026-0032,-0.0143,0.1582,4.46,3.8,0,1,0.0,0.0,0,0,0.02,low,0
STU-2026-0033,0.0523,0.5783,4.56,4.51,2,1,0.0,0.0,0,0,0.02,low,0
STU-2026-0034,-0.0093,0.3389,4.39,4.71,1,0,0.0,0.0,0,0,0.02,low,0
STU-2026-0035,0.0326,0.2479,3.97,3.99,1,0,0.0,0.0,0,0,0.0457,low,0
STU-2026-0036,-0.0541,-0.3088,3.85,4.19,0,0,0.0,0.0,0,0,0.02,low,0
STU-2026-0037,-0.1433,-0.5109,2.97,3.08,4,1,0.1657,0.1267,0,0,0.5065,medium,0
STU-2026-0038,0.0748,0.089,4.53,5.0,1,1,0.0,0.0,1,1,0.02,low,0
STU-2026-0039,-0.2496,-0.7274,3.03,3.25,4,3,0.1169,0.1708,0,0,0.4608,medium,0
STU-2026-0040,-0.6029,-1.1206,2.59,2.55,5,4,0.0661,0.2039,4,0,0.7518,high,1
STU-2026-0041,-0.0074,-0.1449,4.47,4.6,1,0,0.0,0.0,0,0,0.02,low,0
STU-2026-0042,0.0613,0.3078,4.79,4.48,0,0,0.0,0.0,0,0,0.02,low,0
STU-2026-0043,-0.0076,0.1218,3.89,4.09,0,0,0.0,0.0,0,0,0.02,low,0
STU-2026-0044,-0.5746,-0.8916,2.3,2.13,7,1,0.2341,0.2123,2,1,0.7638,high,1
STU-2026-0045,-0.0909,-0.8352,3.15,3.15,3,1,0.121,0.0582,0,1,0.439,medium,0
STU-2026-0046,0.0241,0.3466,4.61,4.56,0,0,0.0,0.0,0,1,0.02,low,0
STU-2026-0047,-0.0498,0.3181,3.69,3.35,0,0,0.0,0.0,0,0,0.041,low,0
STU-2026-0048,-0.0122,0.2144,4.14,4.45,0,0,0.0,0.0,0,0,0.02,low,0
STU-2026-0049,0.0102,0.195,3.76,4.15,0,0,0.0,0.0,0,0,0.02,low,0
STU-2026-0050,0.0643,0.4417,3.78,4.19,0,0,0.0,0.0,0,0,0.02,low,0
STU-2026-0051,0.0618,0.2965,4.48,4.65,0,1,0.0,0.0,0,0,0.02,low,0
STU-2026-0052,0.019,0.1598,4.58,4.39,0,0,0.0,0.0,0,0,0.02,low,0
STU-2026-0053,0.0873,-0.0937,3.88,4.5,1,0,0.0,0.0,0,0,0.0203,low,0
STU-2026-0054,-0.3353,-1.606,1.64,2.07,8,2,0.1769,0.2101,2,1,0.8271,high,1
STU-2026-0055,0.1333,0.5128,4.2,4.1,0,0,0.0,0.0,0,1,0.02,low,0
STU-2026-0056,0.0175,-0.1065,3.97,3.89,0,1,0.0,0.0,0,0,0.02,low,0
STU-2026-0057,0.0342,0.4105,3.89,4.48,0,1,0.0,0.0,0,0,0.02,low,0
STU-2026-0058,-0.0801,0.151,4.19,4.28,0,0,0.0,0.0,0,0,0.02,low,0
STU-2026-0059,-0.1558,-0.5543,3.5,3.16,6,2,0.0862,0.1055,1,0,0.4767,medium,0
STU-2026-0060,0.0126,-0.4425,3.13,3.19,1,0,0.0,0.0,1,0,0.02,low,0
STU-2026-0061,0.0913,0.4012,3.71,4.35,0,0,0.0,0.0,0,0,0.02,low,0
STU-2026-0062,0.0334,0.0764,4.57,4.38,0,1,0.0,0.0,0,0,0.02,low,0
STU-2026-0063,0.0644,0.023,3.87,3.37,0,0,0.0,0.0,0,0,0.02,low,0
STU-2026-0064,0.099,0.5458,4.78,4.63,2,0,0.0,0.0,0,0,0.0404,low,0
STU-2026-0065,-0.1396,-0.5701,2.54,2.13,1,0,0.1149,0.1096,1,0,0.4646,medium,0
STU-2026-0066,-0.1786,-0.8296,2.93,2.86,1,0,0.1389,0.0935,0,0,0.4546,medium,0
STU-2026-0067,-0.4227,-1.3099,1.9,1.61,7,1,0.1999,0.1891,4,0,0.7706,high,1
STU-2026-0068,0.0199,0.5706,4.02,4.28,0,1,0.0,0.0,0,0,0.02,low,0
STU-2026-0069,-0.1818,-0.7618,2.99,3.41,2,1,0.1289,0.102,0,1,0.4398,medium,0
STU-2026-0070,-0.0061,0.2595,3.4,3.55,0,0,0.0,0.0,0,0,0.02,low,0
STU-2026-0071,-0.1523,-0.6902,4.17,3.46,2,2,0.136,0.0954,0,0,0.4617,medium,0
STU-2026-0072,-0.0583,-0.1581,5.0,4.97,0,0,0.0,0.0,0,0,0.02,low,0
STU-2026-0073,-0.0039,-0.3417,4.44,4.66,0,0,0.0,0.0,0,0,0.0378,low,0
STU-2026-0074,0.0335,0.6683,4.43,4.6,0,0,0.0,0.0,0,0,0.02,low,0
STU-2026-0075,0.0095,0.4966,3.47,3.21,1,0,0.0,0.0,1,0,0.02,low,0
STU-2026-0076,-0.1532,-0.8372,3.87,3.61,1,2,0.113,0.0724,0,0,0.4337,medium,0
STU-2026-0077,-0.0268,0.6529,4.27,4.21,0,0,0.0,0.0,1,0,0.02,low,0
STU-2026-0078,0.0708,0.0863,3.8,3.61,0,0,0.0,0.0,0,0,0.02,low,0
STU-2026-0079,-0.0993,-0.542,3.46,3.63,2,0,0.1418,0.1231,0,0,0.4745,medium,0
STU-2026-0080,0.0523,-0.1257,4.09,4.25,0,0,0.0,0.0,0,0,0.0456,low,0
STU-2026-0081,0.1549,-0.2154,4.96,4.48,0,0,0.0,0.0,0,0,0.02,low,0
STU-2026-0082,-0.0952,0.3654,4.3,4.49,1,0,0.0,0.0,1,0,0.0394,low,0
STU-2026-0083,0.0475,0.0946,3.55,3.84,0,0,0.0,0.0,0,0,0.02,low,0
STU-2026-0084,0.0477,0.0871,4.45,5.0,2,0,0.0,0.0,0,0,0.0405,low,0
STU-2026-0085,0.0403,0.1288,4.52,4.5,0,1,0.0,0.0,0,0,0.02,low,0
STU-2026-0086,-0.2572,-0.6634,3.39,3.03,1,1,0.1053,0.109,1,0,0.4545,medium,0
STU-2026-0087,-0.0489,0.3735,3.95,3.85,2,0,0.0,0.0,0,0,0.0401,low,0
STU-2026-0088,-0.0806,-0.557,2.08,2.68,1,0,0.0898,0.1267,1,0,0.4786,medium,0
STU-2026-0089,-0.0211,0.2679,4.01,4.03,1,0,0.0,0.0,0,0,0.02,low,0
STU-2026-0090,0.0512,0.339,4.61,4.55,0,0,0.0,0.0,0,0,0.02,low,0
STU-2026-0091,0.0281,0.3317,4.19,4.28,0,0,0.0,0.0,0,0,0.02,low,0
STU-2026-0092,-0.0706,-0.8313,2.75,2.85,3,1,0.0765,0.1161,0,0,0.4732,medium,0
STU-2026-0093,0.0252,0.1339,4.02,4.02,0,0,0.0,0.0,0,0,0.02,low,0
STU-2026-0094,0.0727,0.1847,5.0,4.9,2,0,0.0,0.0,0,0,0.0464,low,0
STU-2026-0095,-0.1413,-0.8706,3.3,2.97,4,0,0.1242,0.0864,0,1,0.4795,medium,0
STU-2026-0096,0.0438,0.5801,3.42,3.59,0,0,0.0,0.0,0,0,0.02,low,0
STU-2026-0097,-0.3744,-0.9948,1.88,1.82,5,2,0.2086,0.313,1,0,0.7423,high,1
STU-2026-0098,0.016,-0.2141,4.62,4.17,1,0,0.0,0.0,0,1,0.0475,low,0
STU-2026-0099,0.08,0.274,3.86,3.88,0,1,0.0,0.0,0,0,0.02,low,0
STU-2026-0100,-0.2171,-0.527,3.31,3.48,4,0,0.0782,0.1089,0,1,0.4653,medium,0
STU-2026-0101,0.0301,0.5318,4.68,4.35,1,0,0.0,0.0,0,0,0.0324,low,0
STU-2026-0102,0.0096,0.1181,4.13,3.89,1,0,0.0,0.0,1,0,0.02,low,0
STU-2026-0103,0.0852,-0.3208,3.78,4.42,0,0,0.0,0.0,0,0,0.02,low,0
STU-2026-0104,-0.2041,-0.9013,3.21,2.94,5,0,0.1122,0.1444,1,0,0.5522,medium,0
STU-2026-0105,-0.0159,-0.6615,3.93,3.97,4,1,0.1209,0.1349,1,0,0.4684,medium,0
STU-2026-0106,-0.1377,-0.6681,2.91,2.93,2,1,0.1033,0.0986,0,0,0.4545,medium,0
STU-2026-0107,-0.1004,-0.7541,3.27,3.32,3,3,0.0954,0.1121,0,1,0.5168,medium,0
STU-2026-0108,0.0317,-0.1337,4.09,3.88,0,0,0.0,0.0,0,0,0.02,low,0
STU-2026-0109,-0.0143,0.1946,4.16,4.57,1,0,0.0,0.0,0,0,0.02,low,0
STU-2026-0110,-0.1581,-1.608,1.33,2.23,5,3,0.1412,0.1113,2,0,0.7679,high,1
STU-2026-0111,-0.1507,-0.5785,2.95,2.69,2,2,0.111,0.1125,0,0,0.516,medium,0
STU-2026-0112,-0.221,-0.5718,2.73,2.71,1,1,0.1234,0.0807,2,1,0.4725,medium,0
STU-2026-0113,0.0126,0.0175,4.38,4.7,0,1,0.0,0.0,0,0,0.02,low,0
STU-2026-0114,-0.0371,0.1113,4.47,4.49,1,0,0.0,0.0,0,0,0.02,low,0
STU-2026-0115,-0.1233,-0.5626,2.92,2.56,2,0,0.0819,0.0507,1,0,0.4212,medium,0
STU-2026-0116,0.0466,0.4273,4.37,4.24,0,0,0.0,0.0,0,0,0.0396,low,0
STU-2026-0117,-0.1705,-0.7698,2.53,3.03,5,1,0.1018,0.1321,0,0,0.5496,medium,0
STU-2026-0118,0.1002,0.161,4.72,5.0,0,0,0.0,0.0,0,0,0.02,low,0
STU-2026-0119,-0.0428,-0.0822,4.17,3.9,1,1,0.0,0.0,0,0,0.02,low,0
STU-2026-0120,-0.3,-1.7175,2.38,2.18,6,2,0.1667,0.2165,3,1,0.8615,high,1
STU-2026-0121,0.046,-0.1098,4.49,4.13,1,0,0.0,0.0,0,0,0.0669,low,0
STU-2026-0122,-0.0041,0.26,4.26,4.24,0,0,0.0,0.0,0,1,0.0388,low,0
STU-2026-0123,0.0865,-0.0879,3.9,4.02,0,1,0.0,0.0,0,0,0.02,low,0
STU-2026-0124,0.048,0.1942,4.9,4.84,0,0,0.0,0.0,0,0,0.02,low,0
STU-2026-0125,0.0193,0.1473,3.67,4.18,1,0,0.0,0.0,0,0,0.02,low,0
STU-2026-0126,0.0447,0.1991,4.73,4.46,0,2,0.0,0.0,0,0,0.02,low,0
STU-2026-0127,-0.0124,0.2625,3.36,3.81,0,1,0.0,0.0,0,1,0.02,low,0
STU-2026-0128,-0.5504,-1.1153,2.28,1.98,8,3,0.2219,0.2076,2,0,0.8033,high,1
STU-2026-0129,0.0477,-0.0726,3.76,4.36,0,0,0.0,0.0,0,1,0.02,low,0
STU-2026-0130,-0.1811,-0.6665,3.38,3.26,1,0,0.1405,0.1001,0,0,0.4652,medium,0
STU-2026-0131,0.1204,0.0474,3.91,4.3,1,1,0.0,0.0,0,0,0.02,low,0
STU-2026-0132,0.0212,0.2127,4.36,4.81,1,0,0.0,0.0,0,0,0.02,low,0
STU-2026-0133,0.0153,0.3061,3.97,4.01,0,0,0.0,0.0,1,0,0.0239,low,0
STU-2026-0134,0.0215,-0.2361,5.0,4.67,0,0,0.0,0.0,0,0,0.02,low,0
STU-2026-0135,0.0163,0.6766,3.6,4.0,2,0,0.0,0.0,0,0,0.035,low,0
STU-2026-0136,0.0546,0.3563,4.32,4.27,0,0,0.0,0.0,0,0,0.0242,low,0
STU-2026-0137,-0.0165,0.0644,2.3,2.88,1,4,0.0867,0.0751,0,1,0.4608,medium,0
STU-2026-0138,-0.0794,0.4563,3.85,4.19,1,0,0.0,0.0,0,0,0.02,low,0
STU-2026-0139,0.007,0.0346,3.98,3.73,0,0,0.0,0.0,0,0,0.0566,low,0
STU-2026-0140,-0.0565,0.15,4.35,4.2,0,0,0.0,0.0,0,0,0.02,low,0
STU-2026-0141,0.0436,0.3609,3.47,3.27,0,0,0.0,0.0,0,0,0.02,low,0
STU-2026-0142,-0.0422,-0.936,3.4,3.62,7,0,0.1171,0.1106,0,0,0.5965,medium,0
STU-2026-0143,-0.0379,-0.1487,4.22,3.9,1,0,0.0,0.0,0,0,0.02,low,0
STU-2026-0144,0.0266,0.4174,3.91,4.41,1,0,0.0,0.0,0,0,0.02,low,0
STU-2026-0145,-0.0343,0.0016,4.36,4.23,0,1,0.0,0.0,0,0,0.0213,low,0
STU-2026-0146,-0.5378,-1.0004,1.78,2.11,5,2,0.1595,0.0892,1,0,0.7256,high,1
STU-2026-0147,0.0474,0.4528,4.07,3.57,0,0,0.0,0.0,0,0,0.1023,low,0
STU-2026-0148,0.0274,0.1374,4.16,4.55,2,1,0.0,0.0,0,0,0.02,low,0
STU-2026-0149,0.0265,0.3176,5.0,5.0,0,0,0.0,0.0,0,0,0.02,low,0
STU-2026-0150,0.1089,0.3967,4.2,4.12,2,0,0.0,0.0,0,0,0.02,low,0
STU-2026-0151,0.0593,0.136,4.1,4.11,0,0,0.0,0.0,0,0,0.02,low,0
STU-2026-0152,0.0099,0.1145,3.97,4.08,1,0,0.0,0.0,0,0,0.0296,low,0
STU-2026-0153,-0.0531,-0.7346,3.26,3.14,1,0,0.0631,0.1319,0,0,0.4202,medium,0
STU-2026-0154,0.0268,-0.048,4.1,4.48,0,0,0.0,0.0,0,0,0.02,low,0
STU-2026-0155,0.0358,0.0863,3.35,3.75,1,1,0.0,0.0,0,0,0.02,low,0
STU-2026-0156,-0.2521,-0.3636,2.9,3.29,3,2,0.1015,0.085,0,0,0.5177,medium,0
STU-2026-0157,-0.2608,-0.4742,3.22,3.6,0,1,0.068,0.1194,1,0,0.4065,medium,0
STU-2026-0158,0.086,0.4372,3.97,4.02,1,0,0.0,0.0,0,0,0.02,low,0
STU-2026-0159,0.04,0.5598,4.09,4.28,0,0,0.0,0.0,0,0,0.0479,low,0
STU-2026-0160,-0.1244,-0.7677,3.15,3.48,0,2,0.126,0.1144,0,1,0.4003,medium,0
STU-2026-0161,0.0564,0.4924,4.39,4.92,2,0,0.0,0.0,0,0,0.0329,low,0
STU-2026-0162,0.0621,0.1743,4.56,4.22,0,0,0.0,0.0,0,0,0.02,low,0
STU-2026-0163,0.0724,0.3133,4.79,4.7,2,0,0.0,0.0,0,0,0.02,low,0
STU-2026-0164,-0.0069,0.4856,4.26,4.21,0,1,0.0,0.0,0,0,0.02,low,0
STU-2026-0165,-0.1603,-0.4474,2.56,3.11,2,0,0.09,0.1233,1,0,0.4332,medium,0
STU-2026-0166,-0.2071,-0.4698,2.76,3.0,1,1,0.0811,0.1149,1,0,0.4307,medium,0
STU-2026-0167,-0.0224,0.8552,4.79,5.0,0,0,0.0,0.0,0,0,0.0476,low,0
STU-2026-0168,0.0758,0.1472,3.97,3.29,0,0,0.0,0.0,0,0,0.02,low,0
STU-2026-0169,-0.0292,-0.1325,4.35,4.16,0,0,0.0,0.0,0,0,0.02,low,0
STU-2026-0170,0.0638,0.2341,4.82,4.2,2,0,0.0,0.0,0,0,0.0551,low,0
STU-2026-0171,0.0085,0.1543,3.65,4.01,0,0,0.0,0.0,0,0,0.02,low,0
STU-2026-0172,-0.07,-0.2442,3.27,3.83,1,0,0.0,0.0,0,0,0.02,low,0
STU-2026-0173,0.0361,-0.1272,4.18,4.56,0,0,0.0,0.0,0,0,0.02,low,0
STU-2026-0174,-0.072,0.3512,4.83,4.21,1,0,0.0,0.0,0,0,0.0618,low,0
STU-2026-0175,0.0427,0.2276,4.28,4.46,2,0,0.0,0.0,0,0,0.0459,low,0
STU-2026-0176,-0.0251,-0.0822,4.24,3.84,0,0,0.0,0.0,0,0,0.02,low,0
STU-2026-0177,0.0185,-0.134,3.52,3.85,0,1,0.0,0.0,1,0,0.0356,low,0
STU-2026-0178,0.0106,0.3319,4.45,4.25,0,0,0.0,0.0,0,0,0.02,low,0
STU-2026-0179,0.0344,0.3233,4.68,5.0,0,0,0.0,0.0,0,0,0.02,low,0
STU-2026-0180,0.0324,-0.075,4.24,4.33,0,0,0.0,0.0,0,0,0.0396,low,0
STU-2026-0181,0.0623,0.0661,3.38,3.41,2,0,0.0,0.0,0,0,0.02,low,0
STU-2026-0182,0.074,0.3,3.97,3.8,0,0,0.0,0.0,0,0,0.02,low,0
STU-2026-0183,0.1198,-0.1351,3.6,3.56,0,0,0.0,0.0,0,0,0.02,low,0
STU-2026-0184,0.0062,0.5021,3.86,4.34,0,0,0.0,0.0,0,0,0.02,low,0
STU-2026-0185,-0.1797,-0.5625,3.42,3.26,6,1,0.0599,0.1497,0,0,0.4925,medium,0
STU-2026-0186,-0.5646,-1.2275,2.8,2.62,7,1,0.0896,0.2464,1,2,0.7642,high,1
STU-2026-0187,0.0611,0.045,4.67,4.79,0,0,0.0,0.0,0,0,0.02,low,0
STU-2026-0188,-0.0994,-1.0005,2.83,3.49,3,2,0.1399,0.1356,0,0,0.5112,medium,0
STU-2026-0189,0.0024,0.4411,4.18,3.99,0,0,0.0,0.0,0,0,0.03,low,0
STU-2026-0190,0.0965,0.5747,3.82,4.02,0,0,0.0,0.0,0,0,0.02,low,0
STU-2026-0191,0.0896,0.903,3.86,3.95,0,0,0.0,0.0,0,0,0.0277,low,0
STU-2026-0192,-0.0395,0.4441,3.99,4.19,0,0,0.0,0.0,0,0,0.0241,low,0
STU-2026-0193,0.0125,-0.0737,4.33,4.13,0,0,0.0,0.0,0,0,0.02,low,0
STU-2026-0194,-0.0122,0.0361,4.0,4.31,0,0,0.0,0.0,0,0,0.02,low,0
STU-2026-0195,-0.0709,0.1322,4.73,4.86,0,1,0.0,0.0,0,0,0.02,low,0
STU-2026-0196,-0.053,-0.5391,3.61,3.58,1,0,0.1172,0.1115,0,1,0.4574,medium,0
STU-2026-0197,-0.0113,0.224,4.43,3.67,2,0,0.0,0.0,0,0,0.0448,low,0
STU-2026-0198,0.0239,0.1643,3.53,3.73,0,0,0.0,0.0,0,0,0.02,low,0
STU-2026-0199,0.0699,0.2213,3.87,4.07,0,0,0.0,0.0,0,0,0.02,low,0
STU-2026-0200,-0.0308,0.1244,4.65,5.0,1,1,0.0,0.0,0,0,0.0426,low,0
STU-2026-0201,0.0235,0.277,4.01,4.44,0,0,0.0,0.0,1,0,0.02,low,0
STU-2026-0202,-0.0252,0.156,4.51,3.91,0,0,0.0,0.0,0,0,0.02,low,0
STU-2026-0203,0.0809,0.4681,3.65,4.04,0,2,0.0,0.0,0,0,0.0291,low,0
STU-2026-0204,0.0347,0.4501,4.3,4.43,0,0,0.0,0.0,0,0,0.02,low,0
STU-2026-0205,-0.0047,0.4903,4.65,4.6,1,0,0.0,0.0,0,0,0.0568,low,0
STU-2026-0206,-0.1004,-0.6368,3.27,3.4,1,1,0.1433,0.0774,1,1,0.4083,medium,0
STU-2026-0207,-0.0139,0.2558,4.34,4.37,0,0,0.0,0.0,0,0,0.02,low,0
STU-2026-0208,-0.0154,0.1347,4.62,4.81,1,0,0.0,0.0,0,0,0.062,low,0
STU-2026-0209,0.1207,-0.0052,3.94,4.36,0,0,0.0,0.0,0,0,0.02,low,0
STU-2026-0210,-0.5228,-1.457,2.97,2.19,4,4,0.2609,0.2321,2,1,0.7607,high,1
STU-2026-0211,0.0281,0.3945,4.78,4.89,0,0,0.0,0.0,0,0,0.02,low,0
STU-2026-0212,0.0578,0.0802,4.72,4.3,0,0,0.0,0.0,0,0,0.02,low,0
STU-2026-0213,-0.1958,-0.4446,3.51,3.03,0,0,0.0698,0.1005,0,0,0.4532,medium,0
STU-2026-0214,0.1734,0.4734,4.08,3.98,1,0,0.0,0.0,0,0,0.0391,low,0
STU-2026-0215,-0.0179,0.2987,3.63,4.0,0,0,0.0,0.0,0,0,0.02,low,0
STU-2026-0216,0.0573,0.3224,4.62,4.39,1,0,0.0,0.0,1,0,0.0229,low,0
STU-2026-0217,0.0621,-0.2849,4.14,4.24,0,0,0.0,0.0,0,0,0.0291,low,0
STU-2026-0218,0.0728,0.0556,4.13,4.35,0,1,0.0,0.0,0,0,0.02,low,0
STU-2026-0219,-0.07,0.4756,4.5,4.12,0,0,0.0,0.0,0,1,0.02,low,0
STU-2026-0220,0.0459,0.3929,4.46,4.14,0,0,0.0,0.0,0,0,0.02,low,0
STU-2026-0221,-0.4638,-1.3217,1.88,2.12,10,5,0.2379,0.1868,2,0,0.8083,high,1
STU-2026-0222,0.0904,-0.2838,3.98,3.99,0,0,0.0,0.0,0,1,0.02,low,0
STU-2026-0223,0.009,-0.7701,3.36,3.24,4,1,0.0987,0.1472,0,0,0.5097,medium,0
STU-2026-0224,-0.0745,-0.6147,3.19,3.03,5,1,0.0589,0.0992,0,0,0.5107,medium,0
STU-2026-0225,-0.0369,0.0522,5.0,4.81,0,0,0.0,0.0,0,0,0.02,low,0
STU-2026-0226,-0.0255,-0.3475,4.18,4.51,0,0,0.0,0.0,0,0,0.0467,low,0
STU-2026-0227,0.0022,0.1413,4.2,3.98,1,1,0.0,0.0,0,0,0.02,low,0
STU-2026-0228,0.0083,0.0358,4.24,4.3,0,1,0.0,0.0,0,0,0.02,low,0
STU-2026-0229,-0.0765,0.156,4.82,4.86,0,1,0.0,0.0,0,0,0.0468,low,0
STU-2026-0230,-0.4106,-1.0852,1.45,1.81,9,1,0.2044,0.2165,2,0,0.8058,high,1
STU-2026-0231,-0.1903,-0.2632,3.34,2.91,2,0,0.131,0.1531,0,0,0.4752,medium,0
STU-2026-0232,0.0208,0.2891,3.41,3.54,0,0,0.0,0.0,0,0,0.02,low,0
STU-2026-0233,0.046,0.1645,4.44,4.5,2,0,0.0,0.0,0,0,0.02,low,0
STU-2026-0234,-0.1475,-0.4946,3.12,3.19,5,1,0.0903,0.0872,1,0,0.4829,medium,0
STU-2026-0235,0.0345,0.217,4.53,4.26,0,0,0.0,0.0,0,0,0.02,low,0
STU-2026-0236,0.0179,0.1489,3.91,3.91,0,0,0.0,0.0,0,0,0.02,low,0
STU-2026-0237,0.0307,0.247,4.15,4.58,0,0,0.0,0.0,0,0,0.0389,low,0
STU-2026-0238,-0.2685,-0.1836,3.38,3.28,2,0,0.0887,0.1277,1,1,0.4176,medium,0
STU-2026-0239,-0.0413,0.3337,4.76,4.27,1,0,0.0,0.0,0,0,0.0335,low,0
STU-2026-0240,-0.0137,0.7759,3.37,3.74,2,0,0.0,0.0,0,0,0.0456,low,0
STU-2026-0241,-0.0551,0.128,3.61,4.3,0,0,0.0,0.0,1,0,0.0222,low,0
STU-2026-0242,0.0292,0.0486,3.45,3.93,0,0,0.0,0.0,0,0,0.02,low,0
STU-2026-0243,-0.1195,-0.3583,2.33,2.62,5,1,0.0788,0.1312,0,0,0.5231,medium,0
STU-2026-0244,0.0024,0.3368,3.8,3.92,0,0,0.0,0.0,0,0,0.02,low,0
STU-2026-0245,-0.4017,-1.3355,2.17,2.02,5,6,0.18,0.1944,3,0,0.8268,high,1
STU-2026-0246,-0.3187,-0.9076,2.03,1.82,8,3,0.148,0.1166,1,2,0.7708,high,1
STU-2026-0247,-0.0387,0.0678,4.08,3.99,0,0,0.0,0.0,0,0,0.02,low,0
STU-2026-0248,-0.2309,-0.7829,2.66,2.67,5,1,0.0916,0.118,0,1,0.5243,medium,0
STU-2026-0249,-0.5756,-0.7634,2.07,2.22,9,3,0.1791,0.257,1,0,0.8114,high,1
STU-2026-0250,0.0636,-0.1308,3.74,4.05,2,0,0.0,0.0,0,0,0.02,low,0
STU-2026-0251,-0.3713,-1.2263,2.28,1.99,7,6,0.1138,0.218,2,0,0.763,high,1
STU-2026-0252,0.004,0.3822,4.24,4.33,1,0,0.0,0.0,0,1,0.053,low,0
STU-2026-0253,-0.2368,-1.4151,2.44,2.57,4,2,0.1664,0.3063,2,0,0.7752,high,1
STU-2026-0254,0.0002,0.4564,4.08,4.09,1,1,0.0,0.0,0,0,0.0245,low,0
STU-2026-0255,0.0661,0.339,4.36,4.24,0,0,0.0,0.0,0,0,0.02,low,0
STU-2026-0256,0.0293,0.0641,4.17,3.91,0,0,0.0,0.0,0,0,0.02,low,0
STU-2026-0257,0.0346,0.5355,4.0,4.42,1,0,0.0,0.0,0,0,0.034,low,0
STU-2026-0258,-0.236,-1.0219,2.97,2.6,4,2,0.105,0.0878,1,0,0.5048,medium,0
STU-2026-0259,0.0383,0.3815,4.23,4.07,0,0,0.0,0.0,0,0,0.02,low,0
STU-2026-0260,-0.0296,0.6322,4.25,4.53,0,0,0.0,0.0,0,0,0.02,low,0
STU-2026-0261,-0.0732,0.2657,3.85,4.03,0,2,0.0,0.0,0,0,0.02,low,0
STU-2026-0262,-0.0357,-0.5953,2.93,3.18,1,1,0.1127,0.1269,0,0,0.4767,medium,0
STU-2026-0263,-0.5742,-1.4662,1.95,1.92,6,4,0.1717,0.2068,2,1,0.8025,high,1
STU-2026-0264,0.0952,0.0892,3.97,4.21,0,1,0.0,0.0,0,0,0.0253,low,0
STU-2026-0265,-0.0327,0.3639,4.72,4.47,0,0,0.0,0.0,1,0,0.0395,low,0
STU-2026-0266,0.0001,0.0841,4.47,3.98,1,0,0.0,0.0,0,0,0.02,low,0
STU-2026-0267,0.0957,-0.0232,4.58,4.42,0,0,0.0,0.0,0,0,0.027,low,0
STU-2026-0268,-0.2146,-0.506,2.77,2.6,2,0,0.1015,0.0895,0,1,0.4941,medium,0
STU-2026-0269,0.0489,0.1217,4.11,3.45,0,0,0.0,0.0,0,0,0.0554,low,0
STU-2026-0270,0.0117,0.3759,4.65,4.29,0,1,0.0,0.0,0,0,0.0371,low,0
STU-2026-0271,-0.006,-0.2737,4.81,5.0,0,0,0.0,0.0,0,0,0.02,low,0
STU-2026-0272,-0.1621,-0.9522,3.13,2.39,2,0,0.1026,0.1459,0,0,0.5229,medium,0
STU-2026-0273,-0.0177,0.7909,4.47,4.79,0,1,0.0,0.0,0,0,0.02,low,0
STU-2026-0274,0.0482,0.535,3.88,4.59,0,0,0.0,0.0,0,0,0.0417,low,0
STU-2026-0275,-0.1909,-0.5969,3.48,3.5,4,0,0.1322,0.1239,0,0,0.4878,medium,0
STU-2026-0276,-0.1234,-1.0553,2.76,2.5,2,0,0.0714,0.1426,0,0,0.5151,medium,0
STU-2026-0277,0.066,-0.4685,3.93,3.78,1,0,0.0,0.0,0,0,0.0481,low,0
STU-2026-0278,-0.044,-0.1461,3.59,3.82,0,0,0.0,0.0,0,0,0.02,low,0
STU-2026-0279,-0.6185,-1.3325,1.5,1.96,2,1,0.1396,0.2121,2,1,0.7391,high,1
STU-2026-0280,-0.0703,0.1956,4.2,3.89,0,1,0.0,0.0,0,0,0.02,low,0
STU-2026-0281,0.062,0.1795,4.46,4.16,0,1,0.0,0.0,0,0,0.02,low,0
STU-2026-0282,0.0636,0.3147,4.54,4.21,0,0,0.0,0.0,0,0,0.0358,low,0
STU-2026-0283,-0.1777,-1.2028,3.66,3.5,1,2,0.0444,0.1502,0,1,0.4379,medium,0
STU-2026-0284,-0.2248,-0.8579,3.25,2.42,2,2,0.1503,0.1122,0,0,0.5192,medium,0
STU-2026-0285,-0.542,-1.8641,2.18,2.24,5,2,0.2114,0.2116,1,0,0.7802,high,1
STU-2026-0286,0.057,0.5647,5.0,4.52,0,0,0.0,0.0,0,0,0.02,low,0
STU-2026-0287,0.005,0.2142,3.7,4.56,0,0,0.0,0.0,0,0,0.02,low,0
STU-2026-0288,-0.5897,-1.6867,1.86,1.86,5,5,0.1309,0.1686,3,0,0.7967,high,1
STU-2026-0289,0.0436,0.3884,3.51,3.62,0,0,0.0,0.0,0,0,0.02,low,0
STU-2026-0290,0.0756,0.156,3.96,3.94,0,0,0.0,0.0,0,0,0.02,low,0
STU-2026-0291,-0.1287,-0.2341,2.81,2.97,3,0,0.0548,0.077,0,0,0.5015,medium,0
STU-2026-0292,-0.5735,-1.2875,1.61,1.47,10,4,0.1639,0.2289,3,1,0.8085,high,1
STU-2026-0293,-0.1255,-0.9018,3.02,3.55,2,2,0.0689,0.1016,0,0,0.4171,medium,0
STU-2026-0294,-0.0785,0.0803,4.32,3.94,1,1,0.0,0.0,0,0,0.02,low,0
STU-2026-0295,0.0176,0.2195,4.44,4.63,2,0,0.0,0.0,1,0,0.02,low,0
STU-2026-0296,0.0327,0.2795,4.51,3.93,0,0,0.0,0.0,0,0,0.02,low,0
STU-2026-0297,0.0073,0.1638,3.59,3.89,0,0,0.0,0.0,0,0,0.02,low,0
STU-2026-0298,0.0378,-0.1546,4.15,4.09,0,0,0.0,0.0,0,0,0.02,low,0
STU-2026-0299,0.0286,0.0666,3.77,3.87,0,0,0.0,0.0,0,0,0.02,low,0
STU-2026-0300,-0.5889,-0.9483,1.68,1.82,6,1,0.2649,0.2268,2,1,0.8157,high,1
STU-2026-0301,-0.0149,0.2802,5.0,4.9,1,0,0.0,0.0,0,0,0.02,low,0
STU-2026-0302,-0.1221,-0.2767,3.41,3.73,1,1,0.0736,0.0884,0,0,0.4048,medium,0
STU-2026-0303,-0.0714,-0.5187,3.1,3.03,6,0,0.0908,0.0823,1,0,0.4651,medium,0
STU-2026-0304,-0.0389,0.2093,4.33,4.05,1,1,0.0,0.0,0,0,0.02,low,0
STU-2026-0305,-0.3088,-1.3436,1.74,1.81,3,1,0.1398,0.1898,1,1,0.7163,high,1
STU-2026-0306,-0.2567,-1.8217,2.48,2.22,4,2,0.1896,0.312,1,0,0.7845,high,1
STU-2026-0307,0.022,0.3335,3.9,4.03,0,1,0.0,0.0,0,0,0.02,low,0
STU-2026-0308,0.0797,0.3288,4.96,4.66,0,0,0.0,0.0,0,0,0.02,low,0
STU-2026-0309,-0.2311,-0.1896,3.23,3.42,4,0,0.0899,0.0765,0,0,0.466,medium,0
STU-2026-0310,-0.3166,-1.6412,2.22,1.92,2,2,0.0685,0.1376,3,2,0.6723,high,1
STU-2026-0311,0.0984,0.1697,4.79,4.44,1,0,0.0,0.0,0,0,0.02,low,0
STU-2026-0312,0.0985,0.3993,5.0,4.53,0,0,0.0,0.0,0,0,0.02,low,0
STU-2026-0313,0.1225,0.4007,4.67,4.49,1,0,0.0,0.0,0,0,0.02,low,0
STU-2026-0314,-0.0361,0.1748,5.0,4.85,0,0,0.0,0.0,0,0,0.02,low,0
STU-2026-0315,-0.002,0.1629,4.15,4.29,0,0,0.0,0.0,0,0,0.02,low,0
STU-2026-0316,-0.4426,-1.6708,2.18,2.61,5,4,0.1321,0.1704,1,0,0.7816,high,1
STU-2026-0317,-0.0118,0.3884,4.47,4.71,0,1,0.0,0.0,0,0,0.02,low,0
STU-2026-0318,0.0293,-0.1927,4.15,4.45,0,0,0.0,0.0,0,0,0.02,low,0
STU-2026-0319,-0.1882,-0.7531,2.65,2.64,2,1,0.0819,0.1614,0,0,0.4667,medium,0
STU-2026-0320,-0.5594,-1.0581,2.23,2.04,6,6,0.1338,0.1981,3,0,0.7395,high,1
STU-2026-0321,0.006,0.3386,3.72,3.44,0,0,0.0,0.0,0,0,0.02,low,0
STU-2026-0322,-0.0201,0.1829,3.26,3.62,0,0,0.0,0.0,0,0,0.02,low,0
STU-2026-0323,-0.0088,0.4787,5.0,5.0,0,0,0.0,0.0,0,0,0.02,low,0
STU-2026-0324,0.0311,0.1012,4.06,4.11,0,0,0.0,0.0,0,0,0.02,low,0
STU-2026-0325,0.086,0.3743,4.25,4.13,0,1,0.0,0.0,0,0,0.02,low,0
STU-2026-0326,-0.0025,-0.0244,4.46,4.55,1,0,0.0,0.0,0,0,0.02,low,0
STU-2026-0327,0.036,0.2624,4.7,4.45,0,0,0.0,0.0,0,0,0.02,low,0
STU-2026-0328,0.1164,0.0819,3.58,3.62,0,0,0.0,0.0,0,0,0.02,low,0
STU-2026-0329,0.0825,0.0337,4.5,4.26,0,0,0.0,0.0,0,0,0.02,low,0
STU-2026-0330,0.0291,0.0029,5.0,4.86,0,0,0.0,0.0,0,0,0.02,low,0
STU-2026-0331,0.1174,0.0408,4.12,4.41,1,0,0.0,0.0,0,0,0.02,low,0
STU-2026-0332,0.0299,0.4463,3.77,3.85,0,0,0.0,0.0,0,0,0.02,low,0
STU-2026-0333,-0.2027,-0.888,3.28,3.49,4,3,0.0981,0.0986,2,0,0.5257,medium,0
STU-2026-0334,-0.0501,0.5918,4.94,4.62,0,0,0.0,0.0,0,0,0.02,low,0
STU-2026-0335,-0.0257,0.0568,4.66,4.71,0,0,0.0,0.0,0,0,0.02,low,0
STU-2026-0336,0.0676,0.3237,3.8,4.09,0,0,0.0,0.0,0,0,0.02,low,0
STU-2026-0337,0.0651,0.1977,4.0,4.02,0,0,0.0,0.0,0,0,0.0453,low,0
STU-2026-0338,0.0402,0.3427,4.43,4.3,0,1,0.0,0.0,0,0,0.027,low,0
STU-2026-0339,-0.1509,-0.5601,3.45,3.61,2,1,0.0877,0.1402,0,0,0.4915,medium,0
STU-2026-0340,-0.1545,-0.4083,3.25,3.11,2,1,0.0834,0.1318,1,0,0.5037,medium,0
STU-2026-0341,-0.1385,-0.4506,2.46,3.06,0,0,0.0682,0.1426,0,0,0.4094,medium,0
STU-2026-0342,-0.0671,0.1502,4.21,4.42,0,0,0.0,0.0,0,0,0.0468,low,0
STU-2026-0343,-0.2683,-1.6998,2.5,2.78,6,4,0.1819,0.2412,4,1,0.8202,high,1
STU-2026-0344,0.0021,0.0898,3.66,3.68,2,0,0.0,0.0,0,0,0.02,low,0
STU-2026-0345,-0.0648,0.4669,4.97,4.65,2,0,0.0,0.0,0,0,0.02,low,0
STU-2026-0346,0.0308,0.4587,4.72,4.4,0,0,0.0,0.0,0,0,0.02,low,0
STU-2026-0347,-0.0272,0.403,3.8,4.22,0,0,0.0,0.0,0,0,0.0458,low,0
STU-2026-0348,0.0495,0.2148,4.43,4.43,0,0,0.0,0.0,0,0,0.0316,low,0
STU-2026-0349,0.0342,0.592,3.81,4.32,0,0,0.0,0.0,1,0,0.02,low,0
STU-2026-0350,-0.2,-0.5479,3.1,3.25,3,0,0.1005,0.1154,0,0,0.5077,medium,0
STU-2026-0351,0.0249,0.1289,4.49,4.38,0,0,0.0,0.0,0,0,0.02,low,0
STU-2026-0352,-0.0484,0.2454,4.42,3.68,1,1,0.0,0.0,0,0,0.0458,low,0
STU-2026-0353,0.0333,-0.0618,3.97,4.03,0,1,0.0,0.0,0,0,0.02,low,0
STU-2026-0354,-0.0587,0.3019,4.83,4.59,1,0,0.0,0.0,0,0,0.02,low,0
STU-2026-0355,-0.4321,-1.2774,1.85,2.34,3,3,0.1437,0.2584,3,0,0.776,high,1
STU-2026-0356,-0.0005,0.0467,4.43,4.22,0,0,0.0,0.0,0,0,0.0555,low,0
STU-2026-0357,0.0419,0.3648,4.28,4.42,0,0,0.0,0.0,0,0,0.02,low,0
STU-2026-0358,0.0787,-0.0529,3.32,3.31,1,0,0.0,0.0,0,0,0.0333,low,0
STU-2026-0359,0.0057,-0.1639,3.86,4.06,1,0,0.0,0.0,0,0,0.0672,low,0
STU-2026-0360,0.0106,0.5357,4.29,4.6,0,0,0.0,0.0,0,0,0.04,low,0
STU-2026-0361,0.0132,-0.2433,4.54,4.41,1,0,0.0,0.0,0,0,0.0792,low,0
STU-2026-0362,0.0148,0.2504,3.67,3.51,0,0,0.0,0.0,0,0,0.02,low,0
STU-2026-0363,-0.259,-0.4811,2.92,2.78,5,1,0.1035,0.1592,0,0,0.4337,medium,0
STU-2026-0364,-0.1994,-0.5425,3.3,3.56,3,0,0.0919,0.111,0,1,0.4522,medium,0
STU-2026-0365,0.1036,0.533,4.15,4.14,0,1,0.0,0.0,0,0,0.02,low,0
STU-2026-0366,0.0552,0.2792,4.49,4.91,2,0,0.0,0.0,0,0,0.02,low,0
STU-2026-0367,0.0961,0.2183,3.81,4.35,0,0,0.0,0.0,0,0,0.02,low,0
STU-2026-0368,-0.1992,-0.9091,2.31,2.75,3,1,0.0785,0.1678,1,0,0.4833,medium,0
STU-2026-0369,0.1129,0.2729,4.14,3.97,0,0,0.0,0.0,0,0,0.02,low,0
STU-2026-0370,-0.0043,0.021,4.27,3.77,1,0,0.0,0.0,1,0,0.02,low,0
STU-2026-0371,-0.1362,-0.4217,2.95,3.38,5,1,0.1181,0.0628,1,0,0.4724,medium,0
STU-2026-0372,0.0461,0.0672,4.56,4.57,0,0,0.0,0.0,0,0,0.02,low,0
STU-2026-0373,0.0468,0.1705,4.3,4.51,0,1,0.0,0.0,0,0,0.02,low,0
STU-2026-0374,0.1139,0.6036,4.48,4.65,1,0,0.0,0.0,0,0,0.02,low,0
STU-2026-0375,-0.1142,0.3911,3.99,4.29,0,0,0.0,0.0,0,0,0.02,low,0
STU-2026-0376,0.0786,0.1191,4.53,4.15,0,0,0.0,0.0,0,0,0.02,low,0
STU-2026-0377,-0.589,-1.6433,2.43,2.67,3,2,0.1583,0.2821,2,2,0.8025,high,1
STU-2026-0378,-0.184,-1.9437,2.05,1.86,8,1,0.2184,0.1856,4,0,0.8316,high,1
STU-2026-0379,0.0549,0.1811,2.73,3.27,1,0,0.0,0.0,0,0,0.02,low,0
STU-2026-0380,0.0499,0.2649,4.38,4.4,0,2,0.0,0.0,0,0,0.02,low,0
STU-2026-0381,-0.0047,0.6051,4.16,4.13,0,0,0.0,0.0,0,0,0.02,low,0
STU-2026-0382,-0.0932,0.5634,4.22,4.3,1,0,0.0,0.0,0,0,0.02,low,0
STU-2026-0383,-0.0465,0.1267,3.89,4.47,0,0,0.0,0.0,0,0,0.02,low,0
STU-2026-0384,-0.0508,-0.2407,4.39,4.26,0,0,0.0,0.0,0,0,0.02,low,0
STU-2026-0385,0.0414,0.1858,3.74,4.14,0,1,0.0,0.0,0,1,0.02,low,0
STU-2026-0386,-0.4273,-1.4184,1.69,1.62,5,2,0.2046,0.1258,2,1,0.7826,high,1
STU-2026-0387,-0.5279,-1.4068,1.88,2.16,4,2,0.3047,0.1242,3,1,0.7916,high,1
STU-2026-0388,0.0646,0.5551,4.29,4.12,0,0,0.0,0.0,0,0,0.02,low,0
STU-2026-0389,-0.0258,0.4036,3.95,4.15,1,2,0.0,0.0,0,0,0.02,low,0
STU-2026-0390,-0.165,-0.5373,2.67,2.73,3,0,0.0675,0.1217,0,0,0.494,medium,0
STU-2026-0391,0.0201,0.3902,3.59,4.17,1,0,0.0,0.0,0,0,0.02,low,0
STU-2026-0392,-0.0175,0.0018,3.91,4.0,0,1,0.0,0.0,0,0,0.02,low,0
STU-2026-0393,-0.1131,-0.2968,2.1,2.27,1,0,0.0693,0.1591,1,0,0.486,medium,0
STU-2026-0394,-0.0049,0.0924,4.41,4.15,0,0,0.0,0.0,0,0,0.02,low,0
STU-2026-0395,0.0281,0.2175,4.5,4.1,1,0,0.0,0.0,0,0,0.02,low,0
STU-2026-0396,-0.0533,-0.1161,4.13,4.16,0,0,0.0,0.0,0,0,0.02,low,0
STU-2026-0397,-0.4912,-1.2169,1.16,1.95,7,4,0.2089,0.2462,2,0,0.8169,high,1
STU-2026-0398,0.015,0.0987,3.88,3.98,1,0,0.0,0.0,0,0,0.02,low,0
STU-2026-0399,-0.0051,-0.1953,3.98,4.36,0,0,0.0,0.0,0,0,0.0708,low,0
STU-2026-0400,-0.0845,0.1308,5.0,4.85,0,0,0.0,0.0,0,0,0.02,low,0
STU-2026-0401,-0.0649,-0.0578,3.27,3.64,1,0,0.0,0.0,0,0,0.02,low,0
STU-2026-0402,-0.0038,0.035,4.41,4.28,1,0,0.0,0.0,0,0,0.0253,low,0
STU-2026-0403,0.0898,0.5374,4.72,4.6,1,0,0.0,0.0,0,0,0.032,low,0
STU-2026-0404,0.0694,-0.2863,4.03,4.16,0,0,0.0,0.0,0,0,0.02,low,0
STU-2026-0405,-0.0272,0.1234,4.5,4.48,0,0,0.0,0.0,0,0,0.0462,low,0
STU-2026-0406,0.0886,-0.2564,4.11,4.53,2,0,0.0,0.0,0,0,0.0324,low,0
STU-2026-0407,-0.114,-0.3429,3.61,3.53,1,0,0.0859,0.1031,1,0,0.4072,medium,0
STU-2026-0408,-0.0117,0.1628,4.14,3.9,0,1,0.0,0.0,0,0,0.02,low,0
STU-2026-0409,0.0621,0.2417,4.09,3.9,1,0,0.0,0.0,0,0,0.02,low,0
STU-2026-0410,-0.0764,-0.5856,2.69,2.83,1,1,0.1164,0.1251,1,0,0.4388,medium,0
STU-2026-0411,0.0418,-0.1029,4.14,4.01,0,0,0.0,0.0,0,0,0.02,low,0
STU-2026-0412,-0.1653,-0.64,3.21,3.35,0,1,0.1726,0.1304,0,0,0.5282,medium,0
STU-2026-0413,-0.0197,0.261,4.16,4.23,2,0,0.0,0.0,0,0,0.02,low,0
STU-2026-0414,0.0555,0.9825,4.65,4.68,0,0,0.0,0.0,0,0,0.02,low,0
STU-2026-0415,-0.0177,0.3704,4.15,4.17,0,0,0.0,0.0,0,0,0.02,low,0
STU-2026-0416,-0.0871,-0.6643,3.69,3.72,1,0,0.0884,0.1096,0,0,0.449,medium,0
STU-2026-0417,0.0333,-0.0952,4.7,4.28,1,0,0.0,0.0,0,0,0.02,low,0
STU-2026-0418,-0.0037,0.2397,4.53,4.46,0,0,0.0,0.0,0,0,0.02,low,0
STU-2026-0419,0.014,0.138,3.77,4.26,1,1,0.0,0.0,1,0,0.02,low,0
STU-2026-0420,-0.0128,-0.2897,4.41,3.76,0,0,0.0,0.0,1,0,0.02,low,0
STU-2026-0421,0.0077,-0.3581,3.88,3.72,0,0,0.0,0.0,0,0,0.02,low,0
STU-2026-0422,0.0605,0.4585,3.74,3.63,0,0,0.0,0.0,0,0,0.02,low,0
STU-2026-0423,-0.1288,0.2127,5.0,4.14,0,0,0.0,0.0,0,0,0.0698,low,0
STU-2026-0424,-0.1785,-0.8183,3.27,3.12,4,0,0.0465,0.1327,0,0,0.5433,medium,0
STU-2026-0425,0.0392,0.4611,4.45,4.69,0,0,0.0,0.0,0,0,0.02,low,0
STU-2026-0426,0.0566,0.5754,3.78,4.13,0,0,0.0,0.0,0,0,0.02,low,0
STU-2026-0427,-0.236,-0.3944,3.76,3.05,2,1,0.1132,0.0911,1,0,0.4038,medium,0
STU-2026-0428,0.0641,-0.0373,3.83,3.86,0,0,0.0,0.0,0,0,0.0315,low,0
STU-2026-0429,0.0429,0.0497,4.31,4.12,0,0,0.0,0.0,0,0,0.02,low,0
STU-2026-0430,-0.0492,0.1989,3.35,3.55,1,0,0.0,0.0,0,0,0.02,low,0
STU-2026-0431,0.0662,-0.2299,4.02,4.13,1,0,0.0,0.0,0,0,0.02,low,0
STU-2026-0432,0.1268,0.3687,4.32,4.39,0,0,0.0,0.0,0,0,0.0305,low,0
STU-2026-0433,0.0804,0.2609,4.47,4.12,1,0,0.0,0.0,1,0,0.0274,low,0
STU-2026-0434,0.0067,0.2722,4.56,4.37,0,0,0.0,0.0,0,1,0.02,low,0
STU-2026-0435,-0.1322,-0.9861,3.74,3.53,2,3,0.1002,0.1158,0,0,0.5598,medium,0
STU-2026-0436,0.0523,0.142,4.61,4.38,0,0,0.0,0.0,0,0,0.02,low,0
STU-2026-0437,-0.0415,0.3992,3.58,3.78,0,1,0.0,0.0,0,0,0.02,low,0
STU-2026-0438,-0.5383,-1.4249,2.57,2.77,7,1,0.2706,0.2464,4,0,0.7993,high,1
STU-2026-0439,0.0564,0.1917,4.36,3.79,0,0,0.0,0.0,0,0,0.02,low,0
STU-2026-0440,0.1063,-0.1287,4.04,4.22,0,0,0.0,0.0,0,0,0.02,low,0
STU-2026-0441,0.0009,0.277,4.49,4.09,0,0,0.0,0.0,0,0,0.02,low,0
STU-2026-0442,-0.0522,0.1219,4.09,4.59,0,1,0.0,0.0,1,0,0.02,low,0
STU-2026-0443,-0.0612,0.093,4.23,4.27,1,1,0.0,0.0,0,0,0.02,low,0
STU-2026-0444,0.0606,0.2498,4.51,4.53,0,2,0.0,0.0,0,0,0.0246,low,0
STU-2026-0445,-0.4398,-1.4639,2.65,2.54,9,3,0.1317,0.2109,4,0,0.7803,high,1
STU-2026-0446,-0.0079,-0.1608,4.02,3.97,2,0,0.0,0.0,0,0,0.0479,low,0
STU-2026-0447,0.0892,0.318,4.45,4.67,1,0,0.0,0.0,0,1,0.0332,low,0
STU-2026-0448,-0.2195,-0.5474,2.83,2.99,2,0,0.083,0.1038,0,0,0.4752,medium,0
STU-2026-0449,-0.0416,0.142,3.52,3.58,0,0,0.0,0.0,0,0,0.02,low,0
STU-2026-0450,-0.388,-1.4768,1.7,1.38,8,4,0.1912,0.2506,4,1,0.8146,high,1
STU-2026-0451,-0.0951,-0.6575,3.1,3.56,2,1,0.0886,0.0713,0,1,0.4823,medium,0
STU-2026-0452,-0.2591,-0.3951,3.1,3.33,3,0,0.0714,0.0642,1,0,0.4294,medium,0
STU-2026-0453,0.0635,0.1012,4.11,3.7,0,1,0.0,0.0,0,0,0.02,low,0
STU-2026-0454,0.0629,0.3128,4.17,3.5,0,0,0.0,0.0,1,0,0.0249,low,0
STU-2026-0455,0.0286,0.6063,4.44,4.44,3,0,0.0,0.0,0,0,0.02,low,0
STU-2026-0456,0.065,0.2177,4.65,5.0,0,0,0.0,0.0,0,0,0.02,low,0
STU-2026-0457,-0.01,0.3261,3.69,3.8,0,1,0.0,0.0,0,0,0.02,low,0
STU-2026-0458,0.0836,0.2097,3.83,4.25,0,1,0.0,0.0,0,0,0.02,low,0
STU-2026-0459,0.0876,0.0565,4.8,4.9,1,1,0.0,0.0,0,0,0.0378,low,0
STU-2026-0460,-0.5183,-1.1481,2.44,2.38,4,2,0.2469,0.1506,1,1,0.7175,high,1
STU-2026-0461,-0.0028,-0.1096,4.71,4.14,0,0,0.0,0.0,0,0,0.02,low,0
STU-2026-0462,-0.1875,-0.5145,3.45,3.14,5,2,0.1256,0.0905,1,0,0.4892,medium,0
STU-2026-0463,-0.0165,-0.3301,4.67,4.66,0,0,0.0,0.0,0,0,0.02,low,0
STU-2026-0464,-0.1351,-1.0807,3.53,3.41,2,1,0.1194,0.1494,0,0,0.488,medium,0
STU-2026-0465,0.0364,0.1556,4.72,4.59,2,0,0.0,0.0,0,0,0.0359,low,0
STU-2026-0466,0.0929,-0.0319,4.02,3.9,0,0,0.0,0.0,0,0,0.02,low,0
STU-2026-0467,-0.1184,-0.6286,3.76,4.06,3,0,0.1195,0.1582,0,0,0.5528,medium,0
STU-2026-0468,-0.1735,-0.0469,4.11,3.58,1,0,0.1087,0.1178,1,1,0.407,medium,0
STU-2026-0469,-0.0508,0.1178,4.89,4.49,0,1,0.0,0.0,0,0,0.02,low,0
STU-2026-0470,-0.1391,-0.2914,2.53,2.39,2,0,0.0452,0.0594,1,0,0.4558,medium,0
STU-2026-0471,0.0615,0.6088,4.54,5.0,1,0,0.0,0.0,0,0,0.02,low,0
STU-2026-0472,-0.3868,-1.8753,1.83,1.97,11,3,0.173,0.2057,1,0,0.8735,high,1
STU-2026-0473,-0.1496,-0.2628,3.04,3.24,4,1,0.0523,0.0815,0,0,0.4743,medium,0
STU-2026-0474,-0.0003,0.2364,4.23,4.02,2,0,0.0,0.0,0,0,0.0323,low,0
STU-2026-0475,0.0265,-0.1657,4.45,4.22,0,0,0.0,0.0,0,0,0.0405,low,0
STU-2026-0476,-0.1066,-0.7191,3.39,3.04,7,0,0.1117,0.0781,0,0,0.5105,medium,0
STU-2026-0477,-0.1633,-0.4948,3.73,3.54,4,1,0.0941,0.1531,1,0,0.5062,medium,0
STU-2026-0478,-0.4207,-1.2566,2.87,2.87,7,2,0.1417,0.2249,1,2,0.7574,high,1
STU-2026-0479,-0.0068,0.069,3.51,3.52,0,0,0.0,0.0,0,0,0.0297,low,0
STU-2026-0480,0.0116,0.6977,3.87,3.89,0,0,0.0,0.0,0,0,0.02,low,0
STU-2026-0481,-0.0533,0.2051,5.0,5.0,1,0,0.0,0.0,1,0,0.0453,low,0
STU-2026-0482,-0.03,0.0965,4.38,4.42,0,0,0.0,0.0,0,0,0.02,low,0
STU-2026-0483,-0.5029,-1.3131,1.55,1.6,8,1,0.2126,0.2029,2,0,0.7676,high,1
STU-2026-0484,-0.0015,0.6239,4.2,4.16,0,0,0.0,0.0,0,0,0.02,low,0
STU-2026-0485,0.0288,0.1583,3.85,4.11,0,0,0.0,0.0,0,0,0.0277,low,0
STU-2026-0486,-0.1454,-0.7058,3.14,2.88,6,0,0.0983,0.0634,0,0,0.5124,medium,0
STU-2026-0487,0.0747,0.1989,3.93,3.85,0,0,0.0,0.0,0,0,0.02,low,0
STU-2026-0488,0.0444,0.1102,4.26,4.38,1,0,0.0,0.0,0,0,0.0509,low,0
STU-2026-0489,0.1079,0.0741,4.81,4.03,0,0,0.0,0.0,1,0,0.02,low,0
STU-2026-0490,-0.0212,0.6294,4.13,3.74,0,0,0.0,0.0,0,0,0.02,low,0
STU-2026-0491,0.0423,0.0118,4.81,4.24,0,0,0.0,0.0,0,0,0.02,low,0
STU-2026-0492,0.005,0.0594,3.73,3.21,0,0,0.0,0.0,0,0,0.0376,low,0
STU-2026-0493,-0.0736,0.2883,3.73,4.37,0,0,0.0,0.0,0,0,0.02,low,0
STU-2026-0494,0.0103,0.0279,3.81,3.8,0,0,0.0,0.0,0,0,0.02,low,0
STU-2026-0495,0.0491,0.4081,4.38,3.65,0,0,0.0,0.0,0,0,0.02,low,0
STU-2026-0496,-0.6157,-1.82,1.73,2.02,7,2,0.2483,0.1686,2,1,0.8567,high,1
STU-2026-0497,-0.2958,-1.2472,2.58,2.99,4,5,0.1302,0.2195,1,2,0.7935,high,1
STU-2026-0498,-0.0934,-0.7888,3.75,3.57,1,1,0.1556,0.1071,2,1,0.4343,medium,0
STU-2026-0499,-0.4621,-0.9912,2.07,1.72,6,6,0.1822,0.1728,3,0,0.7676,high,1
STU-2026-0500,-0.6494,-1.1261,1.74,1.68,10,2,0.1424,0.243,3,0,0.8148,high,1
STU-2026-0501,0.0128,0.1637,3.7,3.67,0,1,0.0,0.0,0,0,0.02,low,0
STU-2026-0502,-0.0012,0.3078,4.17,4.42,0,0,0.0,0.0,0,0,0.02,low,0
STU-2026-0503,0.0396,-0.2669,4.02,3.82,0,0,0.0,0.0,0,0,0.0806,low,0
STU-2026-0504,-0.022,-0.0028,5.0,4.42,0,0,0.0,0.0,0,0,0.02,low,0
STU-2026-0505,0.0191,0.0953,3.87,3.48,0,0,0.0,0.0,0,0,0.0203,low,0
STU-2026-0506,0.0043,0.0193,3.45,3.53,0,0,0.0,0.0,0,0,0.02,low,0
STU-2026-0507,-0.0392,-0.0302,4.27,3.67,0,0,0.0,0.0,0,0,0.02,low,0
STU-2026-0508,0.0303,0.2424,4.46,4.26,1,0,0.0,0.0,0,0,0.02,low,0
STU-2026-0509,-0.18,-0.6606,2.52,1.98,2,2,0.117,0.0999,0,0,0.448,medium,0
STU-2026-0510,-0.2142,-0.4923,3.22,3.37,5,1,0.102,0.1006,0,1,0.467,medium,0
STU-2026-0511,-0.2158,-0.6498,2.87,3.35,2,1,0.0472,0.1442,2,1,0.4234,medium,0
STU-2026-0512,-0.2069,-1.1418,2.36,2.35,0,0,0.0751,0.1517,0,0,0.4887,medium,0
STU-2026-0513,-0.0531,-0.1406,3.77,3.78,6,1,0.1354,0.0893,0,1,0.4286,medium,0
STU-2026-0514,0.0202,0.1213,4.78,3.83,1,1,0.0,0.0,0,0,0.02,low,0
STU-2026-0515,0.0044,0.1731,3.53,3.55,1,2,0.0,0.0,0,0,0.0285,low,0
STU-2026-0516,-0.6516,-1.7486,2.55,2.2,3,6,0.2258,0.1392,1,0,0.8149,high,1
STU-2026-0517,-0.1286,-0.8166,3.11,3.09,1,2,0.0442,0.14,0,1,0.4491,medium,0
STU-2026-0518,-0.5738,-1.2187,1.62,1.35,10,3,0.1961,0.1565,1,0,0.8149,high,1
STU-2026-0519,-0.1112,0.4368,4.31,4.56,0,1,0.0,0.0,0,0,0.02,low,0
STU-2026-0520,0.0333,0.5135,3.82,3.56,1,0,0.0,0.0,0,0,0.02,low,0
STU-2026-0521,0.0922,0.3297,4.17,4.14,2,0,0.0,0.0,1,0,0.0456,low,0
STU-2026-0522,0.1036,0.0076,4.09,3.76,1,0,0.0,0.0,0,0,0.02,low,0
STU-2026-0523,0.0576,0.3711,4.9,4.66,2,2,0.0,0.0,0,0,0.02,low,0
STU-2026-0524,-0.0037,0.4796,5.0,4.39,1,0,0.0,0.0,0,0,0.02,low,0
STU-2026-0525,-0.4485,-1.2359,1.07,1.29,14,7,0.2132,0.2971,2,0,0.8795,high,1
STU-2026-0526,0.0333,0.2703,4.07,4.04,0,0,0.0,0.0,0,0,0.02,low,0
STU-2026-0527,0.0083,0.2283,3.89,4.14,0,0,0.0,0.0,0,0,0.02,low,0
STU-2026-0528,0.0381,0.3625,3.94,4.14,0,0,0.0,0.0,0,0,0.02,low,0
STU-2026-0529,0.0747,0.0511,3.69,4.08,1,0,0.0,0.0,0,0,0.02,low,0
STU-2026-0530,0.0356,0.2639,4.11,4.39,1,1,0.0,0.0,0,0,0.02,low,0
STU-2026-0531,0.048,0.5877,4.06,4.28,1,0,0.0,0.0,1,0,0.02,low,0
STU-2026-0532,-0.0461,0.0512,4.6,4.41,0,0,0.0,0.0,0,0,0.0332,low,0
STU-2026-0533,0.0233,-0.047,3.36,3.57,1,0,0.0,0.0,0,0,0.0425,low,0
STU-2026-0534,-0.0666,0.1935,4.32,4.36,0,0,0.0,0.0,0,0,0.0501,low,0
STU-2026-0535,-0.0291,0.4453,4.29,4.24,0,0,0.0,0.0,0,0,0.02,low,0
STU-2026-0536,-0.0128,-0.0631,4.87,5.0,0,0,0.0,0.0,0,0,0.02,low,0
STU-2026-0537,0.0124,-0.1025,3.81,3.85,1,0,0.0,0.0,0,0,0.02,low,0
STU-2026-0538,0.0147,0.7907,3.91,3.66,2,1,0.0,0.0,0,0,0.029,low,0
STU-2026-0539,-0.5243,-1.3971,2.37,2.04,2,3,0.187,0.2031,2,2,0.7613,high,1
STU-2026-0540,0.0302,0.4224,4.42,4.24,0,0,0.0,0.0,0,0,0.035,low,0
STU-2026-0541,-0.0401,-0.3992,3.91,3.4,0,0,0.0,0.0,1,0,0.0275,low,0
STU-2026-0542,-0.0655,0.575,3.82,3.46,0,0,0.0,0.0,0,0,0.02,low,0
STU-2026-0543,-0.0688,-0.1247,3.57,3.11,0,0,0.0,0.0,0,0,0.0337,low,0
STU-2026-0544,0.0553,0.1422,4.06,4.07,0,0,0.0,0.0,1,0,0.0267,low,0
STU-2026-0545,0.0134,-0.0048,3.75,3.44,0,0,0.0,0.0,0,0,0.02,low,0
STU-2026-0546,0.0123,0.1775,4.51,4.56,1,1,0.0,0.0,0,0,0.02,low,0
STU-2026-0547,-0.0005,0.2141,4.03,3.98,0,0,0.0,0.0,0,0,0.02,low,0
STU-2026-0548,0.038,0.0041,4.2,4.24,1,0,0.0,0.0,0,0,0.0213,low,0
STU-2026-0549,0.0131,0.2196,4.28,4.17,0,0,0.0,0.0,0,0,0.02,low,0
STU-2026-0550,-0.008,0.3085,4.39,4.64,1,0,0.0,0.0,0,0,0.02,low,0
STU-2026-0551,-0.4364,-1.7412,3.07,3.4,10,2,0.2111,0.1979,1,0,0.8543,high,1
STU-2026-0552,-0.5834,-1.3704,2.22,2.17,5,1,0.2368,0.2528,3,0,0.7758,high,1
STU-2026-0553,0.0502,0.4193,3.94,4.12,0,0,0.0,0.0,0,0,0.0307,low,0
STU-2026-0554,0.0702,0.0805,3.63,3.94,0,0,0.0,0.0,0,0,0.02,low,0
STU-2026-0555,-0.2075,-0.6511,2.71,2.53,5,1,0.1283,0.1172,1,0,0.515,medium,0
STU-2026-0556,-0.0067,0.2116,4.38,4.66,0,0,0.0,0.0,0,0,0.02,low,0
STU-2026-0557,0.0738,0.6876,3.68,3.63,1,0,0.0,0.0,0,0,0.02,low,0
STU-2026-0558,0.0857,0.2124,4.23,4.38,0,0,0.0,0.0,0,1,0.02,low,0
STU-2026-0559,0.0345,-0.0712,4.3,4.47,0,0,0.0,0.0,0,0,0.02,low,0
STU-2026-0560,-0.0285,0.7124,4.26,4.58,0,1,0.0,0.0,1,0,0.0209,low,0
STU-2026-0561,0.0761,-0.1181,4.58,4.18,1,0,0.0,0.0,0,0,0.02,low,0
STU-2026-0562,0.0283,0.279,4.14,4.41,0,0,0.0,0.0,0,0,0.02,low,0
STU-2026-0563,-0.2586,-0.723,3.4,3.58,2,2,0.1518,0.1239,0,0,0.4421,medium,0
STU-2026-0564,-0.0124,0.7091,3.95,4.21,0,0,0.0,0.0,0,0,0.0544,low,0
STU-2026-0565,0.0141,0.4919,4.24,4.33,0,0,0.0,0.0,0,0,0.02,low,0
STU-2026-0566,0.0115,-0.1347,3.64,4.02,0,0,0.0,0.0,0,0,0.0354,low,0
STU-2026-0567,-0.0035,0.1862,4.37,4.25,0,0,0.0,0.0,0,0,0.02,low,0
STU-2026-0568,0.0228,0.1581,3.51,3.73,0,0,0.0,0.0,0,0,0.02,low,0
STU-2026-0569,0.0756,0.3997,5.0,5.0,1,0,0.0,0.0,0,0,0.02,low,0
STU-2026-0570,-0.1009,-0.7322,3.12,3.27,3,1,0.0307,0.151,0,0,0.4627,medium,0
STU-2026-0571,-0.0344,0.285,3.98,3.9,0,2,0.0,0.0,0,0,0.02,low,0
STU-2026-0572,-0.059,-0.0893,4.33,4.41,1,0,0.0,0.0,0,0,0.0297,low,0
STU-2026-0573,0.0405,0.4649,3.58,3.8,0,0,0.0,0.0,0,0,0.02,low,0
STU-2026-0574,-0.2499,-1.5052,1.99,1.51,3,4,0.2171,0.1961,2,2,0.765,high,1
STU-2026-0575,-0.0225,0.1274,3.98,4.41,1,0,0.0,0.0,0,0,0.0251,low,0
STU-2026-0576,0.0634,0.1557,3.83,3.99,0,0,0.0,0.0,1,0,0.02,low,0
STU-2026-0577,0.075,0.12,4.23,3.87,0,0,0.0,0.0,0,0,0.02,low,0
STU-2026-0578,0.124,0.3779,4.09,4.2,0,0,0.0,0.0,0,0,0.0258,low,0
STU-2026-0579,-0.1398,-0.718,2.94,3.08,2,1,0.1507,0.1508,1,0,0.4486,medium,0
STU-2026-0580,0.0485,0.3859,4.32,4.24,0,0,0.0,0.0,0,0,0.02,low,0
STU-2026-0581,0.1007,0.2313,4.61,4.55,0,0,0.0,0.0,0,0,0.02,low,0
STU-2026-0582,-0.4456,-2.1136,2.78,2.67,4,5,0.1683,0.2727,1,0,0.7889,high,1
STU-2026-0583,0.035,0.3307,4.71,4.65,1,0,0.0,0.0,0,0,0.02,low,0
STU-2026-0584,0.007,0.2799,4.44,4.36,0,0,0.0,0.0,0,0,0.02,low,0
STU-2026-0585,-0.0045,0.3911,4.24,4.68,0,0,0.0,0.0,0,0,0.02,low,0
STU-2026-0586,-0.2064,-0.2022,2.86,2.87,0,0,0.0979,0.1194,0,0,0.3968,medium,0
STU-2026-0587,0.0668,-0.0419,4.18,3.5,0,0,0.0,0.0,0,0,0.02,low,0
STU-2026-0588,-0.5089,-1.3888,1.31,1.5,7,3,0.163,0.1771,1,0,0.8123,high,1
STU-2026-0589,0.0382,0.6085,3.26,3.02,1,1,0.0,0.0,0,0,0.02,low,0
STU-2026-0590,-0.6652,-1.2644,1.6,1.61,7,1,0.1706,0.3085,3,1,0.7604,high,1
STU-2026-0591,-0.0502,0.2538,4.96,4.93,0,0,0.0,0.0,0,0,0.0267,low,0
STU-2026-0592,0.1092,0.4431,4.06,4.61,1,0,0.0,0.0,0,0,0.02,low,0
STU-2026-0593,-0.0029,-0.0019,4.69,4.68,0,0,0.0,0.0,0,0,0.0369,low,0
STU-2026-0594,-0.044,0.648,4.67,4.65,0,1,0.0,0.0,0,0,0.02,low,0
STU-2026-0595,-0.1801,-0.2177,4.14,3.74,3,0,0.0855,0.1286,0,0,0.5179,medium,0
STU-2026-0596,0.0228,0.4141,4.03,4.08,0,0,0.0,0.0,0,0,0.02,low,0
STU-2026-0597,-0.0159,0.3857,4.08,3.95,2,0,0.0,0.0,0,0,0.02,low,0
STU-2026-0598,0.0228,0.3371,4.56,4.21,0,1,0.0,0.0,1,0,0.02,low,0
STU-2026-0599,-0.4266,-1.0677,2.12,2.56,3,1,0.1319,0.1762,1,2,0.7339,high,1
STU-2026-0600,-0.1591,-1.1205,2.52,3.14,2,0,0.0703,0.1005,0,1,0.4699,medium,0
STU-2026-0001,0.0833,0.1292,4.19,4.01,1,0,0.0,0.0,0,0,0.053,low,0
STU-2026-0002,-0.0174,0.1177,4.23,4.57,0,0,0.0,0.0,1,0,0.02,low,0
STU-2026-0003,0.0015,0.1708,4.31,4.37,0,0,0.0,0.0,0,0,0.02,low,0
STU-2026-0004,-0.4827,-1.4514,2.59,2.32,5,1,0.1315,0.2501,3,0,0.8112,high,1
STU-2026-0005,-0.051,0.015,3.86,3.63,0,0,0.0,0.0,0,0,0.02,low,0
STU-2026-0006,0.0769,0.0898,3.77,4.08,0,0,0.0,0.0,0,0,0.02,low,0
STU-2026-0007,-0.0389,0.2593,4.27,4.5,0,0,0.0,0.0,0,0,0.0241,low,0
STU-2026-0008,-0.551,-1.1449,3.22,3.4,4,1,0.2123,0.2489,2,0,0.7722,high,1
STU-2026-0009,-0.1664,-0.5917,3.83,3.49,5,1,0.1203,0.0685,2,0,0.5148,medium,0
STU-2026-0010,-0.1287,-0.6801,2.96,3.38,1,1,0.1141,0.1144,0,0,0.4984,medium,0
STU-2026-0011,-0.0212,0.5038,4.33,4.91,2,0,0.0,0.0,0,0,0.02,low,0
STU-2026-0012,0.0093,0.2919,3.76,3.58,0,0,0.0,0.0,0,0,0.02,low,0
STU-2026-0013,-0.0371,0.3216,4.41,4.12,1,0,0.0,0.0,0,1,0.02,low,0
STU-2026-0014,-0.1273,-0.6663,3.07,2.72,1,1,0.0795,0.1706,0,0,0.5032,medium,0
STU-2026-0015,0.0849,0.2999,4.39,4.49,0,1,0.0,0.0,0,0,0.02,low,0
STU-2026-0016,-0.0881,-1.0683,2.51,2.96,5,1,0.12,0.1553,1,0,0.5748,medium,0
STU-2026-0017,-0.0131,0.1763,4.17,4.41,0,0,0.0,0.0,0,0,0.02,low,0
STU-2026-0018,-0.0514,0.3169,4.6,4.58,0,0,0.0,0.0,0,0,0.0272,low,0
STU-2026-0019,-0.1096,-0.3879,3.8,3.59,3,1,0.0957,0.0875,0,0,0.5369,medium,0
STU-2026-0020,0.0032,0.5797,3.62,3.5,0,0,0.0,0.0,0,0,0.02,low,0
STU-2026-0021,-0.4288,-1.2273,1.86,2.41,3,2,0.1421,0.1146,2,1,0.6884,high,1
STU-2026-0022,-0.0111,0.066,3.81,4.27,0,0,0.0,0.0,0,0,0.02,low,0
STU-2026-0023,-0.0192,0.3058,4.14,4.35,2,0,0.0,0.0,0,0,0.0615,low,0
STU-2026-0024,-0.0108,0.0277,4.18,4.24,0,0,0.0,0.0,0,0,0.02,low,0
STU-2026-0025,0.0362,0.609,3.84,4.1,0,0,0.0,0.0,0,0,0.02,low,0
STU-2026-0026,0.0419,0.4415,3.85,4.6,0,0,0.0,0.0,0,0,0.02,low,0
STU-2026-0027,0.0185,-0.0993,4.06,3.68,0,0,0.0,0.0,0,0,0.02,low,0
STU-2026-0028,0.0758,0.1551,3.96,4.31,0,0,0.0,0.0,0,0,0.02,low,0
STU-2026-0029,0.0138,-0.0787,4.33,4.11,1,0,0.0,0.0,0,0,0.02,low,0
STU-2026-0030,0.017,0.286,4.45,4.43,1,0,0.0,0.0,0,0,0.0255,low,0
STU-2026-0031,0.0336,0.1619,4.22,4.2,0,0,0.0,0.0,0,0,0.02,low,0
STU-2026-0032,0.0169,0.3026,3.81,3.86,0,0,0.0,0.0,0,0,0.02,low,0
STU-2026-0033,0.0874,0.4412,4.54,5.0,0,1,0.0,0.0,0,0,0.02,low,0
STU-2026-0034,0.0119,0.2838,4.93,4.34,0,0,0.0,0.0,0,0,0.02,low,0
STU-2026-0035,0.0268,0.1388,3.99,4.27,0,0,0.0,0.0,0,0,0.02,low,0
STU-2026-0036,0.1308,0.3342,4.25,4.16,1,0,0.0,0.0,0,0,0.0336,low,0
STU-2026-0037,-0.2213,-0.6416,3.25,2.9,1,0,0.0,0.1616,1,0,0.4751,medium,0
STU-2026-0038,0.0558,0.0582,4.82,5.0,0,0,0.0,0.0,0,0,0.02,low,0
STU-2026-0039,-0.1689,-0.716,3.05,3.3,1,0,0.149,0.1388,1,1,0.4872,medium,0
STU-2026-0040,-0.3528,-1.9144,2.44,2.41,5,5,0.1594,0.1004,2,0,0.7911,high,1
STU-2026-0041,-0.0211,0.1101,4.2,4.29,1,0,0.0,0.0,0,0,0.02,low,0
STU-2026-0042,0.0555,-0.218,4.39,4.59,0,1,0.0,0.0,0,0,0.02,low,0
STU-2026-0043,-0.0279,0.4704,3.71,3.83,0,0,0.0,0.0,0,0,0.02,low,0
STU-2026-0044,-0.3166,-1.3321,1.83,2.22,8,5,0.1401,0.3517,2,0,0.8114,high,1
STU-2026-0045,-0.2073,-0.5603,3.11,3.4,0,2,0.0826,0.1366,1,0,0.4802,medium,0
STU-2026-0046,0.0293,-0.1743,4.81,4.39,1,0,0.0,0.0,1,0,0.0731,low,0
STU-2026-0047,0.0043,-0.3844,3.61,3.25,0,0,0.0,0.0,0,0,0.037,low,0
STU-2026-0048,0.0024,0.5159,4.51,4.44,0,1,0.0,0.0,1,0,0.02,low,0
STU-2026-0049,0.0246,0.1691,3.89,3.91,0,0,0.0,0.0,0,0,0.0286,low,0
STU-2026-0050,0.0607,0.63,4.06,3.8,0,0,0.0,0.0,0,0,0.02,low,0
STU-2026-0051,0.0095,0.3419,4.73,4.66,0,0,0.0,0.0,0,0,0.0355,low,0
STU-2026-0052,0.0168,0.1263,4.38,4.37,0,0,0.0,0.0,0,0,0.02,low,0
STU-2026-0053,-0.0331,0.2063,4.07,4.02,0,0,0.0,0.0,0,0,0.02,low,0
STU-2026-0054,-0.447,-1.5296,1.62,2.03,2,4,0.1427,0.2797,4,1,0.7067,high,1
STU-2026-0055,0.0229,0.1108,4.21,4.26,0,0,0.0,0.0,0,0,0.02,low,0
STU-2026-0056,0.0331,0.0039,4.14,4.27,0,0,0.0,0.0,0,0,0.02,low,0
STU-2026-0057,0.0991,0.2824,4.04,4.41,1,0,0.0,0.0,0,0,0.0535,low,0
STU-2026-0058,-0.0695,-0.0945,4.02,4.19,0,0,0.0,0.0,0,0,0.0264,low,0
STU-2026-0059,-0.1129,-0.9192,3.26,3.09,1,3,0.0412,0.1318,2,1,0.4131,medium,0
STU-2026-0060,-0.0407,0.5334,3.41,3.12,0,1,0.0,0.0,0,0,0.02,low,0
STU-2026-0061,0.059,-0.0047,3.98,4.22,0,0,0.0,0.0,0,0,0.02,low,0
STU-2026-0062,0.027,0.0057,4.82,4.27,2,0,0.0,0.0,0,0,0.0789,low,0
STU-2026-0063,0.0045,0.3855,3.65,3.72,0,0,0.0,0.0,0,1,0.02,low,0
STU-2026-0064,0.0239,0.6387,4.35,4.54,0,0,0.0,0.0,0,0,0.02,low,0
STU-2026-0065,-0.1885,-0.6649,2.7,2.47,3,0,0.1213,0.082,0,0,0.4981,medium,0
STU-2026-0066,-0.2201,-0.7039,2.79,2.62,2,2,0.0951,0.1734,0,0,0.4653,medium,0
STU-2026-0067,-0.6061,-1.766,1.67,1.82,6,3,0.1384,0.2695,2,0,0.7657,high,1
STU-2026-0068,-0.0223,0.2796,3.89,3.93,0,0,0.0,0.0,0,0,0.0352,low,0
STU-2026-0069,-0.1924,-0.597,3.51,3.45,0,0,0.138,0.1232,0,0,0.4663,medium,0
STU-2026-0070,0.0007,-0.0445,3.45,3.48,0,0,0.0,0.0,0,0,0.02,low,0
STU-2026-0071,-0.2321,-0.1153,3.62,3.45,3,2,0.0753,0.1652,0,0,0.4587,medium,0
STU-2026-0072,0.0324,0.0538,5.0,4.98,0,0,0.0,0.0,0,0,0.02,low,0
STU-2026-0073,-0.0391,0.1,4.55,4.46,0,0,0.0,0.0,0,0,0.02,low,0
STU-2026-0074,0.061,0.4061,4.86,4.21,0,0,0.0,0.0,0,0,0.02,low,0
STU-2026-0075,0.0621,-0.0667,3.62,3.81,0,0,0.0,0.0,0,0,0.02,low,0
STU-2026-0076,-0.1492,-0.6988,3.48,3.41,4,0,0.1546,0.0682,1,0,0.469,medium,0
STU-2026-0077,0.1091,0.1601,4.04,4.08,0,0,0.0,0.0,0,0,0.02,low,0
STU-2026-0078,0.0748,0.2615,3.68,3.74,0,0,0.0,0.0,0,0,0.0616,low,0
STU-2026-0079,-0.1435,-0.9381,3.91,3.85,0,0,0.0673,0.1024,1,0,0.4757,medium,0
STU-2026-0080,0.067,0.1906,3.93,4.41,0,0,0.0,0.0,0,0,0.0206,low,0
STU-2026-0081,0.0803,0.2587,5.0,4.77,0,0,0.0,0.0,0,0,0.02,low,0
STU-2026-0082,0.0235,0.0646,4.36,4.59,0,1,0.0,0.0,1,0,0.053,low,0
STU-2026-0083,0.0385,-0.0955,3.66,3.95,0,2,0.0,0.0,0,0,0.02,low,0
STU-2026-0084,-0.0549,-0.0456,4.77,4.98,0,0,0.0,0.0,0,0,0.02,low,0
STU-2026-0085,0.0019,0.2725,4.37,4.67,0,0,0.0,0.0,0,0,0.02,low,0
STU-2026-0086,-0.1433,-0.6868,2.98,2.9,3,1,0.1046,0.1674,1,0,0.4965,medium,0
STU-2026-0087,0.0315,0.698,4.24,4.03,2,0,0.0,0.0,0,0,0.0215,low,0
STU-2026-0088,-0.1034,-0.6175,2.69,2.28,3,1,0.1215,0.0945,0,0,0.4652,medium,0
STU-2026-0089,-0.0356,0.7719,3.69,4.37,0,1,0.0,0.0,0,0,0.02,low,0
STU-2026-0090,0.106,0.4269,4.44,4.49,0,0,0.0,0.0,0,0,0.02,low,0
STU-2026-0091,-0.0507,0.0844,4.25,4.4,1,0,0.0,0.0,0,0,0.02,low,0
STU-2026-0092,-0.0735,-0.5533,3.08,3.02,0,1,0.0836,0.0996,1,0,0.4557,medium,0
STU-2026-0093,0.0983,0.1432,4.12,3.93,1,0,0.0,0.0,0,0,0.02,low,0
STU-2026-0094,0.0272,0.089,5.0,4.76,3,0,0.0,0.0,0,0,0.02,low,0
STU-2026-0095,-0.1993,-0.7168,3.12,3.58,3,0,0.0931,0.1101,0,0,0.4938,medium,0
STU-2026-0096,-0.0752,0.2188,3.97,3.49,0,0,0.0,0.0,0,0,0.02,low,0
STU-2026-0097,-0.3546,-1.7285,2.53,2.52,10,5,0.1789,0.2535,1,0,0.8499,high,1
STU-2026-0098,0.0252,0.1427,4.5,4.51,0,0,0.0,0.0,0,0,0.0373,low,0
STU-2026-0099,0.0147,0.3965,4.26,3.97,0,1,0.0,0.0,0,0,0.02,low,0
STU-2026-0100,-0.1638,-0.605,3.51,3.31,2,1,0.1574,0.1092,1,1,0.5459,medium,0
STU-2026-0101,0.0045,0.0409,4.85,4.21,0,0,0.0,0.0,0,0,0.02,low,0
STU-2026-0102,0.0292,0.4748,4.23,4.12,0,0,0.0,0.0,0,0,0.0478,low,0
STU-2026-0103,0.0666,-0.0316,4.69,4.19,0,0,0.0,0.0,1,0,0.02,low,0
STU-2026-0104,-0.1065,-0.4007,2.72,3.04,1,0,0.1795,0.1475,0,0,0.4849,medium,0
STU-2026-0105,-0.1562,-0.985,4.24,4.01,3,0,0.1019,0.1375,1,0,0.5118,medium,0
STU-2026-0106,-0.2029,-0.6579,2.86,3.05,1,1,0.0599,0.158,0,0,0.5087,medium,0
STU-2026-0107,-0.2017,-0.9559,2.79,2.99,2,1,0.0467,0.1175,0,0,0.4965,medium,0
STU-2026-0108,0.0067,-0.0224,4.14,4.12,0,0,0.0,0.0,0,0,0.02,low,0
STU-2026-0109,0.06,0.614,4.37,4.07,1,0,0.0,0.0,0,0,0.02,low,0
STU-2026-0110,-0.6451,-1.4705,1.45,1.91,6,4,0.2115,0.2239,2,2,0.834,high,1
STU-2026-0111,-0.2189,-0.9859,3.33,3.03,1,0,0.0564,0.1709,0,0,0.4562,medium,0
STU-2026-0112,-0.1394,-0.4172,2.83,2.75,1,0,0.1024,0.1294,0,0,0.4536,medium,0
STU-2026-0113,0.0103,0.5228,4.32,4.17,0,0,0.0,0.0,0,0,0.02,low,0
STU-2026-0114,0.068,0.4483,4.58,4.48,1,0,0.0,0.0,0,0,0.0559,low,0
STU-2026-0115,-0.1836,-0.5774,3.14,2.86,2,1,0.0621,0.101,1,0,0.4417,medium,0
STU-2026-0116,0.0224,0.2925,4.11,4.12,1,0,0.0,0.0,0,0,0.02,low,0
STU-2026-0117,-0.2713,-0.3676,2.89,2.69,1,1,0.0889,0.1169,0,0,0.4353,medium,0
STU-2026-0118,0.0798,0.0122,4.82,5.0,1,1,0.0,0.0,0,0,0.02,low,0
STU-2026-0119,-0.0456,0.2858,3.77,3.67,0,0,0.0,0.0,0,0,0.0509,low,0
STU-2026-0120,-0.4305,-1.3075,2.43,2.46,9,1,0.2684,0.2374,2,1,0.7969,high,1
STU-2026-0121,0.0946,0.1748,4.37,4.75,2,0,0.0,0.0,0,0,0.02,low,0
STU-2026-0122,0.0239,-0.0709,4.64,4.04,0,1,0.0,0.0,0,0,0.02,low,0
STU-2026-0123,-0.0002,0.4599,4.13,4.25,0,0,0.0,0.0,0,1,0.02,low,0
STU-2026-0124,-0.1161,0.3178,4.43,4.88,0,0,0.0,0.0,0,0,0.02,low,0
STU-2026-0125,-0.0465,0.6129,4.26,3.63,0,0,0.0,0.0,0,0,0.02,low,0
STU-2026-0126,0.0307,0.385,4.97,4.42,0,0,0.0,0.0,0,0,0.02,low,0
STU-2026-0127,-0.057,-0.3486,4.16,4.17,0,0,0.0,0.0,0,0,0.02,low,0
STU-2026-0128,-0.612,-1.3512,2.08,2.22,6,1,0.2012,0.2558,1,1,0.7805,high,1
STU-2026-0129,0.0171,0.6473,4.56,3.92,1,0,0.0,0.0,0,0,0.02,low,0
STU-2026-0130,-0.1922,-0.4889,3.42,3.5,3,0,0.0608,0.0971,1,0,0.4456,medium,0
STU-2026-0131,-0.0398,-0.0266,4.67,4.54,0,0,0.0,0.0,0,0,0.02,low,0
STU-2026-0132,-0.0124,0.306,4.92,4.72,0,1,0.0,0.0,0,0,0.02,low,0
STU-2026-0133,0.0466,0.3632,4.61,4.25,0,0,0.0,0.0,0,0,0.02,low,0
STU-2026-0134,0.0413,0.515,4.43,5.0,0,0,0.0,0.0,0,0,0.0591,low,0
STU-2026-0135,0.0557,-0.2853,3.6,4.01,0,0,0.0,0.0,0,0,0.02,low,0
STU-2026-0136,-0.0068,-0.1274,4.28,4.43,0,0,0.0,0.0,1,0,0.02,low,0
STU-2026-0137,-0.0931,-0.929,3.15,2.8,1,1,0.0735,0.1459,0,1,0.5023,medium,0
STU-2026-0138,0.0262,0.1676,4.13,3.99,0,0,0.0,0.0,0,0,0.02,low,0
STU-2026-0139,0.0299,0.5178,3.96,4.51,1,0,0.0,0.0,0,0,0.02,low,0
STU-2026-0140,-0.0698,-0.0842,3.87,3.85,0,0,0.0,0.0,0,0,0.02,low,0
STU-2026-0141,0.0483,0.4696,3.66,3.32,2,0,0.0,0.0,0,0,0.0361,low,0
STU-2026-0142,-0.1821,-0.6323,3.66,3.17,4,1,0.1292,0.1159,0,1,0.5136,medium,0
STU-2026-0143,0.0345,-0.0445,3.67,3.69,0,0,0.0,0.0,0,0,0.02,low,0
STU-2026-0144,0.0128,0.1832,4.24,4.21,0,0,0.0,0.0,0,0,0.0841,low,0
STU-2026-0145,-0.0281,0.5857,4.56,4.29,1,1,0.0,0.0,0,0,0.02,low,0
STU-2026-0146,-0.4697,-1.4558,1.6,2.17,13,1,0.0994,0.1886,1,0,0.8876,high,1
STU-2026-0147,0.0411,0.2055,3.39,3.61,2,1,0.0,0.0,0,0,0.02,low,0
STU-2026-0148,0.0126,0.6875,3.96,4.1,0,0,0.0,0.0,0,0,0.02,low,0
STU-2026-0149,-0.0055,0.4579,4.65,4.92,0,1,0.0,0.0,0,0,0.02,low,0
STU-2026-0150,0.0055,0.7291,4.46,4.3,2,1,0.0,0.0,1,0,0.0444,low,0
STU-2026-0151,0.0524,0.773,3.92,3.82,0,1,0.0,0.0,0,0,0.0471,low,0
STU-2026-0152,-0.0345,0.1132,4.39,3.8,0,0,0.0,0.0,0,0,0.02,low,0
STU-2026-0153,-0.1024,-0.8164,3.51,3.41,2,0,0.0971,0.1084,0,1,0.4766,medium,0
STU-2026-0154,0.0757,0.9984,4.73,4.15,1,0,0.0,0.0,0,0,0.02,low,0
STU-2026-0155,0.0576,0.2164,3.84,3.46,0,0,0.0,0.0,0,0,0.02,low,0
STU-2026-0156,-0.175,-0.6278,3.49,2.91,1,0,0.0928,0.096,0,0,0.4579,medium,0
STU-2026-0157,-0.1403,-0.8185,3.72,3.86,6,0,0.1116,0.1134,1,0,0.5619,medium,0
STU-2026-0158,-0.0253,0.7816,4.09,3.94,0,1,0.0,0.0,0,0,0.0483,low,0
STU-2026-0159,0.0247,0.2783,3.78,4.17,0,0,0.0,0.0,1,0,0.02,low,0
STU-2026-0160,-0.0777,-0.673,3.16,3.02,1,0,0.0748,0.1097,0,0,0.442,medium,0
STU-2026-0161,0.0321,0.2648,4.94,4.31,0,0,0.0,0.0,0,0,0.02,low,0
STU-2026-0162,0.1027,0.137,4.05,4.34,0,0,0.0,0.0,0,0,0.0268,low,0
STU-2026-0163,0.0324,0.1003,4.96,4.92,1,0,0.0,0.0,0,0,0.0278,low,0
STU-2026-0164,0.0596,0.2344,4.5,4.25,3,0,0.0,0.0,0,0,0.0618,low,0
STU-2026-0165,-0.1911,-0.499,2.77,3.13,1,1,0.1156,0.1195,1,0,0.4909,medium,0
STU-2026-0166,-0.2374,-0.4588,2.74,3.3,4,0,0.0402,0.1377,0,0,0.4332,medium,0
STU-2026-0167,0.0232,0.3723,4.76,4.68,0,0,0.0,0.0,0,0,0.02,low,0
STU-2026-0168,0.1423,0.3958,3.51,3.72,0,0,0.0,0.0,0,0,0.02,low,0
STU-2026-0169,0.0753,0.1255,3.86,3.96,0,1,0.0,0.0,0,0,0.0211,low,0
STU-2026-0170,0.0808,0.2905,4.59,4.28,1,1,0.0,0.0,0,0,0.02,low,0
STU-2026-0171,-0.0071,-0.1281,3.52,4.01,2,0,0.0,0.0,0,0,0.0376,low,0
STU-2026-0172,0.1094,0.338,3.46,3.74,1,0,0.0,0.0,0,0,0.02,low,0
STU-2026-0173,0.1141,0.1914,3.91,4.24,1,0,0.0,0.0,0,0,0.02,low,0
STU-2026-0174,0.012,-0.3011,4.7,5.0,1,0,0.0,0.0,0,0,0.0359,low,0
STU-2026-0175,0.1082,0.2909,4.48,4.69,1,0,0.0,0.0,0,0,0.02,low,0
STU-2026-0176,0.0659,0.3685,3.52,3.64,0,1,0.0,0.0,0,0,0.02,low,0
STU-2026-0177,-0.0269,0.116,3.68,3.44,0,0,0.0,0.0,0,0,0.02,low,0
STU-2026-0178,0.027,0.1747,4.96,4.32,0,0,0.0,0.0,0,0,0.02,low,0
STU-2026-0179,-0.0555,0.1912,4.96,4.86,0,1,0.0,0.0,0,0,0.02,low,0
STU-2026-0180,0.0786,0.2694,4.5,4.16,1,0,0.0,0.0,0,0,0.02,low,0
STU-2026-0181,-0.062,0.0385,3.7,3.32,0,0,0.0,0.0,0,0,0.02,low,0
STU-2026-0182,0.036,0.3176,3.27,3.7,0,1,0.0,0.0,0,0,0.02,low,0
STU-2026-0183,-0.0426,0.0233,3.58,3.37,0,0,0.0,0.0,0,0,0.0206,low,0
STU-2026-0184,0.0633,0.248,3.94,4.11,0,0,0.0,0.0,0,0,0.02,low,0
STU-2026-0185,-0.0981,-0.6469,2.89,3.14,1,2,0.1239,0.1273,1,0,0.45,medium,0
STU-2026-0186,-0.5464,-1.4794,2.62,2.83,10,3,0.1861,0.2017,2,0,0.8231,high,1
STU-2026-0187,0.0365,0.043,4.52,4.63,0,0,0.0,0.0,0,0,0.0263,low,0
STU-2026-0188,-0.1974,-0.8437,2.82,2.78,4,0,0.1122,0.1482,0,0,0.492,medium,0
STU-2026-0189,-0.0177,0.4545,3.96,4.03,0,0,0.0,0.0,0,0,0.0254,low,0
STU-2026-0190,-0.0163,0.2748,4.14,3.89,0,0,0.0,0.0,0,0,0.02,low,0
STU-2026-0191,0.0695,0.0063,4.37,3.95,0,0,0.0,0.0,0,0,0.02,low,0
STU-2026-0192,-0.0132,0.1379,4.52,3.91,1,0,0.0,0.0,0,0,0.02,low,0
STU-2026-0193,-0.005,0.5843,4.1,3.9,0,0,0.0,0.0,0,0,0.02,low,0
STU-2026-0194,0.1717,-0.3405,4.42,4.01,0,0,0.0,0.0,0,0,0.048,low,0
STU-2026-0195,0.0379,0.3786,5.0,4.93,0,0,0.0,0.0,0,0,0.0543,low,0
STU-2026-0196,-0.2496,-0.7316,3.69,3.45,2,2,0.1261,0.1337,1,0,0.4715,medium,0
STU-2026-0197,-0.0057,0.3942,3.9,4.2,0,0,0.0,0.0,0,0,0.02,low,0
STU-2026-0198,-0.0054,0.2469,4.18,4.11,1,0,0.0,0.0,0,0,0.0299,low,0
STU-2026-0199,-0.0182,0.1729,4.47,4.05,0,0,0.0,0.0,0,0,0.0604,low,0
STU-2026-0200,0.0395,-0.0913,5.0,5.0,1,0,0.0,0.0,0,0,0.02,low,0
STU-2026-0201,-0.001,0.3343,4.2,4.2,2,1,0.0,0.0,0,0,0.0609,low,0
STU-2026-0202,0.0585,0.4194,4.52,4.07,0,0,0.0,0.0,0,0,0.02,low,0
STU-2026-0203,0.0128,0.58,4.29,4.57,0,0,0.0,0.0,0,0,0.02,low,0
STU-2026-0204,-0.0315,-0.0729,3.9,4.43,0,0,0.0,0.0,0,0,0.0449,low,0
STU-2026-0205,-0.0796,0.2675,4.54,4.28,0,0,0.0,0.0,0,0,0.02,low,0
STU-2026-0206,-0.303,-0.1678,3.38,3.38,7,3,0.102,0.1114,1,0,0.4436,medium,0
STU-2026-0207,-0.0195,0.4427,4.21,4.33,0,0,0.0,0.0,0,0,0.02,low,0
STU-2026-0208,0.0137,0.4582,5.0,5.0,0,1,0.0,0.0,0,0,0.02,low,0
STU-2026-0209,-0.0315,0.2959,4.13,3.7,0,1,0.0,0.0,0,0,0.02,low,0
STU-2026-0210,-0.5178,-1.3333,2.74,2.55,7,3,0.1222,0.2758,2,0,0.8509,high,1
STU-2026-0211,0.0298,0.2375,5.0,4.64,1,0,0.0,0.0,0,0,0.0442,low,0
STU-2026-0212,-0.0524,0.0031,4.27,4.11,1,0,0.0,0.0,0,0,0.0257,low,0
STU-2026-0213,-0.1556,-0.2804,3.15,2.79,4,2,0.1117,0.121,0,1,0.4723,medium,0
STU-2026-0214,0.0443,0.6407,3.74,3.99,0,0,0.0,0.0,0,0,0.02,low,0
STU-2026-0215,0.0392,0.2889,3.8,4.03,1,0,0.0,0.0,0,0,0.02,low,0
STU-2026-0216,-0.0099,0.124,4.71,4.87,1,0,0.0,0.0,0,0,0.02,low,0
STU-2026-0217,-0.008,0.3623,4.94,4.35,0,0,0.0,0.0,0,0,0.0312,low,0
STU-2026-0218,0.0216,0.2198,4.25,4.07,0,1,0.0,0.0,0,0,0.02,low,0
STU-2026-0219,0.0621,-0.1348,4.25,4.35,0,0,0.0,0.0,0,0,0.0418,low,0
STU-2026-0220,-0.008,0.1095,4.89,4.55,1,2,0.0,0.0,1,0,0.02,low,0
STU-2026-0221,-0.5807,-1.3838,1.89,2.17,3,2,0.2569,0.2342,2,1,0.755,high,1
STU-2026-0222,0.0403,-0.0143,4.09,3.92,0,0,0.0,0.0,0,0,0.053,low,0
STU-2026-0223,-0.2112,-0.2507,3.44,3.01,1,1,0.103,0.1072,0,0,0.4171,medium,0
STU-2026-0224,-0.227,-0.8747,3.24,2.73,2,0,0.0559,0.1038,1,0,0.4522,medium,0
STU-2026-0225,-0.0041,0.2949,4.48,4.69,0,0,0.0,0.0,0,0,0.02,low,0
STU-2026-0226,0.0135,0.6299,4.57,4.87,0,0,0.0,0.0,1,0,0.02,low,0
STU-2026-0227,-0.0096,0.2834,3.87,4.13,0,0,0.0,0.0,0,0,0.0228,low,0
STU-2026-0228,0.0648,0.1898,4.37,3.84,0,0,0.0,0.0,0,0,0.02,low,0
STU-2026-0229,0.0375,0.1978,4.56,4.23,0,1,0.0,0.0,0,0,0.02,low,0
STU-2026-0230,-0.4702,-2.2453,1.21,1.79,7,2,0.1736,0.2047,2,0,0.8063,high,1
STU-2026-0231,-0.114,-0.649,2.82,2.94,1,1,0.0979,0.1115,2,0,0.4735,medium,0
STU-2026-0232,-0.075,0.2767,3.95,3.54,0,0,0.0,0.0,0,0,0.0265,low,0
STU-2026-0233,0.0085,0.3963,4.71,4.63,0,0,0.0,0.0,0,0,0.0351,low,0
STU-2026-0234,-0.1358,-0.811,3.25,3.18,1,1,0.1395,0.1161,1,0,0.493,medium,0
STU-2026-0235,-0.0046,0.0738,4.29,4.19,0,0,0.0,0.0,0,0,0.02,low,0
STU-2026-0236,0.0169,0.4453,4.12,3.98,0,0,0.0,0.0,0,0,0.02,low,0
STU-2026-0237,0.046,0.5052,4.84,4.68,0,1,0.0,0.0,0,0,0.0571,low,0
STU-2026-0238,-0.1857,-0.514,3.08,3.21,3,2,0.0747,0.1461,0,0,0.472,medium,0
STU-2026-0239,0.1125,0.2931,4.02,4.84,0,1,0.0,0.0,0,0,0.0443,low,0
STU-2026-0240,0.0549,0.4646,3.27,3.34,1,0,0.0,0.0,0,0,0.02,low,0
STU-2026-0241,0.0743,-0.0723,3.89,4.13,0,0,0.0,0.0,0,0,0.0582,low,0
STU-2026-0242,-0.0622,0.1528,4.08,3.89,0,0,0.0,0.0,0,0,0.02,low,0
STU-2026-0243,-0.2013,-0.5803,2.58,2.51,4,0,0.0728,0.1903,1,0,0.5555,medium,0
STU-2026-0244,0.094,0.3259,4.04,3.5,0,0,0.0,0.0,0,0,0.02,low,0
STU-2026-0245,-0.5687,-1.4736,1.87,1.87,7,4,0.0573,0.2442,1,1,0.7965,high,1
STU-2026-0246,-0.5351,-1.9453,2.07,1.75,7,4,0.1952,0.2037,3,0,0.811,high,1
STU-2026-0247,0.0211,0.2219,4.12,3.99,1,0,0.0,0.0,0,0,0.02,low,0
STU-2026-0248,-0.2013,-1.078,2.44,2.71,1,1,0.0956,0.1554,2,1,0.4716,medium,0
STU-2026-0249,-0.6328,-1.1398,2.2,2.22,6,4,0.2262,0.2106,2,0,0.8223,high,1
STU-2026-0250,0.0558,0.537,4.11,3.69,0,0,0.0,0.0,0,1,0.02,low,0
STU-2026-0251,-0.6411,-1.3983,2.03,2.3,6,6,0.1102,0.2222,2,0,0.7752,high,1
STU-2026-0252,0.029,0.3622,4.2,3.85,1,1,0.0,0.0,0,0,0.02,low,0
STU-2026-0253,-0.3146,-1.7436,1.98,2.34,7,1,0.2302,0.2242,2,1,0.8065,high,1
STU-2026-0254,0.0762,-0.0713,3.74,3.55,0,0,0.0,0.0,0,0,0.039,low,0
STU-2026-0255,-0.0934,0.3859,4.15,4.11,0,1,0.0,0.0,0,0,0.02,low,0
STU-2026-0256,0.0446,0.4904,4.09,4.52,1,0,0.0,0.0,1,0,0.0452,low,0
STU-2026-0257,0.1141,0.1236,4.03,4.39,1,0,0.0,0.0,0,0,0.02,low,0
STU-2026-0258,-0.1691,-0.5779,3.01,2.99,4,1,0.0947,0.0672,1,1,0.527,medium,0
STU-2026-0259,-0.0082,0.2513,4.58,4.57,2,1,0.0,0.0,0,0,0.0318,low,0
STU-2026-0260,0.0687,0.7116,4.88,4.56,1,0,0.0,0.0,0,0,0.0468,low,0
STU-2026-0261,0.0272,0.1356,4.15,4.4,0,2,0.0,0.0,0,0,0.02,low,0
STU-2026-0262,-0.1402,-0.6802,3.41,2.88,3,0,0.1373,0.113,0,0,0.4933,medium,0
STU-2026-0263,-0.6189,-1.1231,1.79,1.98,6,1,0.218,0.2412,2,0,0.8052,high,1
STU-2026-0264,-0.0069,-0.0272,4.14,4.14,0,0,0.0,0.0,0,0,0.02,low,0
STU-2026-0265,0.0204,0.0969,3.91,4.25,1,0,0.0,0.0,0,0,0.02,low,0
STU-2026-0266,0.0533,0.4281,4.14,4.03,0,0,0.0,0.0,0,1,0.02,low,0
STU-2026-0267,0.0771,-0.3987,4.29,3.82,1,0,0.0,0.0,1,0,0.02,low,0
STU-2026-0268,-0.1134,-0.6502,2.84,3.31,3,2,0.0777,0.083,0,0,0.5232,medium,0
STU-2026-0269,-0.0331,0.5934,3.94,3.96,0,0,0.0,0.0,0,0,0.02,low,0
STU-2026-0270,0.0615,-0.0305,4.77,4.32,0,0,0.0,0.0,0,0,0.02,low,0
STU-2026-0271,-0.023,0.1997,4.84,4.62,1,0,0.0,0.0,0,0,0.02,low,0
STU-2026-0272,-0.0402,-0.3525,2.75,2.76,5,1,0.1306,0.1492,0,0,0.4983,medium,0
STU-2026-0273,0.076,0.4549,4.45,4.7,0,0,0.0,0.0,0,0,0.02,low,0
STU-2026-0274,-0.0438,0.3928,4.16,4.09,1,0,0.0,0.0,0,0,0.02,low,0
STU-2026-0275,-0.0066,-0.4841,3.74,3.19,1,0,0.1323,0.1128,2,0,0.4755,medium,0
STU-2026-0276,-0.1827,-0.3134,2.44,2.79,1,2,0.0491,0.0936,1,1,0.4791,medium,0
STU-2026-0277,0.0056,0.4943,4.18,4.0,0,1,0.0,0.0,0,0,0.0635,low,0
STU-2026-0278,0.0929,0.2397,3.88,3.75,0,0,0.0,0.0,0,0,0.02,low,0
STU-2026-0279,-0.6173,-1.9456,2.06,2.06,2,5,0.1382,0.1878,1,0,0.7914,high,1
STU-2026-0280,-0.0858,0.0996,3.62,3.92,0,0,0.0,0.0,0,0,0.02,low,0
STU-2026-0281,-0.0454,-0.1936,4.45,4.25,0,0,0.0,0.0,0,0,0.0394,low,0
STU-2026-0282,-0.024,0.2416,4.07,3.99,0,0,0.0,0.0,0,0,0.0207,low,0
STU-2026-0283,-0.2287,-0.6863,3.01,3.56,2,2,0.0727,0.1071,1,0,0.4856,medium,0
STU-2026-0284,-0.1445,-0.5819,2.35,2.98,3,1,0.1264,0.0808,1,0,0.4743,medium,0
STU-2026-0285,-0.468,-1.5766,2.04,2.12,7,2,0.2982,0.2844,3,0,0.8348,high,1
STU-2026-0286,-0.009,0.1308,4.91,4.94,1,0,0.0,0.0,0,0,0.0468,low,0
STU-2026-0287,0.0324,0.0501,3.92,4.02,0,0,0.0,0.0,0,0,0.02,low,0
STU-2026-0288,-0.5621,-1.5576,2.06,1.89,3,3,0.2083,0.1731,2,1,0.7493,high,1
STU-2026-0289,0.0117,0.3832,3.84,3.57,0,0,0.0,0.0,0,0,0.02,low,0
STU-2026-0290,-0.0162,0.4539,4.44,3.66,0,0,0.0,0.0,0,0,0.02,low,0
STU-2026-0291,-0.1954,-0.9096,2.69,3.46,4,0,0.0906,0.099,0,1,0.5133,medium,0
STU-2026-0292,-0.5766,-1.2541,1.48,1.71,5,5,0.2195,0.2803,1,1,0.7627,high,1
STU-2026-0293,-0.1726,-0.8402,3.57,4.05,1,1,0.126,0.1451,1,0,0.4938,medium,0
STU-2026-0294,0.0385,-0.1952,3.63,3.86,0,1,0.0,0.0,0,0,0.02,low,0
STU-2026-0295,-0.0083,0.9516,4.99,4.42,0,0,0.0,0.0,0,0,0.02,low,0
STU-2026-0296,-0.0285,0.2328,3.95,4.18,1,0,0.0,0.0,0,0,0.0371,low,0
STU-2026-0297,0.0161,0.0679,3.34,3.7,1,1,0.0,0.0,0,0,0.02,low,0
STU-2026-0298,0.1279,0.2485,4.26,3.84,1,0,0.0,0.0,0,0,0.0761,low,0
STU-2026-0299,0.0663,-0.0089,3.88,3.63,0,0,0.0,0.0,0,0,0.0252,low,0
STU-2026-0300,-0.6191,-1.2068,2.17,1.83,4,8,0.1626,0.2023,2,0,0.7631,high,1
STU-2026-0301,0.0767,0.3494,4.38,4.77,0,1,0.0,0.0,0,0,0.02,low,0
STU-2026-0302,-0.0942,-0.6579,3.51,3.27,2,0,0.0313,0.1413,2,0,0.4748,medium,0
STU-2026-0303,-0.2052,-0.9351,3.44,2.65,0,2,0.0933,0.1567,1,0,0.4904,medium,0
STU-2026-0304,-0.0695,0.3282,4.33,4.69,0,1,0.0,0.0,0,0,0.0431,low,0
STU-2026-0305,-0.5205,-1.0719,2.03,2.12,10,2,0.2082,0.1618,2,0,0.7954,high,1
STU-2026-0306,-0.523,-1.5368,1.77,1.8,5,6,0.1264,0.2693,3,0,0.8145,high,1
STU-2026-0307,0.0494,0.2317,3.98,3.97,1,1,0.0,0.0,0,0,0.0535,low,0
STU-2026-0308,0.0059,0.3923,4.82,4.84,3,0,0.0,0.0,1,0,0.02,low,0
STU-2026-0309,-0.2063,-0.8032,3.05,3.58,3,1,0.064,0.1,0,0,0.4479,medium,0
STU-2026-0310,-0.4427,-0.9066,1.93,2.18,6,3,0.1069,0.2118,2,1,0.7468,high,1
STU-2026-0311,0.026,-0.0936,4.39,4.54,1,0,0.0,0.0,0,0,0.0493,low,0
STU-2026-0312,0.0487,0.3438,4.85,4.79,0,0,0.0,0.0,0,0,0.02,low,0
STU-2026-0313,-0.0988,-0.3398,4.01,4.37,0,0,0.0,0.0,0,0,0.02,low,0
STU-2026-0314,0.0965,-0.161,4.74,4.93,0,0,0.0,0.0,0,0,0.0692,low,0
STU-2026-0315,0.06,0.1862,3.79,4.2,0,1,0.0,0.0,0,0,0.02,low,0
STU-2026-0316,-0.3544,-1.5209,2.54,2.38,4,1,0.1957,0.3046,2,1,0.8138,high,1
STU-2026-0317,0.0919,-0.0156,4.76,4.93,1,0,0.0,0.0,0,0,0.02,low,0
STU-2026-0318,0.069,-0.156,4.23,4.27,2,0,0.0,0.0,0,1,0.02,low,0
STU-2026-0319,-0.2032,-0.9842,2.88,2.82,2,0,0.0378,0.1646,0,0,0.5276,medium,0
STU-2026-0320,-0.5821,-1.8572,2.14,2.03,8,1,0.2794,0.2773,2,0,0.8883,high,1
STU-2026-0321,-0.0302,0.3942,3.98,3.63,1,0,0.0,0.0,0,0,0.02,low,0
STU-2026-0322,-0.0792,0.1423,4.1,4.08,0,0,0.0,0.0,0,0,0.02,low,0
STU-2026-0323,0.0867,0.2858,4.98,4.88,0,0,0.0,0.0,0,0,0.02,low,0
STU-2026-0324,-0.0155,0.0345,3.75,3.91,1,0,0.0,0.0,0,0,0.02,low,0
STU-2026-0325,-0.0301,0.5269,4.56,4.04,0,0,0.0,0.0,0,0,0.0226,low,0
STU-2026-0326,-0.0418,0.3561,4.6,4.28,2,0,0.0,0.0,0,0,0.023,low,0
STU-2026-0327,-0.0516,-0.4329,4.58,4.36,0,0,0.0,0.0,0,0,0.02,low,0
STU-2026-0328,0.0391,0.2831,3.85,3.91,0,0,0.0,0.0,0,0,0.0298,low,0
STU-2026-0329,0.0029,0.7124,4.21,3.94,1,0,0.0,0.0,1,0,0.0214,low,0
STU-2026-0330,0.0599,0.3697,5.0,4.97,2,0,0.0,0.0,0,0,0.04,low,0
STU-2026-0331,-0.0455,-0.3593,4.24,4.35,0,0,0.0,0.0,0,0,0.02,low,0
STU-2026-0332,0.0628,0.1969,3.7,3.59,0,0,0.0,0.0,0,0,0.0481,low,0
STU-2026-0333,-0.156,-1.2701,3.58,3.27,1,0,0.1199,0.1028,0,0,0.4804,medium,0
STU-2026-0334,-0.0873,0.3192,5.0,5.0,0,0,0.0,0.0,0,0,0.02,low,0
STU-2026-0335,0.0024,0.1815,4.57,4.67,0,0,0.0,0.0,0,0,0.02,low,0
STU-2026-0336,-0.0706,0.2908,3.73,3.99,0,0,0.0,0.0,0,1,0.02,low,0
STU-2026-0337,0.01,-0.0794,4.1,3.99,0,0,0.0,0.0,0,0,0.0422,low,0
STU-2026-0338,0.0275,0.6013,4.9,4.39,0,0,0.0,0.0,1,0,0.02,low,0
STU-2026-0339,-0.1551,-0.7131,3.3,2.85,1,1,0.0816,0.101,0,0,0.4475,medium,0
STU-2026-0340,-0.1475,-0.5104,3.14,2.71,3,0,0.0984,0.1552,0,0,0.4926,medium,0
STU-2026-0341,-0.1331,-0.9645,2.65,2.8,2,1,0.0552,0.1397,0,0,0.4788,medium,0
STU-2026-0342,0.0417,0.4207,4.17,4.32,0,0,0.0,0.0,0,0,0.02,low,0
STU-2026-0343,-0.3384,-1.3665,2.1,2.27,9,5,0.1641,0.3055,1,0,0.8036,high,1
STU-2026-0344,-0.0901,0.3959,3.81,4.0,0,0,0.0,0.0,0,0,0.02,low,0
STU-2026-0345,-0.0241,-0.0103,5.0,4.62,1,0,0.0,0.0,0,0,0.02,low,0
STU-2026-0346,0.0252,-0.0622,4.65,4.74,0,0,0.0,0.0,0,0,0.02,low,0
STU-2026-0347,0.0429,0.0541,3.79,4.52,0,0,0.0,0.0,0,0,0.02,low,0
STU-2026-0348,0.0307,-0.1379,4.1,4.16,0,0,0.0,0.0,0,0,0.02,low,0
STU-2026-0349,-0.002,0.3853,3.87,3.62,0,0,0.0,0.0,0,0,0.02,low,0
STU-2026-0350,-0.1757,-0.5816,2.99,3.46,1,1,0.1182,0.1444,0,0,0.4623,medium,0
STU-2026-0351,-0.0371,0.2547,4.57,4.88,0,0,0.0,0.0,0,0,0.02,low,0
STU-2026-0352,0.0814,0.1077,4.12,4.07,1,0,0.0,0.0,0,0,0.02,low,0
STU-2026-0353,-0.0299,0.5353,4.38,4.07,0,1,0.0,0.0,0,0,0.039,low,0
STU-2026-0354,-0.0463,0.1199,5.0,5.0,0,0,0.0,0.0,1,0,0.02,low,0
STU-2026-0355,-0.3128,-1.3915,1.98,1.86,10,2,0.1298,0.2669,2,0,0.8184,high,1
STU-2026-0356,0.0872,-0.2127,4.61,4.74,0,0,0.0,0.0,0,0,0.0799,low,0
STU-2026-0357,0.0358,-0.2086,4.66,3.91,0,0,0.0,0.0,0,0,0.02,low,0
STU-2026-0358,0.071,0.5215,3.86,3.21,0,0,0.0,0.0,0,0,0.02,low,0
STU-2026-0359,0.0532,0.2287,4.05,4.4,0,0,0.0,0.0,0,0,0.02,low,0
STU-2026-0360,-0.0463,0.115,4.6,3.99,0,0,0.0,0.0,0,0,0.02,low,0
STU-2026-0361,-0.0629,-0.0943,4.7,4.42,2,0,0.0,0.0,0,0,0.02,low,0
STU-2026-0362,0.0182,0.4961,3.16,3.84,0,0,0.0,0.0,0,0,0.0206,low,0
STU-2026-0363,-0.1645,-0.723,2.99,2.83,7,3,0.0603,0.1536,0,0,0.4682,medium,0
STU-2026-0364,-0.1559,-0.7288,3.95,3.4,4,2,0.1225,0.0874,2,0,0.493,medium,0
STU-2026-0365,0.0375,0.5883,4.38,4.37,1,0,0.0,0.0,0,1,0.02,low,0
STU-2026-0366,-0.0511,0.1849,4.55,4.51,1,2,0.0,0.0,0,0,0.0329,low,0
STU-2026-0367,0.064,-0.0118,3.94,4.33,0,0,0.0,0.0,0,0,0.02,low,0
STU-2026-0368,-0.0891,-0.4471,2.99,3.05,1,1,0.1302,0.1072,0,0,0.5086,medium,0
STU-2026-0369,0.0557,0.2725,3.81,4.25,0,0,0.0,0.0,0,0,0.02,low,0
STU-2026-0370,0.0677,0.06,3.89,3.81,0,0,0.0,0.0,0,0,0.02,low,0
STU-2026-0371,-0.1412,-0.7984,3.06,3.33,5,0,0.1009,0.1378,0,0,0.4626,medium,0
STU-2026-0372,-0.0201,0.6197,4.01,4.58,0,0,0.0,0.0,0,0,0.02,low,0
STU-2026-0373,-0.0164,0.3854,4.14,3.94,1,0,0.0,0.0,1,0,0.02,low,0
STU-2026-0374,-0.001,0.7634,4.27,4.91,0,0,0.0,0.0,0,0,0.0289,low,0
STU-2026-0375,-0.0034,0.378,4.3,4.23,1,0,0.0,0.0,0,0,0.065,low,0
STU-2026-0376,-0.0241,0.4235,4.23,4.26,0,0,0.0,0.0,0,0,0.0287,low,0
STU-2026-0377,-0.5545,-1.7951,2.64,2.7,7,2,0.1605,0.2423,3,2,0.8261,high,1
STU-2026-0378,-0.3996,-1.16,1.88,2.2,6,1,0.2251,0.2565,2,1,0.78,high,1
STU-2026-0379,0.1297,0.1757,3.04,3.63,0,0,0.0,0.0,0,0,0.02,low,0
STU-2026-0380,-0.0253,-0.0549,4.24,4.63,0,0,0.0,0.0,0,0,0.02,low,0
STU-2026-0381,-0.0124,-0.0174,3.91,4.09,0,0,0.0,0.0,0,0,0.0574,low,0
STU-2026-0382,0.047,0.1476,4.48,4.44,0,0,0.0,0.0,0,0,0.02,low,0
STU-2026-0383,0.0381,-0.1137,4.6,4.07,1,0,0.0,0.0,0,0,0.025,low,0
STU-2026-0384,-0.0149,-0.1352,4.62,4.17,1,0,0.0,0.0,0,0,0.042,low,0
STU-2026-0385,0.0317,-0.3649,3.2,3.85,1,0,0.0,0.0,0,0,0.02,low,0
STU-2026-0386,-0.4709,-1.2488,1.08,2.05,7,3,0.1917,0.257,2,0,0.8167,high,1
STU-2026-0387,-0.5161,-1.2226,1.98,1.8,6,2,0.2128,0.2113,2,0,0.7588,high,1
STU-2026-0388,-0.1007,0.3507,4.21,3.66,0,0,0.0,0.0,0,0,0.0449,low,0
STU-2026-0389,-0.0123,0.3168,3.68,4.09,1,0,0.0,0.0,0,0,0.0248,low,0
STU-2026-0390,-0.2965,-0.8711,2.6,2.83,5,2,0.0837,0.1242,0,0,0.5004,medium,0
STU-2026-0391,0.0251,0.6064,3.75,4.26,1,0,0.0,0.0,0,1,0.0875,low,0
STU-2026-0392,0.0452,0.4124,4.64,4.21,2,0,0.0,0.0,0,0,0.02,low,0
STU-2026-0393,-0.21,-0.929,2.43,2.22,1,1,0.1131,0.068,0,0,0.4785,medium,0
STU-2026-0394,0.1467,0.4772,4.28,4.63,0,1,0.0,0.0,0,0,0.02,low,0
STU-2026-0395,0.0563,0.0298,4.37,4.64,0,0,0.0,0.0,0,0,0.02,low,0
STU-2026-0396,-0.0412,0.2179,4.03,4.2,0,0,0.0,0.0,0,0,0.02,low,0
STU-2026-0397,-0.2949,-1.6199,1.54,1.85,9,2,0.2239,0.2955,2,0,0.8389,high,1
STU-2026-0398,-0.0261,0.1071,4.37,3.9,1,1,0.0,0.0,1,0,0.02,low,0
STU-2026-0399,0.0115,0.3048,4.83,4.17,1,1,0.0,0.0,0,0,0.0256,low,0
STU-2026-0400,0.0324,0.7651,4.29,4.61,0,1,0.0,0.0,0,0,0.02,low,0
STU-2026-0401,0.003,0.2588,3.84,3.6,0,0,0.0,0.0,0,0,0.02,low,0
STU-2026-0402,0.0366,0.2382,5.0,4.56,0,0,0.0,0.0,1,0,0.02,low,0
STU-2026-0403,-0.0832,0.1541,4.36,4.08,1,0,0.0,0.0,0,0,0.02,low,0
STU-2026-0404,-0.0002,0.0557,4.4,4.3,2,0,0.0,0.0,0,0,0.065,low,0
STU-2026-0405,0.0958,0.484,4.35,4.31,2,0,0.0,0.0,0,0,0.0709,low,0
STU-2026-0406,-0.0293,0.3959,4.13,3.89,0,1,0.0,0.0,1,0,0.02,low,0
STU-2026-0407,-0.1863,-0.9172,3.46,3.76,1,1,0.1183,0.1143,0,0,0.4641,medium,0
STU-2026-0408,-0.078,0.4127,3.59,3.7,0,0,0.0,0.0,1,0,0.02,low,0
STU-2026-0409,0.1251,0.2415,3.7,4.1,0,0,0.0,0.0,0,0,0.02,low,0
STU-2026-0410,-0.1991,-0.7021,3.09,2.52,3,1,0.1343,0.1068,0,1,0.5107,medium,0
STU-2026-0411,-0.0115,0.4161,3.98,4.14,0,0,0.0,0.0,0,0,0.0206,low,0
STU-2026-0412,-0.0596,-1.1694,3.25,3.36,2,0,0.1397,0.1042,1,0,0.5316,medium,0
STU-2026-0413,0.0368,0.1495,4.88,4.66,1,0,0.0,0.0,0,0,0.02,low,0
STU-2026-0414,-0.0855,0.2393,4.42,4.47,1,2,0.0,0.0,0,0,0.0211,low,0
STU-2026-0415,0.0372,0.2205,4.36,4.04,0,0,0.0,0.0,0,0,0.0375,low,0
STU-2026-0416,-0.1582,-0.7336,3.95,4.01,2,1,0.123,0.1405,0,0,0.4304,medium,0
STU-2026-0417,0.108,0.2826,4.67,4.9,0,0,0.0,0.0,0,0,0.02,low,0
STU-2026-0418,0.0051,0.0659,4.58,4.37,0,0,0.0,0.0,1,1,0.02,low,0
STU-2026-0419,0.0122,0.001,4.27,4.18,1,0,0.0,0.0,0,0,0.02,low,0
STU-2026-0420,-0.0353,0.2342,3.51,3.89,0,0,0.0,0.0,0,0,0.02,low,0
STU-2026-0421,-0.0069,0.0698,4.52,4.29,1,0,0.0,0.0,0,0,0.02,low,0
STU-2026-0422,0.1153,0.1693,3.68,3.83,0,0,0.0,0.0,0,0,0.02,low,0
STU-2026-0423,-0.0023,0.1113,4.37,4.36,0,0,0.0,0.0,0,0,0.02,low,0
STU-2026-0424,-0.129,-0.618,3.15,2.73,4,3,0.1371,0.1011,0,1,0.4584,medium,0
STU-2026-0425,0.0317,-0.0252,4.47,4.47,0,0,0.0,0.0,0,0,0.02,low,0
STU-2026-0426,0.118,0.1614,3.6,4.2,0,0,0.0,0.0,0,0,0.02,low,0
STU-2026-0427,-0.1158,-1.1167,3.35,3.16,1,1,0.097,0.1615,0,0,0.4753,medium,0
STU-2026-0428,-0.0035,-0.1604,3.76,3.38,0,1,0.0,0.0,0,0,0.0541,low,0
STU-2026-0429,-0.0762,0.5796,4.56,4.08,0,0,0.0,0.0,0,0,0.02,low,0
STU-2026-0430,0.0133,0.1312,3.13,3.48,1,0,0.0,0.0,0,0,0.0322,low,0
STU-2026-0431,0.0459,0.1707,4.23,3.91,0,0,0.0,0.0,1,0,0.0428,low,0
STU-2026-0432,0.0004,-0.3038,4.33,4.36,1,0,0.0,0.0,1,0,0.026,low,0
STU-2026-0433,-0.0062,0.0863,4.02,4.48,1,0,0.0,0.0,0,0,0.02,low,0
STU-2026-0434,-0.0435,-0.1928,4.09,4.49,1,0,0.0,0.0,0,0,0.02,low,0
STU-2026-0435,-0.1092,-0.4856,3.36,3.58,2,1,0.0922,0.1145,0,1,0.4516,medium,0
STU-2026-0436,0.0154,0.2064,3.81,4.54,0,0,0.0,0.0,0,0,0.02,low,0
STU-2026-0437,0.0039,0.5736,3.55,3.86,1,0,0.0,0.0,0,0,0.02,low,0
STU-2026-0438,-0.2362,-0.9811,2.51,2.53,5,5,0.1647,0.2191,1,2,0.7309,high,1
STU-2026-0439,-0.0089,0.8719,4.39,3.95,0,0,0.0,0.0,0,0,0.02,low,0
STU-2026-0440,-0.0004,0.2512,4.71,4.12,0,0,0.0,0.0,0,0,0.02,low,0
STU-2026-0441,-0.0482,-0.1023,4.08,3.73,0,0,0.0,0.0,0,0,0.02,low,0
STU-2026-0442,-0.0318,0.2901,4.52,4.59,0,1,0.0,0.0,0,0,0.02,low,0
STU-2026-0443,0.0902,0.4702,4.38,4.17,0,0,0.0,0.0,0,0,0.02,low,0
STU-2026-0444,0.0082,0.5119,4.43,4.78,1,0,0.0,0.0,0,0,0.02,low,0
STU-2026-0445,-0.3976,-1.6009,2.8,2.5,5,1,0.2769,0.1225,4,0,0.7754,high,1
STU-2026-0446,-0.0049,0.0579,3.71,3.73,0,1,0.0,0.0,0,0,0.02,low,0
STU-2026-0447,-0.0429,0.3053,4.15,4.51,0,0,0.0,0.0,0,0,0.02,low,0
STU-2026-0448,-0.1335,-0.6134,2.51,2.59,1,1,0.0887,0.1562,1,0,0.5183,medium,0
STU-2026-0449,-0.0317,0.261,3.19,3.59,1,0,0.0,0.0,0,0,0.02,low,0
STU-2026-0450,-0.4153,-1.9668,1.52,1.58,6,3,0.2243,0.1485,1,1,0.7957,high,1
STU-2026-0451,-0.1246,-0.6401,3.56,3.44,4,1,0.1143,0.1383,0,0,0.5219,medium,0
STU-2026-0452,-0.1048,-0.9508,3.31,3.49,1,4,0.0631,0.1164,1,0,0.4188,medium,0
STU-2026-0453,-0.0036,0.1491,4.21,4.11,0,0,0.0,0.0,0,0,0.0244,low,0
STU-2026-0454,0.063,0.2898,4.42,3.82,0,0,0.0,0.0,0,0,0.02,low,0
STU-2026-0455,0.0843,0.069,4.63,4.56,1,0,0.0,0.0,0,0,0.039,low,0
STU-2026-0456,0.0657,0.4088,5.0,4.87,0,0,0.0,0.0,0,0,0.02,low,0
STU-2026-0457,0.0741,-0.1214,3.56,3.64,0,1,0.0,0.0,0,0,0.0262,low,0
STU-2026-0458,0.0299,0.0501,4.12,4.29,0,0,0.0,0.0,0,0,0.0539,low,0
STU-2026-0459,0.0318,0.3328,4.83,4.86,0,0,0.0,0.0,0,0,0.0392,low,0
STU-2026-0460,-0.4491,-1.663,2.42,2.39,2,3,0.2708,0.2551,1,0,0.7541,high,1
STU-2026-0461,0.0754,0.069,4.05,4.53,1,0,0.0,0.0,0,0,0.02,low,0
STU-2026-0462,-0.1954,-0.4926,2.74,3.76,5,0,0.1079,0.1497,0,0,0.4464,medium,0
STU-2026-0463,0.1215,0.4348,4.38,4.12,0,1,0.0,0.0,0,0,0.0432,low,0
STU-2026-0464,-0.1672,-0.7921,3.58,3.24,4,1,0.1198,0.1738,0,0,0.5275,medium,0
STU-2026-0465,-0.0046,0.3466,4.71,4.69,0,0,0.0,0.0,0,0,0.0207,low,0
STU-2026-0466,0.0648,0.1568,3.94,4.32,2,0,0.0,0.0,0,0,0.0666,low,0
STU-2026-0467,-0.1594,-0.3655,3.78,3.66,7,0,0.0761,0.1219,0,0,0.4724,medium,0
STU-2026-0468,-0.1868,-0.6746,2.98,4.06,3,2,0.14,0.1111,1,0,0.5301,medium,0
STU-2026-0469,0.1145,0.3993,5.0,4.59,1,0,0.0,0.0,0,0,0.02,low,0
STU-2026-0470,-0.1017,-0.6361,2.03,2.24,2,1,0.1392,0.0976,2,0,0.4554,medium,0
STU-2026-0471,0.0239,-0.0372,4.79,4.83,1,0,0.0,0.0,0,0,0.0361,low,0
STU-2026-0472,-0.4396,-1.1511,1.74,1.98,8,3,0.1569,0.2486,3,1,0.7975,high,1
STU-2026-0473,-0.1589,-0.3595,2.26,2.89,5,1,0.071,0.1122,1,0,0.4939,medium,0
STU-2026-0474,0.1054,0.2588,4.15,4.15,0,0,0.0,0.0,0,0,0.02,low,0
STU-2026-0475,-0.0107,0.1971,3.93,4.13,0,1,0.0,0.0,0,0,0.0377,low,0
STU-2026-0476,-0.2558,-0.4859,3.57,3.12,5,1,0.1641,0.1098,0,0,0.5277,medium,0
STU-2026-0477,-0.0868,-0.5864,3.76,4.01,5,1,0.044,0.1052,2,1,0.4815,medium,0
STU-2026-0478,-0.5239,-1.5714,2.53,2.64,6,1,0.1258,0.1616,3,2,0.7709,high,1
STU-2026-0479,0.0099,0.3721,3.56,3.53,0,0,0.0,0.0,0,0,0.0375,low,0
STU-2026-0480,0.0542,0.1282,4.03,3.82,0,0,0.0,0.0,0,0,0.02,low,0
STU-2026-0481,-0.0197,0.3864,5.0,5.0,0,0,0.0,0.0,0,0,0.02,low,0
STU-2026-0482,0.0645,-0.2281,3.84,4.31,0,0,0.0,0.0,0,0,0.0311,low,0
STU-2026-0483,-0.7615,-1.3932,1.92,1.31,6,1,0.2343,0.221,2,1,0.7441,high,1
STU-2026-0484,0.031,0.4893,4.55,4.06,0,0,0.0,0.0,1,0,0.02,low,0
STU-2026-0485,-0.0179,-0.0721,3.58,3.89,0,0,0.0,0.0,0,0,0.02,low,0
STU-2026-0486,-0.1817,-0.7905,2.99,3.1,1,0,0.0826,0.1334,1,0,0.4696,medium,0
STU-2026-0487,0.116,-0.3215,4.24,3.78,0,0,0.0,0.0,0,0,0.0504,low,0
STU-2026-0488,0.0623,0.9256,4.36,4.25,0,0,0.0,0.0,0,0,0.0383,low,0
STU-2026-0489,0.0316,0.843,3.94,4.39,1,0,0.0,0.0,0,0,0.032,low,0
STU-2026-0490,-0.0042,0.6115,4.14,3.96,1,0,0.0,0.0,0,0,0.02,low,0
STU-2026-0491,0.0297,0.4229,4.08,4.31,0,0,0.0,0.0,0,0,0.02,low,0
STU-2026-0492,0.0437,-0.2616,3.6,3.22,0,0,0.0,0.0,0,0,0.0422,low,0
STU-2026-0493,0.1164,0.1814,3.94,3.95,0,0,0.0,0.0,0,0,0.0525,low,0
STU-2026-0494,0.0459,0.3489,4.08,4.01,2,0,0.0,0.0,0,0,0.0501,low,0
STU-2026-0495,0.0238,-0.3363,4.1,3.69,0,0,0.0,0.0,0,0,0.02,low,0
STU-2026-0496,-0.5156,-1.4825,1.93,2.12,9,3,0.1383,0.2085,2,0,0.8176,high,1
STU-2026-0497,-0.5067,-1.5939,2.81,2.56,8,2,0.1061,0.1725,3,0,0.8178,high,1
STU-2026-0498,-0.2634,-0.5614,3.52,3.51,5,0,0.0781,0.1061,2,0,0.5463,medium,0
STU-2026-0499,-0.4813,-1.7154,1.9,1.75,11,1,0.2199,0.2902,3,0,0.8794,high,1
STU-2026-0500,-0.3032,-1.2032,1.71,1.63,9,2,0.2191,0.229,3,1,0.8605,high,1
STU-2026-0501,-0.0843,0.2981,4.32,4.03,0,0,0.0,0.0,1,0,0.0387,low,0
STU-2026-0502,0.0303,0.1179,4.39,4.33,1,0,0.0,0.0,0,0,0.02,low,0
STU-2026-0503,-0.0019,-0.047,3.74,4.29,0,0,0.0,0.0,0,0,0.0494,low,0
STU-2026-0504,0.0248,-0.155,4.83,4.85,1,0,0.0,0.0,0,0,0.0327,low,0
STU-2026-0505,0.0365,-0.2543,3.7,3.75,0,1,0.0,0.0,0,0,0.0567,low,0
STU-2026-0506,0.0118,0.0544,3.7,3.19,0,0,0.0,0.0,0,0,0.02,low,0
STU-2026-0507,-0.0507,0.0115,4.1,4.29,0,0,0.0,0.0,0,0,0.02,low,0
STU-2026-0508,0.0885,0.0092,4.61,4.23,0,0,0.0,0.0,0,0,0.02,low,0
STU-2026-0509,-0.1328,-0.8957,1.83,2.35,3,1,0.1121,0.142,0,0,0.5249,medium,0
STU-2026-0510,-0.1477,-0.7869,3.22,3.13,1,1,0.1455,0.1565,0,0,0.4458,medium,0
STU-2026-0511,-0.0913,-0.3464,3.2,3.18,0,0,0.1315,0.1252,0,0,0.4679,medium,0
STU-2026-0512,-0.1278,-0.468,2.26,2.13,6,1,0.1058,0.1524,2,0,0.4829,medium,0
STU-2026-0513,-0.1295,-0.4381,4.03,3.75,3,0,0.1257,0.1056,0,1,0.4953,medium,0
STU-2026-0514,0.1308,0.3503,4.77,4.63,0,0,0.0,0.0,0,0,0.02,low,0
STU-2026-0515,-0.0346,0.2847,3.59,3.71,0,0,0.0,0.0,0,0,0.02,low,0
STU-2026-0516,-0.6141,-1.3459,1.99,2.1,5,3,0.1609,0.2251,1,0,0.7919,high,1
STU-2026-0517,-0.111,-0.6771,3.5,3.55,0,1,0.128,0.1906,1,0,0.437,medium,0
STU-2026-0518,-0.4231,-1.1959,1.67,1.73,4,2,0.1454,0.1611,4,2,0.7507,high,1
STU-2026-0519,-0.0022,0.0241,4.67,4.97,0,1,0.0,0.0,0,1,0.02,low,0
STU-2026-0520,0.0082,0.2135,3.67,3.67,1,2,0.0,0.0,0,0,0.02,low,0
STU-2026-0521,0.0686,0.3597,4.19,4.01,1,0,0.0,0.0,0,0,0.0257,low,0
STU-2026-0522,-0.017,0.4668,3.87,3.84,0,0,0.0,0.0,0,0,0.02,low,0
STU-2026-0523,-0.0214,0.0664,4.61,4.4,0,0,0.0,0.0,0,0,0.032,low,0
STU-2026-0524,0.0632,-0.1243,5.0,4.57,0,0,0.0,0.0,0,0,0.0582,low,0
STU-2026-0525,-0.1435,-1.1326,1.62,1.44,7,5,0.167,0.3067,1,1,0.8093,high,1
STU-2026-0526,-0.0073,0.4828,4.38,4.17,0,0,0.0,0.0,0,0,0.02,low,0
STU-2026-0527,0.0341,0.5319,4.02,4.01,1,0,0.0,0.0,0,0,0.02,low,0
STU-2026-0528,0.1294,0.5449,4.39,4.42,0,0,0.0,0.0,0,0,0.037,low,0
STU-2026-0529,-0.0358,-0.0135,4.3,4.09,0,1,0.0,0.0,0,0,0.02,low,0
STU-2026-0530,0.0314,0.4616,4.48,3.67,0,0,0.0,0.0,1,0,0.02,low,0
STU-2026-0531,0.071,0.0488,4.12,4.62,0,1,0.0,0.0,1,0,0.02,low,0
STU-2026-0532,-0.026,0.3476,4.35,3.91,0,0,0.0,0.0,0,0,0.02,low,0
STU-2026-0533,-0.0115,0.2682,3.55,3.62,0,0,0.0,0.0,0,0,0.02,low,0
STU-2026-0534,0.0415,0.2751,4.3,4.41,2,0,0.0,0.0,0,0,0.02,low,0
STU-2026-0535,0.05,0.2596,4.21,4.11,0,1,0.0,0.0,0,0,0.02,low,0
STU-2026-0536,0.119,0.514,5.0,4.81,2,0,0.0,0.0,1,0,0.02,low,0
STU-2026-0537,0.0229,0.3618,4.16,3.89,1,0,0.0,0.0,0,0,0.02,low,0
STU-2026-0538,0.0174,0.4112,3.33,3.83,1,0,0.0,0.0,0,0,0.02,low,0
STU-2026-0539,-0.4588,-2.1531,1.82,1.82,7,2,0.2658,0.1405,1,0,0.8524,high,1
STU-2026-0540,0.0873,0.3046,4.24,4.22,0,1,0.0,0.0,0,0,0.02,low,0
STU-2026-0541,-0.016,0.4547,3.72,3.5,1,1,0.0,0.0,0,0,0.02,low,0
STU-2026-0542,0.0107,0.435,3.63,3.86,0,0,0.0,0.0,0,0,0.02,low,0
STU-2026-0543,-0.0393,0.269,2.82,3.42,0,0,0.0,0.0,1,0,0.02,low,0
STU-2026-0544,0.0187,0.1654,4.25,3.7,0,0,0.0,0.0,0,0,0.02,low,0
STU-2026-0545,0.0832,0.2463,3.47,3.44,1,0,0.0,0.0,1,0,0.0379,low,0
STU-2026-0546,-0.0336,0.3132,4.06,4.51,0,0,0.0,0.0,0,0,0.0342,low,0
STU-2026-0547,0.006,0.3651,4.23,4.38,0,0,0.0,0.0,0,0,0.0633,low,0
STU-2026-0548,0.0291,0.1141,4.18,4.44,0,1,0.0,0.0,1,0,0.0306,low,0
STU-2026-0549,0.1514,0.2249,4.32,4.28,0,0,0.0,0.0,0,0,0.02,low,0
STU-2026-0550,0.0774,0.1153,4.44,4.34,1,0,0.0,0.0,0,0,0.02,low,0
STU-2026-0551,-0.3304,-1.6056,2.22,2.56,8,1,0.2306,0.1417,3,0,0.7608,high,1
STU-2026-0552,-0.3371,-1.4686,1.95,2.4,2,3,0.2143,0.2915,2,0,0.7514,high,1
STU-2026-0553,0.0891,0.3408,4.34,3.86,0,0,0.0,0.0,0,0,0.02,low,0
STU-2026-0554,0.0336,0.7085,3.99,3.96,0,0,0.0,0.0,0,0,0.0299,low,0
STU-2026-0555,-0.1781,-0.5385,2.37,2.7,3,3,0.099,0.0787,0,0,0.5044,medium,0
STU-2026-0556,-0.0117,0.114,4.24,4.43,0,0,0.0,0.0,0,0,0.02,low,0
STU-2026-0557,0.0642,-0.0002,4.11,3.88,1,0,0.0,0.0,0,0,0.0232,low,0
STU-2026-0558,0.0191,-0.2438,4.73,4.33,1,0,0.0,0.0,0,0,0.0958,low,0
STU-2026-0559,-0.0356,-0.0817,4.83,4.71,3,0,0.0,0.0,1,0,0.0753,low,0
STU-2026-0560,0.0722,0.4168,4.63,4.48,2,0,0.0,0.0,0,0,0.0334,low,0
STU-2026-0561,0.0383,0.5111,4.09,4.25,0,0,0.0,0.0,1,0,0.02,low,0
STU-2026-0562,0.1062,0.3132,4.15,4.4,0,0,0.0,0.0,0,0,0.046,low,0
STU-2026-0563,-0.0171,-0.597,3.51,3.33,4,0,0.1295,0.1057,2,0,0.5139,medium,0
STU-2026-0564,0.0158,0.5882,3.89,4.41,0,0,0.0,0.0,0,0,0.02,low,0
STU-2026-0565,0.0054,0.5347,4.37,4.06,1,1,0.0,0.0,0,0,0.02,low,0
STU-2026-0566,0.0484,0.1923,3.7,4.46,0,0,0.0,0.0,0,0,0.02,low,0
STU-2026-0567,0.0343,0.0679,4.39,4.19,0,0,0.0,0.0,0,0,0.0251,low,0
STU-2026-0568,0.0949,0.0908,3.72,3.96,0,0,0.0,0.0,0,0,0.02,low,0
STU-2026-0569,-0.0214,0.2772,5.0,5.0,0,0,0.0,0.0,0,0,0.02,low,0
STU-2026-0570,-0.2349,-0.9879,3.03,3.16,6,3,0.115,0.1248,2,0,0.5464,medium,0
STU-2026-0571,-0.0061,0.6268,3.75,4.28,0,0,0.0,0.0,0,0,0.02,low,0
STU-2026-0572,-0.0283,0.6415,4.2,4.4,0,0,0.0,0.0,0,0,0.02,low,0
STU-2026-0573,0.1193,0.1648,3.61,3.55,0,0,0.0,0.0,0,0,0.02,low,0
STU-2026-0574,-0.5278,-1.2284,1.51,1.56,8,3,0.1734,0.3282,1,1,0.7924,high,1
STU-2026-0575,0.0275,0.1063,4.08,3.96,0,0,0.0,0.0,0,0,0.02,low,0
STU-2026-0576,0.0283,-0.2879,4.11,3.9,0,2,0.0,0.0,0,0,0.02,low,0
STU-2026-0577,-0.0938,0.2259,4.02,3.54,1,0,0.0,0.0,1,0,0.02,low,0
STU-2026-0578,-0.014,0.0535,3.91,3.7,1,0,0.0,0.0,0,0,0.0576,low,0
STU-2026-0579,-0.288,-1.0691,2.88,3.07,2,1,0.0732,0.1295,0,0,0.5321,medium,0
STU-2026-0580,0.0412,0.2605,4.52,4.23,1,0,0.0,0.0,1,0,0.03,low,0
STU-2026-0581,0.0287,-0.211,4.73,4.48,0,0,0.0,0.0,0,0,0.02,low,0
STU-2026-0582,-0.7173,-1.396,2.71,3.38,6,1,0.2318,0.2195,2,1,0.7427,high,1
STU-2026-0583,-0.0657,0.4113,4.52,4.34,0,1,0.0,0.0,0,0,0.02,low,0
STU-2026-0584,0.0148,0.1569,4.35,4.61,0,0,0.0,0.0,0,0,0.02,low,0
STU-2026-0585,0.0997,-0.0068,4.12,4.5,0,0,0.0,0.0,0,1,0.02,low,0
STU-2026-0586,-0.0892,-0.8187,3.11,2.85,4,1,0.0645,0.1325,0,0,0.518,medium,0
STU-2026-0587,0.0784,0.0665,3.58,3.84,0,0,0.0,0.0,0,0,0.0256,low,0
STU-2026-0588,-0.5278,-2.009,1.69,1.39,11,1,0.1244,0.2609,1,0,0.8589,high,1
STU-2026-0589,0.0902,0.2103,4.09,3.31,0,0,0.0,0.0,0,1,0.02,low,0
STU-2026-0590,-0.3814,-1.0934,1.84,1.57,4,2,0.1808,0.224,4,0,0.7449,high,1
STU-2026-0591,-0.0207,0.1993,4.7,4.88,0,0,0.0,0.0,0,0,0.02,low,0
STU-2026-0592,0.0757,0.3152,4.48,4.37,0,1,0.0,0.0,1,0,0.0497,low,0
STU-2026-0593,-0.0001,-0.0908,4.56,4.66,1,0,0.0,0.0,0,0,0.02,low,0
STU-2026-0594,0.0489,0.002,4.06,4.28,2,0,0.0,0.0,0,0,0.0297,low,0
STU-2026-0595,0.009,-1.0199,3.91,3.94,5,0,0.1419,0.1494,0,0,0.5073,medium,0
STU-2026-0596,0.0116,0.3161,3.91,3.93,0,0,0.0,0.0,0,0,0.02,low,0
STU-2026-0597,0.0229,-0.0684,4.25,4.12,1,0,0.0,0.0,0,0,0.02,low,0
STU-2026-0598,-0.0309,0.8869,4.33,4.46,0,0,0.0,0.0,0,0,0.02,low,0
STU-2026-0599,-0.4255,-1.2919,2.0,2.26,8,2,0.1939,0.2137,1,0,0.7982,high,1
STU-2026-0600,-0.2424,-0.6046,2.61,2.8,4,1,0.0883,0.118,0,0,0.5059,medium,0
STU-2026-0001,0.0294,0.2735,4.79,4.25,0,0,0.0,0.0,0,0,0.0355,low,0
STU-2026-0002,-0.0235,0.2407,4.29,4.44,0,1,0.0,0.0,0,0,0.02,low,0
STU-2026-0003,0.0362,0.3642,4.46,4.2,0,1,0.0,0.0,0,0,0.02,low,0
STU-2026-0004,-0.2813,-1.6666,1.61,2.0,3,4,0.1895,0.1276,2,0,0.7294,high,1
STU-2026-0005,0.0207,0.1084,3.48,3.26,0,1,0.0,0.0,0,0,0.02,low,0
STU-2026-0006,0.0236,0.5561,4.25,4.41,0,2,0.0,0.0,0,0,0.02,low,0
STU-2026-0007,0.1527,0.2961,4.19,4.27,0,0,0.0,0.0,1,0,0.02,low,0
STU-2026-0008,-0.2986,-1.06,2.82,2.78,4,3,0.1613,0.2297,1,1,0.75,high,1
STU-2026-0009,-0.1527,-0.6393,3.46,3.49,4,2,0.1456,0.1506,1,0,0.5082,medium,0
STU-2026-0010,-0.1827,-0.9188,3.09,3.57,3,1,0.1238,0.1397,0,0,0.5112,medium,0
STU-2026-0011,0.0623,0.0373,4.08,4.4,0,0,0.0,0.0,0,0,0.0389,low,0
STU-2026-0012,0.0435,0.4027,3.79,3.84,0,0,0.0,0.0,1,0,0.02,low,0
STU-2026-0013,-0.0049,0.2902,4.51,4.45,0,0,0.0,0.0,0,0,0.02,low,0
STU-2026-0014,-0.2016,-0.4793,2.85,2.95,3,2,0.1286,0.1302,0,1,0.5061,medium,0
STU-2026-0015,0.0219,-0.2948,4.09,4.44,0,0,0.0,0.0,0,0,0.0662,low,0
STU-2026-0016,-0.259,-0.4231,2.79,2.21,0,4,0.1545,0.1156,1,0,0.4811,medium,0
STU-2026-0017,-0.003,-0.1457,4.26,4.51,0,0,0.0,0.0,0,0,0.02,low,0
STU-2026-0018,-0.0357,0.1982,5.0,4.17,0,0,0.0,0.0,0,0,0.02,low,0
STU-2026-0019,-0.227,-0.4009,3.75,3.64,0,2,0.1637,0.1066,0,0,0.4661,medium,0
STU-2026-0020,-0.0017,0.6666,3.4,3.66,0,0,0.0,0.0,0,0,0.02,low,0
STU-2026-0021,-0.2396,-2.1827,2.11,2.49,10,3,0.219,0.2229,1,0,0.8618,high,1
STU-2026-0022,0.0554,0.285,4.55,4.24,0,0,0.0,0.0,0,1,0.0263,low,0
STU-2026-0023,-0.0278,0.5186,4.39,4.1,1,0,0.0,0.0,0,0,0.02,low,0
STU-2026-0024,0.1096,-0.1016,4.46,4.14,2,0,0.0,0.0,0,0,0.035,low,0
STU-2026-0025,0.0683,0.4182,4.31,3.84,0,0,0.0,0.0,1,0,0.02,low,0
STU-2026-0026,-0.0701,0.3338,4.3,4.1,0,1,0.0,0.0,0,0,0.026,low,0
STU-2026-0027,0.013,0.2123,3.35,3.66,0,0,0.0,0.0,0,0,0.02,low,0
STU-2026-0028,0.1236,0.2697,4.07,3.92,1,0,0.0,0.0,0,0,0.02,low,0
STU-2026-0029,0.0571,0.1952,3.92,4.32,0,0,0.0,0.0,0,0,0.022,low,0
STU-2026-0030,0.0089,-0.4521,4.51,4.69,0,0,0.0,0.0,0,0,0.02,low,0
STU-2026-0031,0.0058,0.0923,4.22,4.42,1,0,0.0,0.0,1,0,0.02,low,0
STU-2026-0032,-0.0811,-0.0531,3.66,3.97,0,0,0.0,0.0,0,0,0.02,low,0
STU-2026-0033,-0.0193,-0.2362,4.47,4.48,0,0,0.0,0.0,0,0,0.02,low,0
STU-2026-0034,0.0204,0.3867,4.43,4.37,1,0,0.0,0.0,0,0,0.0327,low,0
STU-2026-0035,0.0388,0.0704,4.2,4.08,1,0,0.0,0.0,0,0,0.02,low,0
STU-2026-0036,0.0569,0.1228,3.62,4.14,0,0,0.0,0.0,0,0,0.0453,low,0
STU-2026-0037,-0.1262,-0.4518,3.02,2.77,2,0,0.0974,0.0886,1,0,0.4686,medium,0
STU-2026-0038,0.086,0.4537,4.45,4.9,0,1,0.0,0.0,0,0,0.02,low,0
STU-2026-0039,-0.226,-1.0047,3.28,3.13,0,3,0.138,0.1118,0,0,0.4917,medium,0
STU-2026-0040,-0.4795,-1.844,2.43,2.58,6,4,0.1784,0.3251,2,0,0.8593,high,1
STU-2026-0041,-0.0066,0.3316,4.78,4.7,0,0,0.0,0.0,0,0,0.02,low,0
STU-2026-0042,0.0633,0.6919,4.5,4.4,0,0,0.0,0.0,0,0,0.02,low,0
STU-2026-0043,0.0554,-0.3194,3.85,3.75,0,0,0.0,0.0,0,0,0.02,low,0
STU-2026-0044,-0.3639,-1.5127,2.18,2.12,3,3,0.2373,0.2224,2,1,0.791,high,1
STU-2026-0045,-0.1367,-0.7718,3.01,3.31,0,2,0.1572,0.1447,1,0,0.514,medium,0
STU-2026-0046,-0.0507,0.4236,3.84,4.12,1,1,0.0,0.0,0,0,0.02,low,0
STU-2026-0047,0.048,-0.269,3.76,3.66,0,1,0.0,0.0,0,0,0.02,low,0
STU-2026-0048,0.0183,0.6191,4.19,4.49,0,0,0.0,0.0,0,0,0.02,low,0
STU-2026-0049,0.0722,0.3217,3.98,3.91,0,0,0.0,0.0,0,0,0.02,low,0
STU-2026-0050,-0.0399,0.6086,4.07,3.99,0,0,0.0,0.0,0,0,0.0274,low,0
STU-2026-0051,0.0125,0.2039,4.93,4.42,0,0,0.0,0.0,0,1,0.0422,low,0
STU-2026-0052,0.1044,0.11,4.57,4.68,0,0,0.0,0.0,0,0,0.02,low,0
STU-2026-0053,-0.0043,0.1274,4.13,4.13,1,0,0.0,0.0,0,0,0.02,low,0
STU-2026-0054,-0.2685,-1.8899,1.68,1.95,2,1,0.1357,0.2014,1,0,0.7907,high,1
STU-2026-0055,0.0236,-0.0601,4.15,3.64,1,0,0.0,0.0,0,0,0.02,low,0
STU-2026-0056,0.0189,0.1733,3.73,3.78,0,1,0.0,0.0,0,0,0.02,low,0
STU-2026-0057,-0.0281,0.6475,4.26,4.19,0,0,0.0,0.0,0,0,0.0321,low,0
STU-2026-0058,0.085,-0.4003,3.84,4.19,0,0,0.0,0.0,0,0,0.02,low,0
STU-2026-0059,-0.1992,-0.6536,3.24,3.08,2,2,0.0796,0.1566,2,0,0.4954,medium,0
STU-2026-0060,0.0879,0.2059,3.68,3.64,0,0,0.0,0.0,0,0,0.02,low,0
STU-2026-0061,0.0027,-0.116,4.16,3.95,1,0,0.0,0.0,0,0,0.02,low,0
STU-2026-0062,0.0186,0.4718,4.19,4.09,0,0,0.0,0.0,1,0,0.0201,low,0
STU-2026-0063,0.0097,0.1588,3.84,3.76,0,0,0.0,0.0,0,0,0.02,low,0
STU-2026-0064,0.0499,-0.2746,4.65,4.43,0,0,0.0,0.0,0,0,0.02,low,0
STU-2026-0065,-0.2706,-0.4546,2.26,2.14,4,1,0.1459,0.1149,1,0,0.4363,medium,0
STU-2026-0066,-0.1961,-0.6523,2.59,3.06,4,2,0.0773,0.146,0,0,0.4873,medium,0
STU-2026-0067,-0.4575,-1.6644,1.86,1.81,10,4,0.2409,0.1719,1,1,0.8618,high,1
STU-2026-0068,0.0935,0.1406,3.75,4.21,1,0,0.0,0.0,0,0,0.0488,low,0
STU-2026-0069,-0.1545,-0.7919,3.53,3.18,1,0,0.1667,0.1632,0,0,0.5018,medium,0
STU-2026-0070,0.0051,0.4565,3.48,3.43,0,0,0.0,0.0,0,0,0.02,low,0
STU-2026-0071,-0.3079,-0.9046,3.85,3.51,5,1,0.1119,0.121,1,0,0.4789,medium,0
STU-2026-0072,-0.0681,0.1011,4.98,5.0,0,0,0.0,0.0,0,0,0.02,low,0
STU-2026-0073,-0.0566,0.1065,4.44,4.3,2,1,0.0,0.0,1,0,0.0278,low,0
STU-2026-0074,0.0039,-0.0802,4.31,4.2,0,0,0.0,0.0,0,0,0.02,low,0
STU-2026-0075,0.0555,0.2956,3.54,3.72,1,0,0.0,0.0,0,0,0.02,low,0
STU-2026-0076,-0.1753,-0.6029,3.73,3.82,4,4,0.1337,0.0896,0,0,0.5265,medium,0
STU-2026-0077,0.0382,-0.3311,3.91,3.92,0,0,0.0,0.0,0,0,0.02,low,0
STU-2026-0078,0.1087,0.1971,3.99,3.51,1,0,0.0,0.0,0,0,0.02,low,0
STU-2026-0079,-0.1547,-0.6641,3.27,3.64,0,0,0.0711,0.157,0,0,0.4286,medium,0
STU-2026-0080,-0.0102,-0.1526,4.22,4.4,1,0,0.0,0.0,0,0,0.0363,low,0
STU-2026-0081,-0.0522,0.0958,5.0,4.79,0,0,0.0,0.0,0,0,0.02,low,0
STU-2026-0082,0.1169,0.0889,4.49,4.3,0,0,0.0,0.0,0,0,0.0239,low,0
STU-2026-0083,0.1018,0.7499,3.61,3.7,0,0,0.0,0.0,0,0,0.02,low,0
STU-2026-0084,-0.0544,-0.054,4.66,4.53,2,1,0.0,0.0,0,0,0.02,low,0
STU-2026-0085,0.0109,0.5858,4.2,4.64,0,0,0.0,0.0,0,0,0.02,low,0
STU-2026-0086,-0.1582,-0.3855,2.92,3.09,4,1,0.1228,0.1097,0,0,0.447,medium,0
STU-2026-0087,0.0862,0.0083,4.3,4.32,1,0,0.0,0.0,0,0,0.03,low,0
STU-2026-0088,-0.1654,-1.0006,2.3,2.42,1,0,0.1645,0.1104,0,1,0.5642,medium,0
STU-2026-0089,0.046,0.1942,4.21,3.7,0,0,0.0,0.0,0,0,0.02,low,0
STU-2026-0090,0.0488,0.3137,4.87,4.54,1,0,0.0,0.0,0,0,0.02,low,0
STU-2026-0091,0.0146,0.3969,4.32,4.4,0,0,0.0,0.0,0,0,0.02,low,0
STU-2026-0092,-0.0775,-0.6855,2.64,2.41,2,0,0.0733,0.141,1,0,0.4564,medium,0
STU-2026-0093,0.0162,0.3335,3.98,3.88,0,1,0.0,0.0,0,0,0.02,low,0
STU-2026-0094,-0.0484,0.4916,4.99,4.22,0,0,0.0,0.0,1,0,0.0306,low,0
STU-2026-0095,-0.2292,-0.4907,2.96,3.28,3,2,0.1311,0.139,0,0,0.4722,medium,0
STU-2026-0096,-0.0383,0.1368,3.65,3.49,0,1,0.0,0.0,0,0,0.02,low,0
STU-2026-0097,-0.4066,-1.4987,1.79,2.01,6,4,0.2137,0.315,2,0,0.8087,high,1
STU-2026-0098,-0.0619,0.516,4.74,4.61,0,1,0.0,0.0,0,0,0.02,low,0
STU-2026-0099,-0.0092,0.2191,4.48,4.13,1,0,0.0,0.0,0,0,0.02,low,0
STU-2026-0100,-0.1359,-0.5043,3.22,3.34,2,1,0.1302,0.1433,0,1,0.4485,medium,0
STU-2026-0101,0.045,0.0215,4.15,4.05,0,0,0.0,0.0,0,0,0.02,low,0
STU-2026-0102,0.042,0.0537,4.01,3.7,0,0,0.0,0.0,0,0,0.02,low,0
STU-2026-0103,-0.0207,0.2915,4.25,4.37,0,0,0.0,0.0,0,0,0.02,low,0
STU-2026-0104,-0.1558,-0.9063,2.71,2.89,2,0,0.1022,0.1376,0,1,0.5025,medium,0
STU-2026-0105,-0.1385,-0.8454,4.38,4.32,2,3,0.0856,0.0939,2,0,0.444,medium,0
STU-2026-0106,-0.1269,-0.4189,2.77,2.74,3,4,0.1062,0.137,2,0,0.495,medium,0
STU-2026-0107,-0.0892,-0.5434,2.78,3.04,1,0,0.1652,0.0982,0,0,0.5201,medium,0
STU-2026-0108,-0.0017,-0.4413,3.86,3.73,0,1,0.0,0.0,0,0,0.02,low,0
STU-2026-0109,0.0612,0.1906,4.37,4.1,0,0,0.0,0.0,0,0,0.02,low,0
STU-2026-0110,-0.3858,-1.7206,1.59,1.92,5,3,0.1821,0.2826,1,1,0.7953,high,1
STU-2026-0111,-0.0525,-0.6131,2.7,2.73,4,0,0.1341,0.1149,1,0,0.5506,medium,0
STU-2026-0112,-0.0713,-0.5742,2.66,2.76,2,3,0.0381,0.0716,0,0,0.4602,medium,0
STU-2026-0113,0.0753,-0.078,4.18,4.19,1,1,0.0,0.0,0,0,0.02,low,0
STU-2026-0114,-0.0021,0.1852,4.39,4.75,0,0,0.0,0.0,0,0,0.02,low,0
STU-2026-0115,-0.1839,-1.2244,2.82,2.76,2,1,0.1164,0.126,0,0,0.4582,medium,0
STU-2026-0116,-0.0084,0.0106,4.3,4.34,0,0,0.0,0.0,0,0,0.02,low,0
STU-2026-0117,-0.2429,-0.5854,2.41,2.5,2,1,0.1348,0.1338,0,1,0.4936,medium,0
STU-2026-0118,-0.0029,0.4084,5.0,4.72,0,0,0.0,0.0,0,0,0.02,low,0
STU-2026-0119,0.0137,-0.0116,3.66,3.66,1,0,0.0,0.0,0,0,0.0386,low,0
STU-2026-0120,-0.4668,-1.8437,1.77,2.17,12,1,0.1422,0.2868,2,0,0.8692,high,1
STU-2026-0121,0.0418,0.1791,3.89,4.32,0,0,0.0,0.0,0,0,0.02,low,0
STU-2026-0122,0.0547,0.0947,4.07,4.21,0,0,0.0,0.0,0,0,0.02,low,0
STU-2026-0123,-0.0656,0.6081,4.1,4.04,0,0,0.0,0.0,0,0,0.023,low,0
STU-2026-0124,0.0492,0.2526,4.88,4.35,1,1,0.0,0.0,0,0,0.02,low,0
STU-2026-0125,0.0323,0.4141,3.99,4.2,0,1,0.0,0.0,0,0,0.02,low,0
STU-2026-0126,0.0514,0.0073,4.32,4.18,0,0,0.0,0.0,0,0,0.02,low,0
STU-2026-0127,0.0706,0.0292,3.84,3.87,0,1,0.0,0.0,0,0,0.02,low,0
STU-2026-0128,-0.5168,-2.038,1.55,1.66,6,5,0.1788,0.2606,4,0,0.89,high,1
STU-2026-0129,0.0458,0.1502,4.12,4.08,0,0,0.0,0.0,0,0,0.0201,low,0
STU-2026-0130,-0.1014,-0.7544,3.82,3.66,1,3,0.1293,0.1287,0,0,0.3955,medium,0
STU-2026-0131,0.0391,0.6622,4.57,4.32,0,0,0.0,0.0,0,0,0.02,low,0
STU-2026-0132,0.0664,0.4002,5.0,4.98,1,0,0.0,0.0,0,0,0.0468,low,0
STU-2026-0133,0.0025,0.7273,4.15,4.47,1,0,0.0,0.0,0,0,0.02,low,0
STU-2026-0134,-0.0358,0.4739,4.51,4.71,0,1,0.0,0.0,1,0,0.02,low,0
STU-2026-0135,-0.0004,-0.2682,4.31,4.16,2,0,0.0,0.0,1,0,0.0707,low,0
STU-2026-0136,-0.0251,0.3353,4.48,4.62,0,0,0.0,0.0,0,0,0.02,low,0
STU-2026-0137,-0.1478,-0.707,2.96,2.92,4,0,0.1352,0.1931,1,0,0.5014,medium,0
STU-2026-0138,-0.0001,0.14,3.82,4.3,0,0,0.0,0.0,0,0,0.0353,low,0
STU-2026-0139,0.0889,0.007,3.66,4.0,0,1,0.0,0.0,1,0,0.02,low,0
STU-2026-0140,0.0236,0.1712,4.02,4.3,0,0,0.0,0.0,1,0,0.0324,low,0
STU-2026-0141,-0.0881,0.2776,3.55,3.33,0,0,0.0,0.0,0,0,0.02,low,0
STU-2026-0142,-0.2474,-0.7361,3.61,3.38,2,2,0.1553,0.1462,1,0,0.5007,medium,0
STU-2026-0143,0.0554,0.0536,4.03,3.76,0,0,0.0,0.0,0,0,0.02,low,0
STU-2026-0144,0.0329,0.1665,4.31,4.12,0,0,0.0,0.0,0,0,0.02,low,0
STU-2026-0145,0.0638,0.4258,4.23,4.13,3,0,0.0,0.0,0,0,0.02,low,0
STU-2026-0146,-0.7978,-1.3687,1.31,1.86,8,1,0.2535,0.2477,1,0,0.8586,high,1
STU-2026-0147,0.0489,0.4089,3.82,4.16,0,0,0.0,0.0,0,0,0.022,low,0
STU-2026-0148,0.0036,-0.0145,4.17,4.24,1,0,0.0,0.0,0,0,0.02,low,0
STU-2026-0149,0.1033,0.2986,4.68,4.71,0,0,0.0,0.0,0,0,0.02,low,0
STU-2026-0150,-0.0366,0.3439,4.79,4.21,0,0,0.0,0.0,0,0,0.0433,low,0
STU-2026-0151,0.1261,0.0665,3.45,4.09,0,1,0.0,0.0,0,0,0.0341,low,0
STU-2026-0152,0.0314,0.0385,4.75,4.0,1,1,0.0,0.0,0,0,0.0243,low,0
STU-2026-0153,-0.1588,-1.1307,3.15,3.68,3,2,0.0784,0.0974,0,1,0.5782,medium,0
STU-2026-0154,-0.0616,0.3637,4.13,4.08,0,0,0.0,0.0,0,0,0.02,low,0
STU-2026-0155,0.0946,0.1997,3.65,3.5,1,0,0.0,0.0,0,0,0.02,low,0
STU-2026-0156,-0.0414,-0.5583,3.15,3.12,4,0,0.0947,0.1702,2,0,0.5105,medium,0
STU-2026-0157,-0.21,-0.6906,3.92,3.73,3,1,0.1032,0.1721,1,0,0.4995,medium,0
STU-2026-0158,0.0234,0.2775,3.84,3.99,1,0,0.0,0.0,0,0,0.0307,low,0
STU-2026-0159,0.0671,0.3097,3.81,4.09,1,0,0.0,0.0,0,0,0.0607,low,0
STU-2026-0160,-0.171,-0.7466,3.44,3.42,3,1,0.0633,0.1506,0,0,0.509,medium,0
STU-2026-0161,-0.0298,0.0488,4.55,4.79,1,1,0.0,0.0,0,0,0.02,low,0
STU-2026-0162,0.0405,-0.0873,4.32,4.79,1,0,0.0,0.0,0,0,0.02,low,0
STU-2026-0163,0.0112,0.6167,4.77,4.67,0,0,0.0,0.0,0,0,0.086,low,0
STU-2026-0164,0.0567,0.0663,4.56,4.43,0,0,0.0,0.0,0,0,0.0397,low,0
STU-2026-0165,-0.0086,-0.6571,3.15,3.07,2,0,0.0809,0.0743,0,0,0.4702,medium,0
STU-2026-0166,-0.1869,-0.7979,2.9,3.45,0,1,0.1286,0.1379,0,0,0.5001,medium,0
STU-2026-0167,-0.0042,-0.0016,4.62,4.74,0,0,0.0,0.0,0,0,0.0292,low,0
STU-2026-0168,0.0236,0.0807,3.8,3.56,0,0,0.0,0.0,1,0,0.02,low,0
STU-2026-0169,-0.0377,-0.1934,4.04,3.91,0,0,0.0,0.0,0,0,0.02,low,0
STU-2026-0170,-0.0315,0.3691,4.33,4.53,0,0,0.0,0.0,0,0,0.02,low,0
STU-2026-0171,-0.0057,0.3979,3.85,4.07,1,0,0.0,0.0,0,0,0.02,low,0
STU-2026-0172,0.048,-0.4582,3.74,3.58,0,0,0.0,0.0,0,0,0.02,low,0
STU-2026-0173,-0.0185,0.1733,4.4,4.35,0,0,0.0,0.0,0,0,0.02,low,0
STU-2026-0174,-0.0169,0.5286,4.49,4.79,1,0,0.0,0.0,0,0,0.02,low,0
STU-2026-0175,-0.019,-0.0914,4.26,4.52,0,0,0.0,0.0,0,0,0.02,low,0
STU-2026-0176,0.0017,0.3435,3.42,4.13,0,0,0.0,0.0,0,0,0.02,low,0
STU-2026-0177,-0.0303,-0.0205,3.85,3.59,1,0,0.0,0.0,0,0,0.02,low,0
STU-2026-0178,-0.0479,-0.1263,4.32,4.08,0,0,0.0,0.0,0,0,0.02,low,0
STU-2026-0179,0.0328,0.4902,4.97,4.44,3,1,0.0,0.0,1,0,0.0284,low,0
STU-2026-0180,0.0024,0.4203,4.13,4.13,0,1,0.0,0.0,1,0,0.02,low,0
STU-2026-0181,0.0058,-0.0644,3.99,3.71,0,0,0.0,0.0,0,0,0.02,low,0
STU-2026-0182,0.0408,0.2282,4.13,3.63,0,0,0.0,0.0,0,0,0.02,low,0
STU-2026-0183,-0.0593,0.2287,3.16,3.71,0,0,0.0,0.0,0,0,0.02,low,0
STU-2026-0184,0.0817,0.0973,4.27,4.22,0,0,0.0,0.0,0,0,0.02,low,0
STU-2026-0185,-0.1537,-0.7778,3.61,3.27,2,1,0.1409,0.1201,0,1,0.4435,medium,0
STU-2026-0186,-0.5282,-1.619,2.6,2.66,3,3,0.1634,0.2249,3,1,0.8446,high,1
STU-2026-0187,0.082,0.3214,4.65,4.57,0,0,0.0,0.0,0,0,0.02,low,0
STU-2026-0188,-0.0654,-0.8546,2.73,2.91,1,1,0.089,0.0757,1,1,0.4814,medium,0
STU-2026-0189,0.0283,-0.188,4.15,4.23,0,0,0.0,0.0,0,0,0.0426,low,0
STU-2026-0190,0.0584,0.621,4.07,4.05,0,1,0.0,0.0,0,0,0.0201,low,0
STU-2026-0191,-0.0341,0.08,4.3,4.05,0,0,0.0,0.0,0,0,0.02,low,0
STU-2026-0192,0.0432,0.1439,4.21,4.12,0,0,0.0,0.0,0,0,0.02,low,0
STU-2026-0193,0.0805,0.4571,4.29,4.05,0,0,0.0,0.0,1,0,0.0324,low,0
STU-2026-0194,0.0877,0.0723,4.07,3.76,1,0,0.0,0.0,0,0,0.0523,low,0
STU-2026-0195,0.0889,0.0976,4.63,4.69,1,0,0.0,0.0,1,0,0.02,low,0
STU-2026-0196,-0.2316,-1.0746,3.57,3.78,2,0,0.106,0.0487,1,0,0.474,medium,0
STU-2026-0197,0.1324,0.1483,3.69,4.22,0,0,0.0,0.0,0,0,0.02,low,0
STU-2026-0198,0.0413,0.3594,3.54,3.77,0,0,0.0,0.0,0,0,0.0277,low,0
STU-2026-0199,-0.0101,0.2669,4.16,4.23,0,0,0.0,0.0,0,0,0.0507,low,0
STU-2026-0200,0.0514,0.2795,4.88,5.0,1,0,0.0,0.0,0,0,0.02,low,0
STU-2026-0201,0.076,0.0509,4.0,4.34,0,0,0.0,0.0,0,0,0.02,low,0
STU-2026-0202,-0.0592,0.1782,3.75,4.45,1,0,0.0,0.0,0,0,0.04,low,0
STU-2026-0203,-0.0746,0.1042,3.98,4.47,0,0,0.0,0.0,0,0,0.0237,low,0
STU-2026-0204,0.0146,0.1577,4.49,4.4,1,0,0.0,0.0,0,0,0.02,low,0
STU-2026-0205,0.0737,0.1198,4.78,4.36,0,0,0.0,0.0,0,0,0.02,low,0
STU-2026-0206,-0.0838,-0.0264,3.47,3.35,5,1,0.086,0.1609,1,1,0.5129,medium,0
STU-2026-0207,0.0428,0.4524,4.21,4.02,0,0,0.0,0.0,0,0,0.02,low,0
STU-2026-0208,0.0309,0.079,4.87,5.0,0,0,0.0,0.0,0,1,0.02,low,0
STU-2026-0209,0.0159,0.3678,4.27,4.07,1,0,0.0,0.0,0,0,0.02,low,0
STU-2026-0210,-0.4323,-1.3872,2.34,2.48,5,3,0.2002,0.2782,4,1,0.8343,high,1
STU-2026-0211,-0.0341,0.056,5.0,5.0,0,0,0.0,0.0,1,0,0.02,low,0
STU-2026-0212,0.1275,0.02,4.49,4.32,0,1,0.0,0.0,0,0,0.02,low,0
STU-2026-0213,-0.1486,-0.4674,2.56,2.77,6,1,0.1245,0.1033,1,0,0.5207,medium,0
STU-2026-0214,0.0673,0.3309,3.91,4.11,0,0,0.0,0.0,0,0,0.02,low,0
STU-2026-0215,-0.0009,0.4282,3.86,3.53,0,0,0.0,0.0,0,0,0.0372,low,0
STU-2026-0216,0.0127,0.2307,4.99,4.72,0,0,0.0,0.0,0,0,0.02,low,0
STU-2026-0217,-0.0225,0.2974,4.53,4.6,0,0,0.0,0.0,0,0,0.02,low,0
STU-2026-0218,-0.0194,0.1158,4.54,3.91,1,0,0.0,0.0,0,0,0.02,low,0
STU-2026-0219,-0.0158,0.078,4.09,4.06,1,0,0.0,0.0,0,0,0.02,low,0
STU-2026-0220,0.1137,0.0444,4.44,4.47,0,0,0.0,0.0,1,0,0.02,low,0
STU-2026-0221,-0.434,-1.5516,1.99,1.75,5,1,0.2004,0.1616,1,0,0.7808,high,1
STU-2026-0222,0.0362,-0.0243,3.66,4.17,0,0,0.0,0.0,0,0,0.02,low,0
STU-2026-0223,-0.1031,-1.0119,3.34,3.32,6,1,0.0877,0.1425,1,0,0.6126,medium,0
STU-2026-0224,-0.2227,-0.7997,3.27,3.39,1,0,0.1129,0.161,0,1,0.4984,medium,0
STU-2026-0225,0.0629,0.1021,4.64,4.94,1,0,0.0,0.0,0,0,0.02,low,0
STU-2026-0226,0.0727,0.1877,4.6,4.76,0,0,0.0,0.0,0,0,0.0513,low,0
STU-2026-0227,0.1224,0.6438,3.74,4.01,0,0,0.0,0.0,0,0,0.0389,low,0
STU-2026-0228,0.0048,-0.1173,3.66,4.02,0,0,0.0,0.0,0,1,0.02,low,0
STU-2026-0229,0.0396,0.0386,4.96,4.53,0,0,0.0,0.0,0,0,0.0481,low,0
STU-2026-0230,-0.5058,-1.9456,1.85,1.85,4,2,0.1644,0.2453,1,1,0.7762,high,1
STU-2026-0231,-0.1226,-0.6099,3.36,2.8,2,2,0.1162,0.1284,1,0,0.5282,medium,0
STU-2026-0232,0.0883,-0.0065,3.6,3.72,1,0,0.0,0.0,0,0,0.02,low,0
STU-2026-0233,0.023,0.4994,4.43,4.4,2,0,0.0,0.0,0,0,0.02,low,0
STU-2026-0234,-0.1209,-0.7022,2.9,3.06,7,0,0.1318,0.1295,0,0,0.5188,medium,0
STU-2026-0235,0.0766,0.3422,4.38,4.38,1,0,0.0,0.0,0,0,0.02,low,0
STU-2026-0236,-0.076,-0.1324,3.49,4.23,2,0,0.0,0.0,0,0,0.02,low,0
STU-2026-0237,0.0236,-0.1537,4.42,4.41,1,0,0.0,0.0,0,0,0.02,low,0
STU-2026-0238,-0.1725,-0.7124,3.17,3.1,4,1,0.1099,0.1273,2,0,0.5412,medium,0
STU-2026-0239,0.004,0.4012,4.05,4.26,1,2,0.0,0.0,0,0,0.02,low,0
STU-2026-0240,-0.0422,0.3565,3.74,3.63,0,1,0.0,0.0,0,0,0.02,low,0
STU-2026-0241,0.0883,0.0552,4.08,4.08,1,0,0.0,0.0,0,0,0.02,low,0
STU-2026-0242,0.0137,0.4762,4.12,3.58,0,0,0.0,0.0,0,0,0.02,low,0
STU-2026-0243,-0.2657,-0.5788,2.77,2.4,5,3,0.1568,0.1467,0,0,0.5421,medium,0
STU-2026-0244,-0.0564,0.3667,4.15,3.81,2,0,0.0,0.0,1,0,0.02,low,0
STU-2026-0245,-0.4613,-1.3368,1.66,1.88,8,2,0.1994,0.24,2,2,0.8134,high,1
STU-2026-0246,-0.3981,-0.9457,1.27,2.33,6,1,0.1973,0.2409,3,0,0.7892,high,1
STU-2026-0247,0.0512,0.2816,3.85,4.12,0,0,0.0,0.0,1,0,0.02,low,0
STU-2026-0248,-0.097,-0.6476,2.62,2.52,3,1,0.1524,0.143,0,0,0.496,medium,0
STU-2026-0249,-0.4606,-1.6938,1.74,2.1,6,3,0.2112,0.276,2,1,0.7747,high,1
STU-2026-0250,0.0559,0.1493,4.26,3.91,0,0,0.0,0.0,1,0,0.0435,low,0
STU-2026-0251,-0.5663,-1.8371,1.8,2.12,6,1,0.2408,0.2668,2,0,0.8837,high,1
STU-2026-0252,0.0191,0.1247,4.46,4.09,1,0,0.0,0.0,0,0,0.02,low,0
STU-2026-0253,-0.7486,-1.4704,2.04,2.37,6,1,0.2732,0.3479,1,0,0.8367,high,1
STU-2026-0254,0.1149,-0.0345,3.77,4.18,0,0,0.0,0.0,0,0,0.032,low,0
STU-2026-0255,-0.0181,0.4725,4.47,4.44,0,1,0.0,0.0,0,0,0.0365,low,0
STU-2026-0256,0.0314,0.5565,4.01,4.27,0,0,0.0,0.0,0,0,0.02,low,0
STU-2026-0257,0.0666,0.208,3.62,3.7,1,0,0.0,0.0,0,0,0.02,low,0
STU-2026-0258,-0.0687,-0.8077,3.21,2.56,1,0,0.0788,0.1406,0,0,0.4665,medium,0
STU-2026-0259,0.0711,0.1944,4.85,4.32,1,0,0.0,0.0,0,0,0.0532,low,0
STU-2026-0260,-0.0366,0.3481,4.47,4.73,0,0,0.0,0.0,0,0,0.02,low,0
STU-2026-0261,0.0059,-0.1637,4.59,4.08,1,0,0.0,0.0,0,0,0.0348,low,0
STU-2026-0262,-0.0969,-0.5074,2.66,3.13,1,0,0.0897,0.1115,1,1,0.4965,medium,0
STU-2026-0263,-0.5408,-1.4538,1.85,1.76,5,3,0.2221,0.3085,3,0,0.8077,high,1
STU-2026-0264,0.028,-0.2182,3.79,4.66,0,0,0.0,0.0,0,0,0.02,low,0
STU-2026-0265,0.0578,-0.123,4.18,4.31,2,0,0.0,0.0,0,0,0.0417,low,0
STU-2026-0266,0.0762,0.3381,3.96,3.92,0,1,0.0,0.0,1,0,0.02,low,0
STU-2026-0267,-0.0262,-0.0846,4.69,4.14,0,1,0.0,0.0,0,0,0.0328,low,0
STU-2026-0268,-0.1982,-0.1043,3.45,2.82,1,2,0.1216,0.1165,0,0,0.4609,medium,0
STU-2026-0269,0.0111,0.6632,3.91,3.62,0,0,0.0,0.0,0,0,0.02,low,0
STU-2026-0270,0.0432,0.0794,4.7,4.56,0,1,0.0,0.0,0,0,0.02,low,0
STU-2026-0271,0.0466,-0.3068,4.35,5.0,0,1,0.0,0.0,0,0,0.0469,low,0
STU-2026-0272,-0.1476,-0.3545,2.81,3.37,2,1,0.1481,0.0628,0,0,0.4773,medium,0
STU-2026-0273,-0.0291,0.139,4.89,4.82,0,0,0.0,0.0,0,0,0.02,low,0
STU-2026-0274,0.094,0.346,4.3,4.07,2,0,0.0,0.0,1,0,0.02,low,0
STU-2026-0275,-0.1296,-0.7629,2.98,3.21,3,0,0.1028,0.119,2,1,0.4841,medium,0
STU-2026-0276,-0.2263,-0.5797,2.91,2.86,2,2,0.1296,0.0691,0,0,0.4854,medium,0
STU-2026-0277,-0.0498,0.4801,4.37,3.57,0,0,0.0,0.0,0,0,0.02,low,0
STU-2026-0278,0.0542,0.783,3.91,3.82,0,0,0.0,0.0,0,0,0.02,low,0
STU-2026-0279,-0.5782,-1.1214,2.22,1.91,7,2,0.2332,0.2508,3,1,0.8198,high,1
STU-2026-0280,-0.0253,0.0628,4.13,3.76,0,0,0.0,0.0,0,0,0.02,low,0
STU-2026-0281,0.0861,0.0176,4.03,3.74,1,1,0.0,0.0,0,0,0.02,low,0
STU-2026-0282,0.076,0.224,4.53,4.35,0,0,0.0,0.0,0,0,0.02,low,0
STU-2026-0283,-0.1258,-1.1661,3.53,3.2,2,1,0.1415,0.1484,0,0,0.5246,medium,0
STU-2026-0284,-0.2362,-0.5128,2.73,2.99,3,2,0.138,0.1736,1,0,0.5125,medium,0
STU-2026-0285,-0.5255,-1.709,1.7,1.91,7,3,0.2035,0.269,2,1,0.8411,high,1
STU-2026-0286,0.0854,0.5578,4.63,4.86,2,1,0.0,0.0,0,0,0.02,low,0
STU-2026-0287,0.1372,0.0063,4.51,4.23,1,0,0.0,0.0,0,0,0.02,low,0
STU-2026-0288,-0.623,-1.3179,1.71,1.74,9,5,0.1649,0.2943,2,2,0.8175,high,1
STU-2026-0289,0.0756,0.0931,3.56,3.22,0,0,0.0,0.0,0,0,0.02,low,0
STU-2026-0290,0.1359,0.3471,4.14,3.96,0,0,0.0,0.0,0,0,0.02,low,0
STU-2026-0291,-0.097,-0.7134,2.8,2.87,4,3,0.137,0.1208,1,0,0.5184,medium,0
STU-2026-0292,-0.3739,-2.1945,1.32,1.58,6,3,0.2471,0.3375,2,1,0.9328,high,1
STU-2026-0293,-0.2701,-0.7418,3.43,3.77,5,0,0.1107,0.1516,0,0,0.5146,medium,0
STU-2026-0294,0.0466,0.5313,4.18,4.13,0,0,0.0,0.0,0,0,0.02,low,0
STU-2026-0295,0.077,0.5177,4.69,4.59,0,0,0.0,0.0,0,0,0.0203,low,0
STU-2026-0296,0.0186,0.2633,4.26,3.92,0,1,0.0,0.0,0,0,0.02,low,0
STU-2026-0297,-0.0213,0.2194,3.81,4.0,0,0,0.0,0.0,0,0,0.02,low,0
STU-2026-0298,0.0175,0.2085,3.81,4.18,0,0,0.0,0.0,0,0,0.02,low,0
STU-2026-0299,0.0482,0.3694,3.58,3.3,0,0,0.0,0.0,0,0,0.02,low,0
STU-2026-0300,-0.5533,-1.9425,1.58,1.89,6,3,0.1041,0.2973,1,0,0.8429,high,1
STU-2026-0301,0.0674,0.4747,4.43,4.91,1,1,0.0,0.0,0,0,0.0484,low,0
STU-2026-0302,-0.0975,-0.6306,3.81,3.79,0,0,0.1217,0.132,0,0,0.495,medium,0
STU-2026-0303,-0.1343,-0.8067,2.56,2.73,1,1,0.0854,0.1114,1,1,0.4249,medium,0
STU-2026-0304,0.0056,0.2076,4.29,4.1,0,1,0.0,0.0,0,0,0.02,low,0
STU-2026-0305,-0.5093,-1.0819,1.88,1.88,8,2,0.2434,0.2611,2,1,0.8405,high,1
STU-2026-0306,-0.5105,-1.6473,1.73,1.69,4,2,0.2405,0.292,4,1,0.8176,high,1
STU-2026-0307,0.0756,0.0326,4.26,4.18,0,0,0.0,0.0,0,0,0.0658,low,0
STU-2026-0308,0.0394,-0.1635,4.75,4.64,1,0,0.0,0.0,0,0,0.0365,low,0
STU-2026-0309,-0.1938,-1.0621,3.57,3.22,1,3,0.0988,0.1401,0,0,0.4616,medium,0
STU-2026-0310,-0.5897,-1.5808,1.99,1.92,7,2,0.2622,0.2667,1,2,0.8549,high,1
STU-2026-0311,0.0304,0.1885,4.49,4.03,0,0,0.0,0.0,0,0,0.02,low,0
STU-2026-0312,0.0487,0.0864,4.88,4.83,0,1,0.0,0.0,0,0,0.0207,low,0
STU-2026-0313,0.1111,0.0049,4.29,4.4,0,1,0.0,0.0,0,0,0.02,low,0
STU-2026-0314,0.0653,0.0935,4.65,5.0,0,0,0.0,0.0,0,0,0.02,low,0
STU-2026-0315,0.0318,-0.3168,4.52,4.13,1,1,0.0,0.0,0,0,0.02,low,0
STU-2026-0316,-0.5315,-1.3166,2.6,2.55,4,2,0.2423,0.1893,2,1,0.805,high,1
STU-2026-0317,0.0681,0.1364,4.83,4.67,1,0,0.0,0.0,0,1,0.022,low,0
STU-2026-0318,0.0431,-0.205,4.08,4.1,1,0,0.0,0.0,0,0,0.0275,low,0
STU-2026-0319,-0.2468,-0.9857,3.03,2.34,5,0,0.1014,0.1067,1,0,0.4948,medium,0
STU-2026-0320,-0.5189,-1.9351,2.34,2.28,6,4,0.3065,0.227,2,1,0.8266,high,1
STU-2026-0321,0.0854,0.0986,3.56,3.95,1,0,0.0,0.0,0,0,0.02,low,0
STU-2026-0322,-0.041,0.3961,3.85,4.0,0,0,0.0,0.0,0,0,0.02,low,0
STU-2026-0323,-0.027,0.09,5.0,5.0,0,0,0.0,0.0,0,0,0.0611,low,0
STU-2026-0324,0.1425,0.4905,3.91,4.16,0,0,0.0,0.0,0,0,0.02,low,0
STU-2026-0325,-0.0008,-0.0125,4.34,4.32,0,0,0.0,0.0,0,0,0.0237,low,0
STU-2026-0326,-0.0743,0.3246,4.07,4.06,0,1,0.0,0.0,0,0,0.02,low,0
STU-2026-0327,0.0108,0.3598,4.74,4.36,3,0,0.0,0.0,0,0,0.0416,low,0
STU-2026-0328,0.042,0.1069,4.09,4.03,0,0,0.0,0.0,0,0,0.0365,low,0
STU-2026-0329,0.0436,0.0065,4.25,4.04,0,0,0.0,0.0,0,0,0.0339,low,0
STU-2026-0330,-0.0111,0.1984,5.0,4.79,0,2,0.0,0.0,0,0,0.02,low,0
STU-2026-0331,-0.011,0.416,4.21,4.24,3,0,0.0,0.0,0,0,0.0851,low,0
STU-2026-0332,0.0115,0.3838,3.43,4.06,1,0,0.0,0.0,0,0,0.0373,low,0
STU-2026-0333,-0.2161,-0.5192,3.49,3.45,1,0,0.1178,0.1037,0,1,0.493,medium,0
STU-2026-0334,-0.0213,0.2427,4.35,5.0,0,0,0.0,0.0,0,0,0.02,low,0
STU-2026-0335,-0.0088,0.1734,5.0,4.55,2,0,0.0,0.0,0,0,0.02,low,0
STU-2026-0336,0.0943,-0.0056,3.47,3.85,2,0,0.0,0.0,0,0,0.02,low,0
STU-2026-0337,-0.0438,0.1579,4.23,3.75,0,2,0.0,0.0,0,0,0.0403,low,0
STU-2026-0338,0.0471,-0.0617,4.52,4.44,0,0,0.0,0.0,0,0,0.02,low,0
STU-2026-0339,-0.0874,-0.6082,3.9,3.22,1,1,0.087,0.1351,0,0,0.4749,medium,0
STU-2026-0340,-0.1455,-0.5115,2.96,3.44,4,0,0.0835,0.1066,0,0,0.4802,medium,0
STU-2026-0341,-0.1959,-0.6168,2.42,3.06,2,1,0.0569,0.1522,0,0,0.5033,medium,0
STU-2026-0342,-0.0192,0.6485,4.39,4.39,0,0,0.0,0.0,0,0,0.02,low,0
STU-2026-0343,-0.5925,-1.8505,2.78,2.74,5,3,0.1962,0.2068,1,1,0.787,high,1
STU-2026-0344,-0.0139,-0.2824,3.53,3.62,0,1,0.0,0.0,0,0,0.0347,low,0
STU-2026-0345,0.0392,0.231,4.61,5.0,1,0,0.0,0.0,0,0,0.0373,low,0
STU-2026-0346,0.02,-0.3343,4.55,4.76,0,0,0.0,0.0,0,0,0.02,low,0
STU-2026-0347,0.0229,0.0544,4.45,4.27,0,0,0.0,0.0,0,0,0.02,low,0
STU-2026-0348,0.0817,0.1043,4.39,4.57,0,1,0.0,0.0,0,0,0.0424,low,0
STU-2026-0349,-0.0028,0.6421,3.97,3.79,0,0,0.0,0.0,0,0,0.02,low,0
STU-2026-0350,-0.1743,-0.8738,2.82,2.97,3,2,0.0399,0.1546,1,0,0.5365,medium,0
STU-2026-0351,0.069,0.202,4.65,4.87,1,0,0.0,0.0,1,0,0.02,low,0
STU-2026-0352,0.003,0.0321,4.27,4.3,0,0,0.0,0.0,0,0,0.02,low,0
STU-2026-0353,-0.0313,0.1299,4.29,4.49,2,0,0.0,0.0,0,0,0.02,low,0
STU-2026-0354,-0.0083,0.6916,4.97,5.0,0,0,0.0,0.0,0,0,0.0232,low,0
STU-2026-0355,-0.3398,-1.5638,1.75,2.08,9,2,0.2292,0.2208,1,0,0.8409,high,1
STU-2026-0356,-0.0098,-0.197,3.84,4.28,0,0,0.0,0.0,0,0,0.02,low,0
STU-2026-0357,-0.0343,0.0691,4.22,4.24,0,1,0.0,0.0,0,0,0.02,low,0
STU-2026-0358,0.1258,0.0662,3.5,3.59,1,1,0.0,0.0,0,0,0.0214,low,0
STU-2026-0359,-0.002,-0.1028,4.48,4.19,0,0,0.0,0.0,0,0,0.02,low,0
STU-2026-0360,-0.109,0.4879,4.52,4.22,1,0,0.0,0.0,0,0,0.0674,low,0
STU-2026-0361,0.0396,0.4333,4.64,4.71,0,0,0.0,0.0,0,0,0.02,low,0
STU-2026-0362,-0.0443,-0.2012,3.69,3.76,1,0,0.0,0.0,0,0,0.02,low,0
STU-2026-0363,-0.1116,-0.7512,3.16,3.22,1,2,0.1079,0.1418,0,0,0.455,medium,0
STU-2026-0364,-0.1653,-0.6863,3.57,3.29,4,2,0.1093,0.1511,0,0,0.5319,medium,0
STU-2026-0365,0.0123,0.6047,4.24,4.19,0,0,0.0,0.0,0,0,0.02,low,0
STU-2026-0366,-0.0565,-0.1366,4.87,4.83,0,0,0.0,0.0,0,0,0.0301,low,0
STU-2026-0367,0.0323,0.2615,4.05,4.21,0,1,0.0,0.0,1,0,0.0203,low,0
STU-2026-0368,-0.1493,-0.6728,2.63,2.74,7,2,0.0862,0.1287,1,0,0.5665,medium,0
STU-2026-0369,0.0395,0.0464,4.11,4.42,0,0,0.0,0.0,0,0,0.02,low,0
STU-2026-0370,-0.0028,0.145,4.19,3.56,0,0,0.0,0.0,0,0,0.02,low,0
STU-2026-0371,-0.1465,-1.0383,2.87,3.04,3,2,0.1085,0.1079,0,0,0.532,medium,0
STU-2026-0372,-0.0227,0.0198,4.85,4.75,0,0,0.0,0.0,0,0,0.0546,low,0
STU-2026-0373,-0.0106,0.5159,4.39,4.19,0,1,0.0,0.0,0,0,0.02,low,0
STU-2026-0374,0.0472,0.0821,4.45,5.0,0,0,0.0,0.0,0,0,0.0255,low,0
STU-2026-0375,0.0518,0.0928,4.5,4.35,1,0,0.0,0.0,0,0,0.02,low,0
STU-2026-0376,0.0176,0.1123,3.98,4.04,2,0,0.0,0.0,0,0,0.02,low,0
STU-2026-0377,-0.3593,-0.6402,2.54,2.46,6,3,0.2387,0.2958,2,0,0.7722,high,1
STU-2026-0378,-0.4347,-1.4395,2.07,2.21,9,3,0.1869,0.2091,2,2,0.7682,high,1
STU-2026-0379,0.0456,-0.3315,3.5,3.18,1,0,0.0,0.0,0,0,0.0868,low,0
STU-2026-0380,-0.0936,-0.134,4.62,4.35,0,0,0.0,0.0,0,0,0.02,low,0
STU-2026-0381,0.0981,0.5813,4.42,4.28,0,0,0.0,0.0,0,1,0.02,low,0
STU-2026-0382,-0.0665,-0.0871,4.72,4.36,0,0,0.0,0.0,0,0,0.0282,low,0
STU-2026-0383,0.0731,0.503,3.84,4.05,1,0,0.0,0.0,0,0,0.0661,low,0
STU-2026-0384,-0.105,0.4179,4.53,4.2,1,0,0.0,0.0,0,0,0.02,low,0
STU-2026-0385,-0.0323,0.3508,3.9,3.81,0,1,0.0,0.0,0,0,0.02,low,0
STU-2026-0386,-0.6052,-1.299,1.92,1.61,6,2,0.1814,0.2602,2,1,0.7917,high,1
STU-2026-0387,-0.4576,-1.6831,1.86,1.55,7,3,0.202,0.2411,1,0,0.852,high,1
STU-2026-0388,0.0233,0.1526,3.98,4.18,0,0,0.0,0.0,0,0,0.0574,low,0
STU-2026-0389,-0.0642,0.1676,4.52,4.07,1,0,0.0,0.0,0,0,0.0637,low,0
STU-2026-0390,-0.1247,-0.4591,2.82,2.91,3,0,0.1684,0.121,0,1,0.4833,medium,0
STU-2026-0391,0.1025,0.0553,3.74,4.25,0,0,0.0,0.0,0,0,0.02,low,0
STU-2026-0392,0.0208,0.1676,3.67,4.33,0,0,0.0,0.0,0,0,0.02,low,0
STU-2026-0393,-0.1895,-0.8487,2.4,2.25,4,3,0.1368,0.1016,0,0,0.5486,medium,0
STU-2026-0394,0.0673,-0.3294,3.81,4.32,0,0,0.0,0.0,1,0,0.02,low,0
STU-2026-0395,0.0281,0.1023,4.62,4.39,1,0,0.0,0.0,0,0,0.02,low,0
STU-2026-0396,0.0966,0.1138,3.98,4.42,0,0,0.0,0.0,1,0,0.02,low,0
STU-2026-0397,-0.6007,-0.7598,1.22,1.26,7,1,0.1431,0.3317,2,0,0.7732,high,1
STU-2026-0398,-0.0392,0.4988,4.09,4.11,1,0,0.0,0.0,0,0,0.02,low,0
STU-2026-0399,0.0483,0.1274,4.58,4.35,2,0,0.0,0.0,1,0,0.02,low,0
STU-2026-0400,-0.0778,0.5057,4.4,4.73,1,0,0.0,0.0,0,0,0.0549,low,0
STU-2026-0401,0.0711,0.2727,3.75,3.41,1,0,0.0,0.0,1,0,0.0349,low,0
STU-2026-0402,0.061,0.506,4.07,4.42,0,0,0.0,0.0,0,0,0.02,low,0
STU-2026-0403,0.0498,0.4799,4.08,3.99,0,0,0.0,0.0,0,0,0.02,low,0
STU-2026-0404,0.0459,-0.1481,4.31,4.11,0,0,0.0,0.0,0,0,0.02,low,0
STU-2026-0405,0.0279,0.2414,3.86,4.24,0,0,0.0,0.0,0,0,0.02,low,0
STU-2026-0406,-0.0027,0.3057,3.95,4.44,0,0,0.0,0.0,0,0,0.02,low,0
STU-2026-0407,-0.14,-0.4396,3.78,3.27,1,0,0.147,0.0927,0,0,0.4896,medium,0
STU-2026-0408,0.0314,-0.0099,3.89,3.57,0,0,0.0,0.0,0,0,0.02,low,0
STU-2026-0409,-0.0734,0.0326,3.66,4.04,1,0,0.0,0.0,0,0,0.02,low,0
STU-2026-0410,-0.1569,-0.8655,2.77,2.63,2,2,0.1236,0.1635,0,0,0.56,medium,0
STU-2026-0411,0.0015,0.5508,4.26,4.39,0,0,0.0,0.0,0,0,0.02,low,0
STU-2026-0412,-0.2426,-0.8605,2.98,3.44,5,0,0.1147,0.1843,0,1,0.462,medium,0
STU-2026-0413,0.0858,-0.0931,4.33,4.34,1,0,0.0,0.0,0,0,0.02,low,0
STU-2026-0414,0.0512,0.0129,4.87,4.42,0,0,0.0,0.0,0,0,0.02,low,0
STU-2026-0415,-0.0103,0.5432,4.28,4.09,0,0,0.0,0.0,1,1,0.0212,low,0
STU-2026-0416,-0.2223,-0.7224,3.91,3.9,2,0,0.0949,0.154,0,0,0.4491,medium,0
STU-2026-0417,-0.0063,0.3578,4.48,4.46,0,0,0.0,0.0,0,0,0.02,low,0
STU-2026-0418,0.044,-0.0441,4.62,4.54,0,0,0.0,0.0,0,0,0.02,low,0
STU-2026-0419,-0.0832,0.4072,3.76,3.93,0,0,0.0,0.0,0,0,0.02,low,0
STU-2026-0420,0.033,-0.06,3.83,3.4,0,0,0.0,0.0,0,0,0.02,low,0
STU-2026-0421,0.0401,0.1587,4.35,4.25,0,0,0.0,0.0,0,0,0.02,low,0
STU-2026-0422,0.0136,-0.3554,3.66,3.43,0,1,0.0,0.0,0,0,0.04,low,0
STU-2026-0423,-0.004,0.0664,4.27,4.44,0,1,0.0,0.0,0,0,0.02,low,0
STU-2026-0424,-0.2121,-0.7798,3.05,2.52,0,2,0.1582,0.1193,0,1,0.4472,medium,0
STU-2026-0425,-0.0097,0.2968,4.66,4.21,0,0,0.0,0.0,0,0,0.02,low,0
STU-2026-0426,0.0045,0.1842,4.02,4.16,1,0,0.0,0.0,0,0,0.02,low,0
STU-2026-0427,-0.191,-0.7408,3.2,3.19,3,1,0.0816,0.1103,1,0,0.5432,medium,0
STU-2026-0428,0.0213,-0.277,3.64,3.78,0,0,0.0,0.0,1,0,0.038,low,0
STU-2026-0429,-0.0351,0.4119,4.1,4.22,2,0,0.0,0.0,0,0,0.02,low,0
STU-2026-0430,0.0294,0.3366,3.38,3.59,0,1,0.0,0.0,0,0,0.0351,low,0
STU-2026-0431,0.0051,0.1563,4.23,3.97,2,0,0.0,0.0,0,1,0.0567,low,0
STU-2026-0432,0.0919,0.2918,4.09,4.63,0,0,0.0,0.0,0,0,0.02,low,0
STU-2026-0433,-0.0254,0.5425,4.47,4.38,1,0,0.0,0.0,0,0,0.02,low,0
STU-2026-0434,0.0589,-0.0263,4.17,4.52,0,0,0.0,0.0,1,0,0.02,low,0
STU-2026-0435,-0.2272,-1.0976,3.33,3.42,2,0,0.0282,0.1472,0,0,0.5225,medium,0
STU-2026-0436,0.0774,-0.065,3.92,4.6,0,0,0.0,0.0,0,0,0.0441,low,0
STU-2026-0437,0.0308,0.3598,3.93,4.15,0,0,0.0,0.0,0,0,0.02,low,0
STU-2026-0438,-0.2498,-0.9144,2.2,2.58,3,3,0.1683,0.2791,2,1,0.8193,high,1
STU-2026-0439,-0.0792,0.2819,4.2,3.92,1,0,0.0,0.0,0,0,0.064,low,0
STU-2026-0440,0.0013,0.3299,4.29,4.37,0,1,0.0,0.0,0,0,0.02,low,0
STU-2026-0441,-0.0185,-0.0431,4.31,4.18,0,0,0.0,0.0,0,0,0.02,low,0
STU-2026-0442,0.0285,1.032,4.84,4.56,0,0,0.0,0.0,0,0,0.02,low,0
STU-2026-0443,0.0793,0.2815,4.05,4.45,0,1,0.0,0.0,1,0,0.02,low,0
STU-2026-0444,0.0151,-0.2693,4.56,4.54,0,0,0.0,0.0,0,0,0.02,low,0
STU-2026-0445,-0.5337,-1.8858,2.79,2.5,4,1,0.1902,0.1628,1,2,0.756,high,1
STU-2026-0446,-0.0123,-0.101,3.73,3.51,0,1,0.0,0.0,0,0,0.02,low,0
STU-2026-0447,-0.0167,0.3843,4.65,4.72,0,0,0.0,0.0,0,0,0.037,low,0
STU-2026-0448,-0.1364,-1.1902,2.69,2.94,4,3,0.1555,0.0964,2,0,0.5321,medium,0
STU-2026-0449,0.061,0.0805,3.0,3.47,1,0,0.0,0.0,0,0,0.0373,low,0
STU-2026-0450,-0.2858,-1.3225,1.5,1.54,6,3,0.1267,0.2488,1,1,0.7907,high,1
STU-2026-0451,-0.1469,-0.5807,3.2,3.44,5,1,0.0994,0.1193,0,1,0.537,medium,0
STU-2026-0452,-0.2385,-0.8479,3.52,3.67,3,3,0.0781,0.1418,1,0,0.4866,medium,0
STU-2026-0453,0.0218,0.5751,4.38,3.85,1,0,0.0,0.0,0,0,0.02,low,0
STU-2026-0454,0.0423,0.3069,3.92,4.03,1,0,0.0,0.0,0,0,0.02,low,0
STU-2026-0455,0.0244,0.2745,4.35,4.26,0,0,0.0,0.0,0,0,0.02,low,0
STU-2026-0456,0.0134,0.3582,5.0,4.46,1,0,0.0,0.0,0,0,0.02,low,0
STU-2026-0457,0.0481,0.2583,3.58,3.89,1,0,0.0,0.0,0,0,0.0488,low,0
STU-2026-0458,0.0725,0.0895,3.86,3.85,0,0,0.0,0.0,0,0,0.02,low,0
STU-2026-0459,0.0389,-0.4158,4.41,4.58,0,0,0.0,0.0,0,0,0.02,low,0
STU-2026-0460,-0.4973,-1.3382,2.17,2.38,14,7,0.1957,0.3316,2,1,0.8818,high,1
STU-2026-0461,-0.0056,0.364,4.53,4.22,0,0,0.0,0.0,0,0,0.0643,low,0
STU-2026-0462,-0.1077,-0.4772,3.54,3.2,2,0,0.1564,0.1934,1,0,0.4777,medium,0
STU-2026-0463,-0.0007,0.7633,4.14,4.45,2,0,0.0,0.0,0,0,0.0219,low,0
STU-2026-0464,-0.15,-0.354,2.97,3.17,2,1,0.0448,0.1887,1,0,0.5099,medium,0
STU-2026-0465,0.0903,0.1318,4.9,4.69,1,0,0.0,0.0,0,0,0.02,low,0
STU-2026-0466,0.0984,0.2758,3.95,3.76,0,1,0.0,0.0,0,0,0.0251,low,0
STU-2026-0467,-0.1044,-0.8156,3.36,3.88,4,0,0.1416,0.1106,0,0,0.5217,medium,0
STU-2026-0468,-0.1648,-0.4595,3.5,3.73,1,0,0.0622,0.1581,1,0,0.4266,medium,0
STU-2026-0469,-0.0018,-0.0828,5.0,4.71,0,0,0.0,0.0,0,0,0.02,low,0
STU-2026-0470,-0.2295,-0.8889,2.08,2.37,2,1,0.1297,0.1526,0,0,0.4851,medium,0
STU-2026-0471,0.0275,0.4998,5.0,4.92,0,0,0.0,0.0,1,1,0.02,low,0
STU-2026-0472,-0.5372,-1.216,1.82,2.0,11,2,0.1941,0.1839,3,1,0.8618,high,1
STU-2026-0473,-0.176,-0.7257,2.93,2.69,4,1,0.0901,0.1661,0,0,0.4927,medium,0
STU-2026-0474,0.1089,0.4261,3.94,4.06,1,0,0.0,0.0,0,0,0.0241,low,0
STU-2026-0475,0.1074,0.4607,4.19,4.34,0,0,0.0,0.0,0,0,0.02,low,0
STU-2026-0476,-0.21,-0.6348,3.26,3.14,4,0,0.1441,0.1265,0,1,0.4976,medium,0
STU-2026-0477,-0.2772,-0.8171,3.82,3.61,3,3,0.06,0.0794,0,1,0.4381,medium,0
STU-2026-0478,-0.4018,-1.9818,2.58,2.39,6,4,0.1964,0.2155,4,1,0.8105,high,1
STU-2026-0479,0.0033,0.041,3.5,3.79,0,0,0.0,0.0,0,0,0.02,low,0
STU-2026-0480,0.0708,0.7142,4.13,4.1,0,0,0.0,0.0,0,0,0.0265,low,0
STU-2026-0481,0.0409,0.1983,4.32,4.91,0,0,0.0,0.0,0,0,0.02,low,0
STU-2026-0482,0.1027,-0.0096,4.2,4.23,1,0,0.0,0.0,1,0,0.02,low,0
STU-2026-0483,-0.4332,-1.0812,1.05,1.2,8,1,0.1954,0.2451,3,1,0.7804,high,1
STU-2026-0484,0.0076,0.385,3.9,4.66,1,1,0.0,0.0,0,0,0.0211,low,0
STU-2026-0485,-0.0826,-0.0423,4.06,3.86,0,1,0.0,0.0,0,0,0.0523,low,0
STU-2026-0486,-0.0731,-0.9477,3.41,2.95,2,0,0.1837,0.1506,0,0,0.5273,medium,0
STU-2026-0487,0.0571,0.1005,3.67,3.95,0,1,0.0,0.0,0,0,0.02,low,0
STU-2026-0488,-0.0129,-0.1591,4.51,4.39,0,0,0.0,0.0,0,0,0.02,low,0
STU-2026-0489,0.0363,-0.0735,4.06,4.31,0,1,0.0,0.0,0,0,0.02,low,0
STU-2026-0490,0.1237,0.1372,3.86,3.93,1,0,0.0,0.0,0,0,0.02,low,0
STU-2026-0491,-0.013,0.1949,3.82,4.05,0,1,0.0,0.0,0,0,0.02,low,0
STU-2026-0492,0.1147,0.3626,3.69,3.61,1,0,0.0,0.0,0,0,0.02,low,0
STU-2026-0493,0.055,0.2635,3.78,3.82,0,0,0.0,0.0,0,0,0.02,low,0
STU-2026-0494,-0.0672,0.3199,3.46,3.57,0,0,0.0,0.0,0,0,0.0257,low,0
STU-2026-0495,-0.0205,0.0147,3.94,3.86,1,0,0.0,0.0,1,0,0.0628,low,0
STU-2026-0496,-0.6664,-1.7258,1.4,1.7,9,1,0.1835,0.2664,1,1,0.8437,high,1
STU-2026-0497,-0.6212,-1.7833,2.82,2.37,6,4,0.1801,0.2203,3,0,0.8747,high,1
STU-2026-0498,-0.194,-0.6689,3.44,3.38,0,0,0.1492,0.1628,0,1,0.487,medium,0
STU-2026-0499,-0.5194,-1.1842,1.97,1.65,5,2,0.246,0.2321,4,0,0.8068,high,1
STU-2026-0500,-0.602,-1.8762,2.05,1.68,4,2,0.2371,0.2748,2,0,0.8164,high,1
STU-2026-0501,-0.0178,0.3619,3.66,4.36,0,0,0.0,0.0,0,0,0.02,low,0
STU-2026-0502,0.0438,0.7323,4.09,4.39,1,2,0.0,0.0,1,0,0.02,low,0
STU-2026-0503,0.0377,0.4779,3.86,3.93,0,0,0.0,0.0,0,0,0.0231,low,0
STU-2026-0504,0.0088,0.0601,4.64,4.41,0,1,0.0,0.0,0,0,0.02,low,0
STU-2026-0505,0.0443,0.054,4.1,3.73,1,0,0.0,0.0,1,0,0.02,low,0
STU-2026-0506,0.0139,0.892,3.44,3.28,1,0,0.0,0.0,0,0,0.02,low,0
STU-2026-0507,-0.0042,0.3376,3.9,3.78,2,0,0.0,0.0,0,0,0.0512,low,0
STU-2026-0508,-0.0562,0.1887,4.64,4.07,2,0,0.0,0.0,0,0,0.02,low,0
STU-2026-0509,-0.1142,-0.8532,2.51,1.91,5,1,0.0366,0.1169,0,0,0.4881,medium,0
STU-2026-0510,-0.2323,-0.3646,3.48,2.82,2,2,0.1377,0.1351,0,0,0.452,medium,0
STU-2026-0511,-0.116,-0.509,2.97,3.01,4,0,0.0781,0.122,1,0,0.4863,medium,0
STU-2026-0512,-0.1155,-0.641,2.42,2.35,5,0,0.1283,0.1098,0,0,0.5054,medium,0
STU-2026-0513,-0.1767,-0.3602,3.91,4.09,4,3,0.064,0.0883,0,0,0.4872,medium,0
STU-2026-0514,-0.0333,0.5093,4.28,4.34,1,0,0.0,0.0,0,0,0.02,low,0
STU-2026-0515,0.085,0.261,3.63,3.77,1,1,0.0,0.0,0,0,0.02,low,0
STU-2026-0516,-0.5844,-1.6679,2.21,2.44,5,1,0.1645,0.2598,1,0,0.8404,high,1
STU-2026-0517,-0.165,-1.0905,2.99,3.14,2,0,0.1768,0.1536,0,0,0.5312,medium,0
STU-2026-0518,-0.5778,-1.6702,1.58,1.7,5,7,0.1448,0.1984,1,1,0.8223,high,1
STU-2026-0519,0.0163,-0.1609,4.31,4.68,0,0,0.0,0.0,0,0,0.02,low,0
STU-2026-0520,-0.0384,0.1889,4.01,4.19,0,1,0.0,0.0,0,0,0.0302,low,0
STU-2026-0521,0.0566,0.5113,4.28,4.58,0,0,0.0,0.0,1,0,0.02,low,0
STU-2026-0522,0.1853,0.3656,3.62,3.68,0,0,0.0,0.0,0,0,0.02,low,0
STU-2026-0523,0.0824,0.1457,4.82,4.22,0,1,0.0,0.0,0,0,0.02,low,0
STU-2026-0524,0.0605,0.0901,4.64,4.63,0,0,0.0,0.0,0,0,0.02,low,0
STU-2026-0525,-0.3839,-1.7208,1.27,1.36,6,5,0.1889,0.2694,1,0,0.8102,high,1
STU-2026-0526,0.0056,0.3418,3.46,4.04,0,0,0.0,0.0,0,0,0.02,low,0
STU-2026-0527,0.0733,0.1087,3.93,3.78,0,1,0.0,0.0,0,0,0.02,low,0
STU-2026-0528,0.0206,0.1873,4.29,4.36,1,1,0.0,0.0,0,0,0.02,low,0
STU-2026-0529,-0.0164,-0.0262,4.2,4.55,0,0,0.0,0.0,1,1,0.0307,low,0
STU-2026-0530,0.0479,-0.0545,4.06,4.0,0,0,0.0,0.0,0,0,0.02,low,0
STU-2026-0531,0.0014,0.0942,3.96,4.18,0,0,0.0,0.0,0,0,0.02,low,0
STU-2026-0532,-0.0898,0.1106,3.93,4.63,1,0,0.0,0.0,0,0,0.02,low,0
STU-2026-0533,0.0468,0.3719,3.29,3.26,0,0,0.0,0.0,1,0,0.02,low,0
STU-2026-0534,0.0235,-0.0232,4.51,4.17,1,0,0.0,0.0,0,0,0.025,low,0
STU-2026-0535,-0.0481,-0.0068,4.36,4.05,0,0,0.0,0.0,0,0,0.0545,low,0
STU-2026-0536,-0.007,-0.0902,5.0,5.0,0,0,0.0,0.0,0,0,0.0219,low,0
STU-2026-0537,0.1231,0.0702,3.88,3.97,0,1,0.0,0.0,0,0,0.02,low,0
STU-2026-0538,0.0097,0.2967,3.89,3.63,0,0,0.0,0.0,1,0,0.02,low,0
STU-2026-0539,-0.5411,-1.5718,1.86,2.02,8,2,0.2835,0.2582,1,0,0.8764,high,1
STU-2026-0540,0.0666,0.722,4.03,4.16,0,0,0.0,0.0,0,0,0.02,low,0
STU-2026-0541,0.0738,-0.2474,3.41,3.29,0,0,0.0,0.0,0,0,0.02,low,0
STU-2026-0542,0.0262,0.1234,3.57,3.71,1,0,0.0,0.0,0,0,0.02,low,0
STU-2026-0543,0.033,0.291,3.17,3.42,0,0,0.0,0.0,0,0,0.02,low,0
STU-2026-0544,0.0221,0.3421,4.54,4.21,0,0,0.0,0.0,0,0,0.02,low,0
STU-2026-0545,0.0414,-0.1176,3.33,3.41,0,0,0.0,0.0,0,0,0.0459,low,0
STU-2026-0546,-0.031,0.8097,4.42,4.21,2,0,0.0,0.0,0,0,0.02,low,0
STU-2026-0547,0.0119,0.3607,3.9,4.23,0,0,0.0,0.0,0,0,0.02,low,0
STU-2026-0548,0.0258,0.113,4.51,4.24,1,1,0.0,0.0,0,0,0.02,low,0
STU-2026-0549,-0.0539,0.1108,4.44,4.25,0,0,0.0,0.0,0,0,0.0228,low,0
STU-2026-0550,0.0445,-0.0196,4.44,4.19,0,0,0.0,0.0,0,1,0.02,low,0
STU-2026-0551,-0.5264,-0.9504,2.57,2.85,6,3,0.1835,0.2767,1,1,0.8052,high,1
STU-2026-0552,-0.4838,-1.107,2.38,2.15,8,2,0.2626,0.247,2,0,0.8257,high,1
STU-2026-0553,-0.0747,-0.2013,4.37,3.73,0,0,0.0,0.0,0,0,0.02,low,0
STU-2026-0554,0.0636,0.2979,3.89,3.61,0,1,0.0,0.0,0,0,0.0324,low,0
STU-2026-0555,-0.1893,-0.8308,2.46,2.7,4,1,0.1339,0.1398,1,0,0.5163,medium,0
STU-2026-0556,0.0158,0.0241,4.07,4.33,0,0,0.0,0.0,0,0,0.0234,low,0
STU-2026-0557,-0.044,0.3287,3.68,3.48,1,0,0.0,0.0,0,1,0.02,low,0
STU-2026-0558,-0.0566,0.1417,4.86,4.35,2,0,0.0,0.0,0,0,0.02,low,0
STU-2026-0559,0.0393,0.202,4.5,4.97,0,1,0.0,0.0,0,0,0.02,low,0
STU-2026-0560,0.0287,0.1881,4.73,4.66,0,0,0.0,0.0,0,0,0.0281,low,0
STU-2026-0561,-0.0537,0.6942,4.23,4.23,0,1,0.0,0.0,0,0,0.02,low,0
STU-2026-0562,-0.0512,0.4404,3.98,3.88,0,0,0.0,0.0,0,0,0.02,low,0
STU-2026-0563,-0.042,-0.9122,3.67,3.14,3,0,0.0744,0.1424,0,0,0.5313,medium,0
STU-2026-0564,0.0245,0.1109,4.45,3.98,1,0,0.0,0.0,0,0,0.02,low,0
STU-2026-0565,0.0363,0.4642,4.15,4.4,0,0,0.0,0.0,0,0,0.02,low,0
STU-2026-0566,0.0415,-0.1416,4.7,3.97,1,0,0.0,0.0,0,0,0.02,low,0
STU-2026-0567,0.0076,0.298,4.49,4.3,0,0,0.0,0.0,0,0,0.02,low,0
STU-2026-0568,-0.0073,0.0854,3.62,3.92,0,1,0.0,0.0,0,0,0.02,low,0
STU-2026-0569,-0.023,-0.0495,5.0,5.0,0,0,0.0,0.0,0,0,0.02,low,0
STU-2026-0570,-0.1307,-0.8329,3.23,3.43,3,0,0.0658,0.1206,0,0,0.4875,medium,0
STU-2026-0571,0.0275,0.3438,4.08,3.96,1,0,0.0,0.0,0,0,0.02,low,0
STU-2026-0572,0.0948,0.3908,4.56,4.3,0,0,0.0,0.0,1,0,0.02,low,0
STU-2026-0573,0.0199,0.1514,3.92,3.9,0,1,0.0,0.0,0,0,0.02,low,0
STU-2026-0574,-0.4863,-1.3423,1.48,1.56,5,4,0.3593,0.1787,1,1,0.7922,high,1
STU-2026-0575,0.0672,0.3383,4.28,3.93,0,0,0.0,0.0,0,0,0.0442,low,0
STU-2026-0576,0.1123,0.3703,4.35,3.85,1,1,0.0,0.0,0,0,0.0269,low,0
STU-2026-0577,0.0645,-0.0604,4.29,3.69,0,1,0.0,0.0,0,0,0.0578,low,0
STU-2026-0578,0.1114,0.1903,4.33,3.93,0,0,0.0,0.0,0,0,0.0213,low,0
STU-2026-0579,-0.1894,-0.7076,2.82,2.65,2,3,0.1121,0.1227,1,0,0.4679,medium,0
STU-2026-0580,-0.0346,0.3992,4.27,4.55,0,0,0.0,0.0,0,0,0.02,low,0
STU-2026-0581,0.0891,0.0185,4.34,4.38,1,0,0.0,0.0,0,0,0.02,low,0
STU-2026-0582,-0.5308,-0.7117,2.97,3.26,4,3,0.2414,0.319,3,0,0.7384,high,1
STU-2026-0583,0.0996,0.4322,4.73,4.87,0,0,0.0,0.0,0,0,0.02,low,0
STU-2026-0584,-0.008,0.2022,4.13,4.51,0,0,0.0,0.0,0,0,0.02,low,0
STU-2026-0585,-0.0157,0.2743,4.53,4.28,1,0,0.0,0.0,0,0,0.02,low,0
STU-2026-0586,-0.2167,-0.4183,2.84,3.03,2,1,0.1453,0.1095,0,0,0.4844,medium,0
STU-2026-0587,0.1134,-0.0671,4.08,3.92,0,0,0.0,0.0,0,0,0.0354,low,0
STU-2026-0588,-0.5639,-1.8438,1.14,1.55,7,4,0.1836,0.2352,1,0,0.7721,high,1
STU-2026-0589,0.0178,0.232,3.84,3.51,0,0,0.0,0.0,0,0,0.0547,low,0
STU-2026-0590,-0.6195,-1.3691,1.61,1.89,6,3,0.2792,0.2792,3,0,0.8267,high,1
STU-2026-0591,-0.027,0.1258,4.52,4.68,0,0,0.0,0.0,0,0,0.02,low,0
STU-2026-0592,0.1007,0.2274,4.63,4.7,1,0,0.0,0.0,0,0,0.02,low,0
STU-2026-0593,-0.0378,-0.1307,4.86,4.74,0,1,0.0,0.0,0,0,0.02,low,0
STU-2026-0594,-0.0522,0.3932,4.05,4.42,0,0,0.0,0.0,0,0,0.0289,low,0
STU-2026-0595,0.0405,-0.8766,3.93,4.13,1,0,0.1387,0.0788,0,0,0.488,medium,0
STU-2026-0596,-0.0212,0.1898,3.62,3.74,0,0,0.0,0.0,1,0,0.0414,low,0
STU-2026-0597,0.0672,0.23,4.53,4.5,1,0,0.0,0.0,1,0,0.0249,low,0
STU-2026-0598,0.1134,0.3275,4.57,4.85,1,0,0.0,0.0,0,0,0.02,low,0
STU-2026-0599,-0.5404,-1.4433,2.48,2.29,5,4,0.1423,0.3451,2,2,0.8025,high,1
STU-2026-0600,-0.1899,-0.7927,2.34,2.65,1,3,0.1994,0.1874,1,0,0.5092,medium,0
STU-2026-0001,0.0458,0.0373,4.28,3.82,0,0,0.0,0.0,0,0,0.02,low,0
STU-2026-0002,0.0079,-0.1878,4.21,4.49,1,0,0.0,0.0,0,0,0.02,low,0
STU-2026-0003,-0.0495,0.1019,4.49,4.2,0,0,0.0,0.0,0,0,0.02,low,0
STU-2026-0004,-0.5551,-1.881,1.68,1.98,2,3,0.2115,0.2312,1,0,0.8242,high,1
STU-2026-0005,0.0588,0.2802,3.11,3.83,0,0,0.0,0.0,0,0,0.02,low,0
STU-2026-0006,-0.0571,0.501,3.98,4.19,1,0,0.0,0.0,0,0,0.0254,low,0
STU-2026-0007,0.0053,-0.0429,4.06,4.51,0,0,0.0,0.0,0,0,0.02,low,0
STU-2026-0008,-0.4455,-1.5694,2.68,2.78,10,1,0.2046,0.2083,3,2,0.8177,high,1
STU-2026-0009,-0.078,-0.5883,3.64,3.36,4,1,0.1358,0.1457,0,0,0.4822,medium,0
STU-2026-0010,-0.2202,-0.5032,3.54,2.93,3,1,0.0365,0.1417,0,0,0.5101,medium,0
STU-2026-0011,0.0965,0.2811,4.4,4.38,0,0,0.0,0.0,1,0,0.02,low,0
STU-2026-0012,-0.0453,-0.0647,3.78,3.4,2,0,0.0,0.0,0,0,0.0312,low,0
STU-2026-0013,0.0707,0.1075,3.82,4.58,0,1,0.0,0.0,0,0,0.02,low,0
STU-2026-0014,-0.3065,-0.8228,2.49,3.45,4,0,0.1288,0.1472,0,0,0.5154,medium,0
STU-2026-0015,-0.031,0.0566,4.09,4.5,0,0,0.0,0.0,0,0,0.02,low,0
STU-2026-0016,-0.1758,-0.5108,2.76,2.58,2,0,0.1495,0.1209,1,0,0.4953,medium,0
STU-2026-0017,-0.0925,0.1786,4.27,4.22,1,0,0.0,0.0,1,0,0.02,low,0
STU-2026-0018,0.1174,0.613,4.24,4.64,0,1,0.0,0.0,1,0,0.02,low,0
STU-2026-0019,-0.2036,-0.7587,3.75,3.13,2,1,0.0617,0.1577,1,0,0.4797,medium,0
STU-2026-0020,0.002,-0.1245,3.79,3.58,0,0,0.0,0.0,0,0,0.02,low,0
STU-2026-0021,-0.2783,-1.7995,2.24,2.04,6,1,0.2023,0.3759,1,0,0.8512,high,1
STU-2026-0022,0.0151,0.2282,4.18,3.66,0,0,0.0,0.0,0,0,0.02,low,0
STU-2026-0023,-0.0505,-0.277,4.53,4.63,0,0,0.0,0.0,0,0,0.02,low,0
STU-2026-0024,0.0699,-0.147,4.5,3.94,0,0,0.0,0.0,0,0,0.02,low,0
STU-2026-0025,-0.0752,0.3305,3.62,4.11,0,0,0.0,0.0,0,0,0.02,low,0
STU-2026-0026,0.0432,0.3355,4.04,4.43,0,0,0.0,0.0,0,0,0.02,low,0
STU-2026-0027,0.0964,-0.2529,3.95,3.51,0,0,0.0,0.0,0,0,0.02,low,0
STU-2026-0028,-0.0191,0.1407,4.3,4.13,0,0,0.0,0.0,0,0,0.02,low,0
STU-2026-0029,-0.0191,0.2197,4.06,4.55,1,0,0.0,0.0,0,0,0.0247,low,0
STU-2026-0030,0.0989,0.2088,4.88,4.64,0,0,0.0,0.0,0,0,0.02,low,0
STU-2026-0031,0.0234,0.568,4.82,4.32,0,0,0.0,0.0,0,0,0.02,low,0
STU-2026-0032,0.0858,0.0398,4.39,4.2,1,0,0.0,0.0,0,0,0.0284,low,0
STU-2026-0033,0.031,0.4282,4.77,4.79,2,1,0.0,0.0,0,0,0.0518,low,0
STU-2026-0034,0.0338,-0.1313,4.37,4.44,0,0,0.0,0.0,0,0,0.02,low,0
STU-2026-0035,0.0515,-0.043,3.84,3.61,0,0,0.0,0.0,0,0,0.02,low,0
STU-2026-0036,0.0255,0.1771,4.03,4.25,0,0,0.0,0.0,0,0,0.0254,low,0
STU-2026-0037,-0.0629,-1.3596,2.69,3.28,1,1,0.1297,0.0897,0,0,0.4801,medium,0
STU-2026-0038,0.0086,-0.0641,5.0,4.76,0,0,0.0,0.0,0,0,0.02,low,0
STU-2026-0039,-0.1837,-0.931,3.3,3.72,2,0,0.1156,0.1228,0,0,0.4806,medium,0
STU-2026-0040,-0.5445,-1.5787,2.17,2.23,8,4,0.1377,0.3359,2,2,0.8234,high,1
STU-2026-0041,0.0518,0.4472,4.23,4.39,0,0,0.0,0.0,0,0,0.02,low,0
STU-2026-0042,0.0029,0.4424,4.69,4.32,0,0,0.0,0.0,0,0,0.02,low,0
STU-2026-0043,0.0132,0.3122,4.19,3.85,1,0,0.0,0.0,0,0,0.02,low,0
STU-2026-0044,-0.4572,-1.7282,2.26,2.15,11,2,0.2735,0.2171,2,2,0.8741,high,1
STU-2026-0045,-0.1764,-0.3761,2.86,3.27,1,0,0.1382,0.1908,0,0,0.4538,medium,0
STU-2026-0046,0.0517,-0.0435,4.5,4.59,0,0,0.0,0.0,0,0,0.0621,low,0
STU-2026-0047,0.0624,0.5303,3.6,3.99,1,0,0.0,0.0,0,0,0.02,low,0
STU-2026-0048,0.0702,0.3073,4.65,4.68,1,0,0.0,0.0,0,0,0.0443,low,0
STU-2026-0049,0.035,0.3332,3.88,3.67,1,0,0.0,0.0,0,0,0.0275,low,0
STU-2026-0050,0.0619,0.1035,4.22,4.2,0,0,0.0,0.0,0,0,0.02,low,0
STU-2026-0051,0.0016,0.437,4.54,4.4,0,0,0.0,0.0,1,0,0.02,low,0
STU-2026-0052,0.0699,0.037,4.26,4.3,1,1,0.0,0.0,0,0,0.02,low,0
STU-2026-0053,-0.0155,0.366,4.12,4.33,0,0,0.0,0.0,1,0,0.02,low,0
STU-2026-0054,-0.4077,-1.351,1.82,1.59,9,5,0.312,0.3186,1,0,0.9072,high,1
STU-2026-0055,0.037,-0.3624,4.21,4.05,0,0,0.0,0.0,0,0,0.02,low,0
STU-2026-0056,-0.0535,0.197,3.73,3.83,0,0,0.0,0.0,0,0,0.02,low,0
STU-2026-0057,0.0623,0.0118,4.2,3.84,0,0,0.0,0.0,0,0,0.02,low,0
STU-2026-0058,0.005,0.3764,3.86,4.55,0,0,0.0,0.0,0,0,0.02,low,0
STU-2026-0059,-0.1063,-0.3788,3.29,2.95,3,0,0.1285,0.1382,1,0,0.4789,medium,0
STU-2026-0060,-0.0284,0.3789,3.5,3.23,0,0,0.0,0.0,0,0,0.02,low,0
STU-2026-0061,-0.0121,0.6146,4.19,3.95,0,0,0.0,0.0,0,0,0.0527,low,0
STU-2026-0062,-0.0034,0.2475,4.56,4.47,0,0,0.0,0.0,1,0,0.02,low,0
STU-2026-0063,0.057,0.2079,4.01,4.01,0,0,0.0,0.0,0,0,0.029,low,0
STU-2026-0064,0.0229,0.3925,4.32,4.65,1,0,0.0,0.0,0,0,0.02,low,0
STU-2026-0065,-0.0826,-0.9014,1.89,2.49,1,0,0.1535,0.1083,1,0,0.4801,medium,0
STU-2026-0066,-0.0677,-1.007,2.78,2.77,5,3,0.1105,0.1189,0,0,0.5308,medium,0
STU-2026-0067,-0.4826,-1.6946,1.76,2.01,10,4,0.1782,0.1751,3,2,0.8959,high,1
STU-2026-0068,-0.0429,0.5206,3.78,3.82,2,0,0.0,0.0,0,0,0.02,low,0
STU-2026-0069,-0.1979,-0.7812,3.12,3.48,4,1,0.1692,0.1404,2,0,0.5515,medium,0
STU-2026-0070,0.0421,0.0373,3.57,3.73,0,0,0.0,0.0,0,0,0.02,low,0
STU-2026-0071,-0.2131,-0.4369,3.73,3.74,1,0,0.1124,0.1538,1,1,0.4937,medium,0
STU-2026-0072,0.1085,0.4564,4.45,4.42,0,0,0.0,0.0,0,0,0.02,low,0
STU-2026-0073,0.0226,0.3516,4.31,4.54,1,0,0.0,0.0,0,0,0.02,low,0
STU-2026-0074,-0.0014,0.4098,4.2,4.3,0,0,0.0,0.0,0,0,0.0452,low,0
STU-2026-0075,-0.0213,0.1109,3.49,3.65,1,0,0.0,0.0,0,0,0.021,low,0
STU-2026-0076,-0.0657,-1.1464,3.76,3.68,6,0,0.075,0.1717,0,0,0.5293,medium,0
STU-2026-0077,0.0235,-0.0213,4.15,3.89,0,0,0.0,0.0,0,0,0.02,low,0
STU-2026-0078,0.0416,0.1525,3.51,3.48,0,0,0.0,0.0,0,0,0.02,low,0
STU-2026-0079,-0.1833,-0.8945,3.79,3.4,0,1,0.1514,0.11,1,0,0.4677,medium,0
STU-2026-0080,0.0626,-0.0972,3.98,4.28,0,1,0.0,0.0,0,0,0.1012,low,0
STU-2026-0081,0.0018,0.0982,4.49,4.92,0,0,0.0,0.0,0,0,0.02,low,0
STU-2026-0082,0.0579,0.639,4.48,4.54,0,0,0.0,0.0,0,0,0.0295,low,0
STU-2026-0083,0.0981,-0.0878,3.82,3.82,1,0,0.0,0.0,0,0,0.02,low,0
STU-2026-0084,-0.0157,0.3477,4.92,4.47,1,1,0.0,0.0,0,0,0.02,low,0
STU-2026-0085,-0.0157,0.1989,4.55,4.37,0,0,0.0,0.0,0,0,0.02,low,0
STU-2026-0086,-0.2278,-0.492,2.91,3.13,4,1,0.0649,0.1278,0,0,0.4395,medium,0
STU-2026-0087,-0.0112,0.4445,3.84,3.78,0,0,0.0,0.0,0,0,0.0386,low,0
STU-2026-0088,-0.1172,-0.6562,2.66,2.2,2,0,0.0904,0.1572,0,0,0.4349,medium,0
STU-2026-0089,0.0053,0.2943,3.9,3.95,0,1,0.0,0.0,0,0,0.0232,low,0
STU-2026-0090,0.0279,0.183,4.7,4.52,0,0,0.0,0.0,0,0,0.02,low,0
STU-2026-0091,0.0439,0.1583,4.61,4.28,0,0,0.0,0.0,0,0,0.02,low,0
STU-2026-0092,-0.2093,-0.4221,2.71,2.68,0,2,0.0653,0.1521,1,0,0.4359,medium,0
STU-2026-0093,0.0099,0.079,4.08,4.34,0,0,0.0,0.0,0,0,0.02,low,0
STU-2026-0094,0.0178,0.6075,4.64,4.8,2,0,0.0,0.0,0,0,0.02,low,0
STU-2026-0095,-0.0857,-0.6859,3.34,3.27,3,2,0.1408,0.1546,1,1,0.527,medium,0
STU-2026-0096,-0.0436,0.7127,3.5,3.85,0,0,0.0,0.0,0,0,0.0228,low,0
STU-2026-0097,-0.4071,-1.0342,1.87,2.24,5,2,0.2319,0.1837,2,0,0.8225,high,1
STU-2026-0098,0.0357,0.0305,4.39,4.65,0,0,0.0,0.0,0,0,0.02,low,0
STU-2026-0099,0.0291,0.4956,4.25,4.25,0,0,0.0,0.0,0,0,0.0326,low,0
STU-2026-0100,-0.0911,-0.8053,3.41,3.27,4,0,0.0587,0.1383,1,0,0.5289,medium,0
STU-2026-0101,-0.0022,-0.0899,4.38,4.51,1,0,0.0,0.0,0,0,0.02,low,0
STU-2026-0102,0.0453,0.51,3.89,3.79,1,0,0.0,0.0,0,0,0.02,low,0
STU-2026-0103,0.0377,0.7927,4.44,4.27,1,0,0.0,0.0,0,0,0.02,low,0
STU-2026-0104,-0.1231,-0.7006,2.79,2.75,2,1,0.0882,0.1059,1,0,0.4322,medium,0
STU-2026-0105,-0.172,-0.7225,4.12,3.86,1,0,0.1082,0.0777,2,0,0.4587,medium,0
STU-2026-0106,-0.1691,-0.4891,2.7,3.29,5,2,0.1173,0.1606,0,0,0.5209,medium,0
STU-2026-0107,-0.2418,-1.1955,3.09,3.19,3,1,0.1663,0.1554,0,0,0.5356,medium,0
STU-2026-0108,0.0361,-0.0686,3.86,3.8,0,0,0.0,0.0,0,0,0.02,low,0
STU-2026-0109,0.0634,0.2983,4.8,4.3,0,0,0.0,0.0,0,1,0.02,low,0
STU-2026-0110,-0.3833,-1.4253,1.41,1.88,9,1,0.1613,0.1958,1,2,0.7908,high,1
STU-2026-0111,-0.1737,-0.4462,3.06,2.66,3,1,0.0901,0.1671,0,0,0.5228,medium,0
STU-2026-0112,-0.1091,-0.9492,2.41,2.84,0,1,0.1583,0.1266,0,0,0.4783,medium,0
STU-2026-0113,-0.0162,0.0365,4.37,4.83,1,1,0.0,0.0,0,0,0.02,low,0
STU-2026-0114,0.0219,0.361,4.53,4.63,2,1,0.0,0.0,0,0,0.02,low,0
STU-2026-0115,-0.1888,-1.1766,2.56,2.81,4,0,0.1287,0.1897,2,1,0.6003,medium,0
STU-2026-0116,0.0386,0.1483,4.06,4.13,0,0,0.0,0.0,0,0,0.02,low,0
STU-2026-0117,-0.1968,-0.6564,2.42,2.87,3,2,0.1068,0.1552,0,0,0.5134,medium,0
STU-2026-0118,-0.0315,0.1997,5.0,4.79,1,0,0.0,0.0,0,0,0.02,low,0
STU-2026-0119,0.0865,0.524,3.92,3.64,1,0,0.0,0.0,0,0,0.02,low,0
STU-2026-0120,-0.2811,-1.6782,1.88,2.0,11,2,0.221,0.2851,1,1,0.8869,high,1
STU-2026-0121,-0.0015,0.2618,4.24,4.28,0,0,0.0,0.0,0,0,0.02,low,0
STU-2026-0122,0.0688,-0.0456,4.14,4.55,0,0,0.0,0.0,0,0,0.02,low,0
STU-2026-0123,0.0538,0.4889,4.3,4.01,1,0,0.0,0.0,1,1,0.0736,low,0
STU-2026-0124,0.061,0.6023,4.52,4.87,1,0,0.0,0.0,0,0,0.0347,low,0
STU-2026-0125,0.1165,-0.102,3.75,4.29,0,0,0.0,0.0,0,0,0.02,low,0
STU-2026-0126,0.0126,0.6422,4.5,4.27,1,0,0.0,0.0,0,0,0.02,low,0
STU-2026-0127,0.0047,0.0642,3.9,3.94,0,0,0.0,0.0,0,0,0.02,low,0
STU-2026-0128,-0.6449,-1.6627,1.81,2.05,3,1,0.2751,0.3567,2,0,0.8708,high,1
STU-2026-0129,0.1225,0.4316,4.22,4.22,0,0,0.0,0.0,0,0,0.02,low,0
STU-2026-0130,-0.2278,-0.9649,4.09,3.73,3,2,0.12,0.1717,0,0,0.5384,medium,0
STU-2026-0131,0.0098,0.4971,4.05,4.73,0,2,0.0,0.0,0,0,0.02,low,0
STU-2026-0132,0.0509,0.8639,4.88,4.43,0,0,0.0,0.0,0,0,0.02,low,0
STU-2026-0133,0.0647,0.1975,4.25,4.38,0,1,0.0,0.0,1,0,0.0568,low,0
STU-2026-0134,0.0334,0.3855,5.0,4.7,0,0,0.0,0.0,0,0,0.0369,low,0
STU-2026-0135,0.052,-0.0056,4.72,4.13,0,0,0.0,0.0,0,0,0.02,low,0
STU-2026-0136,0.0827,0.077,4.33,4.32,0,0,0.0,0.0,0,0,0.02,low,0
STU-2026-0137,-0.1001,-0.8403,2.6,3.03,3,2,0.1162,0.0901,1,1,0.4982,medium,0
STU-2026-0138,0.0652,0.1942,4.37,3.89,1,0,0.0,0.0,0,0,0.02,low,0
STU-2026-0139,0.007,0.3419,3.89,3.9,0,0,0.0,0.0,0,0,0.02,low,0
STU-2026-0140,-0.0319,0.2825,3.82,4.07,0,0,0.0,0.0,0,0,0.02,low,0
STU-2026-0141,-0.0063,0.2205,3.42,3.68,0,0,0.0,0.0,0,0,0.02,low,0
STU-2026-0142,-0.1652,-0.8367,3.37,3.42,5,0,0.1248,0.135,1,0,0.4962,medium,0
STU-2026-0143,0.012,0.4403,3.86,3.87,0,0,0.0,0.0,0,0,0.0624,low,0
STU-2026-0144,-0.0123,-0.0654,4.2,4.06,0,0,0.0,0.0,0,0,0.02,low,0
STU-2026-0145,0.0538,0.041,4.47,4.11,0,0,0.0,0.0,0,0,0.029,low,0
STU-2026-0146,-0.6058,-1.3073,1.31,1.43,6,1,0.2053,0.3263,4,1,0.8759,high,1
STU-2026-0147,0.0205,0.1014,3.37,3.84,0,1,0.0,0.0,0,0,0.02,low,0
STU-2026-0148,-0.0426,-0.0479,3.85,4.56,0,1,0.0,0.0,0,0,0.02,low,0
STU-2026-0149,0.0638,0.3639,4.65,4.55,0,1,0.0,0.0,0,0,0.02,low,0
STU-2026-0150,0.0088,0.4448,4.28,4.44,0,0,0.0,0.0,0,0,0.02,low,0
STU-2026-0151,0.1084,0.4199,4.05,3.71,0,2,0.0,0.0,1,0,0.0329,low,0
STU-2026-0152,0.0234,0.2675,3.94,4.02,0,2,0.0,0.0,0,0,0.0541,low,0
STU-2026-0153,-0.2204,-0.4529,3.15,3.19,4,1,0.1587,0.19,0,0,0.5341,medium,0
STU-2026-0154,-0.0106,0.689,4.06,4.07,0,1,0.0,0.0,0,0,0.02,low,0
STU-2026-0155,0.1367,-0.0721,3.6,3.24,0,0,0.0,0.0,0,0,0.02,low,0
STU-2026-0156,-0.1478,-0.824,2.76,3.12,0,1,0.1173,0.1721,0,0,0.4916,medium,0
STU-2026-0157,-0.0933,-0.8034,3.75,3.35,5,2,0.119,0.1261,0,1,0.4727,medium,0
STU-2026-0158,0.0308,0.1043,4.19,4.03,0,0,0.0,0.0,0,0,0.0292,low,0
STU-2026-0159,0.0401,0.1784,3.73,4.02,1,0,0.0,0.0,0,0,0.0221,low,0
STU-2026-0160,-0.0995,-0.4,3.47,3.09,7,1,0.115,0.1148,0,0,0.5109,medium,0
STU-2026-0161,0.1164,0.0461,5.0,4.44,0,0,0.0,0.0,0,0,0.02,low,0
STU-2026-0162,0.0201,-0.1532,4.5,4.37,0,0,0.0,0.0,0,0,0.0387,low,0
STU-2026-0163,-0.0359,0.5827,4.89,4.65,0,0,0.0,0.0,0,0,0.0212,low,0
STU-2026-0164,-0.0839,-0.1437,4.31,3.95,0,0,0.0,0.0,1,0,0.0466,low,0
STU-2026-0165,-0.1248,-0.4779,2.98,3.1,0,1,0.1545,0.1246,0,1,0.4601,medium,0
STU-2026-0166,-0.1562,-0.3504,3.49,3.18,6,3,0.117,0.132,0,0,0.5485,medium,0
STU-2026-0167,0.0179,0.2747,4.78,4.42,1,0,0.0,0.0,0,0,0.02,low,0
STU-2026-0168,0.0164,0.2043,3.44,3.94,1,0,0.0,0.0,0,1,0.02,low,0
STU-2026-0169,0.0459,0.4061,3.89,4.03,1,0,0.0,0.0,1,0,0.02,low,0
STU-2026-0170,-0.1197,0.3705,4.16,4.69,0,0,0.0,0.0,0,0,0.02,low,0
STU-2026-0171,0.0132,0.1872,4.07,4.1,0,0,0.0,0.0,0,0,0.02,low,0
STU-2026-0172,0.0148,0.3868,3.42,3.59,1,0,0.0,0.0,0,0,0.0294,low,0
STU-2026-0173,-0.0141,0.1335,4.38,4.52,0,0,0.0,0.0,0,0,0.02,low,0
STU-2026-0174,-0.0236,0.064,4.76,4.86,0,2,0.0,0.0,0,0,0.02,low,0
STU-2026-0175,-0.0255,-0.2547,4.55,4.01,0,0,0.0,0.0,0,0,0.0258,low,0
STU-2026-0176,0.0748,0.2269,3.86,3.77,0,0,0.0,0.0,0,0,0.02,low,0
STU-2026-0177,0.092,0.2787,3.61,3.61,0,0,0.0,0.0,0,0,0.02,low,0
STU-2026-0178,0.0367,-0.0603,4.53,4.64,0,1,0.0,0.0,0,0,0.0391,low,0
STU-2026-0179,0.056,0.4505,5.0,4.74,0,0,0.0,0.0,0,0,0.02,low,0
STU-2026-0180,0.0845,0.1083,4.42,4.6,0,1,0.0,0.0,0,0,0.0392,low,0
STU-2026-0181,0.0548,0.3507,3.35,3.49,0,0,0.0,0.0,1,0,0.02,low,0
STU-2026-0182,0.0879,-0.0337,3.83,3.85,0,0,0.0,0.0,0,0,0.02,low,0
STU-2026-0183,0.0113,-0.1238,3.86,3.36,1,0,0.0,0.0,0,0,0.0222,low,0
STU-2026-0184,-0.0103,0.5333,3.79,4.38,0,0,0.0,0.0,0,0,0.02,low,0
STU-2026-0185,-0.2551,-0.8627,3.34,3.03,1,0,0.1237,0.1275,1,0,0.4998,medium,0
STU-2026-0186,-0.5253,-1.603,2.1,2.97,4,1,0.1441,0.1752,4,0,0.846,high,1
STU-2026-0187,-0.0004,0.4333,4.97,4.4,1,0,0.0,0.0,0,0,0.02,low,0
STU-2026-0188,-0.2206,-0.7194,2.92,3.06,3,1,0.0989,0.1411,0,0,0.4662,medium,0
STU-2026-0189,0.0143,0.3051,4.25,4.24,0,0,0.0,0.0,0,0,0.02,low,0
STU-2026-0190,0.0336,0.1453,4.27,4.24,0,2,0.0,0.0,0,0,0.02,low,0
STU-2026-0191,0.0683,-0.0513,4.01,3.82,0,1,0.0,0.0,0,0,0.02,low,0
STU-2026-0192,0.0468,0.1687,4.21,4.24,0,0,0.0,0.0,0,0,0.0397,low,0
STU-2026-0193,0.0775,-0.0768,4.1,4.61,0,0,0.0,0.0,1,0,0.0224,low,0
STU-2026-0194,0.0544,0.4199,3.97,4.09,2,2,0.0,0.0,0,0,0.0279,low,0
STU-2026-0195,0.197,0.1325,5.0,4.97,0,0,0.0,0.0,0,0,0.02,low,0
STU-2026-0196,-0.1589,-0.3285,2.8,3.53,2,2,0.0981,0.1738,0,0,0.4681,medium,0
STU-2026-0197,0.0433,0.2232,3.73,3.74,1,0,0.0,0.0,0,0,0.02,low,0
STU-2026-0198,0.056,-0.1112,4.02,3.76,0,0,0.0,0.0,0,1,0.02,low,0
STU-2026-0199,-0.0143,0.3267,4.61,4.05,0,1,0.0,0.0,0,0,0.02,low,0
STU-2026-0200,0.1387,0.3818,5.0,4.92,0,1,0.0,0.0,0,0,0.0255,low,0
STU-2026-0201,0.015,-0.1634,4.23,4.24,0,0,0.0,0.0,0,0,0.02,low,0
STU-2026-0202,-0.076,0.2304,3.97,4.3,1,0,0.0,0.0,0,0,0.02,low,0
STU-2026-0203,0.0506,0.3605,4.38,4.06,1,0,0.0,0.0,0,0,0.0359,low,0
STU-2026-0204,-0.0072,0.3446,3.9,4.29,0,0,0.0,0.0,0,0,0.02,low,0
STU-2026-0205,-0.0311,0.8468,4.66,4.68,1,1,0.0,0.0,0,0,0.02,low,0
STU-2026-0206,-0.1371,-1.0727,3.16,3.22,0,1,0.1055,0.1714,0,0,0.4392,medium,0
STU-2026-0207,0.0691,0.0178,3.97,3.98,0,0,0.0,0.0,0,0,0.02,low,0
STU-2026-0208,-0.0495,-0.5172,4.68,5.0,1,0,0.0,0.0,0,0,0.0502,low,0
STU-2026-0209,0.0356,0.1287,3.85,3.96,0,1,0.0,0.0,0,0,0.02,low,0
STU-2026-0210,-0.3269,-1.7655,2.64,2.57,5,1,0.2272,0.2089,2,0,0.8179,high,1
STU-2026-0211,0.0259,-0.0704,5.0,5.0,1,0,0.0,0.0,0,0,0.0279,low,0
STU-2026-0212,0.1186,0.246,4.65,4.57,0,1,0.0,0.0,0,0,0.02,low,0
STU-2026-0213,-0.1453,-0.4356,3.2,2.76,2,1,0.102,0.1395,1,0,0.4266,medium,0
STU-2026-0214,0.0675,-0.0314,3.67,3.81,1,0,0.0,0.0,0,0,0.02,low,0
STU-2026-0215,-0.012,0.0752,3.85,3.72,0,0,0.0,0.0,0,0,0.02,low,0
STU-2026-0216,-0.0299,0.134,4.12,4.85,1,0,0.0,0.0,0,0,0.039,low,0
STU-2026-0217,0.0285,0.119,4.25,4.39,0,0,0.0,0.0,0,0,0.02,low,0
STU-2026-0218,0.0227,0.156,4.53,3.83,1,0,0.0,0.0,0,0,0.02,low,0
STU-2026-0219,0.0304,0.0464,4.47,4.44,0,0,0.0,0.0,0,0,0.046,low,0
STU-2026-0220,0.071,0.196,4.68,4.49,0,1,0.0,0.0,0,0,0.02,low,0
STU-2026-0221,-0.5613,-1.7211,1.63,2.29,7,2,0.271,0.2566,3,0,0.8235,high,1
STU-2026-0222,0.0904,0.1325,3.68,3.76,1,0,0.0,0.0,0,0,0.02,low,0
STU-2026-0223,-0.1089,-0.8852,3.19,3.32,2,2,0.0548,0.1566,1,0,0.5406,medium,0
STU-2026-0224,-0.2206,-0.5149,3.46,2.82,4,0,0.1217,0.1706,1,0,0.465,medium,0
STU-2026-0225,0.0717,0.7803,4.83,4.38,1,0,0.0,0.0,0,0,0.02,low,0
STU-2026-0226,0.0193,0.3985,4.59,4.63,0,0,0.0,0.0,0,0,0.02,low,0
STU-2026-0227,-0.0486,0.5107,3.95,3.96,1,0,0.0,0.0,0,0,0.02,low,0
STU-2026-0228,-0.0737,0.607,4.22,3.83,0,0,0.0,0.0,1,0,0.02,low,0
STU-2026-0229,-0.0076,0.3423,4.36,4.21,0,0,0.0,0.0,0,0,0.02,low,0
STU-2026-0230,-0.5473,-1.6885,1.85,1.72,11,5,0.223,0.2853,2,0,0.9295,high,1
STU-2026-0231,-0.3329,-0.7951,2.98,3.13,3,2,0.1223,0.1009,0,0,0.5098,medium,0
STU-2026-0232,0.0255,0.1049,3.71,3.63,0,0,0.0,0.0,0,1,0.02,low,0
STU-2026-0233,-0.0771,0.6617,4.6,4.64,0,0,0.0,0.0,1,0,0.02,low,0
STU-2026-0234,-0.2338,-0.6277,2.74,3.19,3,2,0.115,0.1721,2,0,0.4736,medium,0
STU-2026-0235,-0.0375,0.103,4.61,4.68,0,1,0.0,0.0,0,0,0.02,low,0
STU-2026-0236,0.0001,0.1981,4.08,4.12,0,0,0.0,0.0,0,0,0.02,low,0
STU-2026-0237,-0.061,0.2753,4.56,4.41,1,0,0.0,0.0,1,0,0.02,low,0
STU-2026-0238,-0.1292,-0.7631,3.14,3.02,3,0,0.1393,0.1423,1,0,0.4725,medium,0
STU-2026-0239,0.0574,0.5576,4.35,4.3,1,0,0.0,0.0,0,0,0.02,low,0
STU-2026-0240,0.0757,0.2898,3.33,3.49,0,0,0.0,0.0,1,0,0.0552,low,0
STU-2026-0241,-0.0117,0.4552,4.23,3.98,0,0,0.0,0.0,0,0,0.02,low,0
STU-2026-0242,-0.0389,0.2718,3.6,3.8,0,0,0.0,0.0,0,0,0.02,low,0
STU-2026-0243,-0.2362,-0.7291,2.81,2.89,1,0,0.1352,0.1546,1,0,0.5105,medium,0
STU-2026-0244,0.1085,-0.1329,3.38,4.12,0,0,0.0,0.0,0,0,0.02,low,0
STU-2026-0245,-0.3425,-1.3393,1.7,1.79,9,2,0.197,0.1992,2,0,0.8066,high,1
STU-2026-0246,-0.6507,-1.4536,1.97,1.27,6,1,0.1974,0.3441,4,1,0.8026,high,1
STU-2026-0247,-0.0072,0.1351,3.57,4.22,0,0,0.0,0.0,0,0,0.02,low,0
STU-2026-0248,-0.0921,-0.8797,2.25,2.68,5,0,0.0678,0.1388,0,0,0.537,medium,0
STU-2026-0249,-0.5099,-0.91,1.92,2.25,5,2,0.3187,0.2241,2,2,0.7861,high,1
STU-2026-0250,0.1267,-0.271,4.01,3.73,1,0,0.0,0.0,0,0,0.02,low,0
STU-2026-0251,-0.433,-1.7981,2.14,2.1,11,2,0.263,0.3556,2,2,0.9448,high,1
STU-2026-0252,0.0615,0.5463,4.52,4.23,0,0,0.0,0.0,0,0,0.0369,low,0
STU-2026-0253,-0.3638,-1.8982,2.07,2.74,10,2,0.2984,0.3688,1,0,0.8825,high,1
STU-2026-0254,0.089,0.6668,3.57,3.59,0,0,0.0,0.0,0,0,0.02,low,0
STU-2026-0255,0.044,0.6416,3.98,4.73,0,0,0.0,0.0,0,0,0.02,low,0
STU-2026-0256,-0.0337,0.2093,4.24,4.18,0,0,0.0,0.0,0,0,0.02,low,0
STU-2026-0257,-0.045,-0.0221,3.88,4.19,0,0,0.0,0.0,0,0,0.02,low,0
STU-2026-0258,-0.2268,-0.5968,2.62,2.75,4,1,0.1372,0.2042,0,1,0.5681,medium,0
STU-2026-0259,0.1601,0.1264,4.46,4.13,0,1,0.0,0.0,0,0,0.02,low,0
STU-2026-0260,0.0157,0.4504,4.3,4.7,2,0,0.0,0.0,0,0,0.0213,low,0
STU-2026-0261,0.0765,-0.0875,4.2,4.28,0,0,0.0,0.0,0,0,0.02,low,0
STU-2026-0262,-0.1249,-0.7659,2.93,3.45,2,1,0.1455,0.108,1,1,0.4775,medium,0
STU-2026-0263,-0.5338,-1.6685,1.65,1.71,7,1,0.1207,0.2683,2,1,0.8458,high,1
STU-2026-0264,0.0305,0.1741,4.16,4.31,0,0,0.0,0.0,0,0,0.0283,low,0
STU-2026-0265,0.0341,0.3771,4.52,4.69,1,0,0.0,0.0,0,0,0.02,low,0
STU-2026-0266,0.0689,0.16,4.19,3.93,0,0,0.0,0.0,0,0,0.0262,low,0
STU-2026-0267,0.0571,0.2349,4.07,4.2,1,0,0.0,0.0,0,1,0.02,low,0
STU-2026-0268,-0.0921,-0.8622,2.72,3.05,4,1,0.1247,0.1694,2,1,0.5323,medium,0
STU-2026-0269,0.0242,0.0613,3.79,3.79,0,0,0.0,0.0,0,0,0.02,low,0
STU-2026-0270,0.0999,0.4125,4.34,4.82,0,0,0.0,0.0,0,0,0.02,low,0
STU-2026-0271,0.004,0.4918,4.81,5.0,1,1,0.0,0.0,0,0,0.02,low,0
STU-2026-0272,-0.1305,-0.7145,2.85,3.06,3,2,0.1398,0.1152,1,0,0.4989,medium,0
STU-2026-0273,0.0966,0.4841,4.46,4.84,0,0,0.0,0.0,0,0,0.02,low,0
STU-2026-0274,0.018,-0.1922,4.1,4.3,0,0,0.0,0.0,0,0,0.02,low,0
STU-2026-0275,-0.1388,-0.4258,3.0,3.49,2,0,0.0822,0.0972,0,0,0.4585,medium,0
STU-2026-0276,-0.2551,-0.8735,3.0,2.26,3,2,0.1365,0.148,0,0,0.5379,medium,0
STU-2026-0277,0.0515,-0.0076,4.0,4.21,0,1,0.0,0.0,1,0,0.02,low,0
STU-2026-0278,0.0621,-0.1389,3.74,3.92,0,0,0.0,0.0,0,0,0.0516,low,0
STU-2026-0279,-0.5647,-1.3963,2.17,2.0,5,4,0.2267,0.2906,1,2,0.8158,high,1
STU-2026-0280,-0.0782,0.4367,3.72,3.88,1,0,0.0,0.0,0,0,0.02,low,0
STU-2026-0281,0.0237,-0.1258,4.48,4.54,0,0,0.0,0.0,0,0,0.0324,low,0
STU-2026-0282,0.0028,-0.0085,4.42,4.51,2,0,0.0,0.0,0,0,0.02,low,0
STU-2026-0283,-0.0691,-0.5475,3.15,3.42,6,2,0.1206,0.1846,0,0,0.4967,medium,0
STU-2026-0284,-0.1571,-0.6549,2.59,2.93,2,0,0.0979,0.1628,1,0,0.4933,medium,0
STU-2026-0285,-0.5867,-1.7042,2.17,1.97,10,1,0.2348,0.3634,2,0,0.8523,high,1
STU-2026-0286,0.0975,0.2671,5.0,4.79,1,0,0.0,0.0,0,0,0.0505,low,0
STU-2026-0287,0.0382,0.2914,3.76,4.25,0,0,0.0,0.0,1,0,0.0334,low,0
STU-2026-0288,-0.5687,-1.3951,2.13,1.67,7,3,0.113,0.1734,3,1,0.8416,high,1
STU-2026-0289,0.0372,0.6545,3.63,3.5,0,0,0.0,0.0,1,0,0.02,low,0
STU-2026-0290,-0.0141,-0.0236,3.94,4.1,0,0,0.0,0.0,0,0,0.02,low,0
STU-2026-0291,-0.1531,-0.6209,2.45,2.81,3,1,0.2186,0.2093,1,0,0.5512,medium,0
STU-2026-0292,-0.3808,-1.5271,1.2,1.35,9,4,0.2152,0.2388,1,0,0.857,high,1
STU-2026-0293,-0.1662,-0.744,3.46,3.72,7,1,0.1294,0.1813,0,0,0.5287,medium,0
STU-2026-0294,0.1069,0.507,4.14,4.26,0,0,0.0,0.0,0,0,0.0281,low,0
STU-2026-0295,0.1065,-0.0804,4.94,4.21,0,0,0.0,0.0,0,0,0.0703,low,0
STU-2026-0296,-0.01,-0.0636,4.4,3.7,1,0,0.0,0.0,0,0,0.02,low,0
STU-2026-0297,0.0168,-0.0231,3.9,3.85,1,1,0.0,0.0,0,0,0.0838,low,0
STU-2026-0298,0.0362,0.3366,3.7,3.9,0,2,0.0,0.0,0,1,0.02,low,0
STU-2026-0299,0.0862,0.6192,3.77,3.96,1,1,0.0,0.0,0,0,0.02,low,0
STU-2026-0300,-0.5424,-2.0318,1.59,1.65,3,7,0.1606,0.2626,3,1,0.7719,high,1
STU-2026-0301,-0.0025,0.4263,4.07,4.7,1,0,0.0,0.0,0,0,0.0715,low,0
STU-2026-0302,-0.1685,-0.8016,4.29,3.8,1,2,0.2051,0.1548,0,0,0.4473,medium,0
STU-2026-0303,-0.2008,-0.5125,2.88,2.98,5,0,0.1693,0.1198,1,0,0.5274,medium,0
STU-2026-0304,-0.0737,0.2126,4.49,4.47,0,0,0.0,0.0,0,0,0.048,low,0
STU-2026-0305,-0.4016,-2.0744,1.89,1.91,2,3,0.2792,0.2513,1,0,0.8091,high,1
STU-2026-0306,-0.4706,-1.5839,1.45,1.83,8,5,0.2441,0.2741,1,2,0.9045,high,1
STU-2026-0307,0.0364,-0.0284,4.15,3.97,0,0,0.0,0.0,0,0,0.02,low,0
STU-2026-0308,0.0635,0.1127,5.0,4.8,0,0,0.0,0.0,0,0,0.0215,low,0
STU-2026-0309,-0.2511,-0.4493,3.37,3.49,0,3,0.1035,0.2068,1,0,0.4549,medium,0
STU-2026-0310,-0.5213,-1.8809,2.36,1.71,8,4,0.1147,0.1973,2,0,0.8192,high,1
STU-2026-0311,0.0123,-0.0168,4.41,4.29,0,0,0.0,0.0,0,1,0.02,low,0
STU-2026-0312,0.1217,0.4516,4.6,4.15,0,0,0.0,0.0,0,0,0.0612,low,0
STU-2026-0313,0.038,-0.2528,4.03,4.36,1,0,0.0,0.0,0,0,0.032,low,0
STU-2026-0314,0.0555,0.3225,4.66,4.88,0,0,0.0,0.0,0,0,0.02,low,0
STU-2026-0315,-0.0257,0.466,4.31,4.6,0,0,0.0,0.0,0,0,0.02,low,0
STU-2026-0316,-0.5994,-1.6804,2.28,2.26,7,2,0.2326,0.2294,2,1,0.8298,high,1
STU-2026-0317,-0.1228,-0.1535,4.33,4.83,0,0,0.0,0.0,0,0,0.02,low,0
STU-2026-0318,-0.0267,-0.3228,4.43,4.01,0,0,0.0,0.0,0,0,0.02,low,0
STU-2026-0319,-0.1186,-0.7903,2.32,2.5,4,0,0.1002,0.2092,0,0,0.5423,medium,0
STU-2026-0320,-0.2538,-1.8678,1.89,2.21,3,3,0.2508,0.3755,2,0,0.8256,high,1
STU-2026-0321,-0.0132,0.1476,3.6,3.74,0,0,0.0,0.0,0,0,0.02,low,0
STU-2026-0322,-0.0046,0.2532,3.7,3.92,1,0,0.0,0.0,0,0,0.02,low,0
STU-2026-0323,-0.028,0.1096,5.0,4.71,1,0,0.0,0.0,0,0,0.0818,low,0
STU-2026-0324,0.0404,0.5004,3.76,3.96,0,1,0.0,0.0,0,0,0.02,low,0
STU-2026-0325,0.0066,0.6059,4.16,4.71,0,1,0.0,0.0,0,0,0.02,low,0
STU-2026-0326,-0.0883,0.1519,4.02,4.03,0,0,0.0,0.0,0,0,0.02,low,0
STU-2026-0327,-0.0286,0.2736,4.41,4.77,1,0,0.0,0.0,1,0,0.02,low,0
STU-2026-0328,-0.012,0.5436,4.07,3.94,0,0,0.0,0.0,0,0,0.02,low,0
STU-2026-0329,-0.0747,0.313,4.22,4.12,0,0,0.0,0.0,0,0,0.0522,low,0
STU-2026-0330,0.0004,0.5173,4.79,5.0,1,0,0.0,0.0,0,0,0.02,low,0
STU-2026-0331,-0.0001,0.0934,4.0,4.47,0,2,0.0,0.0,0,0,0.02,low,0
STU-2026-0332,-0.0177,0.2152,3.99,3.28,0,0,0.0,0.0,1,0,0.039,low,0
STU-2026-0333,-0.1888,-0.9851,3.63,3.34,4,2,0.1028,0.1672,1,0,0.5703,medium,0
STU-2026-0334,0.0096,0.3084,4.72,4.98,0,0,0.0,0.0,0,0,0.02,low,0
STU-2026-0335,-0.0387,0.3115,4.6,4.42,0,1,0.0,0.0,0,0,0.02,low,0
STU-2026-0336,0.0605,-0.0396,4.51,4.51,0,0,0.0,0.0,1,0,0.0221,low,0
STU-2026-0337,0.0393,-0.0693,4.18,4.13,0,1,0.0,0.0,0,0,0.0217,low,0
STU-2026-0338,0.0786,0.2093,4.32,4.64,0,1,0.0,0.0,0,0,0.0257,low,0
STU-2026-0339,-0.1939,-0.8568,3.21,2.87,3,1,0.1186,0.1622,1,0,0.4868,medium,0
STU-2026-0340,-0.0569,-0.707,2.64,3.01,1,1,0.1,0.1372,0,1,0.5075,medium,0
STU-2026-0341,-0.0765,-0.7986,2.32,2.71,7,0,0.1082,0.1597,0,0,0.5558,medium,0
STU-2026-0342,0.0564,0.3246,4.1,4.41,1,1,0.0,0.0,0,0,0.02,low,0
STU-2026-0343,-0.3881,-1.3996,2.32,2.25,8,1,0.2183,0.2512,2,1,0.8098,high,1
STU-2026-0344,0.0307,0.0165,3.65,4.0,0,0,0.0,0.0,0,0,0.02,low,0
STU-2026-0345,0.0532,0.4353,4.78,4.95,1,0,0.0,0.0,0,0,0.0254,low,0
STU-2026-0346,-0.0255,0.3679,4.52,4.52,1,0,0.0,0.0,0,0,0.02,low,0
STU-2026-0347,0.0412,-0.2805,4.71,4.35,0,0,0.0,0.0,0,0,0.02,low,0
STU-2026-0348,-0.0165,0.2382,4.16,4.15,0,0,0.0,0.0,0,0,0.0226,low,0
STU-2026-0349,-0.0009,0.5164,4.08,4.1,0,0,0.0,0.0,0,0,0.02,low,0
STU-2026-0350,-0.1454,-0.7831,2.8,3.15,3,4,0.0856,0.1484,0,0,0.4739,medium,0
STU-2026-0351,0.0868,0.5755,4.5,4.34,0,0,0.0,0.0,0,0,0.0268,low,0
STU-2026-0352,-0.0273,0.2412,4.28,4.14,0,1,0.0,0.0,1,0,0.0552,low,0
STU-2026-0353,0.0221,-0.4315,4.36,4.4,1,0,0.0,0.0,0,0,0.02,low,0
STU-2026-0354,0.0048,0.3683,4.93,5.0,0,0,0.0,0.0,0,0,0.02,low,0
STU-2026-0355,-0.4728,-1.5062,1.95,1.73,6,2,0.1819,0.2881,3,0,0.8115,high,1
STU-2026-0356,0.0422,0.0694,4.13,3.99,1,0,0.0,0.0,0,1,0.0387,low,0
STU-2026-0357,0.0328,0.1359,4.55,3.97,0,0,0.0,0.0,0,0,0.02,low,0
STU-2026-0358,0.1895,0.1438,3.84,3.65,0,0,0.0,0.0,0,0,0.02,low,0
STU-2026-0359,-0.0035,0.2579,4.37,4.43,0,0,0.0,0.0,0,0,0.02,low,0
STU-2026-0360,-0.0542,0.2433,3.95,4.45,0,0,0.0,0.0,0,0,0.02,low,0
STU-2026-0361,0.067,0.0743,5.0,4.96,0,1,0.0,0.0,0,0,0.0463,low,0
STU-2026-0362,0.0352,0.1419,3.29,3.57,0,0,0.0,0.0,0,0,0.02,low,0
STU-2026-0363,-0.0889,-0.2536,2.91,2.91,4,0,0.0927,0.1354,2,0,0.5246,medium,0
STU-2026-0364,-0.1368,-0.3137,2.6,3.32,1,0,0.1012,0.1772,0,1,0.4662,medium,0
STU-2026-0365,0.0789,0.1892,4.23,4.42,0,0,0.0,0.0,0,0,0.02,low,0
STU-2026-0366,-0.0688,0.1507,4.83,4.44,1,0,0.0,0.0,0,0,0.02,low,0
STU-2026-0367,0.0203,0.3997,4.06,3.84,1,1,0.0,0.0,0,0,0.02,low,0
STU-2026-0368,-0.2209,-0.7257,2.71,2.56,3,2,0.1134,0.1321,0,0,0.4946,medium,0
STU-2026-0369,-0.0021,0.3471,4.19,3.94,0,1,0.0,0.0,0,0,0.02,low,0
STU-2026-0370,0.044,0.1358,4.15,3.81,0,0,0.0,0.0,0,0,0.02,low,0
STU-2026-0371,-0.2552,-0.7962,3.56,3.12,1,1,0.045,0.1602,1,0,0.4814,medium,0
STU-2026-0372,0.0801,0.3489,4.58,4.53,0,0,0.0,0.0,0,1,0.0671,low,0
STU-2026-0373,-0.071,-0.0119,4.15,4.19,2,0,0.0,0.0,1,0,0.02,low,0
STU-2026-0374,0.0305,0.4289,4.41,4.35,0,0,0.0,0.0,0,0,0.02,low,0
STU-2026-0375,-0.0422,0.5228,4.07,4.22,0,1,0.0,0.0,0,0,0.0519,low,0
STU-2026-0376,-0.0368,0.3213,4.06,4.09,1,0,0.0,0.0,0,0,0.02,low,0
STU-2026-0377,-0.4184,-1.6522,2.25,2.13,6,2,0.2446,0.2272,4,1,0.8145,high,1
STU-2026-0378,-0.6232,-1.2905,1.88,1.89,2,3,0.2154,0.2312,2,0,0.7419,high,1
STU-2026-0379,0.0654,0.201,3.48,3.46,1,0,0.0,0.0,0,0,0.02,low,0
STU-2026-0380,0.0448,0.1216,4.35,4.22,0,0,0.0,0.0,0,0,0.0345,low,0
STU-2026-0381,0.0061,0.3769,4.18,3.9,0,0,0.0,0.0,0,0,0.0648,low,0
STU-2026-0382,0.0315,0.0438,4.12,4.33,0,0,0.0,0.0,0,0,0.02,low,0
STU-2026-0383,0.0254,0.4524,4.59,4.32,0,0,0.0,0.0,0,0,0.02,low,0
STU-2026-0384,0.1344,0.2397,4.75,4.6,1,0,0.0,0.0,0,0,0.02,low,0
STU-2026-0385,0.096,0.409,4.27,4.1,0,1,0.0,0.0,0,0,0.02,low,0
STU-2026-0386,-0.5416,-1.3078,1.15,1.73,8,4,0.2224,0.2806,2,0,0.8335,high,1
STU-2026-0387,-0.3439,-1.6496,1.51,1.68,11,1,0.2775,0.3465,3,2,0.8878,high,1
STU-2026-0388,0.06,0.112,4.33,3.82,1,1,0.0,0.0,1,0,0.02,low,0
STU-2026-0389,0.0067,0.3319,4.38,4.36,0,1,0.0,0.0,0,0,0.0244,low,0
STU-2026-0390,-0.0682,-0.5829,2.28,2.75,1,2,0.1079,0.0685,0,0,0.4397,medium,0
STU-2026-0391,0.0102,0.3251,3.51,4.07,1,0,0.0,0.0,0,0,0.02,low,0
STU-2026-0392,-0.0554,-0.4045,4.01,3.96,2,0,0.0,0.0,0,0,0.0506,low,0
STU-2026-0393,-0.1166,-0.6161,2.26,2.36,2,1,0.1125,0.1024,0,0,0.4739,medium,0
STU-2026-0394,0.0924,0.2713,4.31,4.05,0,1,0.0,0.0,0,0,0.02,low,0
STU-2026-0395,-0.0227,0.3346,4.47,4.29,1,0,0.0,0.0,1,0,0.02,low,0
STU-2026-0396,0.0773,0.1478,4.26,4.28,1,0,0.0,0.0,0,0,0.033,low,0
STU-2026-0397,-0.4739,-1.5837,1.3,1.36,10,1,0.16,0.2246,1,2,0.8611,high,1
STU-2026-0398,0.0065,-0.0612,4.34,4.25,0,0,0.0,0.0,0,0,0.02,low,0
STU-2026-0399,0.1094,-0.0697,4.39,4.02,0,0,0.0,0.0,0,0,0.02,low,0
STU-2026-0400,-0.0013,0.5901,4.85,4.73,1,1,0.0,0.0,0,0,0.02,low,0
STU-2026-0401,0.0034,-0.1222,3.49,3.67,0,1,0.0,0.0,0,0,0.02,low,0
STU-2026-0402,0.0295,0.3277,4.42,4.65,0,0,0.0,0.0,0,0,0.02,low,0
STU-2026-0403,0.0849,0.3101,4.7,4.46,0,0,0.0,0.0,0,0,0.02,low,0
STU-2026-0404,0.0755,0.2471,4.21,4.06,0,0,0.0,0.0,0,0,0.0241,low,0
STU-2026-0405,0.0782,0.2145,3.88,4.45,0,0,0.0,0.0,0,0,0.02,low,0
STU-2026-0406,0.0143,0.3202,4.17,4.01,0,0,0.0,0.0,0,0,0.0385,low,0
STU-2026-0407,-0.2944,-0.6399,3.63,3.55,2,0,0.0829,0.2142,1,0,0.5042,medium,0
STU-2026-0408,0.058,0.5063,3.95,4.21,0,0,0.0,0.0,0,0,0.02,low,0
STU-2026-0409,0.0016,0.3149,3.81,3.93,1,1,0.0,0.0,0,0,0.0305,low,0
STU-2026-0410,-0.0927,-0.5997,3.05,2.65,1,0,0.1174,0.133,1,0,0.5031,medium,0
STU-2026-0411,0.1135,0.6114,4.23,4.25,1,0,0.0,0.0,0,0,0.02,low,0
STU-2026-0412,-0.1648,-1.0394,3.35,3.25,2,0,0.062,0.1355,0,0,0.4851,medium,0
STU-2026-0413,-0.0325,0.2021,4.33,4.32,1,0,0.0,0.0,0,0,0.02,low,0
STU-2026-0414,-0.0135,0.0256,4.35,4.77,0,0,0.0,0.0,0,0,0.02,low,0
STU-2026-0415,0.028,0.3931,4.09,4.25,0,0,0.0,0.0,0,0,0.02,low,0
STU-2026-0416,-0.062,-1.0472,3.59,3.36,0,0,0.1263,0.1388,0,0,0.5017,medium,0
STU-2026-0417,-0.0181,0.3039,4.01,4.59,0,0,0.0,0.0,0,0,0.02,low,0
STU-2026-0418,0.0023,0.5384,4.57,4.23,0,0,0.0,0.0,0,0,0.02,low,0
STU-2026-0419,0.0503,0.8032,4.06,4.02,1,1,0.0,0.0,0,0,0.02,low,0
STU-2026-0420,-0.0458,-0.0924,3.67,4.0,0,0,0.0,0.0,0,0,0.02,low,0
STU-2026-0421,0.0873,0.5037,4.4,4.65,0,0,0.0,0.0,0,0,0.02,low,0
STU-2026-0422,-0.058,0.361,4.11,3.84,0,1,0.0,0.0,1,0,0.02,low,0
STU-2026-0423,-0.0845,0.0003,4.39,4.58,0,0,0.0,0.0,0,0,0.02,low,0
STU-2026-0424,-0.2461,-0.9225,2.95,3.1,2,0,0.1192,0.1401,0,1,0.4604,medium,0
STU-2026-0425,0.0402,-0.0564,4.09,4.27,0,0,0.0,0.0,0,0,0.02,low,0
STU-2026-0426,-0.0374,-0.2303,3.86,4.02,0,0,0.0,0.0,0,0,0.0232,low,0
STU-2026-0427,-0.2485,-0.9485,3.43,3.53,2,0,0.0465,0.1215,0,1,0.4743,medium,0
STU-2026-0428,0.027,0.0797,3.49,4.06,0,0,0.0,0.0,1,0,0.02,low,0
STU-2026-0429,-0.0122,0.131,4.43,3.94,0,0,0.0,0.0,1,0,0.02,low,0
STU-2026-0430,0.0178,0.1366,4.03,3.5,0,0,0.0,0.0,0,0,0.0359,low,0
STU-2026-0431,0.0802,0.0817,4.51,4.24,2,0,0.0,0.0,0,0,0.02,low,0
STU-2026-0432,0.0188,0.3672,4.2,3.82,0,0,0.0,0.0,0,0,0.02,low,0
STU-2026-0433,-0.0092,-0.1663,4.18,4.4,0,0,0.0,0.0,0,0,0.0311,low,0
STU-2026-0434,-0.0233,-0.2039,4.54,4.33,0,0,0.0,0.0,0,0,0.0457,low,0
STU-2026-0435,-0.1678,-0.5185,3.87,3.54,3,2,0.0885,0.1366,2,0,0.5411,medium,0
STU-2026-0436,-0.1188,0.4465,3.91,4.75,0,0,0.0,0.0,0,0,0.02,low,0
STU-2026-0437,0.0082,-0.1336,3.9,3.84,0,0,0.0,0.0,0,0,0.02,low,0
STU-2026-0438,-0.4888,-1.2952,2.41,2.06,7,5,0.2188,0.2579,2,2,0.8606,high,1
STU-2026-0439,-0.0237,0.146,3.99,3.7,0,0,0.0,0.0,0,0,0.02,low,0
STU-2026-0440,0.0261,0.3918,4.16,4.19,0,0,0.0,0.0,1,1,0.02,low,0
STU-2026-0441,0.0176,0.3431,4.31,4.01,1,0,0.0,0.0,0,0,0.02,low,0
STU-2026-0442,-0.0467,0.7028,4.32,4.58,1,1,0.0,0.0,0,0,0.02,low,0
STU-2026-0443,-0.0199,0.0392,3.62,4.01,0,0,0.0,0.0,0,0,0.02,low,0
STU-2026-0444,0.0296,-0.153,4.21,4.6,0,0,0.0,0.0,1,0,0.0353,low,0
STU-2026-0445,-0.594,-1.7015,1.73,2.15,10,2,0.2426,0.2486,1,2,0.8865,high,1
STU-2026-0446,0.0787,0.5302,3.71,3.32,0,0,0.0,0.0,0,0,0.02,low,0
STU-2026-0447,0.0335,0.5702,4.77,4.65,0,0,0.0,0.0,0,1,0.02,low,0
STU-2026-0448,-0.1067,-0.994,2.16,2.91,1,1,0.1515,0.1217,0,0,0.5065,medium,0
STU-2026-0449,0.0021,0.2538,3.29,3.28,0,0,0.0,0.0,0,0,0.0317,low,0
STU-2026-0450,-0.5567,-1.4462,1.36,1.51,9,2,0.1706,0.2835,4,1,0.8776,high,1
STU-2026-0451,-0.1718,-0.7797,3.09,3.4,3,1,0.1381,0.09,0,0,0.5515,medium,0
STU-2026-0452,-0.2218,-0.5556,3.47,3.4,3,0,0.1746,0.1112,0,0,0.5101,medium,0
STU-2026-0453,0.055,0.2898,3.99,3.93,0,0,0.0,0.0,0,0,0.02,low,0
STU-2026-0454,0.0292,0.4863,3.99,4.15,0,1,0.0,0.0,0,0,0.02,low,0
STU-2026-0455,-0.0102,0.3964,4.58,4.31,0,0,0.0,0.0,0,0,0.02,low,0
STU-2026-0456,0.1035,0.317,5.0,4.81,0,0,0.0,0.0,0,0,0.02,low,0
STU-2026-0457,-0.0029,0.2627,3.6,3.59,0,1,0.0,0.0,0,0,0.02,low,0
STU-2026-0458,0.0325,0.1718,3.93,3.95,0,0,0.0,0.0,1,0,0.02,low,0
STU-2026-0459,0.0393,0.1104,4.6,4.53,0,0,0.0,0.0,0,0,0.02,low,0
STU-2026-0460,-0.184,-1.8125,2.08,2.18,3,4,0.2306,0.3019,3,1,0.7954,high,1
STU-2026-0461,0.0859,0.1119,4.29,4.57,0,1,0.0,0.0,0,0,0.02,low,0
STU-2026-0462,-0.1445,-0.6081,3.07,3.07,2,0,0.099,0.1267,0,0,0.4607,medium,0
STU-2026-0463,0.0865,0.2465,4.28,4.5,0,0,0.0,0.0,0,0,0.02,low,0
STU-2026-0464,-0.0616,-0.467,2.71,3.04,0,2,0.1074,0.1835,0,0,0.4966,medium,0
STU-2026-0465,0.0236,0.7154,4.72,5.0,0,0,0.0,0.0,0,0,0.0245,low,0
STU-2026-0466,0.0131,0.1232,3.83,4.09,0,0,0.0,0.0,0,0,0.02,low,0
STU-2026-0467,-0.2585,-0.7493,3.52,3.7,3,1,0.1456,0.2015,0,0,0.5023,medium,0
STU-2026-0468,-0.167,-1.0043,3.54,3.32,7,0,0.1187,0.1164,1,1,0.5439,medium,0
STU-2026-0469,0.0424,0.3731,4.83,4.81,2,1,0.0,0.0,0,0,0.0584,low,0
STU-2026-0470,-0.1914,-0.9529,1.65,2.44,2,0,0.1224,0.094,0,0,0.454,medium,0
STU-2026-0471,0.046,0.5865,4.13,4.6,0,0,0.0,0.0,0,0,0.0403,low,0
STU-2026-0472,-0.388,-1.3573,1.62,2.13,5,3,0.1883,0.2372,3,0,0.811,high,1
STU-2026-0473,-0.2071,-0.4971,2.45,2.55,3,1,0.135,0.1651,0,0,0.4859,medium,0
STU-2026-0474,0.0976,-0.0563,4.23,3.95,1,0,0.0,0.0,0,0,0.02,low,0
STU-2026-0475,0.0372,0.2287,4.38,4.31,1,0,0.0,0.0,0,0,0.02,low,0
STU-2026-0476,-0.1211,-0.277,3.34,3.27,3,0,0.0813,0.1389,0,1,0.4846,medium,0
STU-2026-0477,-0.1642,-1.2881,4.4,3.74,5,0,0.0911,0.1435,0,1,0.4953,medium,0
STU-2026-0478,-0.7583,-1.3382,2.86,2.73,6,2,0.2096,0.2841,2,1,0.8285,high,1
STU-2026-0479,0.1117,0.2086,3.49,3.66,1,0,0.0,0.0,0,0,0.0208,low,0
STU-2026-0480,0.0541,0.3985,4.06,4.0,0,0,0.0,0.0,0,0,0.02,low,0
STU-2026-0481,0.0615,0.752,5.0,4.87,1,0,0.0,0.0,0,0,0.02,low,0
STU-2026-0482,0.0703,-0.1069,4.58,4.24,1,2,0.0,0.0,0,0,0.0396,low,0
STU-2026-0483,-0.4598,-1.4609,1.06,1.37,7,2,0.1591,0.2184,2,1,0.8547,high,1
STU-2026-0484,-0.0006,0.1095,4.64,4.28,1,0,0.0,0.0,0,0,0.0673,low,0
STU-2026-0485,0.0688,0.2437,3.54,4.15,0,1,0.0,0.0,0,0,0.02,low,0
STU-2026-0486,-0.2288,-1.1134,3.31,3.24,2,2,0.1147,0.1162,2,0,0.4838,medium,0
STU-2026-0487,0.0634,-0.0215,3.76,3.45,0,1,0.0,0.0,0,0,0.02,low,0
STU-2026-0488,0.0354,0.5227,4.52,4.2,0,0,0.0,0.0,0,0,0.02,low,0
STU-2026-0489,0.0472,0.4208,4.36,4.31,0,0,0.0,0.0,0,0,0.02,low,0
STU-2026-0490,0.0731,-0.0694,3.45,3.49,0,0,0.0,0.0,1,0,0.02,low,0
STU-2026-0491,0.065,0.3177,4.89,4.37,0,0,0.0,0.0,0,0,0.02,low,0
STU-2026-0492,-0.0315,0.0815,3.33,3.58,0,0,0.0,0.0,0,0,0.02,low,0
STU-2026-0493,-0.0346,0.2049,4.34,4.18,0,0,0.0,0.0,0,0,0.02,low,0
STU-2026-0494,0.0621,0.3364,3.44,3.92,1,0,0.0,0.0,0,0,0.02,low,0
STU-2026-0495,0.011,0.0902,4.09,3.69,1,0,0.0,0.0,0,0,0.02,low,0
STU-2026-0496,-0.5875,-1.2189,1.47,1.71,3,1,0.2396,0.3226,2,1,0.7613,high,1
STU-2026-0497,-0.6535,-1.6904,2.72,2.61,13,7,0.1946,0.2668,3,0,0.9055,high,1
STU-2026-0498,-0.2546,-1.0449,2.98,3.73,4,0,0.1226,0.1172,0,0,0.514,medium,0
STU-2026-0499,-0.4395,-1.6154,1.67,1.69,14,3,0.2196,0.2457,1,0,0.9371,high,1
STU-2026-0500,-0.1945,-1.282,1.93,1.7,14,2,0.3019,0.2809,1,0,0.8658,high,1
STU-2026-0501,0.0185,-0.103,4.18,3.89,0,0,0.0,0.0,0,0,0.02,low,0
STU-2026-0502,-0.0386,0.0675,4.5,4.3,0,0,0.0,0.0,1,0,0.02,low,0
STU-2026-0503,-0.0009,-0.5017,4.12,4.06,1,0,0.0,0.0,0,0,0.02,low,0
STU-2026-0504,0.0466,0.1016,4.82,4.54,0,1,0.0,0.0,0,0,0.02,low,0
STU-2026-0505,-0.0337,0.3058,3.99,4.01,0,0,0.0,0.0,0,0,0.039,low,0
STU-2026-0506,0.0482,0.111,3.66,3.52,0,1,0.0,0.0,0,0,0.02,low,0
STU-2026-0507,-0.0243,0.4369,3.95,4.17,0,0,0.0,0.0,0,0,0.02,low,0
STU-2026-0508,0.1008,0.432,4.31,4.37,1,0,0.0,0.0,1,0,0.02,low,0
STU-2026-0509,-0.0801,-0.8104,2.22,2.2,1,0,0.1004,0.1445,1,0,0.4697,medium,0
STU-2026-0510,-0.202,-0.5056,3.24,3.24,3,0,0.1507,0.1383,0,0,0.4728,medium,0
STU-2026-0511,-0.1832,-0.5561,2.44,2.9,4,1,0.0718,0.0885,0,0,0.4893,medium,0
STU-2026-0512,-0.2173,-0.8868,2.3,2.58,5,2,0.1505,0.1816,1,0,0.5682,medium,0
STU-2026-0513,-0.1944,-0.4681,3.61,3.89,3,1,0.1799,0.0952,0,0,0.5424,medium,0
STU-2026-0514,0.0177,-0.1635,4.87,4.15,0,1,0.0,0.0,0,0,0.0682,low,0
STU-2026-0515,0.0139,0.1886,3.58,4.01,0,1,0.0,0.0,0,0,0.02,low,0
STU-2026-0516,-0.4083,-1.4369,2.09,1.67,8,2,0.2117,0.2875,2,0,0.8415,high,1
STU-2026-0517,-0.1966,-0.6007,3.08,3.45,2,1,0.107,0.0993,1,0,0.5346,medium,0
STU-2026-0518,-0.5818,-1.9593,1.84,1.21,7,4,0.1494,0.2223,2,0,0.8889,high,1
STU-2026-0519,0.005,-0.7142,4.72,4.7,0,0,0.0,0.0,0,0,0.055,low,0
STU-2026-0520,0.0678,-0.2716,3.9,3.95,0,0,0.0,0.0,0,1,0.0326,low,0
STU-2026-0521,0.036,0.2427,4.36,4.18,0,0,0.0,0.0,0,0,0.02,low,0
STU-2026-0522,-0.0577,-0.0323,3.8,3.88,0,0,0.0,0.0,0,0,0.02,low,0
STU-2026-0523,-0.03,-0.3237,4.36,4.42,2,1,0.0,0.0,0,0,0.0336,low,0
STU-2026-0524,0.0928,0.2,4.89,4.42,0,0,0.0,0.0,1,0,0.02,low,0
STU-2026-0525,-0.5476,-1.7044,1.0,1.26,8,4,0.1979,0.2315,1,0,0.8868,high,1
STU-2026-0526,0.0254,-0.155,4.01,4.05,0,0,0.0,0.0,0,0,0.02,low,0
STU-2026-0527,0.075,0.4372,4.22,4.01,0,1,0.0,0.0,0,0,0.02,low,0
STU-2026-0528,-0.0197,0.2351,4.21,4.34,0,0,0.0,0.0,0,0,0.02,low,0
STU-2026-0529,0.0327,0.3847,3.73,4.08,0,0,0.0,0.0,0,0,0.02,low,0
STU-2026-0530,0.014,0.1551,3.46,4.16,0,0,0.0,0.0,0,0,0.02,low,0
STU-2026-0531,0.0971,-0.2168,4.68,4.61,1,0,0.0,0.0,1,0,0.02,low,0
STU-2026-0532,0.0961,-0.0325,4.02,4.4,1,0,0.0,0.0,0,0,0.0716,low,0
STU-2026-0533,0.0529,0.7335,3.75,3.44,0,1,0.0,0.0,0,0,0.02,low,0
STU-2026-0534,-0.0433,0.7077,4.18,4.13,2,0,0.0,0.0,0,0,0.0335,low,0
STU-2026-0535,0.0283,0.6174,4.38,4.28,0,0,0.0,0.0,1,0,0.02,low,0
STU-2026-0536,0.0277,0.651,5.0,4.87,2,1,0.0,0.0,0,0,0.02,low,0
STU-2026-0537,-0.0004,-0.4528,3.98,4.53,0,1,0.0,0.0,0,0,0.0318,low,0
STU-2026-0538,0.0145,0.2378,3.84,3.73,0,0,0.0,0.0,0,0,0.0224,low,0
STU-2026-0539,-0.5513,-1.7149,2.06,1.59,6,4,0.2119,0.2734,1,2,0.792,high,1
STU-2026-0540,-0.028,0.5123,4.46,4.28,0,0,0.0,0.0,0,0,0.02,low,0
STU-2026-0541,-0.0272,0.5915,3.51,3.23,0,0,0.0,0.0,0,0,0.0381,low,0
STU-2026-0542,0.1687,0.9306,4.18,3.82,1,0,0.0,0.0,0,0,0.02,low,0
STU-2026-0543,0.0073,-0.0711,3.29,3.34,0,1,0.0,0.0,0,0,0.02,low,0
STU-2026-0544,0.0458,0.0847,3.88,4.0,0,0,0.0,0.0,0,0,0.02,low,0
STU-2026-0545,-0.0868,-0.1266,3.85,4.1,1,0,0.0,0.0,0,0,0.02,low,0
STU-2026-0546,0.0903,-0.0166,4.33,4.23,1,0,0.0,0.0,0,0,0.0464,low,0
STU-2026-0547,0.1016,-0.152,4.28,4.22,1,0,0.0,0.0,0,0,0.0214,low,0
STU-2026-0548,-0.0639,0.1846,4.62,4.31,0,0,0.0,0.0,0,0,0.02,low,0
STU-2026-0549,0.0624,0.4309,4.14,4.07,1,1,0.0,0.0,1,0,0.0208,low,0
STU-2026-0550,-0.0528,0.3364,4.67,4.3,1,1,0.0,0.0,0,0,0.02,low,0
STU-2026-0551,-0.5376,-1.9173,2.62,2.57,6,5,0.2825,0.2145,2,2,0.8273,high,1
STU-2026-0552,-0.5085,-1.8016,2.46,2.17,10,4,0.1611,0.2886,2,1,0.8,high,1
STU-2026-0553,-0.0436,0.1859,4.46,4.08,1,0,0.0,0.0,0,0,0.0266,low,0
STU-2026-0554,0.0632,0.2132,3.58,3.87,0,0,0.0,0.0,0,0,0.02,low,0
STU-2026-0555,-0.1521,-0.9877,2.59,2.43,2,2,0.1422,0.1116,0,0,0.4908,medium,0
STU-2026-0556,-0.0223,0.3269,4.34,4.39,0,0,0.0,0.0,0,0,0.0208,low,0
STU-2026-0557,0.1052,-0.1707,3.51,3.66,0,0,0.0,0.0,0,0,0.02,low,0
STU-2026-0558,0.0368,0.1085,4.3,4.7,0,0,0.0,0.0,0,0,0.0215,low,0
STU-2026-0559,0.007,0.5136,4.54,4.61,0,0,0.0,0.0,1,0,0.02,low,0
STU-2026-0560,-0.0179,0.0562,4.15,4.14,0,0,0.0,0.0,0,0,0.02,low,0
STU-2026-0561,-0.0147,-0.108,4.2,4.04,1,0,0.0,0.0,0,0,0.02,low,0
STU-2026-0562,0.047,0.1851,4.12,4.57,2,1,0.0,0.0,0,0,0.0285,low,0
STU-2026-0563,-0.1766,-0.3661,3.97,2.97,1,2,0.0949,0.184,0,1,0.472,medium,0
STU-2026-0564,-0.073,0.7278,4.18,4.34,0,1,0.0,0.0,0,0,0.02,low,0
STU-2026-0565,0.0559,0.5017,4.65,4.21,1,0,0.0,0.0,0,0,0.02,low,0
STU-2026-0566,-0.1278,0.2659,3.84,4.44,0,0,0.0,0.0,0,0,0.02,low,0
STU-2026-0567,0.1126,0.2306,4.4,4.0,0,0,0.0,0.0,0,0,0.02,low,0
STU-2026-0568,0.0308,0.2134,4.12,4.43,0,0,0.0,0.0,0,0,0.0461,low,0
STU-2026-0569,-0.0343,-0.1767,4.88,5.0,1,0,0.0,0.0,0,0,0.02,low,0
STU-2026-0570,-0.0722,-0.6736,3.2,3.32,4,0,0.1577,0.1697,2,0,0.5395,medium,0
STU-2026-0571,0.0116,0.0368,4.32,3.79,0,1,0.0,0.0,0,0,0.0453,low,0
STU-2026-0572,0.1137,0.0578,4.66,4.43,0,2,0.0,0.0,0,0,0.02,low,0
STU-2026-0573,0.0695,0.398,3.85,3.55,2,0,0.0,0.0,0,0,0.0242,low,0
STU-2026-0574,-0.5868,-2.1666,1.0,1.45,12,3,0.1953,0.2191,2,1,0.9356,high,1
STU-2026-0575,0.01,-0.2203,3.75,4.04,0,0,0.0,0.0,0,0,0.02,low,0
STU-2026-0576,-0.0238,0.5435,3.98,4.45,2,1,0.0,0.0,0,0,0.02,low,0
STU-2026-0577,0.0055,0.6728,3.74,4.18,0,0,0.0,0.0,0,0,0.02,low,0
STU-2026-0578,0.0686,0.5252,4.08,4.47,0,0,0.0,0.0,0,0,0.0315,low,0
STU-2026-0579,-0.1281,-0.6162,2.6,3.05,4,1,0.1436,0.0846,1,0,0.5092,medium,0
STU-2026-0580,0.0661,0.4526,4.2,4.18,0,1,0.0,0.0,0,0,0.02,low,0
STU-2026-0581,0.0812,0.4211,4.43,4.59,0,0,0.0,0.0,0,0,0.02,low,0
STU-2026-0582,-0.4095,-1.626,2.99,2.85,8,3,0.1454,0.2419,2,0,0.8427,high,1
STU-2026-0583,-0.0289,0.3065,4.22,4.53,2,0,0.0,0.0,1,0,0.02,low,0
STU-2026-0584,-0.0375,-0.0916,4.78,4.18,1,0,0.0,0.0,0,0,0.02,low,0
STU-2026-0585,0.0629,0.2309,4.42,4.56,0,0,0.0,0.0,0,0,0.02,low,0
STU-2026-0586,-0.0924,-0.5286,3.14,2.74,2,0,0.1506,0.1094,1,1,0.4955,medium,0
STU-2026-0587,0.0612,0.1639,3.67,4.31,0,0,0.0,0.0,0,0,0.02,low,0
STU-2026-0588,-0.4677,-1.5145,1.31,1.49,3,3,0.2012,0.2779,2,1,0.8034,high,1
STU-2026-0589,-0.0038,0.2689,3.26,3.25,0,0,0.0,0.0,0,0,0.02,low,0
STU-2026-0590,-0.3579,-1.8681,1.95,1.27,4,3,0.2024,0.2974,4,2,0.8274,high,1
STU-2026-0591,0.0397,0.1409,4.71,4.52,0,0,0.0,0.0,0,0,0.02,low,0
STU-2026-0592,-0.0778,-0.1167,4.45,4.79,1,0,0.0,0.0,0,0,0.0269,low,0
STU-2026-0593,0.0242,0.3772,4.62,4.44,0,1,0.0,0.0,1,0,0.02,low,0
STU-2026-0594,-0.0175,0.1099,4.55,4.38,0,1,0.0,0.0,0,0,0.02,low,0
STU-2026-0595,-0.1692,-0.8306,3.67,3.94,6,1,0.0741,0.1637,1,0,0.5166,medium,0
STU-2026-0596,0.0384,0.1232,3.97,3.76,0,1,0.0,0.0,0,0,0.02,low,0
STU-2026-0597,-0.0571,-0.0749,4.05,4.21,0,0,0.0,0.0,0,0,0.02,low,0
STU-2026-0598,0.011,0.3973,4.78,4.51,0,0,0.0,0.0,0,0,0.02,low,0
STU-2026-0599,-0.4745,-1.0045,2.24,2.57,6,4,0.1876,0.2336,4,0,0.7619,high,1
STU-2026-0600,-0.1108,-0.8717,2.83,2.7,6,0,0.0983,0.1413,0,0,0.5441,medium,0
STU-2026-0001,-0.0649,0.3015,3.91,4.07,0,0,0.0,0.0,0,0,0.02,low,0
STU-2026-0002,-0.0541,0.2513,4.21,4.09,1,0,0.0,0.0,0,0,0.0391,low,0
STU-2026-0003,0.0017,0.5095,4.22,4.44,1,0,0.0,0.0,1,0,0.0217,low,0
STU-2026-0004,-0.3059,-1.4958,2.12,1.93,5,1,0.227,0.2953,2,1,0.8517,high,1
STU-2026-0005,-0.0139,0.1925,3.16,3.54,2,0,0.0,0.0,0,0,0.02,low,0
STU-2026-0006,0.0157,0.226,4.1,4.04,1,0,0.0,0.0,0,0,0.02,low,0
STU-2026-0007,0.0909,0.4855,4.29,4.41,0,0,0.0,0.0,0,0,0.02,low,0
STU-2026-0008,-0.5697,-1.6383,2.31,2.68,8,3,0.2354,0.3205,3,0,0.9173,high,1
STU-2026-0009,-0.2132,-0.7505,3.33,3.39,1,0,0.1375,0.1406,1,1,0.4892,medium,0
STU-2026-0010,-0.1171,-1.0248,3.61,3.22,4,3,0.1204,0.1747,0,0,0.5689,medium,0
STU-2026-0011,-0.0234,0.5391,4.5,4.44,0,0,0.0,0.0,0,0,0.02,low,0
STU-2026-0012,0.0868,0.3966,3.94,3.5,0,2,0.0,0.0,0,0,0.02,low,0
STU-2026-0013,0.0053,0.2192,4.2,3.97,1,0,0.0,0.0,0,0,0.0583,low,0
STU-2026-0014,-0.1702,-0.7035,2.92,2.96,2,3,0.0933,0.1625,0,0,0.4877,medium,0
STU-2026-0015,0.0111,0.7592,4.75,4.02,0,0,0.0,0.0,0,0,0.02,low,0
STU-2026-0016,-0.1296,-0.7042,2.9,2.38,5,4,0.1433,0.1876,0,1,0.5916,medium,0
STU-2026-0017,0.0113,-0.2755,4.04,4.11,0,0,0.0,0.0,0,0,0.0543,low,0
STU-2026-0018,0.0738,0.4774,4.85,4.16,0,0,0.0,0.0,0,0,0.0316,low,0
STU-2026-0019,-0.0899,-0.8349,3.61,3.54,2,1,0.0988,0.1089,2,0,0.4929,medium,0
STU-2026-0020,-0.1042,0.3576,3.66,3.91,0,0,0.0,0.0,0,0,0.02,low,0
STU-2026-0021,-0.4454,-2.4026,2.07,1.94,10,5,0.252,0.383,4,0,0.9086,high,1
STU-2026-0022,0.0707,0.3878,3.84,4.09,0,0,0.0,0.0,0,0,0.0588,low,0
STU-2026-0023,0.0817,0.5955,3.97,4.08,1,0,0.0,0.0,0,0,0.02,low,0
STU-2026-0024,0.0729,-0.2,4.55,4.26,0,0,0.0,0.0,0,0,0.02,low,0
STU-2026-0025,0.0017,0.3404,4.29,4.01,0,0,0.0,0.0,0,0,0.0279,low,0
STU-2026-0026,0.0387,0.4135,4.31,4.31,0,0,0.0,0.0,0,0,0.0508,low,0
STU-2026-0027,0.0964,0.2322,4.04,3.84,1,0,0.0,0.0,0,1,0.0504,low,0
STU-2026-0028,0.03,0.3457,4.09,4.17,0,0,0.0,0.0,0,0,0.02,low,0
STU-2026-0029,0.0349,0.3994,4.37,4.14,1,0,0.0,0.0,0,0,0.02,low,0
STU-2026-0030,0.0229,0.1008,4.87,4.45,0,0,0.0,0.0,0,0,0.02,low,0
STU-2026-0031,-0.0161,0.3955,4.29,4.44,0,0,0.0,0.0,0,0,0.02,low,0
STU-2026-0032,0.0707,0.3626,4.01,3.81,0,0,0.0,0.0,0,0,0.02,low,0
STU-2026-0033,0.018,0.6307,4.53,5.0,0,0,0.0,0.0,0,0,0.0375,low,0
STU-2026-0034,0.0435,0.0562,4.43,4.37,0,0,0.0,0.0,0,0,0.02,low,0
STU-2026-0035,0.0758,0.1828,3.82,3.99,1,0,0.0,0.0,0,0,0.02,low,0
STU-2026-0036,-0.0187,0.2729,3.89,4.28,0,0,0.0,0.0,0,0,0.02,low,0
STU-2026-0037,-0.1766,-0.7606,2.71,2.94,2,1,0.137,0.1247,1,0,0.5058,medium,0
STU-2026-0038,-0.0111,0.1313,4.99,5.0,1,0,0.0,0.0,0,0,0.0226,low,0
STU-2026-0039,-0.1138,-0.6794,3.32,3.49,3,0,0.1492,0.1037,1,0,0.4991,medium,0
STU-2026-0040,-0.6868,-1.4677,1.99,2.7,7,2,0.2617,0.345,1,0,0.9107,high,1
STU-2026-0041,0.0444,0.4642,4.44,4.35,0,0,0.0,0.0,0,0,0.0586,low,0
STU-2026-0042,0.0811,-0.1031,4.65,4.27,0,2,0.0,0.0,0,0,0.02,low,0
STU-2026-0043,0.0452,0.6698,3.63,3.88,0,0,0.0,0.0,0,0,0.02,low,0
STU-2026-0044,-0.6092,-1.7661,2.56,1.87,8,1,0.2372,0.3799,3,1,0.8757,high,1
STU-2026-0045,-0.1732,-0.6787,3.31,3.45,0,2,0.1018,0.1437,1,0,0.3993,medium,0
STU-2026-0046,0.0705,0.3904,4.48,3.91,0,0,0.0,0.0,0,0,0.02,low,0
STU-2026-0047,0.0242,-0.1961,3.38,3.46,0,1,0.0,0.0,0,0,0.02,low,0
STU-2026-0048,-0.0148,0.1007,4.86,4.73,1,1,0.0,0.0,0,0,0.02,low,0
STU-2026-0049,-0.0433,0.4896,4.1,3.87,0,0,0.0,0.0,0,0,0.02,low,0
STU-2026-0050,0.0223,0.314,3.84,4.15,0,0,0.0,0.0,0,0,0.02,low,0
STU-2026-0051,0.1718,0.3093,4.34,4.27,1,0,0.0,0.0,0,0,0.0481,low,0
STU-2026-0052,-0.0879,0.4863,4.98,4.51,0,0,0.0,0.0,0,0,0.0203,low,0
STU-2026-0053,-0.0005,0.8537,4.11,4.28,1,0,0.0,0.0,0,0,0.0394,low,0
STU-2026-0054,-0.4541,-1.8192,2.0,1.65,5,2,0.2348,0.2623,3,2,0.8545,high,1
STU-2026-0055,0.0019,0.0313,4.4,3.83,0,0,0.0,0.0,0,0,0.02,low,0
STU-2026-0056,-0.033,0.3059,4.24,4.06,0,0,0.0,0.0,0,0,0.02,low,0
STU-2026-0057,0.0232,0.228,4.12,3.62,0,0,0.0,0.0,0,0,0.0214,low,0
STU-2026-0058,-0.0451,0.1699,4.29,4.19,0,0,0.0,0.0,0,0,0.02,low,0
STU-2026-0059,-0.1957,-0.542,3.02,2.95,6,2,0.1095,0.1424,1,0,0.4854,medium,0
STU-2026-0060,-0.0007,0.6206,3.35,3.71,0,0,0.0,0.0,1,0,0.02,low,0
STU-2026-0061,-0.0374,0.5592,4.09,4.43,0,0,0.0,0.0,0,0,0.0222,low,0
STU-2026-0062,0.0917,0.139,4.22,4.44,0,0,0.0,0.0,1,0,0.02,low,0
STU-2026-0063,0.0398,-0.0337,3.93,3.84,1,0,0.0,0.0,0,0,0.0415,low,0
STU-2026-0064,0.0254,-0.0037,4.22,4.39,0,0,0.0,0.0,0,0,0.02,low,0
STU-2026-0065,-0.0701,-0.5848,2.24,1.87,6,2,0.1641,0.1393,0,0,0.5646,medium,0
STU-2026-0066,-0.108,-0.5676,2.98,2.95,6,1,0.0801,0.1769,1,0,0.555,medium,0
STU-2026-0067,-0.5575,-1.609,1.32,1.66,6,2,0.2768,0.3015,2,1,0.8159,high,1
STU-2026-0068,-0.0461,0.0527,3.89,4.08,0,0,0.0,0.0,0,0,0.02,low,0
STU-2026-0069,-0.1099,-0.7884,3.08,3.23,2,1,0.0947,0.1505,0,0,0.4637,medium,0
STU-2026-0070,0.0423,-0.0122,3.96,3.9,0,0,0.0,0.0,1,0,0.02,low,0
STU-2026-0071,-0.0917,-0.647,3.54,3.43,5,2,0.1575,0.1643,0,0,0.547,medium,0
STU-2026-0072,-0.0615,0.0443,5.0,5.0,0,0,0.0,0.0,0,0,0.02,low,0
STU-2026-0073,0.0054,0.1576,3.86,4.42,1,0,0.0,0.0,0,0,0.0261,low,0
STU-2026-0074,-0.0204,0.0145,4.36,4.16,1,0,0.0,0.0,0,0,0.02,low,0
STU-2026-0075,-0.0722,0.0465,3.46,2.93,0,0,0.0,0.0,0,0,0.02,low,0
STU-2026-0076,-0.173,-0.6081,3.93,3.82,3,0,0.1224,0.1393,0,0,0.5311,medium,0
STU-2026-0077,0.0291,0.0447,4.12,3.88,0,0,0.0,0.0,0,0,0.02,low,0
STU-2026-0078,-0.0159,0.4257,3.74,3.75,0,0,0.0,0.0,1,0,0.02,low,0
STU-2026-0079,-0.0179,-0.5556,3.97,3.64,4,1,0.1166,0.1387,0,0,0.4839,medium,0
STU-2026-0080,0.0665,0.2396,4.03,4.24,0,1,0.0,0.0,0,0,0.0251,low,0
STU-2026-0081,0.1153,0.1052,5.0,4.74,0,0,0.0,0.0,0,0,0.02,low,0
STU-2026-0082,0.0097,0.0764,4.32,4.51,1,1,0.0,0.0,0,0,0.02,low,0
STU-2026-0083,0.036,-0.3209,3.69,3.92,0,0,0.0,0.0,0,0,0.0418,low,0
STU-2026-0084,-0.0283,0.0861,4.44,5.0,0,0,0.0,0.0,0,0,0.02,low,0
STU-2026-0085,0.0224,-0.0353,4.76,4.96,0,0,0.0,0.0,0,0,0.02,low,0
STU-2026-0086,-0.224,-0.5568,2.72,3.07,2,3,0.1144,0.0731,2,0,0.4312,medium,0
STU-2026-0087,-0.0315,0.54,3.62,4.16,0,0,0.0,0.0,0,0,0.0481,low,0
STU-2026-0088,-0.07,-0.9443,2.16,2.36,3,1,0.1314,0.1303,0,0,0.5073,medium,0
STU-2026-0089,-0.03,0.3056,4.25,4.07,0,0,0.0,0.0,1,0,0.029,low,0
STU-2026-0090,-0.0104,-0.0657,5.0,4.7,0,1,0.0,0.0,0,0,0.02,low,0
STU-2026-0091,-0.0521,0.1177,4.09,4.36,1,0,0.0,0.0,0,0,0.02,low,0
STU-2026-0092,-0.2615,-1.0775,2.5,2.47,3,0,0.1339,0.1366,2,0,0.4908,medium,0
STU-2026-0093,-0.0043,0.0994,4.13,4.19,0,0,0.0,0.0,0,0,0.02,low,0
STU-2026-0094,0.0706,0.0903,4.94,4.69,0,0,0.0,0.0,0,0,0.02,low,0
STU-2026-0095,-0.073,-0.4629,2.71,2.71,4,1,0.1444,0.1536,0,0,0.5105,medium,0
STU-2026-0096,0.0728,0.1219,3.77,3.92,1,0,0.0,0.0,0,0,0.02,low,0
STU-2026-0097,-0.3755,-1.3411,1.31,1.83,7,5,0.2064,0.2872,3,0,0.8389,high,1
STU-2026-0098,0.0475,0.2328,4.59,4.13,1,1,0.0,0.0,0,0,0.0402,low,0
STU-2026-0099,-0.029,-0.0299,3.77,3.85,0,0,0.0,0.0,0,0,0.02,low,0
STU-2026-0100,-0.1185,-0.3791,3.28,3.76,2,0,0.1311,0.1247,0,0,0.4755,medium,0
STU-2026-0101,0.0137,-0.1232,4.38,4.17,0,0,0.0,0.0,1,0,0.02,low,0
STU-2026-0102,0.1182,0.6395,4.34,3.82,0,0,0.0,0.0,0,0,0.02,low,0
STU-2026-0103,-0.0263,-0.0323,4.13,4.55,0,0,0.0,0.0,1,0,0.02,low,0
STU-2026-0104,-0.1988,-0.6668,2.65,2.58,1,2,0.1078,0.1343,0,0,0.4596,medium,0
STU-2026-0105,-0.2278,-0.954,3.73,3.92,4,1,0.146,0.1338,1,0,0.5862,medium,0
STU-2026-0106,-0.17,-0.1906,2.76,2.76,5,0,0.1105,0.1935,1,0,0.5499,medium,0
STU-2026-0107,-0.1283,-0.6866,2.88,3.13,6,2,0.0202,0.1258,0,1,0.5742,medium,0
STU-2026-0108,0.0017,-0.0205,3.75,4.19,1,1,0.0,0.0,1,0,0.0225,low,0
STU-2026-0109,-0.0401,0.0046,4.26,4.52,0,0,0.0,0.0,0,0,0.0237,low,0
STU-2026-0110,-0.6257,-1.3854,1.59,1.84,3,5,0.2395,0.2582,2,1,0.824,high,1
STU-2026-0111,-0.217,-1.0667,3.43,2.63,3,0,0.1738,0.2247,1,1,0.5686,medium,0
STU-2026-0112,-0.183,-0.8668,2.69,2.71,4,2,0.1205,0.1084,0,0,0.5591,medium,0
STU-2026-0113,0.0597,0.2699,4.09,4.49,2,0,0.0,0.0,0,0,0.0483,low,0
STU-2026-0114,0.0525,0.2724,4.74,4.33,0,1,0.0,0.0,1,0,0.02,low,0
STU-2026-0115,-0.2955,-0.8054,2.85,2.87,6,0,0.1163,0.1245,0,1,0.5656,medium,0
STU-2026-0116,0.0113,-0.1678,4.21,4.25,1,0,0.0,0.0,0,0,0.0308,low,0
STU-2026-0117,-0.087,-0.9511,2.51,2.73,1,0,0.1303,0.0853,0,0,0.5211,medium,0
STU-2026-0118,0.106,0.057,5.0,5.0,0,0,0.0,0.0,0,0,0.02,low,0
STU-2026-0119,0.0722,0.4867,3.94,3.78,0,0,0.0,0.0,0,0,0.02,low,0
STU-2026-0120,-0.2343,-2.0512,2.32,1.54,6,1,0.1803,0.2976,3,0,0.8727,high,1
STU-2026-0121,0.0048,0.2148,4.4,3.6,0,0,0.0,0.0,0,0,0.02,low,0
STU-2026-0122,0.1006,0.0634,4.16,4.61,0,0,0.0,0.0,0,0,0.02,low,0
STU-2026-0123,-0.0267,0.3314,3.81,4.18,2,0,0.0,0.0,0,0,0.0556,low,0
STU-2026-0124,0.0576,0.4329,4.8,4.69,0,0,0.0,0.0,0,0,0.02,low,0
STU-2026-0125,0.1351,0.1984,4.13,4.09,1,0,0.0,0.0,1,0,0.02,low,0
STU-2026-0126,0.0018,-0.0684,4.28,4.33,0,0,0.0,0.0,0,0,0.02,low,0
STU-2026-0127,0.0661,0.0465,3.89,3.88,0,1,0.0,0.0,0,0,0.02,low,0
STU-2026-0128,-0.7298,-1.6808,1.84,1.83,12,3,0.3921,0.2753,4,1,0.9278,high,1
STU-2026-0129,-0.0204,-0.2515,4.1,4.21,0,0,0.0,0.0,0,0,0.02,low,0
STU-2026-0130,-0.0479,-0.6481,2.83,3.56,2,1,0.1048,0.1691,0,0,0.4819,medium,0
STU-2026-0131,-0.0128,0.1141,4.5,4.09,1,0,0.0,0.0,0,0,0.02,low,0
STU-2026-0132,0.1135,-0.1806,5.0,4.92,1,0,0.0,0.0,0,0,0.02,low,0
STU-2026-0133,0.0696,-0.0384,4.27,4.27,2,0,0.0,0.0,0,0,0.02,low,0
STU-2026-0134,0.1754,0.6813,4.95,5.0,0,1,0.0,0.0,0,0,0.0251,low,0
STU-2026-0135,0.0698,0.5681,4.25,4.08,0,0,0.0,0.0,0,0,0.02,low,0
STU-2026-0136,-0.0318,-0.4265,4.31,4.64,0,1,0.0,0.0,0,0,0.0747,low,0
STU-2026-0137,-0.1431,-1.0217,3.12,2.69,3,1,0.2049,0.1594,0,0,0.5567,medium,0
STU-2026-0138,-0.0427,0.2245,3.84,4.35,1,0,0.0,0.0,0,0,0.02,low,0
STU-2026-0139,0.0348,0.466,3.51,4.03,0,0,0.0,0.0,0,0,0.02,low,0
STU-2026-0140,0.0504,0.1969,3.64,4.14,1,1,0.0,0.0,1,0,0.02,low,0
STU-2026-0141,-0.0406,0.9097,3.41,3.57,0,0,0.0,0.0,0,0,0.02,low,0
STU-2026-0142,-0.1217,-0.8178,4.03,3.24,4,2,0.1255,0.0843,0,0,0.5715,medium,0
STU-2026-0143,-0.0015,0.5278,3.32,3.79,2,0,0.0,0.0,0,0,0.02,low,0
STU-2026-0144,0.0634,0.042,4.42,4.26,1,0,0.0,0.0,0,0,0.02,low,0
STU-2026-0145,0.021,0.1467,4.35,4.14,1,0,0.0,0.0,0,0,0.0464,low,0
STU-2026-0146,-0.415,-1.3802,1.8,2.04,13,1,0.2154,0.3503,3,1,0.9017,high,1
STU-2026-0147,0.0064,0.0249,3.44,3.78,1,1,0.0,0.0,0,0,0.0276,low,0
STU-2026-0148,-0.0365,0.3596,4.3,4.22,1,0,0.0,0.0,0,0,0.032,low,0
STU-2026-0149,-0.0795,0.2825,4.99,4.58,2,1,0.0,0.0,1,0,0.02,low,0
STU-2026-0150,0.0221,0.5582,4.33,4.06,0,1,0.0,0.0,0,0,0.0297,low,0
STU-2026-0151,0.0022,-0.0408,3.61,3.94,1,0,0.0,0.0,0,0,0.0386,low,0
STU-2026-0152,0.1024,-0.0971,4.53,4.01,0,0,0.0,0.0,0,0,0.02,low,0
STU-2026-0153,-0.1889,-0.3295,3.11,3.43,2,0,0.1661,0.1694,0,0,0.48,medium,0
STU-2026-0154,0.089,0.1064,3.63,4.41,1,1,0.0,0.0,0,0,0.02,low,0
STU-2026-0155,0.0418,0.2317,3.6,3.9,0,1,0.0,0.0,0,0,0.02,low,0
STU-2026-0156,-0.1079,-0.4772,2.93,2.96,3,0,0.1609,0.1322,0,0,0.4715,medium,0
STU-2026-0157,-0.2862,-0.7044,4.0,3.78,3,0,0.1194,0.0819,1,1,0.463,medium,0
STU-2026-0158,-0.0314,0.3558,3.74,4.47,0,0,0.0,0.0,0,0,0.0332,low,0
STU-2026-0159,0.0264,0.471,3.35,4.06,1,0,0.0,0.0,0,0,0.0347,low,0
STU-2026-0160,-0.1508,-0.787,2.97,3.11,0,1,0.0434,0.0998,0,0,0.435,medium,0
STU-2026-0161,-0.0109,0.3659,4.51,4.8,1,0,0.0,0.0,0,0,0.02,low,0
STU-2026-0162,0.1087,0.4939,4.38,4.39,1,2,0.0,0.0,0,0,0.02,low,0
STU-2026-0163,-0.0219,0.4841,4.86,4.65,1,0,0.0,0.0,0,0,0.0562,low,0
STU-2026-0164,-0.0206,-0.339,4.67,4.33,0,0,0.0,0.0,0,0,0.0706,low,0
STU-2026-0165,-0.1505,-0.4525,3.36,3.24,0,0,0.1291,0.0902,0,0,0.4793,medium,0
STU-2026-0166,-0.1533,-1.2301,3.33,3.02,4,0,0.0759,0.1302,0,0,0.5645,medium,0
STU-2026-0167,0.0407,-0.2092,4.9,4.85,0,0,0.0,0.0,0,0,0.02,low,0
STU-2026-0168,0.0375,0.614,4.07,3.78,0,0,0.0,0.0,0,0,0.02,low,0
STU-2026-0169,0.0016,0.4362,4.04,3.85,0,0,0.0,0.0,0,0,0.02,low,0
STU-2026-0170,-0.0154,0.3511,4.1,4.69,1,0,0.0,0.0,0,0,0.02,low,0
STU-2026-0171,0.0752,0.5627,3.59,4.01,0,0,0.0,0.0,0,0,0.02,low,0
STU-2026-0172,-0.0564,0.1279,3.81,3.68,0,0,0.0,0.0,0,0,0.02,low,0
STU-2026-0173,-0.0529,0.0197,3.97,3.89,0,1,0.0,0.0,0,0,0.02,low,0
STU-2026-0174,-0.0094,0.2027,4.72,5.0,0,0,0.0,0.0,0,0,0.02,low,0
STU-2026-0175,-0.0532,0.0239,4.49,4.42,0,0,0.0,0.0,0,0,0.02,low,0
STU-2026-0176,-0.0294,0.7997,3.77,3.67,0,0,0.0,0.0,0,0,0.0357,low,0
STU-2026-0177,0.0598,0.0534,2.95,3.38,1,1,0.0,0.0,0,0,0.0289,low,0
STU-2026-0178,-0.0069,0.0022,4.48,4.35,0,0,0.0,0.0,0,0,0.02,low,0
STU-2026-0179,0.0872,-0.0191,4.73,4.72,1,1,0.0,0.0,0,0,0.02,low,0
STU-2026-0180,0.0818,-0.3299,4.43,4.23,2,0,0.0,0.0,0,0,0.0345,low,0
STU-2026-0181,-0.0053,-0.0634,3.54,3.46,1,0,0.0,0.0,0,0,0.02,low,0
STU-2026-0182,-0.0628,-0.0812,3.79,3.69,2,0,0.0,0.0,0,0,0.02,low,0
STU-2026-0183,0.1061,0.1783,3.34,4.01,0,0,0.0,0.0,0,0,0.02,low,0
STU-2026-0184,0.063,0.1156,4.37,4.15,2,0,0.0,0.0,0,0,0.0604,low,0
STU-2026-0185,-0.0854,-1.1713,2.87,2.93,3,2,0.1149,0.1762,0,0,0.4984,medium,0
STU-2026-0186,-0.5306,-2.0792,2.68,2.78,11,3,0.2228,0.2905,3,0,0.8949,high,1
STU-2026-0187,-0.0391,0.028,4.93,4.66,2,0,0.0,0.0,0,0,0.02,low,0
STU-2026-0188,-0.1839,-0.7931,2.49,2.7,0,0,0.1441,0.1492,0,0,0.4817,medium,0
STU-2026-0189,0.0016,0.2305,3.9,4.28,0,0,0.0,0.0,0,0,0.02,low,0
STU-2026-0190,0.0086,0.4938,3.88,3.94,0,0,0.0,0.0,1,0,0.02,low,0
STU-2026-0191,-0.018,0.3472,4.24,3.95,0,0,0.0,0.0,0,0,0.02,low,0
STU-2026-0192,-0.0379,-0.2529,3.9,4.7,0,2,0.0,0.0,0,0,0.0589,low,0
STU-2026-0193,0.0434,0.1045,4.48,4.14,0,0,0.0,0.0,0,0,0.02,low,0
STU-2026-0194,0.0734,-0.1388,3.67,4.29,0,0,0.0,0.0,0,0,0.02,low,0
STU-2026-0195,-0.0305,-0.0181,4.62,5.0,1,0,0.0,0.0,0,0,0.02,low,0
STU-2026-0196,-0.188,-0.6435,3.89,3.57,2,0,0.1578,0.1597,0,1,0.5076,medium,0
STU-2026-0197,0.0428,0.3989,4.34,4.21,1,0,0.0,0.0,0,0,0.0334,low,0
STU-2026-0198,0.0253,0.1125,3.93,3.96,0,0,0.0,0.0,0,0,0.02,low,0
STU-2026-0199,-0.0175,0.246,4.2,4.09,0,0,0.0,0.0,0,0,0.02,low,0
STU-2026-0200,-0.0428,0.1115,5.0,5.0,0,2,0.0,0.0,0,0,0.0451,low,0
STU-2026-0201,0.0836,0.6208,4.22,4.04,0,1,0.0,0.0,0,0,0.0367,low,0
STU-2026-0202,-0.0489,-0.1138,4.4,4.13,0,0,0.0,0.0,0,0,0.02,low,0
STU-2026-0203,0.0373,0.0297,3.93,4.56,0,0,0.0,0.0,0,0,0.02,low,0
STU-2026-0204,-0.0123,-0.007,4.47,4.12,0,0,0.0,0.0,1,0,0.02,low,0
STU-2026-0205,-0.0486,-0.2103,4.71,4.36,0,0,0.0,0.0,1,0,0.02,low,0
STU-2026-0206,-0.1773,-1.0605,3.66,3.55,0,1,0.1388,0.0606,0,0,0.4522,medium,0
STU-2026-0207,0.0683,0.3513,4.24,3.73,1,0,0.0,0.0,1,0,0.02,low,0
STU-2026-0208,-0.0389,-0.2286,4.51,5.0,3,0,0.0,0.0,0,0,0.0946,low,0
STU-2026-0209,0.0509,-0.113,4.06,4.04,0,1,0.0,0.0,0,0,0.02,low,0
STU-2026-0210,-0.2955,-1.3106,1.55,2.21,5,3,0.1348,0.2581,1,2,0.7877,high,1
STU-2026-0211,0.0395,0.6282,5.0,5.0,1,0,0.0,0.0,0,0,0.0406,low,0
STU-2026-0212,-0.0272,0.2964,4.49,4.51,1,1,0.0,0.0,0,0,0.0352,low,0
STU-2026-0213,-0.1574,-0.7566,2.68,3.21,2,0,0.1494,0.1399,0,0,0.4923,medium,0
STU-2026-0214,0.0313,0.3189,3.78,4.02,1,0,0.0,0.0,0,0,0.0518,low,0
STU-2026-0215,-0.0758,-0.0108,3.66,3.66,0,0,0.0,0.0,1,0,0.02,low,0
STU-2026-0216,-0.0047,0.3031,4.6,4.47,0,0,0.0,0.0,0,0,0.02,low,0
STU-2026-0217,0.0372,0.1862,4.34,4.31,0,0,0.0,0.0,0,0,0.0618,low,0
STU-2026-0218,0.0417,-0.0859,3.72,4.25,0,0,0.0,0.0,0,0,0.02,low,0
STU-2026-0219,0.0671,0.27,4.05,4.33,0,0,0.0,0.0,0,0,0.02,low,0
STU-2026-0220,0.0409,0.1494,4.03,4.07,0,1,0.0,0.0,0,0,0.02,low,0
STU-2026-0221,-0.6735,-1.6354,1.5,1.82,8,6,0.2885,0.2871,1,0,0.8809,high,1
STU-2026-0222,0.0776,-0.0718,3.78,3.8,1,0,0.0,0.0,0,0,0.02,low,0
STU-2026-0223,-0.1224,-1.0203,3.06,3.42,1,0,0.1325,0.2272,1,0,0.5214,medium,0
STU-2026-0224,-0.2636,-0.5735,3.43,2.65,1,1,0.1229,0.1303,1,1,0.4721,medium,0
STU-2026-0225,0.0732,-0.0852,4.57,4.52,0,0,0.0,0.0,0,0,0.02,low,0
STU-2026-0226,0.0044,0.6773,4.4,4.46,0,0,0.0,0.0,0,0,0.02,low,0
STU-2026-0227,0.0334,0.214,3.86,3.79,0,0,0.0,0.0,0,0,0.02,low,0
STU-2026-0228,0.0452,0.6498,3.86,3.85,0,0,0.0,0.0,0,0,0.0398,low,0
STU-2026-0229,-0.022,0.6286,5.0,4.66,1,0,0.0,0.0,0,0,0.0496,low,0
STU-2026-0230,-0.4612,-1.6423,2.1,1.79,7,3,0.2377,0.2035,3,0,0.8842,high,1
STU-2026-0231,-0.1203,-0.2495,2.88,2.58,1,2,0.0911,0.1674,2,0,0.4303,medium,0
STU-2026-0232,-0.0322,0.2035,3.52,3.41,0,0,0.0,0.0,0,0,0.02,low,0
STU-2026-0233,-0.0998,0.3248,4.35,4.29,0,0,0.0,0.0,0,0,0.02,low,0
STU-2026-0234,-0.1101,-0.5262,2.79,2.83,4,3,0.1513,0.1758,1,0,0.5392,medium,0
STU-2026-0235,0.0105,0.618,4.45,4.77,0,0,0.0,0.0,0,0,0.02,low,0
STU-2026-0236,0.0508,0.5918,4.1,4.46,0,1,0.0,0.0,0,0,0.0221,low,0
STU-2026-0237,0.0214,0.327,4.33,4.04,0,0,0.0,0.0,0,0,0.02,low,0
STU-2026-0238,-0.0341,-0.5759,2.67,3.1,5,1,0.1134,0.0853,1,0,0.5074,medium,0
STU-2026-0239,0.0598,-0.1411,4.51,4.36,0,0,0.0,0.0,0,0,0.02,low,0
STU-2026-0240,-0.0157,0.188,3.31,3.64,0,1,0.0,0.0,0,0,0.02,low,0
STU-2026-0241,-0.1054,-0.4335,4.33,3.81,0,0,0.0,0.0,0,0,0.0588,low,0
STU-2026-0242,0.0312,0.5102,3.93,3.68,0,0,0.0,0.0,0,0,0.02,low,0
STU-2026-0243,-0.1389,-0.5375,2.57,2.7,4,0,0.0853,0.0819,1,0,0.5527,medium,0
STU-2026-0244,-0.0441,0.0639,3.7,3.4,0,1,0.0,0.0,0,0,0.02,low,0
STU-2026-0245,-0.4669,-1.7549,1.72,1.77,9,5,0.2371,0.3206,2,0,0.895,high,1
STU-2026-0246,-0.652,-1.6933,1.43,1.41,8,1,0.2995,0.2633,2,0,0.8195,high,1
STU-2026-0247,0.0537,0.1118,3.73,4.28,0,0,0.0,0.0,1,0,0.023,low,0
STU-2026-0248,-0.1737,-0.7561,2.55,2.32,0,1,0.0683,0.1159,1,0,0.4784,medium,0
STU-2026-0249,-0.5545,-1.6347,1.75,1.72,3,3,0.3156,0.2733,2,2,0.8248,high,1
STU-2026-0250,0.0347,0.1667,3.99,3.75,0,0,0.0,0.0,0,0,0.02,low,0
STU-2026-0251,-0.4106,-1.5211,1.64,2.0,6,4,0.2439,0.289,3,0,0.812,high,1
STU-2026-0252,-0.0241,0.1057,4.58,4.42,0,2,0.0,0.0,0,0,0.02,low,0
STU-2026-0253,-0.2638,-1.7838,2.16,2.28,7,1,0.2386,0.2494,2,0,0.8445,high,1
STU-2026-0254,-0.0803,0.3185,3.64,3.58,1,0,0.0,0.0,0,0,0.02,low,0
STU-2026-0255,0.0778,-0.0265,4.42,4.6,2,0,0.0,0.0,0,0,0.02,low,0
STU-2026-0256,-0.0039,0.0904,4.5,4.13,1,0,0.0,0.0,0,0,0.0269,low,0
STU-2026-0257,-0.0097,0.0992,4.01,4.03,1,0,0.0,0.0,0,0,0.02,low,0
STU-2026-0258,-0.166,-0.6947,3.08,2.53,3,1,0.1104,0.0946,0,0,0.5192,medium,0
STU-2026-0259,-0.0479,0.2921,4.26,4.36,0,0,0.0,0.0,0,0,0.02,low,0
STU-2026-0260,-0.0414,-0.065,4.97,4.56,0,0,0.0,0.0,0,0,0.02,low,0
STU-2026-0261,-0.0226,0.5385,4.47,4.39,0,0,0.0,0.0,0,0,0.02,low,0
STU-2026-0262,-0.2573,-0.1867,3.47,3.26,5,0,0.1169,0.1626,1,0,0.5254,medium,0
STU-2026-0263,-0.4688,-1.8769,2.05,1.58,7,2,0.1424,0.2731,3,1,0.8428,high,1
STU-2026-0264,0.0898,0.3418,4.2,4.15,1,0,0.0,0.0,1,0,0.02,low,0
STU-2026-0265,0.0052,-0.1765,4.73,4.51,0,0,0.0,0.0,0,0,0.02,low,0
STU-2026-0266,0.0298,0.0914,3.83,4.02,2,1,0.0,0.0,0,0,0.02,low,0
STU-2026-0267,0.0033,0.0547,4.28,4.19,0,0,0.0,0.0,0,0,0.02,low,0
STU-2026-0268,-0.1547,-0.9915,2.71,3.43,1,4,0.1096,0.1693,1,0,0.5431,medium,0
STU-2026-0269,0.0286,0.2614,4.1,3.8,0,1,0.0,0.0,0,0,0.02,low,0
STU-2026-0270,0.0436,0.0391,4.34,4.31,0,0,0.0,0.0,0,0,0.02,low,0
STU-2026-0271,0.0115,0.2118,5.0,5.0,0,0,0.0,0.0,0,0,0.02,low,0
STU-2026-0272,-0.1808,-1.0046,2.78,3.16,0,0,0.1566,0.1176,1,0,0.4442,medium,0
STU-2026-0273,0.0365,0.1616,4.62,4.64,0,0,0.0,0.0,0,1,0.02,low,0
STU-2026-0274,0.1099,0.6335,4.27,4.16,1,2,0.0,0.0,0,0,0.02,low,0
STU-2026-0275,-0.1681,-0.6942,3.84,3.24,5,3,0.1215,0.1406,1,1,0.5114,medium,0
STU-2026-0276,-0.099,-0.8008,2.78,2.43,7,2,0.1184,0.1123,1,0,0.5596,medium,0
STU-2026-0277,0.0428,0.529,3.9,3.91,0,1,0.0,0.0,1,0,0.02,low,0
STU-2026-0278,0.1237,0.2136,3.64,3.82,1,1,0.0,0.0,0,0,0.02,low,0
STU-2026-0279,-0.2687,-1.528,2.05,1.46,7,1,0.2923,0.346,2,1,0.8775,high,1
STU-2026-0280,0.0118,0.4822,4.51,3.56,0,0,0.0,0.0,0,0,0.02,low,0
STU-2026-0281,0.0641,0.154,4.44,4.36,0,0,0.0,0.0,1,0,0.02,low,0
STU-2026-0282,0.0068,0.1102,3.94,4.48,0,0,0.0,0.0,0,0,0.0463,low,0
STU-2026-0283,-0.2377,-0.5835,3.45,3.28,2,0,0.1196,0.1579,1,0,0.5165,medium,0
STU-2026-0284,-0.1418,-0.5628,2.25,2.67,3,2,0.1159,0.1294,0,0,0.5077,medium,0
STU-2026-0285,-0.2562,-1.9656,1.31,1.9,9,3,0.2659,0.3065,2,1,0.9286,high,1
STU-2026-0286,0.1067,0.3723,5.0,4.67,2,0,0.0,0.0,0,0,0.0396,low,0
STU-2026-0287,0.0231,0.1655,4.57,4.39,2,0,0.0,0.0,0,0,0.0519,low,0
STU-2026-0288,-0.3485,-1.8089,1.96,1.34,9,3,0.26,0.2299,1,0,0.8704,high,1
STU-2026-0289,0.0402,0.2066,3.64,4.05,1,0,0.0,0.0,1,0,0.02,low,0
STU-2026-0290,0.04,0.1598,4.29,4.18,0,0,0.0,0.0,0,0,0.0547,low,0
STU-2026-0291,-0.2272,-0.6001,2.64,2.87,4,2,0.1261,0.2042,0,0,0.5536,medium,0
STU-2026-0292,-0.6282,-2.1416,1.52,1.02,13,1,0.1224,0.2661,2,1,0.9446,high,1
STU-2026-0293,-0.2392,-0.826,3.69,3.6,3,2,0.1196,0.1629,1,1,0.4882,medium,0
STU-2026-0294,0.0747,0.4115,3.99,3.82,1,0,0.0,0.0,0,0,0.0288,low,0
STU-2026-0295,0.0778,0.0266,4.65,4.85,0,0,0.0,0.0,0,0,0.0452,low,0
STU-2026-0296,-0.0191,0.2985,4.41,4.22,1,0,0.0,0.0,0,0,0.02,low,0
STU-2026-0297,0.0097,-0.1176,3.89,3.98,1,0,0.0,0.0,0,0,0.02,low,0
STU-2026-0298,0.0388,0.2044,4.06,3.82,0,0,0.0,0.0,0,1,0.041,low,0
STU-2026-0299,0.0358,0.0966,3.83,3.5,0,0,0.0,0.0,0,0,0.026,low,0
STU-2026-0300,-0.4328,-1.4718,1.56,1.75,4,2,0.1779,0.3281,1,1,0.8193,high,1
STU-2026-0301,0.0016,0.0141,4.82,4.36,0,0,0.0,0.0,0,0,0.02,low,0
STU-2026-0302,-0.1686,-0.6342,3.51,3.46,3,2,0.1079,0.1169,0,0,0.506,medium,0
STU-2026-0303,-0.1707,-1.0358,2.97,2.71,1,2,0.127,0.1318,0,0,0.5136,medium,0
STU-2026-0304,-0.0879,0.6857,4.43,4.05,0,2,0.0,0.0,1,0,0.02,low,0
STU-2026-0305,-0.5871,-1.596,1.73,1.71,5,4,0.2669,0.2256,4,1,0.7847,high,1
STU-2026-0306,-0.3781,-2.0336,1.64,1.56,5,2,0.2071,0.3093,3,0,0.8876,high,1
STU-2026-0307,0.019,0.2013,4.24,3.92,0,0,0.0,0.0,0,0,0.02,low,0
STU-2026-0308,0.0472,0.1667,4.93,4.8,0,2,0.0,0.0,0,0,0.02,low,0
STU-2026-0309,-0.1425,-1.0505,3.25,3.18,3,0,0.1181,0.1441,0,0,0.5475,medium,0
STU-2026-0310,-0.5379,-1.3625,1.68,1.55,9,3,0.2247,0.2485,3,0,0.8375,high,1
STU-2026-0311,-0.0482,0.2486,4.25,4.33,0,0,0.0,0.0,0,0,0.0423,low,0
STU-2026-0312,-0.0357,-0.3363,4.6,4.52,0,0,0.0,0.0,0,0,0.0222,low,0
STU-2026-0313,-0.013,0.2699,4.12,4.06,2,0,0.0,0.0,0,0,0.0665,low,0
STU-2026-0314,0.063,0.1915,4.99,4.99,0,1,0.0,0.0,0,0,0.02,low,0
STU-2026-0315,0.0452,0.514,4.46,4.32,0,0,0.0,0.0,0,0,0.02,low,0
STU-2026-0316,-0.344,-1.1038,2.03,2.44,7,3,0.2311,0.3544,1,0,0.8904,high,1
STU-2026-0317,0.0417,0.6247,4.54,4.9,0,0,0.0,0.0,0,0,0.02,low,0
STU-2026-0318,-0.0208,0.1429,4.25,4.16,0,0,0.0,0.0,0,1,0.02,low,0
STU-2026-0319,-0.2188,-1.0533,2.48,2.72,1,3,0.1182,0.197,0,0,0.5371,medium,0
STU-2026-0320,-0.4212,-1.7016,1.35,2.25,3,2,0.265,0.3227,1,1,0.8045,high,1
STU-2026-0321,0.0569,0.0871,3.69,3.84,0,0,0.0,0.0,0,0,0.02,low,0
STU-2026-0322,0.0247,-0.114,3.91,3.5,1,0,0.0,0.0,0,1,0.02,low,0
STU-2026-0323,0.0507,0.2241,4.98,5.0,0,0,0.0,0.0,0,0,0.02,low,0
STU-2026-0324,-0.0129,0.3532,3.97,3.93,0,0,0.0,0.0,0,0,0.02,low,0
STU-2026-0325,0.0155,0.3156,3.99,4.44,0,0,0.0,0.0,0,0,0.02,low,0
STU-2026-0326,-0.0574,-0.1096,4.2,4.63,0,0,0.0,0.0,0,0,0.02,low,0
STU-2026-0327,-0.0344,0.0432,4.52,4.23,0,0,0.0,0.0,0,0,0.0595,low,0
STU-2026-0328,0.0056,0.0122,4.32,3.93,0,1,0.0,0.0,0,0,0.02,low,0
STU-2026-0329,-0.0155,0.1642,4.24,4.26,0,0,0.0,0.0,1,0,0.02,low,0
STU-2026-0330,0.083,0.2182,4.9,4.85,0,0,0.0,0.0,0,0,0.02,low,0
STU-2026-0331,0.0084,-0.2087,4.64,4.29,0,0,0.0,0.0,0,0,0.02,low,0
STU-2026-0332,0.063,-0.3258,3.37,3.89,1,1,0.0,0.0,0,0,0.0342,low,0
STU-2026-0333,-0.1359,-0.885,3.16,3.65,5,1,0.095,0.1106,0,0,0.4869,medium,0
STU-2026-0334,0.0019,0.4899,4.72,5.0,0,0,0.0,0.0,0,0,0.02,low,0
STU-2026-0335,-0.0037,0.0662,4.03,4.49,1,0,0.0,0.0,0,0,0.02,low,0
STU-2026-0336,0.0711,0.1871,4.02,4.07,0,0,0.0,0.0,0,0,0.02,low,0
STU-2026-0337,0.0318,-0.1892,4.29,3.97,1,0,0.0,0.0,0,0,0.02,low,0
STU-2026-0338,0.1537,0.4012,4.74,4.56,0,1,0.0,0.0,0,0,0.02,low,0
STU-2026-0339,-0.0883,-1.0019,3.01,3.52,2,1,0.1196,0.1372,2,0,0.4804,medium,0
STU-2026-0340,-0.178,-0.8786,2.68,2.63,3,1,0.0866,0.155,2,0,0.5735,medium,0
STU-2026-0341,-0.2458,-0.5904,2.91,2.6,3,2,0.0955,0.187,0,0,0.4711,medium,0
STU-2026-0342,0.0498,-0.2597,4.46,4.21,1,0,0.0,0.0,0,0,0.0203,low,0
STU-2026-0343,-0.3349,-1.6752,2.16,2.03,8,2,0.2392,0.2184,1,1,0.8499,high,1
STU-2026-0344,0.0442,0.0873,3.77,3.78,1,0,0.0,0.0,0,0,0.02,low,0
STU-2026-0345,-0.0392,0.2936,4.75,4.36,0,0,0.0,0.0,0,0,0.0241,low,0
STU-2026-0346,-0.0294,0.0496,4.73,4.43,0,0,0.0,0.0,0,0,0.02,low,0
STU-2026-0347,0.0713,0.153,4.36,4.38,2,0,0.0,0.0,1,0,0.0515,low,0
STU-2026-0348,-0.0382,0.0143,4.6,4.6,0,0,0.0,0.0,0,0,0.02,low,0
STU-2026-0349,-0.0175,0.1305,3.68,4.1,0,0,0.0,0.0,0,0,0.02,low,0
STU-2026-0350,0.0469,-0.5065,2.8,3.06,1,0,0.1451,0.2094,0,0,0.5147,medium,0
STU-2026-0351,0.0526,0.4723,4.28,4.32,1,1,0.0,0.0,0,0,0.02,low,0
STU-2026-0352,0.0162,0.4323,4.08,4.63,0,0,0.0,0.0,0,1,0.02,low,0
STU-2026-0353,0.0832,0.0723,4.47,4.02,0,0,0.0,0.0,0,0,0.02,low,0
STU-2026-0354,0.0787,0.6671,5.0,4.71,0,0,0.0,0.0,0,0,0.02,low,0
STU-2026-0355,-0.3703,-1.6593,2.14,1.95,4,1,0.2507,0.2585,2,2,0.8243,high,1
STU-2026-0356,0.044,-0.2055,4.29,4.25,1,0,0.0,0.0,0,1,0.02,low,0
STU-2026-0357,-0.0078,0.3275,4.46,4.3,0,0,0.0,0.0,0,0,0.02,low,0
STU-2026-0358,0.043,0.3017,3.57,3.68,2,0,0.0,0.0,0,0,0.02,low,0
STU-2026-0359,-0.0239,0.1694,3.87,4.48,0,0,0.0,0.0,0,0,0.0787,low,0
STU-2026-0360,0.0167,0.2491,4.36,4.49,0,0,0.0,0.0,0,0,0.02,low,0
STU-2026-0361,0.104,-0.1261,5.0,4.6,0,0,0.0,0.0,0,0,0.02,low,0
STU-2026-0362,0.0491,-0.0056,3.8,3.58,0,0,0.0,0.0,0,0,0.02,low,0
STU-2026-0363,-0.1389,-0.8324,2.81,2.73,2,2,0.1046,0.1425,0,0,0.4828,medium,0
STU-2026-0364,-0.1087,-0.4693,3.25,3.16,3,0,0.1719,0.0995,0,0,0.5026,medium,0
STU-2026-0365,0.0693,0.1554,4.37,4.4,0,0,0.0,0.0,0,0,0.0287,low,0
STU-2026-0366,0.0384,-0.1297,4.92,4.73,0,0,0.0,0.0,0,0,0.0545,low,0
STU-2026-0367,0.0084,-0.0027,4.34,4.31,0,1,0.0,0.0,0,0,0.0333,low,0
STU-2026-0368,-0.0723,-0.6798,2.94,2.53,4,1,0.1205,0.1488,0,0,0.5278,medium,0
STU-2026-0369,0.0134,-0.1298,3.98,3.7,1,0,0.0,0.0,1,0,0.02,low,0
STU-2026-0370,0.1315,-0.2635,3.95,4.03,1,0,0.0,0.0,0,0,0.029,low,0
STU-2026-0371,-0.1358,-1.1117,2.99,3.07,4,1,0.0767,0.1404,0,1,0.5584,medium,0
STU-2026-0372,-0.0153,0.1142,4.16,4.5,0,0,0.0,0.0,0,0,0.02,low,0
STU-2026-0373,0.0616,0.5768,4.61,4.11,0,0,0.0,0.0,0,0,0.02,low,0
STU-2026-0374,0.1158,-0.0154,4.97,4.59,1,0,0.0,0.0,0,0,0.02,low,0
STU-2026-0375,-0.0703,0.4698,4.02,4.43,0,0,0.0,0.0,0,0,0.02,low,0
STU-2026-0376,-0.0464,0.388,3.73,4.11,0,0,0.0,0.0,0,0,0.02,low,0
STU-2026-0377,-0.4951,-1.4311,2.56,2.57,10,1,0.19,0.2804,4,1,0.7711,high,1
STU-2026-0378,-0.4478,-1.845,1.68,1.87,8,3,0.2849,0.3633,1,0,0.9028,high,1
STU-2026-0379,0.0151,0.4587,3.29,3.77,2,0,0.0,0.0,0,0,0.02,low,0
STU-2026-0380,-0.0567,0.3021,4.31,4.19,0,0,0.0,0.0,0,0,0.02,low,0
STU-2026-0381,0.0793,0.2068,4.64,3.81,0,0,0.0,0.0,0,0,0.02,low,0
STU-2026-0382,-0.043,0.0046,4.66,4.47,0,1,0.0,0.0,0,0,0.0346,low,0
STU-2026-0383,0.0102,-0.0325,4.33,4.46,0,0,0.0,0.0,0,0,0.0456,low,0
STU-2026-0384,0.021,0.1773,4.33,4.34,0,0,0.0,0.0,0,0,0.0351,low,0
STU-2026-0385,0.0182,0.6584,3.36,3.86,0,0,0.0,0.0,0,0,0.0368,low,0
STU-2026-0386,-0.3719,-1.7735,1.71,1.29,10,5,0.2133,0.1817,1,0,0.8972,high,1
STU-2026-0387,-0.2782,-1.4914,1.43,1.7,6,2,0.3148,0.2928,2,0,0.8294,high,1
STU-2026-0388,0.0238,0.4248,4.06,3.48,0,0,0.0,0.0,0,0,0.02,low,0
STU-2026-0389,0.005,0.0702,4.27,4.04,0,0,0.0,0.0,0,0,0.02,low,0
STU-2026-0390,-0.1838,-0.6702,2.84,2.51,0,3,0.1006,0.1527,0,0,0.4871,medium,0
STU-2026-0391,0.0001,0.1425,3.98,4.25,3,0,0.0,0.0,0,0,0.02,low,0
STU-2026-0392,0.0141,0.4785,3.99,4.31,1,0,0.0,0.0,0,0,0.02,low,0
STU-2026-0393,-0.2164,-0.6592,2.29,2.35,5,4,0.0747,0.107,0,0,0.4915,medium,0
STU-2026-0394,0.0852,0.165,4.26,4.61,0,0,0.0,0.0,0,0,0.02,low,0
STU-2026-0395,0.1101,0.1966,4.37,4.59,0,0,0.0,0.0,0,0,0.0448,low,0
STU-2026-0396,0.1307,0.4303,4.18,4.17,0,0,0.0,0.0,0,0,0.02,low,0
STU-2026-0397,-0.4386,-1.2892,1.17,1.31,6,3,0.2592,0.3114,2,2,0.7968,high,1
STU-2026-0398,0.0396,0.0585,4.09,4.37,0,0,0.0,0.0,0,0,0.02,low,0
STU-2026-0399,0.0247,0.3121,4.19,4.39,1,0,0.0,0.0,0,0,0.02,low,0
STU-2026-0400,0.0434,0.1072,4.5,4.19,0,0,0.0,0.0,1,0,0.02,low,0
STU-2026-0401,-0.0038,0.1012,3.86,3.7,0,1,0.0,0.0,0,0,0.02,low,0
STU-2026-0402,0.011,0.0851,4.5,4.36,0,0,0.0,0.0,0,0,0.02,low,0
STU-2026-0403,0.0198,0.5246,4.24,4.46,0,0,0.0,0.0,0,0,0.0273,low,0
STU-2026-0404,0.0017,0.0877,4.21,4.39,0,0,0.0,0.0,0,0,0.02,low,0
STU-2026-0405,0.1127,0.1952,4.5,4.18,0,0,0.0,0.0,0,0,0.02,low,0
STU-2026-0406,0.0886,0.1254,3.8,4.15,1,0,0.0,0.0,0,0,0.02,low,0
STU-2026-0407,-0.0849,-1.02,3.76,3.58,4,2,0.1749,0.1718,2,0,0.4831,medium,0
STU-2026-0408,0.0319,-0.0461,4.12,3.8,0,1,0.0,0.0,0,0,0.0314,low,0
STU-2026-0409,0.11,0.1605,4.06,4.15,0,0,0.0,0.0,0,0,0.02,low,0
STU-2026-0410,-0.1815,-0.7452,2.49,2.82,1,1,0.1906,0.171,1,0,0.4857,medium,0
STU-2026-0411,0.0954,0.1477,4.1,4.42,0,1,0.0,0.0,0,0,0.02,low,0
STU-2026-0412,-0.1871,-0.6138,3.52,3.22,2,2,0.1578,0.1424,2,0,0.5235,medium,0
STU-2026-0413,0.0071,0.2481,4.47,3.97,2,1,0.0,0.0,0,0,0.0205,low,0
STU-2026-0414,0.0361,0.2252,4.81,4.59,1,2,0.0,0.0,0,0,0.02,low,0
STU-2026-0415,-0.06,0.4728,3.7,3.98,0,1,0.0,0.0,0,0,0.02,low,0
STU-2026-0416,-0.2579,-0.7768,3.75,3.76,5,1,0.1188,0.1651,0,0,0.4991,medium,0
STU-2026-0417,0.0119,0.7851,4.68,4.39,1,0,0.0,0.0,0,0,0.0251,low,0
STU-2026-0418,0.047,0.1942,4.83,4.47,0,0,0.0,0.0,0,0,0.02,low,0
STU-2026-0419,-0.0657,-0.0387,4.12,4.49,1,0,0.0,0.0,0,0,0.0634,low,0
STU-2026-0420,-0.0318,0.3905,3.49,4.04,0,0,0.0,0.0,0,0,0.02,low,0
STU-2026-0421,0.0309,0.1949,4.39,4.05,1,0,0.0,0.0,0,0,0.02,low,0
STU-2026-0422,0.0292,0.3064,3.93,3.31,0,0,0.0,0.0,0,0,0.02,low,0
STU-2026-0423,0.0211,-0.0858,3.89,4.04,1,1,0.0,0.0,0,0,0.02,low,0
STU-2026-0424,-0.1966,-0.7702,2.85,3.14,5,0,0.1477,0.1773,1,0,0.502,medium,0
STU-2026-0425,-0.0193,0.0521,4.42,4.27,0,0,0.0,0.0,0,0,0.02,low,0
STU-2026-0426,0.0324,0.1529,4.06,3.8,2,0,0.0,0.0,0,0,0.045,low,0
STU-2026-0427,-0.1252,-0.3561,2.66,3.2,6,4,0.1247,0.1548,0,0,0.5242,medium,0
STU-2026-0428,-0.004,0.1465,3.64,3.73,0,0,0.0,0.0,0,0,0.02,low,0
STU-2026-0429,0.0809,0.0842,4.13,4.22,0,1,0.0,0.0,0,0,0.02,low,0
STU-2026-0430,-0.0265,0.2677,3.33,3.37,1,0,0.0,0.0,0,0,0.02,low,0
STU-2026-0431,-0.0599,-0.0585,4.39,4.39,0,0,0.0,0.0,0,0,0.02,low,0
STU-2026-0432,0.0341,-0.0085,4.18,4.21,1,0,0.0,0.0,0,0,0.0513,low,0
STU-2026-0433,-0.0664,-0.0805,4.32,4.73,1,0,0.0,0.0,1,0,0.0435,low,0
STU-2026-0434,-0.0809,0.8148,4.22,4.04,0,2,0.0,0.0,0,0,0.0563,low,0
STU-2026-0435,-0.2178,-0.9376,3.57,3.27,3,1,0.1376,0.1211,0,0,0.5144,medium,0
STU-2026-0436,0.0059,0.1798,4.51,4.65,2,0,0.0,0.0,0,0,0.0285,low,0
STU-2026-0437,-0.0106,-0.0386,3.84,3.75,0,0,0.0,0.0,1,0,0.02,low,0
STU-2026-0438,-0.619,-1.5591,2.74,2.39,9,3,0.2442,0.3272,3,2,0.8968,high,1
STU-2026-0439,0.0379,0.1425,4.15,4.07,1,1,0.0,0.0,0,0,0.02,low,0
STU-2026-0440,0.0536,0.1817,4.42,4.03,2,1,0.0,0.0,0,0,0.02,low,0
STU-2026-0441,-0.0359,-0.0819,4.29,4.02,0,0,0.0,0.0,0,0,0.02,low,0
STU-2026-0442,-0.0715,-0.0351,4.52,4.72,0,0,0.0,0.0,0,0,0.0522,low,0
STU-2026-0443,0.0027,0.2324,4.24,4.33,1,0,0.0,0.0,0,0,0.02,low,0
STU-2026-0444,-0.08,0.48,4.54,4.61,2,0,0.0,0.0,0,0,0.0523,low,0
STU-2026-0445,-0.3133,-1.5752,2.75,2.28,5,2,0.1581,0.2359,1,0,0.8414,high,1
STU-2026-0446,-0.0137,-0.0748,3.72,3.56,0,1,0.0,0.0,0,0,0.0315,low,0
STU-2026-0447,0.0135,0.5773,4.44,4.55,0,1,0.0,0.0,0,0,0.0314,low,0
STU-2026-0448,-0.1494,-0.9525,3.18,3.03,1,1,0.1348,0.1066,0,0,0.51,medium,0
STU-2026-0449,0.0231,0.6812,3.44,3.32,1,0,0.0,0.0,0,0,0.0888,low,0
STU-2026-0450,-0.4307,-1.3177,1.61,1.67,4,2,0.2463,0.2396,4,1,0.8281,high,1
STU-2026-0451,-0.1744,-0.8884,3.22,3.59,4,1,0.158,0.1532,0,0,0.5129,medium,0
STU-2026-0452,-0.1157,-1.2601,3.46,3.42,2,2,0.1152,0.1222,1,0,0.579,medium,0
STU-2026-0453,0.0779,-0.3567,4.01,4.33,2,1,0.0,0.0,0,0,0.02,low,0
STU-2026-0454,-0.0303,0.029,3.77,3.81,0,0,0.0,0.0,0,0,0.02,low,0
STU-2026-0455,0.0029,0.2188,4.57,4.08,0,1,0.0,0.0,0,0,0.02,low,0
STU-2026-0456,0.0132,0.1422,5.0,4.82,0,0,0.0,0.0,0,0,0.02,low,0
STU-2026-0457,0.1228,0.2675,3.81,3.57,0,0,0.0,0.0,0,0,0.02,low,0
STU-2026-0458,0.0107,0.3958,4.19,4.09,0,0,0.0,0.0,0,0,0.02,low,0
STU-2026-0459,-0.0064,0.4081,4.94,4.59,0,0,0.0,0.0,0,0,0.0305,low,0
STU-2026-0460,-0.5424,-1.3639,2.36,2.47,3,1,0.2299,0.1819,2,2,0.7796,high,1
STU-2026-0461,0.0216,0.2138,4.38,3.99,1,2,0.0,0.0,0,0,0.0211,low,0
STU-2026-0462,-0.159,-0.7733,2.73,2.99,5,1,0.0716,0.186,0,0,0.5431,medium,0
STU-2026-0463,-0.059,-0.2028,4.67,4.35,0,0,0.0,0.0,0,0,0.02,low,0
STU-2026-0464,-0.1288,-0.6068,2.37,3.5,1,2,0.121,0.1557,0,0,0.5121,medium,0
STU-2026-0465,0.1318,-0.3022,4.31,5.0,2,0,0.0,0.0,0,0,0.0542,low,0
STU-2026-0466,0.038,0.3675,4.08,4.26,1,1,0.0,0.0,0,0,0.02,low,0
STU-2026-0467,-0.0862,-0.5856,3.81,3.28,1,1,0.1147,0.1782,0,0,0.4807,medium,0
STU-2026-0468,-0.1119,-0.7831,3.42,3.69,4,1,0.1412,0.1321,0,0,0.5037,medium,0
STU-2026-0469,0.0623,0.2086,4.75,4.81,0,0,0.0,0.0,0,0,0.02,low,0
STU-2026-0470,-0.2559,-0.7499,2.27,1.97,6,0,0.0822,0.1475,1,0,0.53,medium,0
STU-2026-0471,0.05,0.3039,4.5,5.0,1,0,0.0,0.0,0,0,0.02,low,0
STU-2026-0472,-0.3877,-1.9558,1.63,1.75,9,3,0.2467,0.2224,4,0,0.8308,high,1
STU-2026-0473,-0.138,-0.644,2.55,3.02,1,0,0.1932,0.1439,0,0,0.4865,medium,0
STU-2026-0474,-0.1199,-0.0408,3.87,4.47,0,0,0.0,0.0,0,0,0.02,low,0
STU-2026-0475,-0.0164,0.2243,4.26,4.25,1,1,0.0,0.0,0,0,0.02,low,0
STU-2026-0476,-0.2264,-0.612,3.07,3.25,2,2,0.1552,0.1562,2,1,0.5125,medium,0
STU-2026-0477,-0.0399,-0.3103,3.49,3.94,3,1,0.123,0.1878,0,1,0.4697,medium,0
STU-2026-0478,-0.3904,-1.2677,2.66,2.28,9,3,0.2635,0.2915,1,0,0.8979,high,1
STU-2026-0479,0.0499,0.2681,3.6,3.71,0,0,0.0,0.0,0,0,0.0352,low,0
STU-2026-0480,0.036,0.5669,3.46,4.31,0,0,0.0,0.0,0,0,0.02,low,0
STU-2026-0481,0.0513,0.1761,5.0,5.0,0,0,0.0,0.0,0,0,0.02,low,0
STU-2026-0482,0.0862,-0.2093,4.4,4.02,1,1,0.0,0.0,0,0,0.0451,low,0
STU-2026-0483,-0.163,-1.7083,1.0,1.07,4,3,0.1357,0.2905,3,0,0.7956,high,1
STU-2026-0484,0.0142,0.2313,4.47,4.47,0,0,0.0,0.0,0,0,0.02,low,0
STU-2026-0485,0.0606,0.2328,3.75,4.01,3,0,0.0,0.0,0,0,0.0425,low,0
STU-2026-0486,-0.0976,-0.5103,3.12,3.07,2,2,0.0993,0.1521,0,0,0.5009,medium,0
STU-2026-0487,0.0481,0.3962,4.01,3.93,0,0,0.0,0.0,0,0,0.02,low,0
STU-2026-0488,0.0497,-0.0382,4.56,4.45,0,0,0.0,0.0,0,0,0.0335,low,0
STU-2026-0489,-0.0115,-0.5435,3.88,4.5,2,0,0.0,0.0,0,0,0.0689,low,0
STU-2026-0490,0.1484,0.1017,3.75,4.08,1,0,0.0,0.0,0,0,0.02,low,0
STU-2026-0491,0.0335,0.2189,4.46,4.26,1,0,0.0,0.0,0,0,0.0305,low,0
STU-2026-0492,0.0551,0.3841,3.06,3.6,0,0,0.0,0.0,0,0,0.0257,low,0
STU-2026-0493,-0.0271,0.2692,4.27,4.2,0,0,0.0,0.0,0,1,0.02,low,0
STU-2026-0494,0.0246,0.4958,3.57,3.71,0,1,0.0,0.0,0,0,0.02,low,0
STU-2026-0495,0.0723,0.4584,4.25,4.01,0,0,0.0,0.0,0,1,0.02,low,0
STU-2026-0496,-0.4322,-1.1054,1.41,1.43,11,3,0.3364,0.3368,2,0,0.9125,high,1
STU-2026-0497,-0.5803,-1.2014,2.09,2.21,4,2,0.2335,0.265,2,1,0.7903,high,1
STU-2026-0498,-0.2387,-0.1136,3.2,3.44,3,2,0.1297,0.1578,0,0,0.5008,medium,0
STU-2026-0499,-0.3862,-1.4169,1.61,1.8,6,6,0.2192,0.3152,2,1,0.8162,high,1
STU-2026-0500,-0.3345,-1.224,1.52,1.32,5,3,0.2418,0.2959,2,0,0.8494,high,1
STU-2026-0501,0.0077,-0.0034,4.04,3.98,1,0,0.0,0.0,1,0,0.0456,low,0
STU-2026-0502,0.0585,-0.0456,4.59,3.96,0,0,0.0,0.0,0,0,0.02,low,0
STU-2026-0503,0.0624,0.2922,3.76,3.94,1,1,0.0,0.0,0,0,0.02,low,0
STU-2026-0504,0.0146,-0.1253,4.65,4.76,1,0,0.0,0.0,0,0,0.0485,low,0
STU-2026-0505,-0.0197,0.1824,3.79,3.78,0,1,0.0,0.0,1,0,0.02,low,0
STU-2026-0506,-0.0476,0.1554,3.78,3.38,0,1,0.0,0.0,0,0,0.02,low,0
STU-2026-0507,-0.0245,0.616,4.23,3.88,1,0,0.0,0.0,0,0,0.02,low,0
STU-2026-0508,0.0229,-0.1855,3.93,4.01,1,0,0.0,0.0,0,0,0.02,low,0
STU-2026-0509,-0.141,-0.278,2.47,2.63,2,1,0.1019,0.1745,1,0,0.5103,medium,0
STU-2026-0510,-0.2268,-0.5998,2.87,2.98,2,0,0.1101,0.1718,1,1,0.5021,medium,0
STU-2026-0511,-0.1248,-0.5022,3.25,2.99,4,0,0.1359,0.1382,0,0,0.5275,medium,0
STU-2026-0512,-0.2067,-0.8213,2.47,2.53,2,0,0.0908,0.172,0,0,0.5061,medium,0
STU-2026-0513,-0.1489,-0.6398,3.3,4.0,7,3,0.1577,0.1333,0,0,0.5526,medium,0
STU-2026-0514,0.054,0.0854,4.36,4.47,2,0,0.0,0.0,0,0,0.0566,low,0
STU-2026-0515,0.0235,0.5592,3.61,3.84,0,0,0.0,0.0,0,0,0.02,low,0
STU-2026-0516,-0.509,-1.6752,1.24,1.84,11,4,0.215,0.2126,1,0,0.8463,high,1
STU-2026-0517,-0.2126,-0.4888,3.08,3.53,5,3,0.1336,0.1641,0,0,0.5243,medium,0
STU-2026-0518,-0.4426,-1.783,1.72,1.24,7,5,0.2265,0.3488,2,1,0.8635,high,1
STU-2026-0519,0.0649,-0.1033,4.11,4.32,0,0,0.0,0.0,0,0,0.02,low,0
STU-2026-0520,-0.0204,0.4977,3.86,3.97,0,0,0.0,0.0,0,0,0.0298,low,0
STU-2026-0521,0.0425,0.3941,4.48,4.21,1,0,0.0,0.0,0,0,0.032,low,0
STU-2026-0522,0.0143,0.4708,3.9,4.12,0,0,0.0,0.0,0,0,0.02,low,0
STU-2026-0523,0.0641,-0.1119,4.57,4.23,1,0,0.0,0.0,0,0,0.02,low,0
STU-2026-0524,0.0504,0.4204,4.52,4.49,1,0,0.0,0.0,0,0,0.02,low,0
STU-2026-0525,-0.5027,-1.8646,1.22,1.12,7,1,0.1989,0.3854,1,1,0.8798,high,1
STU-2026-0526,0.1054,-0.1844,3.81,3.87,0,0,0.0,0.0,0,0,0.02,low,0
STU-2026-0527,0.0657,-0.1683,3.89,4.11,1,0,0.0,0.0,0,0,0.02,low,0
STU-2026-0528,-0.038,0.1249,4.15,3.97,0,0,0.0,0.0,0,0,0.02,low,0
STU-2026-0529,0.0943,-0.0073,3.87,4.1,0,0,0.0,0.0,0,0,0.02,low,0
STU-2026-0530,0.0474,0.1082,4.03,3.97,0,1,0.0,0.0,0,0,0.02,low,0
STU-2026-0531,0.0569,0.2588,4.52,4.47,0,0,0.0,0.0,0,0,0.02,low,0
STU-2026-0532,0.0698,0.6257,4.54,4.47,0,1,0.0,0.0,0,0,0.02,low,0
STU-2026-0533,0.0031,0.334,3.55,3.22,0,1,0.0,0.0,0,0,0.0309,low,0
STU-2026-0534,0.0323,0.2353,4.05,4.55,0,0,0.0,0.0,0,0,0.02,low,0
STU-2026-0535,0.0145,-0.4128,4.08,4.46,1,0,0.0,0.0,0,0,0.02,low,0
STU-2026-0536,0.0036,0.4923,4.98,4.97,0,0,0.0,0.0,0,0,0.02,low,0
STU-2026-0537,0.032,-0.0057,4.0,3.8,0,0,0.0,0.0,0,0,0.02,low,0
STU-2026-0538,-0.0396,0.3695,3.72,3.7,0,0,0.0,0.0,0,0,0.02,low,0
STU-2026-0539,-0.6601,-1.5181,1.25,1.74,5,1,0.2014,0.2177,1,0,0.7861,high,1
STU-2026-0540,0.0664,0.8485,4.39,4.12,0,0,0.0,0.0,0,0,0.02,low,0
STU-2026-0541,0.052,-0.0734,3.51,3.52,0,0,0.0,0.0,0,0,0.02,low,0
STU-2026-0542,0.0465,0.1395,3.74,4.03,1,0,0.0,0.0,0,0,0.02,low,0
STU-2026-0543,0.1178,0.0395,3.88,3.3,0,0,0.0,0.0,0,0,0.02,low,0
STU-2026-0544,0.0109,0.3632,4.07,4.24,2,0,0.0,0.0,0,0,0.02,low,0
STU-2026-0545,-0.0549,-0.0448,3.51,3.66,1,0,0.0,0.0,0,0,0.02,low,0
STU-2026-0546,-0.0106,0.0841,4.92,4.33,0,0,0.0,0.0,0,0,0.02,low,0
STU-2026-0547,-0.0631,0.4837,3.95,4.13,1,0,0.0,0.0,0,0,0.0444,low,0
STU-2026-0548,0.0342,-0.0547,4.61,4.46,2,1,0.0,0.0,1,0,0.074,low,0
STU-2026-0549,0.0265,0.1727,4.67,4.48,0,0,0.0,0.0,0,0,0.02,low,0
STU-2026-0550,0.0326,-0.1141,4.25,4.29,1,1,0.0,0.0,0,0,0.02,low,0
STU-2026-0551,-0.5729,-1.7077,2.62,2.84,8,5,0.2198,0.3007,2,1,0.857,high,1
STU-2026-0552,-0.5013,-1.5644,1.64,2.29,9,3,0.2699,0.2111,3,1,0.8209,high,1
STU-2026-0553,0.001,0.1123,3.69,3.94,0,0,0.0,0.0,1,0,0.02,low,0
STU-2026-0554,0.0122,0.1907,3.6,3.72,0,1,0.0,0.0,0,0,0.02,low,0
STU-2026-0555,-0.2302,-1.3924,2.29,2.64,1,3,0.1024,0.1884,1,1,0.4818,medium,0
STU-2026-0556,-0.0189,0.187,4.26,4.21,0,0,0.0,0.0,0,0,0.02,low,0
STU-2026-0557,0.0451,0.3015,3.54,4.01,0,0,0.0,0.0,0,0,0.02,low,0
STU-2026-0558,-0.0412,0.2019,4.49,4.38,0,0,0.0,0.0,0,0,0.02,low,0
STU-2026-0559,0.0406,0.2736,4.45,4.5,0,0,0.0,0.0,0,0,0.02,low,0
STU-2026-0560,0.0782,0.6116,4.28,4.51,0,1,0.0,0.0,0,0,0.02,low,0
STU-2026-0561,0.0113,0.2483,3.89,4.64,0,0,0.0,0.0,0,0,0.02,low,0
STU-2026-0562,0.0995,-0.1586,4.18,3.83,2,0,0.0,0.0,0,0,0.0376,low,0
STU-2026-0563,-0.2539,-0.362,2.95,3.27,4,0,0.1303,0.1404,0,0,0.4887,medium,0
STU-2026-0564,0.057,0.1106,4.03,4.24,0,1,0.0,0.0,0,0,0.02,low,0
STU-2026-0565,0.01,-0.1053,4.37,4.28,0,0,0.0,0.0,0,0,0.02,low,0
STU-2026-0566,0.0229,0.0229,4.28,4.24,1,0,0.0,0.0,0,0,0.031,low,0
STU-2026-0567,-0.0114,0.111,3.89,3.68,0,0,0.0,0.0,0,0,0.02,low,0
STU-2026-0568,0.0169,0.5909,4.01,4.1,0,0,0.0,0.0,0,0,0.02,low,0
STU-2026-0569,-0.0614,0.2739,5.0,4.93,0,0,0.0,0.0,1,0,0.02,low,0
STU-2026-0570,-0.227,-0.5594,3.18,3.29,3,1,0.1822,0.0939,1,0,0.4357,medium,0
STU-2026-0571,0.0307,0.345,4.33,4.07,0,0,0.0,0.0,0,0,0.0537,low,0
STU-2026-0572,0.0249,0.5385,4.89,4.3,0,0,0.0,0.0,0,0,0.02,low,0
STU-2026-0573,-0.0003,0.013,3.52,3.8,0,0,0.0,0.0,0,0,0.02,low,0
STU-2026-0574,-0.4508,-1.6643,1.52,1.65,11,6,0.172,0.2078,3,0,0.833,high,1
STU-2026-0575,0.1259,0.2556,4.14,4.01,0,0,0.0,0.0,0,0,0.02,low,0
STU-2026-0576,0.0059,0.6949,4.12,3.51,0,1,0.0,0.0,0,0,0.02,low,0
STU-2026-0577,0.0604,-0.1683,3.67,3.18,2,0,0.0,0.0,0,0,0.02,low,0
STU-2026-0578,0.0803,-0.1677,3.97,3.9,3,0,0.0,0.0,0,0,0.0568,low,0
STU-2026-0579,-0.0259,-0.9445,2.86,2.78,1,2,0.1325,0.1519,0,0,0.501,medium,0
STU-2026-0580,0.0763,-0.1772,4.47,4.6,0,0,0.0,0.0,0,0,0.0409,low,0
STU-2026-0581,-0.0049,-0.0175,4.7,4.58,1,0,0.0,0.0,0,0,0.0303,low,0
STU-2026-0582,-0.2703,-1.6836,2.68,2.94,5,3,0.1938,0.3207,4,1,0.7852,high,1
STU-2026-0583,0.0143,0.5712,4.56,4.51,0,0,0.0,0.0,0,1,0.02,low,0
STU-2026-0584,-0.0006,0.3117,4.5,4.56,1,0,0.0,0.0,0,1,0.02,low,0
STU-2026-0585,0.0372,0.2304,4.44,4.63,0,0,0.0,0.0,0,0,0.02,low,0
STU-2026-0586,-0.0653,-0.9707,2.96,3.46,1,1,0.0804,0.1287,1,0,0.4868,medium,0
STU-2026-0587,-0.0886,0.0955,3.73,3.96,0,0,0.0,0.0,0,0,0.02,low,0
STU-2026-0588,-0.5466,-1.42,1.0,1.0,6,2,0.2217,0.1743,1,0,0.8141,high,1
STU-2026-0589,0.0632,0.3317,3.12,3.18,0,0,0.0,0.0,0,0,0.02,low,0
STU-2026-0590,-0.5041,-1.2971,1.19,1.55,9,1,0.2071,0.3211,2,0,0.8816,high,1
STU-2026-0591,0.0278,0.2782,4.62,4.85,1,0,0.0,0.0,0,0,0.02,low,0
STU-2026-0592,0.009,0.0225,4.72,4.64,1,0,0.0,0.0,1,0,0.02,low,0
STU-2026-0593,0.0413,-0.0618,4.94,4.22,1,0,0.0,0.0,0,0,0.02,low,0
STU-2026-0594,0.0345,-0.0882,4.34,4.23,1,0,0.0,0.0,0,0,0.02,low,0
STU-2026-0595,-0.1759,-0.944,3.6,3.86,2,3,0.1093,0.1476,1,0,0.4597,medium,0
STU-2026-0596,-0.049,0.4149,3.89,3.68,0,0,0.0,0.0,0,0,0.02,low,0
STU-2026-0597,0.1293,-0.075,4.16,4.42,0,0,0.0,0.0,0,0,0.0455,low,0
STU-2026-0598,0.027,0.5767,4.67,4.49,0,0,0.0,0.0,0,0,0.02,low,0
STU-2026-0599,-0.3848,-1.5671,1.75,2.03,3,2,0.1999,0.3447,2,0,0.8028,high,1
STU-2026-0600,-0.0792,-1.2792,3.02,2.71,2,1,0.0979,0.1771,0,0,0.5729,medium,0
STU-2026-0001,-0.0406,0.0898,4.27,3.89,0,0,0.0,0.0,0,0,0.02,low,0
STU-2026-0002,-0.0408,0.8485,3.98,4.28,0,0,0.0,0.0,0,0,0.0243,low,0
STU-2026-0003,-0.004,0.4175,4.66,4.28,0,0,0.0,0.0,0,0,0.02,low,0
STU-2026-0004,-0.3568,-1.8774,1.84,2.04,10,2,0.2839,0.3293,2,0,0.9323,high,1
STU-2026-0005,0.0152,0.0008,3.33,3.63,0,0,0.0,0.0,0,0,0.02,low,0
STU-2026-0006,0.0676,0.293,4.14,3.86,1,0,0.0,0.0,0,0,0.02,low,0
STU-2026-0007,0.0863,0.0989,4.42,4.15,1,0,0.0,0.0,0,0,0.0553,low,0
STU-2026-0008,-0.5514,-1.4053,2.66,2.72,4,6,0.2693,0.3273,2,0,0.8926,high,1
STU-2026-0009,-0.1215,-0.4398,3.8,3.52,4,1,0.1252,0.1288,0,1,0.5063,medium,0
STU-2026-0010,-0.2347,-0.4577,3.49,3.06,1,3,0.1743,0.1956,0,0,0.4974,medium,0
STU-2026-0011,-0.0359,0.3643,4.54,4.24,1,0,0.0,0.0,0,0,0.0223,low,0
STU-2026-0012,0.0029,0.2869,3.83,3.81,0,0,0.0,0.0,0,0,0.02,low,0
STU-2026-0013,0.0368,0.0515,4.64,4.28,0,1,0.0,0.0,0,0,0.02,low,0
STU-2026-0014,-0.1374,-0.7749,2.71,3.29,6,0,0.0977,0.1148,1,0,0.5446,medium,0
STU-2026-0015,-0.0047,-0.1235,3.83,4.52,0,0,0.0,0.0,0,0,0.02,low,0
STU-2026-0016,-0.1432,-0.6536,2.86,2.77,2,1,0.1509,0.1595,1,0,0.4781,medium,0
STU-2026-0017,0.024,0.1403,3.89,4.09,0,0,0.0,0.0,0,0,0.0248,low,0
STU-2026-0018,0.0934,0.2658,4.68,4.39,0,0,0.0,0.0,0,0,0.02,low,0
STU-2026-0019,-0.1845,-0.7788,3.2,3.54,3,2,0.1328,0.1823,0,0,0.5245,medium,0
STU-2026-0020,-0.0378,0.5638,3.87,3.31,0,0,0.0,0.0,0,0,0.02,low,0
STU-2026-0021,-0.6242,-1.7344,1.94,2.17,12,4,0.2316,0.3266,2,0,0.9724,high,1
STU-2026-0022,-0.0675,0.2435,3.82,3.91,0,0,0.0,0.0,0,0,0.02,low,0
STU-2026-0023,0.0099,0.5575,4.48,4.73,0,0,0.0,0.0,0,0,0.02,low,0
STU-2026-0024,0.026,0.2673,3.93,4.3,0,0,0.0,0.0,0,0,0.0327,low,0
STU-2026-0025,-0.0352,0.1108,3.22,3.83,0,0,0.0,0.0,0,0,0.0377,low,0
STU-2026-0026,-0.0058,-0.1746,4.33,3.86,0,0,0.0,0.0,0,0,0.0225,low,0
STU-2026-0027,0.0549,0.3697,3.5,3.59,2,0,0.0,0.0,0,0,0.02,low,0
STU-2026-0028,-0.0013,0.1126,4.29,4.02,0,1,0.0,0.0,0,0,0.02,low,0
STU-2026-0029,0.0327,0.5957,3.91,4.04,1,0,0.0,0.0,0,0,0.02,low,0
STU-2026-0030,0.0761,0.239,4.52,4.49,0,0,0.0,0.0,0,0,0.02,low,0
STU-2026-0031,0.0435,0.3181,4.51,4.79,0,0,0.0,0.0,0,0,0.02,low,0
STU-2026-0032,0.1375,0.2659,3.89,4.01,1,0,0.0,0.0,0,0,0.02,low,0
STU-2026-0033,-0.0383,0.734,4.77,4.78,1,1,0.0,0.0,0,0,0.02,low,0
STU-2026-0034,0.0773,0.5294,4.3,4.35,0,0,0.0,0.0,0,0,0.02,low,0
STU-2026-0035,-0.0013,0.0354,4.1,3.91,0,0,0.0,0.0,0,0,0.02,low,0
STU-2026-0036,0.0331,-0.1824,4.31,4.11,0,0,0.0,0.0,0,0,0.0205,low,0
STU-2026-0037,-0.0792,-1.174,3.11,3.06,5,0,0.1733,0.1645,0,1,0.5818,medium,0
STU-2026-0038,-0.0476,0.23,4.66,4.87,1,0,0.0,0.0,0,0,0.0353,low,0
STU-2026-0039,-0.1533,-0.6105,2.97,3.22,2,2,0.1078,0.1536,0,1,0.49,medium,0
STU-2026-0040,-0.5698,-1.7473,2.22,2.29,8,5,0.2074,0.2893,1,0,0.874,high,1
STU-2026-0041,-0.0703,0.1586,5.0,4.4,0,0,0.0,0.0,0,0,0.02,low,0
STU-2026-0042,-0.0279,0.3064,4.38,4.62,0,0,0.0,0.0,0,0,0.02,low,0
STU-2026-0043,0.0574,-0.1029,4.14,4.01,0,1,0.0,0.0,0,0,0.0682,low,0
STU-2026-0044,-0.4385,-1.231,2.04,1.99,2,2,0.309,0.2108,4,1,0.7839,high,1
STU-2026-0045,-0.2075,-0.9081,3.05,3.46,5,1,0.1083,0.1245,1,0,0.5481,medium,0
STU-2026-0046,0.0307,0.5564,4.28,4.14,2,1,0.0,0.0,0,0,0.02,low,0
STU-2026-0047,0.0404,0.7448,3.21,3.85,0,0,0.0,0.0,0,0,0.02,low,0
STU-2026-0048,0.0541,-0.2693,4.43,4.46,0,0,0.0,0.0,0,0,0.02,low,0
STU-2026-0049,-0.0062,-0.2306,3.82,3.87,1,0,0.0,0.0,0,0,0.02,low,0
STU-2026-0050,0.0519,-0.0125,3.87,4.13,0,0,0.0,0.0,0,0,0.02,low,0
STU-2026-0051,-0.0358,-0.075,4.47,4.18,0,1,0.0,0.0,0,0,0.02,low,0
STU-2026-0052,-0.0023,-0.0445,4.7,4.86,0,0,0.0,0.0,1,0,0.02,low,0
STU-2026-0053,0.0622,-0.0082,4.3,4.42,0,1,0.0,0.0,0,0,0.02,low,0
STU-2026-0054,-0.6531,-1.7586,1.47,1.8,10,2,0.2004,0.2451,3,2,0.8512,high,1
STU-2026-0055,0.0571,0.3736,4.05,4.14,0,0,0.0,0.0,0,0,0.0202,low,0
STU-2026-0056,0.0016,0.4126,3.78,3.98,0,0,0.0,0.0,0,0,0.02,low,0
STU-2026-0057,0.0681,0.178,3.9,3.86,1,0,0.0,0.0,0,0,0.0504,low,0
STU-2026-0058,0.0378,0.2752,4.22,3.99,1,0,0.0,0.0,1,0,0.0557,low,0
STU-2026-0059,-0.2186,-0.5872,3.56,3.0,3,1,0.1057,0.1383,0,0,0.4768,medium,0
STU-2026-0060,0.0369,0.0187,3.4,3.33,0,0,0.0,0.0,0,0,0.02,low,0
STU-2026-0061,0.0086,-0.0033,3.32,3.9,1,0,0.0,0.0,0,0,0.02,low,0
STU-2026-0062,-0.0422,0.2543,4.11,4.26,0,0,0.0,0.0,0,0,0.02,low,0
STU-2026-0063,-0.0957,0.0191,3.77,3.84,0,0,0.0,0.0,0,0,0.02,low,0
STU-2026-0064,0.0375,-0.088,4.34,4.69,0,0,0.0,0.0,0,1,0.0645,low,0
STU-2026-0065,-0.1566,-0.5143,2.12,2.18,3,1,0.1356,0.09,0,0,0.4903,medium,0
STU-2026-0066,-0.1403,-0.5612,2.62,3.04,5,2,0.1684,0.2178,0,0,0.602,medium,0
STU-2026-0067,-0.3555,-1.6658,1.56,1.43,8,3,0.1786,0.2425,3,0,0.8471,high,1
STU-2026-0068,-0.0183,0.077,3.76,4.01,0,1,0.0,0.0,0,0,0.02,low,0
STU-2026-0069,-0.1738,-0.6566,3.01,3.42,6,1,0.0955,0.1023,0,0,0.5484,medium,0
STU-2026-0070,0.0535,0.173,3.81,3.92,0,2,0.0,0.0,0,0,0.02,low,0
STU-2026-0071,-0.1611,-0.5796,3.93,3.21,7,0,0.1638,0.1315,1,0,0.5589,medium,0
STU-2026-0072,0.0237,0.2844,5.0,5.0,0,1,0.0,0.0,1,0,0.0278,low,0
STU-2026-0073,0.0809,0.4051,4.5,4.45,0,0,0.0,0.0,0,0,0.0204,low,0
STU-2026-0074,0.1078,0.1374,3.96,4.11,0,0,0.0,0.0,0,0,0.0383,low,0
STU-2026-0075,0.0246,0.5408,3.97,3.53,0,0,0.0,0.0,0,0,0.02,low,0
STU-2026-0076,-0.1733,-1.1671,3.65,3.28,2,0,0.1649,0.1058,0,0,0.548,medium,0
STU-2026-0077,0.0197,-0.1546,3.72,3.84,0,0,0.0,0.0,0,0,0.02,low,0
STU-2026-0078,0.0524,-0.3378,3.86,4.27,0,1,0.0,0.0,0,0,0.035,low,0
STU-2026-0079,-0.0671,-0.5925,3.83,3.7,4,1,0.17,0.1321,0,0,0.5418,medium,0
STU-2026-0080,0.1,0.0084,4.05,4.42,2,2,0.0,0.0,0,0,0.0581,low,0
STU-2026-0081,0.0952,-0.1527,5.0,4.98,1,0,0.0,0.0,0,0,0.0441,low,0
STU-2026-0082,0.0021,0.3318,4.37,4.21,3,0,0.0,0.0,0,0,0.0412,low,0
STU-2026-0083,0.0578,-0.0008,3.79,3.71,0,0,0.0,0.0,0,0,0.02,low,0
STU-2026-0084,-0.0027,0.0891,4.87,4.7,0,0,0.0,0.0,0,0,0.02,low,0
STU-2026-0085,0.0308,0.2472,4.67,4.46,0,0,0.0,0.0,0,0,0.0262,low,0
STU-2026-0086,-0.22,-0.848,2.9,2.66,4,0,0.1912,0.1505,0,0,0.5196,medium,0
STU-2026-0087,-0.0585,-0.0092,3.8,3.9,1,0,0.0,0.0,0,0,0.0299,low,0
STU-2026-0088,-0.1555,-0.5194,1.94,2.09,5,0,0.1408,0.1909,0,0,0.5378,medium,0
STU-2026-0089,0.0881,0.2056,3.76,3.69,0,0,0.0,0.0,0,0,0.0372,low,0
STU-2026-0090,0.0231,0.0554,4.55,4.78,1,0,0.0,0.0,0,0,0.0241,low,0
STU-2026-0091,-0.0239,-0.2255,4.77,3.96,0,0,0.0,0.0,0,0,0.0473,low,0
STU-2026-0092,-0.1546,-1.0639,2.53,2.53,4,2,0.1241,0.0986,0,0,0.5151,medium,0
STU-2026-0093,0.0074,-0.1127,3.63,3.87,0,0,0.0,0.0,0,0,0.02,low,0
STU-2026-0094,-0.0256,0.2935,4.64,4.53,0,0,0.0,0.0,0,0,0.0487,low,0
STU-2026-0095,-0.1399,-0.9136,2.88,3.01,1,1,0.1233,0.2165,0,0,0.5483,medium,0
STU-2026-0096,-0.0413,-0.0757,3.4,3.73,2,0,0.0,0.0,0,0,0.02,low,0
STU-2026-0097,-0.5906,-1.8524,1.17,1.95,7,3,0.3028,0.2467,3,0,0.9132,high,1
STU-2026-0098,0.0637,-0.2255,4.35,4.52,0,0,0.0,0.0,1,0,0.02,low,0
STU-2026-0099,0.0442,0.8131,3.84,4.32,2,0,0.0,0.0,0,0,0.02,low,0
STU-2026-0100,-0.142,-0.6087,3.19,3.51,3,3,0.1384,0.1591,1,0,0.5297,medium,0
STU-2026-0101,0.0751,0.0508,4.37,4.41,0,0,0.0,0.0,0,0,0.02,low,0
STU-2026-0102,0.0038,-0.0583,4.44,4.3,1,0,0.0,0.0,0,0,0.02,low,0
STU-2026-0103,0.0523,-0.2787,4.4,4.17,0,0,0.0,0.0,0,0,0.0612,low,0
STU-2026-0104,-0.2992,-0.9384,2.84,2.98,3,4,0.1053,0.1757,0,0,0.5182,medium,0
STU-2026-0105,-0.1503,-0.723,4.35,3.82,3,3,0.1061,0.1416,2,0,0.5013,medium,0
STU-2026-0106,-0.1362,-0.4379,2.53,2.78,1,3,0.1035,0.1491,0,0,0.5002,medium,0
STU-2026-0107,-0.2381,-0.8005,2.91,3.0,1,2,0.1495,0.1379,2,0,0.534,medium,0
STU-2026-0108,0.0053,-0.1086,3.68,4.07,0,0,0.0,0.0,0,0,0.029,low,0
STU-2026-0109,-0.0344,0.6823,4.08,4.23,2,0,0.0,0.0,1,0,0.0214,low,0
STU-2026-0110,-0.3667,-2.3807,1.83,1.81,6,3,0.3005,0.3333,3,0,0.8794,high,1
STU-2026-0111,-0.1566,-0.4634,2.88,2.53,2,2,0.1391,0.1694,0,1,0.4973,medium,0
STU-2026-0112,-0.0694,-0.9956,2.85,2.49,1,0,0.1317,0.1775,0,0,0.5062,medium,0
STU-2026-0113,0.0923,0.4228,4.27,4.42,0,0,0.0,0.0,0,0,0.02,low,0
STU-2026-0114,0.0435,0.0785,4.27,4.66,0,0,0.0,0.0,1,0,0.02,low,0
STU-2026-0115,-0.2407,-0.9669,2.64,2.36,2,1,0.1208,0.1629,1,0,0.482,medium,0
STU-2026-0116,0.0219,0.2368,3.92,4.13,0,1,0.0,0.0,0,0,0.02,low,0
STU-2026-0117,-0.0728,-0.7291,2.65,2.79,4,2,0.1124,0.231,1,0,0.5286,medium,0
STU-2026-0118,-0.0625,0.0477,5.0,5.0,0,0,0.0,0.0,0,0,0.02,low,0
STU-2026-0119,0.0167,0.2515,3.78,3.94,1,0,0.0,0.0,0,0,0.0807,low,0
STU-2026-0120,-0.413,-1.9135,1.7,2.09,9,5,0.2168,0.2452,2,0,0.8835,high,1
STU-2026-0121,-0.0061,0.3802,4.6,4.22,0,0,0.0,0.0,0,0,0.0455,low,0
STU-2026-0122,0.0325,0.2462,4.38,4.1,1,0,0.0,0.0,0,0,0.02,low,0
STU-2026-0123,-0.0504,0.0606,4.04,4.15,0,0,0.0,0.0,0,0,0.02,low,0
STU-2026-0124,0.0203,-0.1226,4.51,4.57,1,0,0.0,0.0,0,0,0.0282,low,0
STU-2026-0125,0.0443,-0.0148,3.97,4.26,0,0,0.0,0.0,0,0,0.02,low,0
STU-2026-0126,-0.0411,0.1822,4.49,4.63,0,1,0.0,0.0,0,0,0.02,low,0
STU-2026-0127,0.0542,0.0347,4.38,4.02,1,0,0.0,0.0,0,0,0.0503,low,0
STU-2026-0128,-0.4813,-2.1494,1.21,1.44,7,1,0.1781,0.2556,2,0,0.8333,high,1
STU-2026-0129,0.0254,0.2272,4.52,4.03,0,0,0.0,0.0,0,0,0.02,low,0
STU-2026-0130,-0.1236,-0.8875,3.42,3.87,3,1,0.1029,0.1477,1,0,0.5628,medium,0
STU-2026-0131,0.0866,0.3042,4.72,4.58,1,0,0.0,0.0,0,0,0.02,low,0
STU-2026-0132,0.0471,0.1743,4.71,5.0,1,0,0.0,0.0,0,0,0.02,low,0
STU-2026-0133,-0.0708,0.0564,4.33,4.23,0,0,0.0,0.0,0,0,0.02,low,0
STU-2026-0134,0.0777,0.685,4.65,5.0,1,0,0.0,0.0,0,0,0.02,low,0
STU-2026-0135,-0.0565,0.4691,4.38,3.72,1,0,0.0,0.0,0,0,0.02,low,0
STU-2026-0136,0.0316,0.8399,4.2,4.32,0,1,0.0,0.0,0,0,0.02,low,0
STU-2026-0137,-0.1835,-0.303,2.78,3.04,5,2,0.1,0.1709,1,0,0.5202,medium,0
STU-2026-0138,-0.0439,0.1227,4.57,4.27,2,0,0.0,0.0,0,0,0.02,low,0
STU-2026-0139,-0.0288,0.216,3.73,4.01,0,0,0.0,0.0,0,0,0.02,low,0
STU-2026-0140,0.0683,0.0483,3.83,3.83,1,0,0.0,0.0,0,0,0.02,low,0
STU-2026-0141,0.0394,0.3469,3.64,3.54,0,0,0.0,0.0,0,0,0.02,low,0
STU-2026-0142,-0.1358,-0.6585,3.39,3.46,0,0,0.14,0.1131,0,0,0.4253,medium,0
STU-2026-0143,-0.0156,-0.3011,3.53,3.72,0,0,0.0,0.0,0,0,0.0267,low,0
STU-2026-0144,0.0164,0.4878,4.25,3.9,0,0,0.0,0.0,0,0,0.02,low,0
STU-2026-0145,0.0511,0.3579,4.4,4.29,0,0,0.0,0.0,0,0,0.02,low,0
STU-2026-0146,-0.4943,-2.0404,1.82,1.44,6,2,0.2546,0.3052,2,1,0.8934,high,1
STU-2026-0147,0.0738,0.188,3.58,3.78,0,0,0.0,0.0,0,0,0.02,low,0
STU-2026-0148,0.0335,0.2809,4.25,4.15,0,0,0.0,0.0,0,0,0.02,low,0
STU-2026-0149,-0.0754,0.5727,4.84,5.0,0,0,0.0,0.0,0,0,0.02,low,0
STU-2026-0150,0.0785,0.6296,4.33,4.02,0,0,0.0,0.0,0,0,0.0466,low,0
STU-2026-0151,0.0181,0.0824,4.14,4.25,1,0,0.0,0.0,0,0,0.02,low,0
STU-2026-0152,0.0719,0.0485,4.26,3.82,0,0,0.0,0.0,0,0,0.0205,low,0
STU-2026-0153,-0.1683,-0.2823,3.02,2.94,7,0,0.124,0.0997,0,0,0.5348,medium,0
STU-2026-0154,0.0007,0.3048,4.2,4.31,0,0,0.0,0.0,0,0,0.02,low,0
STU-2026-0155,-0.0296,0.1596,3.64,3.83,1,0,0.0,0.0,0,0,0.024,low,0
STU-2026-0156,-0.189,-0.9107,3.09,3.1,2,0,0.1293,0.22,0,0,0.568,medium,0
STU-2026-0157,-0.1428,-0.8253,3.92,3.54,3,2,0.1318,0.1329,0,1,0.5064,medium,0
STU-2026-0158,0.0733,0.4334,4.02,4.0,0,1,0.0,0.0,0,0,0.02,low,0
STU-2026-0159,0.0285,0.175,4.03,4.16,0,1,0.0,0.0,0,0,0.02,low,0
STU-2026-0160,-0.1715,-0.6466,2.85,3.58,6,0,0.1344,0.1915,0,0,0.5306,medium,0
STU-2026-0161,-0.0259,0.3013,4.69,4.67,0,0,0.0,0.0,0,0,0.02,low,0
STU-2026-0162,0.0796,0.481,4.44,4.37,2,0,0.0,0.0,0,0,0.02,low,0
STU-2026-0163,0.0184,0.377,4.64,4.8,0,0,0.0,0.0,0,0,0.02,low,0
STU-2026-0164,-0.0363,0.1202,4.51,4.47,1,0,0.0,0.0,0,0,0.02,low,0
STU-2026-0165,-0.0717,-0.9741,3.42,2.81,2,0,0.1218,0.1468,1,1,0.5271,medium,0
STU-2026-0166,-0.2026,-0.8688,3.0,3.09,4,0,0.133,0.1146,0,0,0.5386,medium,0
STU-2026-0167,0.0343,0.2103,4.4,4.51,0,0,0.0,0.0,0,0,0.02,low,0
STU-2026-0168,0.0422,0.1644,4.25,3.98,1,1,0.0,0.0,0,0,0.02,low,0
STU-2026-0169,0.0417,0.3788,3.62,3.96,1,1,0.0,0.0,0,0,0.02,low,0
STU-2026-0170,-0.0104,0.036,4.35,4.45,0,0,0.0,0.0,0,0,0.02,low,0
STU-2026-0171,0.0256,0.0351,3.7,4.15,0,0,0.0,0.0,0,0,0.02,low,0
STU-2026-0172,0.001,0.1266,3.83,3.78,1,0,0.0,0.0,0,0,0.02,low,0
STU-2026-0173,0.0308,0.2387,4.27,4.4,0,0,0.0,0.0,0,0,0.02,low,0
STU-2026-0174,0.0125,0.4359,4.93,4.81,0,1,0.0,0.0,0,0,0.0302,low,0
STU-2026-0175,-0.0091,0.1958,3.79,4.24,0,0,0.0,0.0,0,0,0.02,low,0
STU-2026-0176,0.0606,0.8599,3.51,4.0,0,0,0.0,0.0,0,0,0.02,low,0
STU-2026-0177,0.0184,0.3087,3.68,3.45,2,1,0.0,0.0,0,0,0.02,low,0
STU-2026-0178,-0.0055,-0.0367,4.25,4.34,0,0,0.0,0.0,0,0,0.02,low,0
STU-2026-0179,0.0305,-0.0067,4.44,4.55,0,0,0.0,0.0,0,0,0.02,low,0
STU-2026-0180,0.0142,0.1906,4.62,4.14,1,0,0.0,0.0,0,0,0.02,low,0
STU-2026-0181,0.0876,0.2464,3.4,3.97,1,0,0.0,0.0,0,0,0.02,low,0
STU-2026-0182,0.0019,-0.0905,3.99,3.8,1,0,0.0,0.0,0,0,0.02,low,0
STU-2026-0183,0.026,0.1112,3.7,3.58,0,0,0.0,0.0,0,0,0.02,low,0
STU-2026-0184,0.1059,0.7055,3.94,4.38,0,1,0.0,0.0,0,0,0.02,low,0
STU-2026-0185,-0.2313,-0.8693,3.26,3.02,2,1,0.1585,0.1698,0,0,0.5663,medium,0
STU-2026-0186,-0.4045,-1.8621,2.27,2.86,6,3,0.1588,0.3419,1,1,0.8502,high,1
STU-2026-0187,-0.0277,0.4287,4.59,4.47,0,0,0.0,0.0,0,0,0.02,low,0
STU-2026-0188,-0.1129,-0.9632,2.84,2.73,1,1,0.1136,0.1475,0,0,0.5198,medium,0
STU-2026-0189,0.0512,0.4314,4.34,4.6,0,0,0.0,0.0,0,0,0.02,low,0
STU-2026-0190,0.1287,0.2935,4.19,4.0,1,1,0.0,0.0,0,0,0.02,low,0
STU-2026-0191,0.0145,-0.0769,3.97,4.17,0,0,0.0,0.0,0,0,0.02,low,0
STU-2026-0192,0.0175,0.1034,4.41,4.17,1,0,0.0,0.0,0,0,0.02,low,0
STU-2026-0193,-0.0099,0.6126,4.59,4.25,0,0,0.0,0.0,0,0,0.02,low,0
STU-2026-0194,0.0034,0.1612,4.26,4.28,0,0,0.0,0.0,0,0,0.02,low,0
STU-2026-0195,0.019,-0.0722,4.96,4.78,1,1,0.0,0.0,0,0,0.0214,low,0
STU-2026-0196,-0.2701,-0.6779,3.26,3.8,2,2,0.1233,0.1521,1,0,0.4667,medium,0
STU-2026-0197,-0.0377,0.4277,3.84,3.9,0,0,0.0,0.0,0,0,0.02,low,0
STU-2026-0198,-0.0635,0.4757,3.86,3.81,0,0,0.0,0.0,0,0,0.0221,low,0
STU-2026-0199,0.0416,-0.1032,4.06,4.22,0,0,0.0,0.0,0,0,0.02,low,0
STU-2026-0200,0.0525,0.1149,5.0,4.98,0,0,0.0,0.0,0,0,0.02,low,0
STU-2026-0201,0.0194,0.4198,4.11,4.23,1,0,0.0,0.0,1,0,0.02,low,0
STU-2026-0202,-0.0133,0.4932,3.98,3.94,1,0,0.0,0.0,0,0,0.02,low,0
STU-2026-0203,-0.0348,0.2333,3.62,4.11,0,0,0.0,0.0,0,0,0.0294,low,0
STU-2026-0204,0.0426,0.3465,4.21,4.59,0,0,0.0,0.0,0,0,0.0351,low,0
STU-2026-0205,0.111,0.6076,4.41,4.37,0,0,0.0,0.0,0,0,0.02,low,0
STU-2026-0206,-0.1419,-0.3966,2.74,3.53,4,1,0.1714,0.1407,1,1,0.5196,medium,0
STU-2026-0207,-0.0513,0.3055,4.63,4.46,0,0,0.0,0.0,0,0,0.02,low,0
STU-2026-0208,0.0143,0.5272,4.55,4.82,0,0,0.0,0.0,0,0,0.02,low,0
STU-2026-0209,0.0437,-0.0417,3.73,4.09,0,0,0.0,0.0,0,0,0.0406,low,0
STU-2026-0210,-0.2866,-1.7789,2.37,2.18,4,1,0.2309,0.3478,4,0,0.8517,high,1
STU-2026-0211,0.0204,0.156,5.0,4.73,1,1,0.0,0.0,0,0,0.02,low,0
STU-2026-0212,-0.0066,0.4547,4.36,4.31,0,0,0.0,0.0,0,0,0.02,low,0
STU-2026-0213,-0.2037,-1.2289,2.91,2.9,2,1,0.1264,0.1998,0,0,0.526,medium,0
STU-2026-0214,0.1971,0.3038,4.22,3.95,1,1,0.0,0.0,0,0,0.02,low,0
STU-2026-0215,0.001,-0.0125,4.04,3.9,1,1,0.0,0.0,0,0,0.02,low,0
STU-2026-0216,-0.0612,-0.1214,3.93,4.79,0,0,0.0,0.0,0,0,0.02,low,0
STU-2026-0217,0.0653,-0.1102,4.12,4.48,0,0,0.0,0.0,0,0,0.0292,low,0
STU-2026-0218,-0.0587,0.2937,3.82,4.11,1,0,0.0,0.0,0,0,0.02,low,0
STU-2026-0219,0.0083,0.1719,4.16,4.07,0,0,0.0,0.0,0,0,0.02,low,0
STU-2026-0220,0.1055,0.2735,4.41,4.36,1,0,0.0,0.0,0,0,0.0228,low,0
STU-2026-0221,-0.5071,-1.5171,1.35,1.85,7,1,0.1727,0.3105,2,0,0.8236,high,1
STU-2026-0222,0.0234,0.4726,3.94,3.86,0,0,0.0,0.0,0,0,0.02,low,0
STU-2026-0223,-0.0907,-1.0243,2.95,3.2,1,4,0.0941,0.1641,0,0,0.5186,medium,0
STU-2026-0224,-0.1824,-0.5167,3.62,2.97,5,1,0.1485,0.1486,0,0,0.5406,medium,0
STU-2026-0225,0.0473,0.1166,4.9,4.53,0,0,0.0,0.0,0,0,0.02,low,0
STU-2026-0226,-0.0627,0.2754,4.61,4.63,0,1,0.0,0.0,0,0,0.02,low,0
STU-2026-0227,0.0473,0.3031,4.01,4.12,0,1,0.0,0.0,0,0,0.02,low,0
STU-2026-0228,0.0515,0.2139,4.08,4.54,0,0,0.0,0.0,0,0,0.02,low,0
STU-2026-0229,0.0542,0.6234,4.54,4.67,0,0,0.0,0.0,0,0,0.02,low,0
STU-2026-0230,-0.3505,-1.9308,1.69,1.64,7,1,0.1481,0.215,2,0,0.8971,high,1
STU-2026-0231,-0.1337,-0.3235,2.7,2.85,1,1,0.1852,0.1255,1,1,0.4753,medium,0
STU-2026-0232,0.0688,0.3331,3.83,3.92,0,0,0.0,0.0,0,0,0.02,low,0
STU-2026-0233,0.0283,0.5409,4.43,4.58,1,0,0.0,0.0,0,0,0.02,low,0
STU-2026-0234,-0.3016,-0.946,2.68,3.08,1,3,0.1654,0.1425,0,0,0.5115,medium,0
STU-2026-0235,-0.0089,0.5493,4.6,4.21,0,0,0.0,0.0,0,0,0.0284,low,0
STU-2026-0236,-0.0947,0.2956,3.29,3.96,1,0,0.0,0.0,0,0,0.02,low,0
STU-2026-0237,0.0722,0.8027,4.11,4.37,0,0,0.0,0.0,0,1,0.02,low,0
STU-2026-0238,-0.0951,-0.8129,3.2,3.2,6,1,0.1054,0.1534,0,0,0.5495,medium,0
STU-2026-0239,0.0559,0.2175,4.36,4.43,1,0,0.0,0.0,0,0,0.036,low,0
STU-2026-0240,-0.0218,0.042,3.07,3.52,1,1,0.0,0.0,0,0,0.02,low,0
STU-2026-0241,-0.0529,0.4625,3.82,4.03,1,0,0.0,0.0,0,0,0.0619,low,0
STU-2026-0242,-0.0327,0.0176,3.7,3.45,1,0,0.0,0.0,0,0,0.02,low,0
STU-2026-0243,-0.1745,-1.0047,2.32,2.64,4,1,0.1869,0.1238,1,0,0.5926,medium,0
STU-2026-0244,0.0219,0.5944,3.9,4.23,0,0,0.0,0.0,0,0,0.0204,low,0
STU-2026-0245,-0.5189,-1.6504,1.63,1.9,5,2,0.2666,0.3073,2,1,0.8817,high,1
STU-2026-0246,-0.4819,-1.9726,1.08,1.16,4,2,0.2731,0.3159,2,0,0.8641,high,1
STU-2026-0247,0.0843,0.114,3.95,4.04,0,0,0.0,0.0,1,0,0.02,low,0
STU-2026-0248,-0.1156,-0.4775,2.38,2.45,3,1,0.1623,0.1868,0,0,0.5439,medium,0
STU-2026-0249,-0.3574,-1.8625,1.65,1.83,4,1,0.2744,0.2446,2,0,0.8305,high,1
STU-2026-0250,0.0854,0.3367,3.54,3.85,0,0,0.0,0.0,0,0,0.02,low,0
STU-2026-0251,-0.4301,-1.7582,2.14,2.43,7,6,0.3012,0.332,3,0,0.8828,high,1
STU-2026-0252,0.0451,0.0711,4.35,4.36,0,0,0.0,0.0,0,0,0.02,low,0
STU-2026-0253,-0.5772,-1.871,1.92,2.1,7,4,0.289,0.2824,1,1,0.8271,high,1
STU-2026-0254,0.0265,0.761,3.77,3.35,0,0,0.0,0.0,0,0,0.0225,low,0
STU-2026-0255,0.1012,0.0137,4.72,4.21,2,0,0.0,0.0,0,1,0.0448,low,0
STU-2026-0256,0.0623,0.0818,3.82,3.92,0,0,0.0,0.0,0,0,0.02,low,0
STU-2026-0257,0.0254,0.1481,3.87,4.06,0,0,0.0,0.0,0,0,0.02,low,0
STU-2026-0258,-0.1699,-0.513,2.91,2.56,1,0,0.0863,0.1863,0,0,0.4992,medium,0
STU-2026-0259,-0.0403,0.4881,4.03,4.37,0,0,0.0,0.0,0,0,0.071,low,0
STU-2026-0260,0.0588,0.0979,4.72,4.46,0,0,0.0,0.0,1,0,0.079,low,0
STU-2026-0261,-0.0159,0.0394,4.15,4.05,0,0,0.0,0.0,0,0,0.0332,low,0
STU-2026-0262,-0.1232,-0.5782,3.24,3.21,4,0,0.1384,0.1593,0,0,0.5343,medium,0
STU-2026-0263,-0.5816,-1.0612,1.45,1.55,10,2,0.2061,0.2756,2,1,0.83,high,1
STU-2026-0264,-0.0747,0.396,4.25,4.31,0,0,0.0,0.0,0,0,0.02,low,0
STU-2026-0265,0.0385,0.2207,4.53,4.54,1,0,0.0,0.0,0,0,0.02,low,0
STU-2026-0266,-0.0355,0.561,3.72,4.24,0,0,0.0,0.0,0,0,0.02,low,0
STU-2026-0267,0.0283,-0.3133,4.63,4.29,0,0,0.0,0.0,0,0,0.02,low,0
STU-2026-0268,-0.1772,-0.4264,3.1,3.14,4,0,0.1288,0.1525,1,0,0.5027,medium,0
STU-2026-0269,0.144,-0.0893,3.88,3.83,2,0,0.0,0.0,0,0,0.0416,low,0
STU-2026-0270,0.0213,-0.3481,4.66,4.61,1,0,0.0,0.0,0,0,0.0274,low,0
STU-2026-0271,0.0191,-0.3149,5.0,4.61,1,0,0.0,0.0,0,0,0.02,low,0
STU-2026-0272,-0.2351,-0.6864,3.02,2.87,1,0,0.1287,0.1305,0,1,0.4316,medium,0
STU-2026-0273,-0.1062,-0.1052,4.8,4.7,0,0,0.0,0.0,0,0,0.0211,low,0
STU-2026-0274,-0.01,0.2323,4.42,4.57,1,0,0.0,0.0,0,0,0.02,low,0
STU-2026-0275,-0.3071,-0.5964,3.56,3.72,2,1,0.1472,0.1418,1,1,0.4726,medium,0
STU-2026-0276,-0.2192,-1.1435,2.65,2.5,3,3,0.1213,0.1247,1,0,0.5006,medium,0
STU-2026-0277,0.0101,-0.3457,4.46,4.1,0,2,0.0,0.0,0,0,0.0265,low,0
STU-2026-0278,0.0573,0.4131,3.75,3.47,0,0,0.0,0.0,0,0,0.02,low,0
STU-2026-0279,-0.5052,-1.4571,1.69,1.64,10,6,0.3013,0.328,2,0,0.9036,high,1
STU-2026-0280,0.0467,0.4409,3.82,3.94,1,0,0.0,0.0,0,0,0.0245,low,0
STU-2026-0281,0.0822,-0.1152,4.23,4.34,3,0,0.0,0.0,0,0,0.0812,low,0
STU-2026-0282,-0.0009,0.485,4.36,3.91,1,0,0.0,0.0,0,0,0.02,low,0
STU-2026-0283,-0.0991,-0.2515,2.76,2.99,3,0,0.1032,0.1773,2,0,0.5282,medium,0
STU-2026-0284,-0.1341,-0.8405,2.61,2.75,5,0,0.1982,0.1305,1,0,0.5715,medium,0
STU-2026-0285,-0.3366,-1.9852,1.39,2.44,5,4,0.2867,0.3128,1,0,0.8544,high,1
STU-2026-0286,0.0335,0.1372,4.68,5.0,0,0,0.0,0.0,0,0,0.02,low,0
STU-2026-0287,-0.0279,0.0753,4.33,4.26,0,0,0.0,0.0,0,0,0.02,low,0
STU-2026-0288,-0.5605,-1.6569,1.49,1.78,8,3,0.2538,0.2775,2,0,0.9034,high,1
STU-2026-0289,0.0283,0.0611,3.48,3.39,0,0,0.0,0.0,0,0,0.02,low,0
STU-2026-0290,0.0166,-0.0913,3.93,4.24,0,0,0.0,0.0,1,0,0.02,low,0
STU-2026-0291,-0.1039,-0.6943,2.85,3.06,7,0,0.1062,0.1884,2,0,0.5383,medium,0
STU-2026-0292,-0.4852,-1.9443,1.1,1.0,13,3,0.121,0.3062,2,1,0.8902,high,1
STU-2026-0293,-0.2584,-0.8318,3.71,3.59,0,1,0.1146,0.1787,1,0,0.5136,medium,0
STU-2026-0294,0.0348,0.2636,4.13,3.88,0,0,0.0,0.0,0,0,0.02,low,0
STU-2026-0295,-0.0748,-0.1115,4.54,5.0,0,0,0.0,0.0,0,0,0.02,low,0
STU-2026-0296,0.0967,0.0911,3.74,4.01,0,1,0.0,0.0,0,0,0.0436,low,0
STU-2026-0297,0.0047,0.2546,3.91,3.86,0,0,0.0,0.0,1,0,0.02,low,0
STU-2026-0298,0.0282,0.207,3.59,3.78,1,0,0.0,0.0,0,0,0.02,low,0
STU-2026-0299,0.0276,-0.1221,3.43,3.78,0,0,0.0,0.0,0,0,0.02,low,0
STU-2026-0300,-0.5562,-1.4575,1.5,1.86,9,4,0.2394,0.3725,1,0,0.8882,high,1
STU-2026-0301,-0.0251,0.2596,5.0,5.0,1,0,0.0,0.0,0,0,0.0247,low,0
STU-2026-0302,-0.147,-0.7594,2.68,3.25,1,1,0.1299,0.1473,1,0,0.4727,medium,0
STU-2026-0303,-0.1599,-0.7922,2.79,2.62,5,1,0.0994,0.1435,0,0,0.5404,medium,0
STU-2026-0304,-0.0832,0.1196,4.31,4.3,0,1,0.0,0.0,0,0,0.02,low,0
STU-2026-0305,-0.5905,-1.7116,1.74,2.01,6,7,0.1976,0.2848,4,1,0.8288,high,1
STU-2026-0306,-0.5753,-1.4958,1.72,1.8,5,1,0.269,0.2749,1,0,0.7919,high,1
STU-2026-0307,0.0208,0.079,3.88,3.94,0,0,0.0,0.0,0,0,0.02,low,0
STU-2026-0308,-0.0512,0.1857,5.0,4.74,0,1,0.0,0.0,0,0,0.0402,low,0
STU-2026-0309,-0.163,-0.8476,3.59,3.19,1,0,0.1269,0.0982,0,0,0.5159,medium,0
STU-2026-0310,-0.532,-1.4099,1.78,1.6,6,1,0.2532,0.2865,2,0,0.8248,high,1
STU-2026-0311,-0.0257,-0.0749,4.47,4.15,0,0,0.0,0.0,0,0,0.02,low,0
STU-2026-0312,-0.015,0.0665,4.66,4.79,0,0,0.0,0.0,0,0,0.02,low,0
STU-2026-0313,-0.0019,0.2059,4.22,4.47,1,0,0.0,0.0,0,0,0.02,low,0
STU-2026-0314,0.0043,0.3068,4.84,4.9,0,0,0.0,0.0,0,0,0.02,low,0
STU-2026-0315,0.1104,0.2296,4.4,4.21,0,0,0.0,0.0,0,0,0.02,low,0
STU-2026-0316,-0.4522,-1.5566,2.16,2.14,10,5,0.1209,0.3052,2,0,0.8753,high,1
STU-2026-0317,-0.0702,0.3217,4.83,5.0,1,0,0.0,0.0,0,0,0.0307,low,0
STU-2026-0318,-0.0644,0.0406,3.83,3.89,1,0,0.0,0.0,0,0,0.0286,low,0
STU-2026-0319,-0.1445,-0.9219,2.92,2.83,5,1,0.1441,0.1451,1,1,0.5998,medium,0
STU-2026-0320,-0.3631,-1.3201,1.65,1.71,7,5,0.268,0.323,2,1,0.899,high,1
STU-2026-0321,0.0397,0.858,3.01,3.86,0,0,0.0,0.0,0,0,0.0738,low,0
STU-2026-0322,0.0393,0.0145,3.72,3.83,2,1,0.0,0.0,0,0,0.02,low,0
STU-2026-0323,0.0334,0.1212,4.75,5.0,0,0,0.0,0.0,1,0,0.02,low,0
STU-2026-0324,-0.0015,0.1359,3.86,4.18,0,0,0.0,0.0,0,0,0.02,low,0
STU-2026-0325,0.0419,0.2906,4.65,4.52,0,0,0.0,0.0,0,0,0.02,low,0
STU-2026-0326,0.0381,-0.0268,3.97,4.26,0,0,0.0,0.0,1,0,0.02,low,0
STU-2026-0327,-0.0137,0.3396,4.54,4.52,1,0,0.0,0.0,0,0,0.0475,low,0
STU-2026-0328,0.0943,0.3029,3.72,4.18,0,0,0.0,0.0,0,0,0.02,low,0
STU-2026-0329,-0.0189,0.1674,4.28,4.23,1,0,0.0,0.0,0,0,0.0448,low,0
STU-2026-0330,0.0635,-0.2877,5.0,4.98,0,0,0.0,0.0,0,0,0.0334,low,0
STU-2026-0331,-0.0087,0.2612,4.5,4.27,1,1,0.0,0.0,0,0,0.02,low,0
STU-2026-0332,0.0103,0.0684,3.77,3.53,0,1,0.0,0.0,0,0,0.02,low,0
STU-2026-0333,-0.1502,-0.5982,3.52,3.35,5,0,0.1125,0.2074,1,0,0.4888,medium,0
STU-2026-0334,0.0079,0.3583,4.87,4.77,0,1,0.0,0.0,0,0,0.0537,low,0
STU-2026-0335,0.0267,0.4597,4.64,4.82,1,0,0.0,0.0,0,0,0.0433,low,0
STU-2026-0336,-0.0047,0.2792,3.54,3.96,0,0,0.0,0.0,0,0,0.02,low,0
STU-2026-0337,0.0205,0.2942,4.25,4.29,0,0,0.0,0.0,0,0,0.02,low,0
STU-2026-0338,-0.0323,0.4551,4.63,4.65,0,1,0.0,0.0,0,0,0.0733,low,0
STU-2026-0339,-0.0698,-1.1966,3.29,3.04,1,2,0.1421,0.1391,0,0,0.5233,medium,0
STU-2026-0340,-0.2492,-0.6729,2.29,3.16,2,0,0.1065,0.1463,2,0,0.5086,medium,0
STU-2026-0341,-0.1848,-0.5443,2.16,2.58,2,0,0.1672,0.1444,0,0,0.5161,medium,0
STU-2026-0342,-0.0269,0.3266,3.75,3.98,0,0,0.0,0.0,0,0,0.02,low,0
STU-2026-0343,-0.6525,-2.0115,2.37,2.33,7,4,0.2145,0.3194,2,0,0.8588,high,1
STU-2026-0344,-0.0133,0.1026,3.76,3.86,1,0,0.0,0.0,0,0,0.02,low,0
STU-2026-0345,0.043,0.4045,4.88,4.72,0,0,0.0,0.0,0,0,0.02,low,0
STU-2026-0346,0.2193,0.6016,4.8,4.35,0,1,0.0,0.0,0,0,0.02,low,0
STU-2026-0347,0.0058,0.0605,4.07,4.67,1,0,0.0,0.0,0,0,0.02,low,0
STU-2026-0348,-0.0497,0.3837,4.61,4.43,2,0,0.0,0.0,1,0,0.0406,low,0
STU-2026-0349,0.1415,-0.1317,4.18,3.91,0,0,0.0,0.0,0,0,0.0856,low,0
STU-2026-0350,-0.1542,-0.848,2.86,3.27,2,0,0.1818,0.1522,1,0,0.5499,medium,0
STU-2026-0351,0.1185,0.1789,4.16,4.65,0,0,0.0,0.0,0,0,0.02,low,0
STU-2026-0352,-0.0506,-0.0115,4.23,4.49,0,1,0.0,0.0,0,0,0.0455,low,0
STU-2026-0353,0.0342,0.4808,4.55,4.28,1,0,0.0,0.0,0,0,0.02,low,0
STU-2026-0354,0.0565,0.1641,5.0,4.8,1,1,0.0,0.0,0,0,0.02,low,0
STU-2026-0355,-0.3688,-1.6996,2.14,1.73,4,5,0.284,0.3149,3,1,0.8663,high,1
STU-2026-0356,-0.0046,-0.26,4.1,4.19,1,0,0.0,0.0,0,0,0.02,low,0
STU-2026-0357,-0.0382,0.4088,4.13,4.09,2,1,0.0,0.0,0,0,0.044,low,0
STU-2026-0358,0.0396,0.416,3.55,3.49,1,1,0.0,0.0,0,0,0.02,low,0
STU-2026-0359,0.1136,-0.2953,4.3,4.32,1,1,0.0,0.0,0,0,0.02,low,0
STU-2026-0360,-0.0468,0.0171,4.45,4.61,0,0,0.0,0.0,0,0,0.02,low,0
STU-2026-0361,0.0538,-0.0771,4.41,4.64,1,0,0.0,0.0,0,0,0.02,low,0
STU-2026-0362,-0.0155,0.2506,3.98,3.77,1,1,0.0,0.0,0,0,0.02,low,0
STU-2026-0363,-0.1741,-0.5395,3.05,2.97,2,2,0.1151,0.2008,0,0,0.5392,medium,0
STU-2026-0364,-0.2001,-0.8307,3.18,3.38,3,2,0.1275,0.156,0,0,0.5127,medium,0
STU-2026-0365,0.0348,0.283,4.72,4.38,0,0,0.0,0.0,1,0,0.0243,low,0
STU-2026-0366,0.0414,0.4755,4.77,5.0,1,0,0.0,0.0,0,0,0.02,low,0
STU-2026-0367,-0.0355,0.5079,4.04,4.04,0,0,0.0,0.0,0,0,0.02,low,0
STU-2026-0368,-0.12,-1.119,2.7,2.72,7,4,0.1142,0.1464,0,0,0.544,medium,0
STU-2026-0369,-0.0535,0.1837,4.4,4.48,0,0,0.0,0.0,0,0,0.02,low,0
STU-2026-0370,0.0757,0.4661,3.7,4.09,0,0,0.0,0.0,0,0,0.0302,low,0
STU-2026-0371,-0.1899,-1.1654,3.32,3.17,4,2,0.1238,0.208,1,0,0.5487,medium,0
STU-2026-0372,0.0832,-0.0648,4.79,4.59,0,0,0.0,0.0,0,0,0.02,low,0
STU-2026-0373,0.0643,0.0604,4.04,3.89,0,0,0.0,0.0,0,0,0.02,low,0
STU-2026-0374,0.0144,-0.3653,4.75,4.53,0,1,0.0,0.0,0,0,0.02,low,0
STU-2026-0375,-0.0041,0.158,4.07,3.89,1,0,0.0,0.0,0,0,0.0314,low,0
STU-2026-0376,0.0778,0.0174,3.74,4.02,0,0,0.0,0.0,1,0,0.02,low,0
STU-2026-0377,-0.3936,-2.0707,2.19,2.08,10,1,0.2147,0.3353,2,0,0.9405,high,1
STU-2026-0378,-0.4773,-2.0579,1.54,1.89,8,4,0.202,0.3129,3,1,0.9062,high,1
STU-2026-0379,0.0078,-0.1764,2.71,3.17,0,0,0.0,0.0,1,0,0.02,low,0
STU-2026-0380,-0.0613,0.3751,4.22,4.47,0,1,0.0,0.0,0,0,0.02,low,0
STU-2026-0381,0.0787,0.3783,4.04,4.15,0,0,0.0,0.0,1,0,0.02,low,0
STU-2026-0382,0.0039,0.0899,4.13,4.82,0,1,0.0,0.0,0,0,0.02,low,0
STU-2026-0383,0.0379,0.5289,4.1,4.22,0,0,0.0,0.0,0,0,0.02,low,0
STU-2026-0384,-0.005,0.3217,4.05,4.67,0,0,0.0,0.0,0,0,0.02,low,0
STU-2026-0385,0.0591,0.2233,4.29,3.93,0,0,0.0,0.0,0,0,0.02,low,0
STU-2026-0386,-0.2595,-1.9899,1.11,1.04,9,1,0.233,0.3328,2,1,0.9038,high,1
STU-2026-0387,-0.6389,-1.4801,1.48,2.02,5,3,0.1804,0.3333,1,1,0.8513,high,1
STU-2026-0388,0.0099,0.4119,4.02,3.95,2,0,0.0,0.0,0,0,0.0289,low,0
STU-2026-0389,0.0412,0.1743,4.21,4.49,0,0,0.0,0.0,0,0,0.02,low,0
STU-2026-0390,-0.2958,-0.3382,2.54,2.51,3,0,0.1232,0.1312,0,0,0.4983,medium,0
STU-2026-0391,-0.0626,0.0395,4.02,4.0,0,2,0.0,0.0,0,0,0.0464,low,0
STU-2026-0392,0.0375,0.3412,4.5,4.04,0,0,0.0,0.0,0,0,0.02,low,0
STU-2026-0393,-0.1519,-0.8131,2.49,2.38,1,0,0.0752,0.1442,0,0,0.4674,medium,0
STU-2026-0394,0.0413,0.0001,4.27,4.47,0,0,0.0,0.0,0,0,0.0229,low,0
STU-2026-0395,0.0744,-0.0075,4.5,4.37,1,0,0.0,0.0,0,0,0.0224,low,0
STU-2026-0396,-0.0309,0.144,4.18,4.32,0,0,0.0,0.0,0,0,0.0498,low,0
STU-2026-0397,-0.5709,-2.0925,1.09,1.55,10,5,0.2163,0.3417,1,0,0.9394,high,1
STU-2026-0398,0.1054,0.0195,4.29,4.47,1,0,0.0,0.0,0,0,0.02,low,0
STU-2026-0399,0.136,0.3852,4.41,4.64,0,1,0.0,0.0,0,0,0.0533,low,0
STU-2026-0400,0.0953,0.5624,4.69,4.55,1,0,0.0,0.0,0,0,0.02,low,0
STU-2026-0401,0.0217,-0.0041,3.73,3.97,0,0,0.0,0.0,0,0,0.02,low,0
STU-2026-0402,-0.027,0.0962,4.7,4.39,1,0,0.0,0.0,0,0,0.02,low,0
STU-2026-0403,0.0441,0.4004,4.3,4.71,1,1,0.0,0.0,1,0,0.02,low,0
STU-2026-0404,0.0649,0.5892,3.93,4.3,0,1,0.0,0.0,0,0,0.02,low,0
STU-2026-0405,-0.0193,0.0608,4.41,4.22,0,0,0.0,0.0,1,0,0.02,low,0
STU-2026-0406,0.0965,0.366,4.51,4.38,0,0,0.0,0.0,0,0,0.02,low,0
STU-2026-0407,-0.1826,-1.1796,3.11,3.33,3,0,0.1164,0.1279,0,1,0.524,medium,0
STU-2026-0408,0.1033,0.7232,4.4,3.92,0,0,0.0,0.0,0,0,0.0354,low,0
STU-2026-0409,0.0913,0.0718,4.28,4.08,0,0,0.0,0.0,0,0,0.02,low,0
STU-2026-0410,-0.207,-0.9466,2.84,2.78,1,0,0.1377,0.122,0,0,0.5094,medium,0
STU-2026-0411,-0.0645,0.5256,4.58,4.12,1,0,0.0,0.0,0,0,0.048,low,0
STU-2026-0412,-0.19,-0.4977,2.66,2.77,3,1,0.1328,0.1264,1,0,0.5134,medium,0
STU-2026-0413,0.0889,-0.035,4.32,3.98,1,1,0.0,0.0,0,0,0.02,low,0
STU-2026-0414,-0.0088,0.482,4.68,4.48,0,0,0.0,0.0,0,0,0.02,low,0
STU-2026-0415,0.0108,0.1838,4.11,4.26,0,1,0.0,0.0,0,0,0.02,low,0
STU-2026-0416,-0.1803,-0.9329,3.58,4.05,4,4,0.1162,0.1129,0,0,0.5324,medium,0
STU-2026-0417,-0.0579,0.1471,3.86,4.69,1,0,0.0,0.0,0,0,0.0399,low,0
STU-2026-0418,-0.0353,0.1408,4.47,4.47,1,0,0.0,0.0,0,0,0.0539,low,0
STU-2026-0419,0.0147,0.5865,3.72,4.32,0,0,0.0,0.0,0,0,0.02,low,0
STU-2026-0420,0.0964,-0.3906,3.51,3.58,1,0,0.0,0.0,0,0,0.02,low,0
STU-2026-0421,-0.0085,0.3521,4.22,4.09,0,1,0.0,0.0,0,0,0.02,low,0
STU-2026-0422,0.0115,0.1838,3.38,3.39,0,0,0.0,0.0,0,0,0.02,low,0
STU-2026-0423,0.014,0.1242,4.75,4.4,0,0,0.0,0.0,0,0,0.044,low,0
STU-2026-0424,-0.2674,-0.5293,3.17,3.28,2,4,0.1191,0.168,0,0,0.4932,medium,0
STU-2026-0425,0.0069,-0.3368,4.11,4.14,1,1,0.0,0.0,0,0,0.023,low,0
STU-2026-0426,-0.0209,0.4578,4.11,3.77,0,0,0.0,0.0,0,0,0.02,low,0
STU-2026-0427,-0.1343,-0.84,3.31,3.14,2,2,0.147,0.1635,2,0,0.5382,medium,0
STU-2026-0428,-0.0069,0.3385,4.13,3.76,1,0,0.0,0.0,0,0,0.02,low,0
STU-2026-0429,0.0583,0.4924,4.63,4.03,0,0,0.0,0.0,0,0,0.02,low,0
STU-2026-0430,0.0592,0.2478,3.35,3.81,0,0,0.0,0.0,0,0,0.02,low,0
STU-2026-0431,-0.0054,0.194,4.17,4.11,0,0,0.0,0.0,0,0,0.0358,low,0
STU-2026-0432,0.0255,0.4902,3.69,4.38,1,2,0.0,0.0,0,0,0.0474,low,0
STU-2026-0433,-0.0134,0.3676,4.88,4.51,1,0,0.0,0.0,0,0,0.02,low,0
STU-2026-0434,0.0031,-0.0078,3.9,4.23,1,1,0.0,0.0,0,0,0.02,low,0
STU-2026-0435,-0.2878,-0.7139,3.29,3.22,0,2,0.1343,0.1782,1,0,0.4914,medium,0
STU-2026-0436,0.0361,0.7315,4.62,4.64,0,0,0.0,0.0,0,0,0.0462,low,0
STU-2026-0437,-0.0207,0.1065,4.19,3.99,0,0,0.0,0.0,0,0,0.02,low,0
STU-2026-0438,-0.5396,-1.2035,2.4,2.77,4,4,0.2385,0.3139,2,0,0.8536,high,1
STU-2026-0439,-0.003,0.4411,3.47,4.0,0,0,0.0,0.0,1,0,0.02,low,0
STU-2026-0440,0.0054,0.8491,4.25,4.47,2,0,0.0,0.0,0,0,0.0528,low,0
STU-2026-0441,0.0816,-0.1475,3.84,3.98,0,0,0.0,0.0,0,0,0.02,low,0
STU-2026-0442,-0.0086,-0.0828,4.56,4.71,0,0,0.0,0.0,0,0,0.0333,low,0
STU-2026-0443,-0.007,-0.0784,4.06,4.15,1,0,0.0,0.0,0,0,0.02,low,0
STU-2026-0444,-0.0426,0.3093,4.92,4.25,0,1,0.0,0.0,1,0,0.02,low,0
STU-2026-0445,-0.5328,-2.1205,1.87,2.13,3,6,0.2807,0.35,4,0,0.9086,high,1
STU-2026-0446,0.025,0.2476,3.75,3.86,0,0,0.0,0.0,0,0,0.0267,low,0
STU-2026-0447,0.0424,0.3442,4.69,4.97,0,0,0.0,0.0,0,0,0.0314,low,0
STU-2026-0448,-0.1727,-0.8182,2.84,3.21,2,0,0.1424,0.1557,0,0,0.4496,medium,0
STU-2026-0449,0.0633,-0.1122,3.72,3.48,1,0,0.0,0.0,0,0,0.02,low,0
STU-2026-0450,-0.3534,-1.421,1.24,1.44,8,1,0.2117,0.3066,2,1,0.8828,high,1
STU-2026-0451,-0.16,-0.6856,3.0,3.14,1,1,0.1605,0.1234,0,0,0.5125,medium,0
STU-2026-0452,-0.1722,-0.8173,3.65,3.45,2,2,0.0891,0.1581,1,0,0.5325,medium,0
STU-2026-0453,0.0112,0.1409,4.04,4.15,0,0,0.0,0.0,0,0,0.02,low,0
STU-2026-0454,0.0457,0.3302,4.2,3.73,1,0,0.0,0.0,0,0,0.0792,low,0
STU-2026-0455,0.0641,-0.1892,4.04,4.44,0,0,0.0,0.0,0,0,0.0696,low,0
STU-2026-0456,0.0071,0.0334,4.72,5.0,1,0,0.0,0.0,1,0,0.02,low,0
STU-2026-0457,-0.0136,0.244,3.65,3.44,0,0,0.0,0.0,0,0,0.02,low,0
STU-2026-0458,0.011,-0.0741,3.99,3.95,0,0,0.0,0.0,0,0,0.02,low,0
STU-2026-0459,-0.0201,-0.0282,4.76,4.45,0,0,0.0,0.0,1,0,0.02,low,0
STU-2026-0460,-0.4732,-1.7407,1.67,2.03,4,3,0.2443,0.3267,2,0,0.7578,high,1
STU-2026-0461,0.067,0.3596,4.39,4.56,1,1,0.0,0.0,1,0,0.02,low,0
STU-2026-0462,-0.1672,-0.4302,3.16,3.03,7,0,0.0831,0.1653,1,0,0.5184,medium,0
STU-2026-0463,0.0257,0.1425,4.38,4.86,0,0,0.0,0.0,0,0,0.02,low,0
STU-2026-0464,-0.1778,-0.5654,3.21,3.41,4,0,0.139,0.149,0,0,0.4939,medium,0
STU-2026-0465,-0.0591,0.3844,5.0,4.78,0,0,0.0,0.0,0,0,0.0235,low,0
STU-2026-0466,0.0591,0.6519,4.04,3.76,0,0,0.0,0.0,0,0,0.0463,low,0
STU-2026-0467,-0.0766,-1.0174,3.25,3.49,3,2,0.1066,0.1492,0,0,0.5155,medium,0
STU-2026-0468,-0.1067,-0.8552,3.62,3.51,1,3,0.1172,0.18,0,0,0.4904,medium,0
STU-2026-0469,-0.0394,0.2279,5.0,4.61,0,0,0.0,0.0,0,0,0.02,low,0
STU-2026-0470,-0.1366,-0.359,2.14,2.07,1,1,0.1318,0.1234,1,0,0.5199,medium,0
STU-2026-0471,0.0664,0.1374,4.7,4.63,1,0,0.0,0.0,0,0,0.0362,low,0
STU-2026-0472,-0.5691,-2.0304,2.04,1.79,7,4,0.181,0.2643,1,1,0.849,high,1
STU-2026-0473,-0.1453,-0.5344,2.49,2.83,4,0,0.1574,0.1398,0,0,0.4918,medium,0
STU-2026-0474,-0.0541,0.4274,4.18,4.4,0,0,0.0,0.0,1,0,0.0425,low,0
STU-2026-0475,0.057,0.1954,4.49,4.39,0,0,0.0,0.0,0,0,0.02,low,0
STU-2026-0476,-0.1145,-0.5103,2.97,3.27,3,4,0.0834,0.1618,1,0,0.5244,medium,0
STU-2026-0477,-0.2341,-0.4519,3.64,3.86,4,1,0.1452,0.1383,0,0,0.5095,medium,0
STU-2026-0478,-0.539,-1.6036,2.27,2.51,7,4,0.237,0.3348,2,1,0.8639,high,1
STU-2026-0479,0.0877,0.01,4.37,3.74,0,1,0.0,0.0,0,0,0.0339,low,0
STU-2026-0480,-0.0001,0.0218,4.22,3.52,0,0,0.0,0.0,0,0,0.02,low,0
STU-2026-0481,-0.0309,0.2017,5.0,5.0,1,0,0.0,0.0,0,0,0.0767,low,0
STU-2026-0482,0.0547,-0.0378,4.32,4.19,1,0,0.0,0.0,0,0,0.02,low,0
STU-2026-0483,-0.4097,-1.4031,1.65,1.37,4,1,0.1822,0.258,2,1,0.7014,high,1
STU-2026-0484,0.0344,-0.0286,4.26,4.54,0,0,0.0,0.0,0,0,0.0215,low,0
STU-2026-0485,0.083,0.753,4.34,3.59,0,0,0.0,0.0,0,0,0.02,low,0
STU-2026-0486,-0.1455,-0.4264,2.81,3.41,2,0,0.1788,0.1279,1,0,0.5153,medium,0
STU-2026-0487,0.0169,-0.1092,4.1,3.9,0,0,0.0,0.0,0,0,0.0378,low,0
STU-2026-0488,-0.0139,0.5906,4.63,4.44,0,0,0.0,0.0,0,0,0.0638,low,0
STU-2026-0489,0.0203,0.5493,4.53,4.19,0,1,0.0,0.0,0,0,0.0596,low,0
STU-2026-0490,-0.0989,0.5126,4.0,3.87,0,0,0.0,0.0,0,0,0.0671,low,0
STU-2026-0491,0.023,0.2837,4.41,4.28,0,0,0.0,0.0,0,0,0.02,low,0
STU-2026-0492,-0.0597,-0.0921,3.52,3.32,0,0,0.0,0.0,1,0,0.02,low,0
STU-2026-0493,0.0542,0.4459,4.13,4.12,1,0,0.0,0.0,0,0,0.02,low,0
STU-2026-0494,0.0298,-0.2326,3.66,4.16,0,0,0.0,0.0,0,0,0.02,low,0
STU-2026-0495,0.0143,0.3155,4.12,4.05,1,0,0.0,0.0,0,0,0.0651,low,0
STU-2026-0496,-0.5522,-1.6612,1.02,1.31,13,1,0.2018,0.3348,2,1,0.9366,high,1
STU-2026-0497,-0.4292,-1.5663,2.67,2.61,10,6,0.2851,0.3526,3,0,0.892,high,1
STU-2026-0498,-0.1569,-0.8535,2.88,3.57,3,0,0.1724,0.1843,0,0,0.5318,medium,0
STU-2026-0499,-0.5747,-2.2708,1.72,1.88,4,4,0.2731,0.3063,4,0,0.8731,high,1
STU-2026-0500,-0.4052,-1.5682,1.33,1.89,9,1,0.1876,0.2109,1,0,0.7677,high,1
STU-2026-0501,0.0037,0.3484,3.88,3.78,0,0,0.0,0.0,0,0,0.0414,low,0
STU-2026-0502,-0.042,0.2394,4.0,4.43,0,0,0.0,0.0,0,0,0.02,low,0
STU-2026-0503,0.0076,0.2434,3.84,3.65,0,0,0.0,0.0,0,0,0.02,low,0
STU-2026-0504,0.0038,0.0985,4.58,4.29,0,0,0.0,0.0,0,0,0.02,low,0
STU-2026-0505,0.0096,0.1566,3.86,3.67,0,1,0.0,0.0,0,0,0.02,low,0
STU-2026-0506,-0.0258,-0.1009,3.51,3.18,0,1,0.0,0.0,0,0,0.02,low,0
STU-2026-0507,0.1041,0.019,4.3,4.0,0,0,0.0,0.0,0,0,0.0339,low,0
STU-2026-0508,0.0096,0.0418,4.4,4.07,1,0,0.0,0.0,0,0,0.0733,low,0
STU-2026-0509,-0.1034,-0.8389,2.58,2.15,2,2,0.1406,0.1352,0,0,0.4785,medium,0
STU-2026-0510,-0.1401,-0.8251,3.02,3.18,1,1,0.1626,0.1795,0,0,0.5487,medium,0
STU-2026-0511,-0.1954,-0.5742,2.66,2.46,3,2,0.1061,0.2039,0,1,0.5387,medium,0
STU-2026-0512,-0.1385,-0.8711,2.07,2.03,1,0,0.1189,0.1254,0,0,0.5051,medium,0
STU-2026-0513,-0.2756,-0.4933,3.52,3.86,3,0,0.0698,0.1122,0,0,0.5122,medium,0
STU-2026-0514,0.0047,0.1914,4.15,4.24,1,0,0.0,0.0,0,0,0.0205,low,0
STU-2026-0515,0.0117,-0.1046,4.19,3.87,0,0,0.0,0.0,0,0,0.02,low,0
STU-2026-0516,-0.3127,-1.7132,1.97,2.01,8,1,0.2273,0.2666,1,1,0.8679,high,1
STU-2026-0517,-0.1056,-0.8066,2.94,3.2,2,1,0.0834,0.1602,0,0,0.4827,medium,0
STU-2026-0518,-0.5025,-1.3853,1.48,1.18,8,5,0.2868,0.2102,4,0,0.8433,high,1
STU-2026-0519,0.0007,-0.0259,4.17,4.42,1,0,0.0,0.0,0,0,0.0513,low,0
STU-2026-0520,0.029,0.1897,4.01,3.73,0,0,0.0,0.0,0,0,0.02,low,0
STU-2026-0521,0.038,0.1554,3.89,4.11,1,0,0.0,0.0,0,0,0.02,low,0
STU-2026-0522,0.0612,0.3109,4.27,4.03,2,0,0.0,0.0,0,0,0.0606,low,0
STU-2026-0523,-0.0125,-0.1468,4.51,4.51,1,0,0.0,0.0,1,0,0.02,low,0
STU-2026-0524,-0.0461,0.3237,5.0,4.71,1,0,0.0,0.0,0,0,0.0377,low,0
STU-2026-0525,-0.4501,-1.5341,1.0,1.0,11,3,0.2859,0.4046,3,1,0.927,high,1
STU-2026-0526,0.0781,0.2131,3.76,3.82,0,0,0.0,0.0,0,0,0.02,low,0
STU-2026-0527,0.0798,-0.1634,4.2,3.96,0,0,0.0,0.0,0,0,0.02,low,0
STU-2026-0528,-0.0179,-0.1231,4.25,4.14,0,0,0.0,0.0,0,0,0.02,low,0
STU-2026-0529,-0.0477,0.0212,4.08,4.07,1,0,0.0,0.0,0,0,0.02,low,0
STU-2026-0530,0.0118,0.1255,3.89,3.96,0,0,0.0,0.0,0,0,0.02,low,0
STU-2026-0531,-0.0038,0.2608,4.23,4.17,0,0,0.0,0.0,0,0,0.0511,low,0
STU-2026-0532,0.0697,-0.1433,4.27,4.21,0,0,0.0,0.0,0,0,0.02,low,0
STU-2026-0533,0.0364,0.7781,3.51,3.3,0,0,0.0,0.0,0,0,0.02,low,0
STU-2026-0534,0.0529,0.672,4.24,4.23,0,1,0.0,0.0,0,0,0.0267,low,0
STU-2026-0535,0.0401,0.0108,4.4,4.35,1,0,0.0,0.0,0,0,0.0357,low,0
STU-2026-0536,0.0445,0.0731,5.0,5.0,0,0,0.0,0.0,0,0,0.0228,low,0
STU-2026-0537,0.0131,0.0919,3.68,3.77,0,0,0.0,0.0,0,0,0.02,low,0
STU-2026-0538,0.0364,0.5093,4.2,3.64,0,1,0.0,0.0,0,0,0.02,low,0
STU-2026-0539,-0.4525,-1.8949,1.53,1.6,7,4,0.3176,0.3254,3,0,0.8859,high,1
STU-2026-0540,0.1138,0.1272,4.59,4.19,0,0,0.0,0.0,0,0,0.0251,low,0
STU-2026-0541,0.0519,0.2651,3.72,3.67,0,0,0.0,0.0,0,0,0.02,low,0
STU-2026-0542,0.1248,0.4584,3.84,3.93,0,0,0.0,0.0,0,0,0.02,low,0
STU-2026-0543,0.0375,0.1421,3.19,3.18,0,0,0.0,0.0,0,0,0.02,low,0
STU-2026-0544,0.0001,-0.2499,4.21,4.06,0,0,0.0,0.0,0,0,0.0254,low,0
STU-2026-0545,-0.039,0.2455,3.6,3.73,0,0,0.0,0.0,0,0,0.02,low,0
STU-2026-0546,0.0487,0.3381,5.0,4.24,0,0,0.0,0.0,0,0,0.02,low,0
STU-2026-0547,0.0208,0.3521,4.58,4.24,0,0,0.0,0.0,0,0,0.02,low,0
STU-2026-0548,-0.0129,0.0147,4.64,4.16,0,0,0.0,0.0,0,0,0.026,low,0
STU-2026-0549,0.1043,-0.5501,4.09,4.77,1,0,0.0,0.0,0,0,0.0629,low,0
STU-2026-0550,-0.0031,0.4465,4.48,4.54,0,0,0.0,0.0,0,0,0.02,low,0
STU-2026-0551,-0.4635,-1.7307,3.14,2.53,2,2,0.3057,0.2995,1,1,0.8561,high,1
STU-2026-0552,-0.464,-1.5482,2.05,1.83,7,5,0.2329,0.3344,2,0,0.8463,high,1
STU-2026-0553,0.0096,0.1575,4.07,4.29,1,0,0.0,0.0,0,0,0.02,low,0
STU-2026-0554,-0.0063,0.5666,4.19,3.68,1,0,0.0,0.0,0,0,0.02,low,0
STU-2026-0555,-0.1914,-0.42,2.33,2.28,4,1,0.0979,0.1818,0,0,0.5076,medium,0
STU-2026-0556,0.0584,0.3959,4.59,4.17,1,0,0.0,0.0,0,0,0.02,low,0
STU-2026-0557,0.1319,0.7298,3.42,3.83,1,0,0.0,0.0,0,0,0.02,low,0
STU-2026-0558,0.0163,0.1047,4.53,4.41,0,0,0.0,0.0,0,0,0.025,low,0
STU-2026-0559,-0.0104,0.3423,4.56,4.6,0,0,0.0,0.0,0,0,0.0426,low,0
STU-2026-0560,-0.0065,0.0012,4.22,4.21,0,0,0.0,0.0,0,0,0.02,low,0
STU-2026-0561,-0.0219,0.3202,4.16,3.84,0,0,0.0,0.0,0,0,0.0354,low,0
STU-2026-0562,-0.0251,0.3834,4.06,4.3,1,1,0.0,0.0,0,0,0.02,low,0
STU-2026-0563,-0.1817,-0.505,2.69,2.95,3,0,0.1505,0.196,0,0,0.5325,medium,0
STU-2026-0564,-0.0194,-0.0996,4.29,4.21,0,0,0.0,0.0,0,0,0.02,low,0
STU-2026-0565,-0.029,0.2894,4.2,4.31,0,0,0.0,0.0,0,0,0.0205,low,0
STU-2026-0566,-0.0558,0.1448,4.5,4.42,1,0,0.0,0.0,0,0,0.02,low,0
STU-2026-0567,0.1297,0.4948,4.28,4.13,0,0,0.0,0.0,0,0,0.02,low,0
STU-2026-0568,0.0277,-0.0387,3.98,4.04,0,0,0.0,0.0,0,0,0.02,low,0
STU-2026-0569,0.0102,0.2582,5.0,4.97,0,1,0.0,0.0,0,0,0.02,low,0
STU-2026-0570,-0.1559,-0.9401,3.31,2.72,3,0,0.1042,0.1424,2,0,0.545,medium,0
STU-2026-0571,0.0392,0.7901,4.01,4.23,1,0,0.0,0.0,0,0,0.02,low,0
STU-2026-0572,0.015,-0.0057,4.22,4.44,0,0,0.0,0.0,0,0,0.02,low,0
STU-2026-0573,0.0129,0.6572,3.68,3.89,1,1,0.0,0.0,0,0,0.02,low,0
STU-2026-0574,-0.5241,-1.7029,1.88,1.69,8,5,0.2252,0.3471,1,0,0.8958,high,1
STU-2026-0575,-0.0224,0.757,4.04,4.03,0,0,0.0,0.0,0,0,0.0215,low,0
STU-2026-0576,-0.0132,0.2667,4.3,4.09,0,0,0.0,0.0,0,0,0.02,low,0
STU-2026-0577,0.0624,0.2045,4.02,3.58,1,1,0.0,0.0,0,0,0.02,low,0
STU-2026-0578,0.0923,0.189,4.32,4.52,0,0,0.0,0.0,0,0,0.02,low,0
STU-2026-0579,-0.1722,-0.9397,3.04,2.83,6,4,0.1767,0.1688,0,0,0.5071,medium,0
STU-2026-0580,0.0324,0.3528,4.46,3.8,0,0,0.0,0.0,0,0,0.02,low,0
STU-2026-0581,0.0334,0.2199,4.62,4.33,1,0,0.0,0.0,0,0,0.02,low,0
STU-2026-0582,-0.4911,-1.2909,2.4,2.8,14,3,0.268,0.3045,4,1,0.9399,high,1
STU-2026-0583,-0.0933,0.1641,4.48,4.41,1,0,0.0,0.0,1,0,0.02,low,0
STU-2026-0584,-0.0224,-0.2082,4.59,4.74,0,0,0.0,0.0,0,0,0.0563,low,0
STU-2026-0585,-0.0644,0.0538,4.59,4.7,1,0,0.0,0.0,0,0,0.02,low,0
STU-2026-0586,-0.1333,-0.856,3.11,3.2,5,2,0.1449,0.1557,0,0,0.5329,medium,0
STU-2026-0587,-0.0409,-0.151,3.84,3.69,0,0,0.0,0.0,0,0,0.02,low,0
STU-2026-0588,-0.5455,-1.8756,1.09,1.0,6,3,0.2839,0.3039,3,2,0.8964,high,1
STU-2026-0589,-0.0274,0.2291,3.3,3.35,1,0,0.0,0.0,0,0,0.02,low,0
STU-2026-0590,-0.3044,-1.7403,1.41,1.62,9,1,0.284,0.3124,3,2,0.8992,high,1
STU-2026-0591,0.0585,-0.0178,4.79,4.6,0,1,0.0,0.0,0,0,0.02,low,0
STU-2026-0592,0.0275,0.2123,4.97,5.0,0,0,0.0,0.0,0,0,0.02,low,0
STU-2026-0593,0.0377,-0.117,5.0,4.72,1,1,0.0,0.0,0,0,0.0766,low,0
STU-2026-0594,-0.0027,0.1213,4.39,4.2,0,0,0.0,0.0,0,0,0.02,low,0
STU-2026-0595,-0.1195,-0.799,4.05,3.95,2,0,0.1488,0.131,0,0,0.5073,medium,0
STU-2026-0596,0.0268,0.4777,3.81,3.85,0,1,0.0,0.0,0,0,0.02,low,0
STU-2026-0597,-0.0546,0.064,4.34,4.01,0,0,0.0,0.0,0,0,0.02,low,0
STU-2026-0598,-0.0081,0.4221,4.55,4.53,1,0,0.0,0.0,0,0,0.02,low,0
STU-2026-0599,-0.3342,-2.0973,1.68,2.36,8,2,0.3081,0.2805,1,0,0.8823,high,1
STU-2026-0600,-0.2862,-0.7217,2.62,3.04,1,0,0.1205,0.1928,1,0,0.4595,medium,0
STU-2026-0001,0.0251,0.496,4.0,3.89,0,0,0.0,0.0,0,0,0.02,low,0
STU-2026-0002,-0.0928,0.1943,4.47,4.12,0,0,0.0,0.0,0,0,0.02,low,0
STU-2026-0003,-0.0006,0.0184,4.3,4.73,1,1,0.0,0.0,0,0,0.02,low,0
STU-2026-0004,-0.4948,-1.5164,1.72,2.05,4,3,0.2086,0.2863,3,0,0.8535,high,1
STU-2026-0005,-0.0461,0.3386,3.26,3.57,0,0,0.0,0.0,0,0,0.031,low,0
STU-2026-0006,0.0184,0.0427,3.98,4.32,0,0,0.0,0.0,0,0,0.0536,low,0
STU-2026-0007,0.0394,0.2941,4.06,4.38,1,0,0.0,0.0,1,0,0.0251,low,0
STU-2026-0008,-0.3845,-1.0856,2.82,2.91,14,4,0.3971,0.2835,2,1,0.856,high,1
STU-2026-0009,-0.1289,-0.5106,3.36,3.06,3,1,0.1712,0.1709,0,0,0.5799,medium,0
STU-2026-0010,-0.1332,-0.863,3.11,3.36,3,2,0.1661,0.2008,1,0,0.5935,medium,0
STU-2026-0011,-0.0225,0.3973,4.36,4.32,0,0,0.0,0.0,0,0,0.02,low,0
STU-2026-0012,0.0359,-0.3745,3.89,3.59,0,1,0.0,0.0,0,0,0.0867,low,0
STU-2026-0013,0.0761,0.4453,3.98,4.14,0,0,0.0,0.0,0,0,0.0388,low,0
STU-2026-0014,-0.1682,-0.7275,3.06,2.9,1,3,0.1455,0.129,0,1,0.4841,medium,0
STU-2026-0015,-0.0586,0.2224,4.32,4.31,0,0,0.0,0.0,0,0,0.02,low,0
STU-2026-0016,-0.1564,-0.391,2.44,2.84,4,1,0.1216,0.1752,1,0,0.5169,medium,0
STU-2026-0017,0.0068,0.0985,3.59,3.99,1,0,0.0,0.0,0,0,0.02,low,0
STU-2026-0018,0.026,0.7066,4.27,4.23,1,0,0.0,0.0,0,0,0.02,low,0
STU-2026-0019,-0.1877,-0.4193,3.67,3.63,1,2,0.1154,0.1652,0,0,0.5476,medium,0
STU-2026-0020,0.012,0.4154,3.66,3.62,0,0,0.0,0.0,0,0,0.02,low,0
STU-2026-0021,-0.4589,-2.0713,2.25,1.95,12,3,0.2795,0.36,3,0,0.98,high,1
STU-2026-0022,0.0399,0.271,3.93,4.07,0,0,0.0,0.0,0,0,0.02,low,0
STU-2026-0023,-0.0159,0.0849,4.34,4.04,0,2,0.0,0.0,0,0,0.02,low,0
STU-2026-0024,0.0124,0.0801,4.17,4.23,1,0,0.0,0.0,1,0,0.0407,low,0
STU-2026-0025,0.0713,0.2214,4.41,3.99,0,0,0.0,0.0,0,0,0.0472,low,0
STU-2026-0026,0.1224,0.3043,4.97,4.15,0,0,0.0,0.0,0,0,0.02,low,0
STU-2026-0027,-0.0015,0.1543,3.65,3.46,1,0,0.0,0.0,0,0,0.0228,low,0
STU-2026-0028,-0.0585,0.7095,4.37,4.04,1,0,0.0,0.0,1,0,0.033,low,0
STU-2026-0029,0.0191,0.2429,4.12,4.35,1,0,0.0,0.0,0,0,0.0337,low,0
STU-2026-0030,0.0101,0.335,4.4,4.7,1,1,0.0,0.0,0,0,0.0248,low,0
STU-2026-0031,0.0465,0.2153,4.93,4.71,1,2,0.0,0.0,0,0,0.0308,low,0
STU-2026-0032,-0.0387,0.046,4.57,4.24,0,0,0.0,0.0,0,0,0.02,low,0
STU-2026-0033,0.0466,-0.1412,5.0,4.77,0,0,0.0,0.0,0,0,0.02,low,0
STU-2026-0034,0.019,0.2031,4.74,4.6,0,0,0.0,0.0,0,0,0.02,low,0
STU-2026-0035,-0.0383,-0.0579,3.64,3.79,0,0,0.0,0.0,0,1,0.02,low,0
STU-2026-0036,-0.0093,-0.0241,4.57,4.34,0,0,0.0,0.0,0,0,0.02,low,0
STU-2026-0037,-0.0635,-0.6547,2.6,2.78,4,3,0.1521,0.1374,1,0,0.524,medium,0
STU-2026-0038,0.0242,0.0287,5.0,5.0,1,0,0.0,0.0,0,0,0.0271,low,0
STU-2026-0039,-0.1707,-0.415,3.6,3.11,1,2,0.1494,0.1696,1,0,0.5117,medium,0
STU-2026-0040,-0.659,-2.1445,2.36,2.53,7,1,0.291,0.243,3,1,0.8429,high,1
STU-2026-0041,0.0501,0.1797,3.78,4.57,0,0,0.0,0.0,0,0,0.02,low,0
STU-2026-0042,0.0332,0.5124,4.69,4.63,1,0,0.0,0.0,0,0,0.0722,low,0
STU-2026-0043,-0.0381,0.3715,3.8,3.88,2,0,0.0,0.0,0,0,0.02,low,0
STU-2026-0044,-0.4254,-2.2536,1.44,2.14,9,8,0.3262,0.3312,1,0,0.9323,high,1
STU-2026-0045,-0.062,-0.7562,3.69,3.1,2,3,0.1831,0.1872,2,0,0.5734,medium,0
STU-2026-0046,-0.0145,0.0792,4.0,3.7,1,0,0.0,0.0,0,0,0.02,low,0
STU-2026-0047,0.05,0.2015,3.42,3.73,1,0,0.0,0.0,0,0,0.02,low,0
STU-2026-0048,-0.028,-0.0931,4.42,4.49,0,0,0.0,0.0,0,0,0.02,low,0
STU-2026-0049,0.0263,0.0542,3.22,3.95,0,0,0.0,0.0,0,0,0.02,low,0
STU-2026-0050,0.0501,0.4707,4.17,4.37,1,0,0.0,0.0,0,0,0.02,low,0
STU-2026-0051,0.0343,0.1266,4.65,4.88,1,0,0.0,0.0,0,0,0.0442,low,0
STU-2026-0052,0.0222,0.4194,4.29,4.56,0,0,0.0,0.0,0,0,0.02,low,0
STU-2026-0053,0.0315,0.3717,4.11,4.14,0,0,0.0,0.0,0,0,0.02,low,0
STU-2026-0054,-0.2085,-1.438,1.76,1.78,4,3,0.1508,0.3119,3,2,0.7958,high,1
STU-2026-0055,0.0831,0.2973,3.69,3.95,0,0,0.0,0.0,0,0,0.02,low,0
STU-2026-0056,0.1063,0.0127,3.97,4.13,0,0,0.0,0.0,0,0,0.0244,low,0
STU-2026-0057,-0.0655,0.391,4.13,4.08,1,1,0.0,0.0,0,0,0.0375,low,0
STU-2026-0058,-0.0143,0.4078,4.78,4.25,1,1,0.0,0.0,0,0,0.0417,low,0
STU-2026-0059,-0.2035,-0.4785,3.47,3.25,3,3,0.1732,0.1206,0,0,0.5172,medium,0
STU-2026-0060,0.0612,0.188,3.26,3.3,0,0,0.0,0.0,1,0,0.02,low,0
STU-2026-0061,0.0439,0.3966,4.15,4.15,1,0,0.0,0.0,0,0,0.02,low,0
STU-2026-0062,0.1448,0.0147,3.92,4.22,2,0,0.0,0.0,0,0,0.0215,low,0
STU-2026-0063,0.0314,0.4252,3.79,3.74,0,0,0.0,0.0,0,0,0.02,low,0
STU-2026-0064,0.0155,0.209,4.4,4.61,2,0,0.0,0.0,0,0,0.0745,low,0
STU-2026-0065,-0.1982,-1.0482,2.0,2.27,3,0,0.1901,0.1859,0,0,0.5064,medium,0
STU-2026-0066,-0.1323,-1.0949,2.28,2.81,3,2,0.1358,0.1115,1,1,0.522,medium,0
STU-2026-0067,-0.466,-1.4354,1.43,1.68,3,2,0.205,0.3161,2,0,0.8619,high,1
STU-2026-0068,0.0128,0.1556,3.92,4.17,0,0,0.0,0.0,0,0,0.02,low,0
STU-2026-0069,-0.096,-0.8378,3.07,3.5,5,2,0.1111,0.1845,2,0,0.5348,medium,0
STU-2026-0070,0.0524,0.5684,3.5,3.69,0,1,0.0,0.0,1,0,0.0549,low,0
STU-2026-0071,-0.1394,-0.9476,4.08,3.71,3,1,0.1531,0.1728,1,0,0.5365,medium,0
STU-2026-0072,0.0841,0.0768,5.0,5.0,0,1,0.0,0.0,0,0,0.02,low,0
STU-2026-0073,-0.0124,-0.2231,4.43,4.1,0,0,0.0,0.0,0,0,0.02,low,0
STU-2026-0074,-0.0352,0.604,4.44,4.42,1,1,0.0,0.0,0,0,0.0447,low,0
STU-2026-0075,-0.009,0.5939,3.29,3.12,0,0,0.0,0.0,0,0,0.02,low,0
STU-2026-0076,-0.2028,-0.7911,3.91,3.44,3,1,0.1295,0.1488,1,0,0.5532,medium,0
STU-2026-0077,-0.0163,0.3993,4.0,4.2,0,0,0.0,0.0,0,0,0.0428,low,0
STU-2026-0078,0.0231,-0.0739,3.5,3.38,0,0,0.0,0.0,0,0,0.02,low,0
STU-2026-0079,-0.1503,-0.7286,3.14,3.59,1,4,0.1577,0.1699,1,1,0.4983,medium,0
STU-2026-0080,-0.001,-0.0659,3.95,4.01,0,0,0.0,0.0,1,0,0.02,low,0
STU-2026-0081,0.0762,0.1052,4.89,4.52,1,0,0.0,0.0,0,0,0.02,low,0
STU-2026-0082,-0.0475,0.2318,4.52,4.64,0,0,0.0,0.0,0,1,0.02,low,0
STU-2026-0083,0.0298,0.4161,3.05,3.35,0,2,0.0,0.0,0,0,0.02,low,0
STU-2026-0084,0.0242,0.2065,4.84,4.71,1,0,0.0,0.0,0,0,0.02,low,0
STU-2026-0085,0.0804,-0.0466,4.32,4.52,0,0,0.0,0.0,0,0,0.0325,low,0
STU-2026-0086,-0.1245,-0.7324,2.93,3.32,4,1,0.1134,0.1828,0,0,0.5532,medium,0
STU-2026-0087,0.0738,0.4111,3.97,4.47,0,0,0.0,0.0,1,0,0.0611,low,0
STU-2026-0088,-0.0613,-0.7595,2.22,2.36,4,2,0.1377,0.1496,0,0,0.5401,medium,0
STU-2026-0089,0.0386,-0.1752,4.06,3.84,0,0,0.0,0.0,0,0,0.02,low,0
STU-2026-0090,0.1152,-0.5089,4.22,4.73,2,2,0.0,0.0,0,0,0.02,low,0
STU-2026-0091,-0.0239,0.4135,3.81,3.96,1,0,0.0,0.0,0,0,0.02,low,0
STU-2026-0092,-0.1059,-0.9645,2.22,2.58,1,0,0.151,0.2093,1,0,0.5721,medium,0
STU-2026-0093,0.033,0.2036,4.24,4.08,0,0,0.0,0.0,1,0,0.02,low,0
STU-2026-0094,-0.0419,0.6135,4.44,4.97,0,0,0.0,0.0,0,0,0.02,low,0
STU-2026-0095,-0.1337,-0.8292,3.0,3.02,5,0,0.1112,0.2633,0,0,0.6236,medium,0
STU-2026-0096,0.0114,-0.1182,3.74,3.67,0,0,0.0,0.0,1,0,0.02,low,0
STU-2026-0097,-0.6033,-2.0733,1.76,1.43,9,4,0.1835,0.3336,1,1,0.8867,high,1
STU-2026-0098,0.0541,0.2519,4.51,4.18,0,0,0.0,0.0,0,0,0.02,low,0
STU-2026-0099,0.0151,0.2068,3.98,4.18,2,0,0.0,0.0,0,0,0.0349,low,0
STU-2026-0100,-0.2431,-1.0168,3.37,3.42,7,2,0.1496,0.2048,1,1,0.6222,medium,0
STU-2026-0101,-0.0061,-0.021,4.58,4.62,1,0,0.0,0.0,0,0,0.0265,low,0
STU-2026-0102,-0.0692,0.4964,4.29,4.23,0,0,0.0,0.0,0,0,0.02,low,0
STU-2026-0103,0.0689,-0.1122,3.91,4.41,0,0,0.0,0.0,0,0,0.02,low,0
STU-2026-0104,-0.0979,-1.2861,2.56,2.42,1,3,0.1296,0.2046,0,0,0.5685,medium,0
STU-2026-0105,-0.1623,-0.6497,3.93,4.17,2,3,0.1074,0.1546,1,1,0.4805,medium,0
STU-2026-0106,-0.0951,-0.3763,2.69,3.0,4,1,0.1459,0.1944,1,0,0.5561,medium,0
STU-2026-0107,-0.1954,-0.8334,2.86,3.08,2,0,0.172,0.1543,0,0,0.5517,medium,0
STU-2026-0108,0.0274,0.3368,3.84,4.15,0,0,0.0,0.0,0,0,0.02,low,0
STU-2026-0109,0.0142,0.3042,4.35,4.48,0,0,0.0,0.0,0,0,0.0314,low,0
STU-2026-0110,-0.4981,-1.6669,1.21,1.51,10,3,0.3592,0.3664,2,1,0.884,high,1
STU-2026-0111,-0.1417,-1.0436,2.6,2.53,3,1,0.1203,0.179,1,0,0.5557,medium,0
STU-2026-0112,-0.2524,-0.2312,2.52,2.56,3,1,0.1367,0.1819,1,0,0.516,medium,0
STU-2026-0113,-0.0159,0.286,3.95,4.47,1,0,0.0,0.0,0,0,0.02,low,0
STU-2026-0114,-0.0325,0.0565,4.78,4.36,0,0,0.0,0.0,0,0,0.02,low,0
STU-2026-0115,-0.2365,-1.1902,2.72,2.63,2,1,0.1686,0.1239,0,0,0.4961,medium,0
STU-2026-0116,0.0753,0.4657,4.17,4.4,0,0,0.0,0.0,0,0,0.02,low,0
STU-2026-0117,-0.1563,-0.7151,2.57,2.87,1,0,0.1443,0.1065,1,0,0.4647,medium,0
STU-2026-0118,-0.0363,-0.5041,5.0,4.97,1,0,0.0,0.0,0,0,0.0867,low,0
STU-2026-0119,0.0174,-0.085,3.93,3.44,0,0,0.0,0.0,0,0,0.02,low,0
STU-2026-0120,-0.5056,-1.6586,2.38,1.99,4,4,0.1111,0.2874,2,0,0.7686,high,1
STU-2026-0121,0.0022,0.3717,4.31,3.81,0,0,0.0,0.0,0,0,0.02,low,0
STU-2026-0122,-0.0615,0.5218,4.25,4.47,1,0,0.0,0.0,1,0,0.0249,low,0
STU-2026-0123,0.0536,0.6278,4.2,4.08,0,0,0.0,0.0,0,0,0.02,low,0
STU-2026-0124,-0.0248,0.3416,4.69,4.67,1,0,0.0,0.0,0,0,0.02,low,0
STU-2026-0125,0.0037,0.0621,4.1,4.07,0,0,0.0,0.0,0,0,0.02,low,0
STU-2026-0126,0.0357,0.4556,4.61,4.63,0,0,0.0,0.0,0,0,0.02,low,0
STU-2026-0127,0.0369,0.3562,3.8,4.07,0,0,0.0,0.0,0,0,0.02,low,0
STU-2026-0128,-0.6311,-1.9065,1.56,1.6,4,2,0.2247,0.2233,3,1,0.8465,high,1
STU-2026-0129,-0.0866,-0.3493,4.09,4.23,1,1,0.0,0.0,0,0,0.0405,low,0
STU-2026-0130,-0.1907,-0.5656,3.24,3.47,1,0,0.0581,0.1962,0,0,0.4732,medium,0
STU-2026-0131,0.0787,0.0883,4.73,4.3,1,0,0.0,0.0,0,0,0.02,low,0
STU-2026-0132,0.0378,0.4466,4.67,4.6,0,1,0.0,0.0,0,0,0.0314,low,0
STU-2026-0133,-0.0551,0.4011,4.33,4.05,1,0,0.0,0.0,0,0,0.02,low,0
STU-2026-0134,0.0391,0.3385,4.86,5.0,1,1,0.0,0.0,0,0,0.02,low,0
STU-2026-0135,-0.0093,0.0608,4.38,4.19,1,0,0.0,0.0,0,0,0.02,low,0
STU-2026-0136,-0.0323,0.6133,4.13,4.65,0,0,0.0,0.0,0,0,0.0411,low,0
STU-2026-0137,-0.1472,-1.0919,2.68,2.92,5,3,0.1433,0.108,0,0,0.5539,medium,0
STU-2026-0138,0.0715,0.2583,4.35,4.14,0,1,0.0,0.0,0,0,0.02,low,0
STU-2026-0139,0.007,0.6592,4.56,4.32,0,0,0.0,0.0,0,0,0.02,low,0
STU-2026-0140,0.046,-0.0496,3.46,3.91,1,1,0.0,0.0,0,0,0.02,low,0
STU-2026-0141,-0.068,0.2758,3.76,3.67,2,0,0.0,0.0,0,0,0.0646,low,0
STU-2026-0142,-0.1458,-0.9842,3.84,3.35,3,2,0.1903,0.1297,0,0,0.531,medium,0
STU-2026-0143,0.0183,-0.4413,3.82,3.51,0,1,0.0,0.0,1,0,0.0301,low,0
STU-2026-0144,0.0088,0.3874,3.43,3.96,0,1,0.0,0.0,0,0,0.02,low,0
STU-2026-0145,0.0056,0.6793,4.24,4.5,0,0,0.0,0.0,0,0,0.02,low,0
STU-2026-0146,-0.2313,-1.5284,1.7,2.09,7,2,0.3704,0.3083,2,2,0.9185,high,1
STU-2026-0147,0.0229,0.5207,4.05,3.79,0,0,0.0,0.0,0,0,0.0547,low,0
STU-2026-0148,0.0074,0.467,4.37,4.16,0,0,0.0,0.0,0,0,0.02,low,0
STU-2026-0149,-0.0568,0.0894,5.0,4.85,2,0,0.0,0.0,0,0,0.0327,low,0
STU-2026-0150,0.0452,0.0065,4.54,4.14,1,1,0.0,0.0,0,0,0.02,low,0
STU-2026-0151,-0.0329,0.4359,4.17,3.72,0,0,0.0,0.0,0,0,0.02,low,0
STU-2026-0152,-0.0156,0.3336,4.03,3.9,1,0,0.0,0.0,0,0,0.0363,low,0
STU-2026-0153,-0.0887,-0.7886,3.15,3.32,3,0,0.139,0.1916,0,0,0.5302,medium,0
STU-2026-0154,-0.0565,0.4857,3.88,4.24,0,0,0.0,0.0,0,0,0.02,low,0
STU-2026-0155,-0.0208,-0.0477,4.03,3.9,0,0,0.0,0.0,0,0,0.0517,low,0
STU-2026-0156,-0.2135,-0.8271,3.19,2.81,3,2,0.1433,0.1277,0,0,0.5024,medium,0
STU-2026-0157,-0.1241,-0.8536,3.75,3.28,3,1,0.1298,0.1632,2,1,0.5496,medium,0
STU-2026-0158,0.0193,0.4673,4.33,3.6,0,0,0.0,0.0,0,0,0.02,low,0
STU-2026-0159,0.1084,0.3672,4.11,3.82,0,0,0.0,0.0,0,0,0.02,low,0
STU-2026-0160,-0.1673,-1.0007,3.35,3.34,1,2,0.1114,0.1698,0,0,0.5656,medium,0
STU-2026-0161,-0.04,-0.237,4.71,4.75,0,0,0.0,0.0,0,0,0.02,low,0
STU-2026-0162,-0.0018,0.4558,4.82,4.49,1,0,0.0,0.0,0,0,0.02,low,0
STU-2026-0163,0.0129,0.1588,4.73,4.68,0,0,0.0,0.0,0,0,0.0434,low,0
STU-2026-0164,0.0194,0.3482,4.47,4.48,0,0,0.0,0.0,0,0,0.02,low,0
STU-2026-0165,-0.1204,-0.6493,2.66,2.93,4,0,0.128,0.1992,0,0,0.5305,medium,0
STU-2026-0166,-0.2566,-0.5612,3.12,3.08,4,1,0.1349,0.081,0,0,0.5539,medium,0
STU-2026-0167,0.0162,0.3533,5.0,4.73,3,0,0.0,0.0,1,0,0.02,low,0
STU-2026-0168,0.0488,0.1177,4.05,3.7,0,0,0.0,0.0,0,0,0.0263,low,0
STU-2026-0169,0.0221,0.1146,4.01,3.92,0,0,0.0,0.0,1,0,0.02,low,0
STU-2026-0170,0.0368,0.3624,4.38,4.62,0,0,0.0,0.0,0,0,0.02,low,0
STU-2026-0171,0.0363,0.2183,4.15,4.01,0,2,0.0,0.0,0,0,0.02,low,0
STU-2026-0172,-0.016,0.1052,3.74,3.62,1,0,0.0,0.0,0,0,0.0442,low,0
STU-2026-0173,0.0171,-0.0773,4.33,4.3,0,0,0.0,0.0,0,0,0.076,low,0
STU-2026-0174,-0.0653,0.2195,4.54,5.0,0,0,0.0,0.0,0,0,0.02,low,0
STU-2026-0175,-0.0312,0.5364,4.08,4.42,0,1,0.0,0.0,1,0,0.02,low,0
STU-2026-0176,0.0721,-0.1451,3.76,3.53,1,0,0.0,0.0,0,0,0.0412,low,0
STU-2026-0177,0.1006,0.3861,3.25,3.14,0,0,0.0,0.0,0,0,0.02,low,0
STU-2026-0178,0.0487,0.4968,4.25,4.57,0,0,0.0,0.0,1,0,0.0323,low,0
STU-2026-0179,0.066,0.3718,4.41,4.55,0,1,0.0,0.0,0,0,0.0371,low,0
STU-2026-0180,-0.0305,0.5287,4.44,4.04,1,0,0.0,0.0,0,0,0.0301,low,0
STU-2026-0181,0.0664,0.5324,3.78,3.49,1,0,0.0,0.0,0,0,0.02,low,0
STU-2026-0182,-0.0737,0.0492,4.18,3.55,0,0,0.0,0.0,0,0,0.0548,low,0
STU-2026-0183,0.0575,0.6268,4.0,3.82,0,0,0.0,0.0,1,0,0.02,low,0
STU-2026-0184,0.0543,0.1767,4.16,4.21,2,1,0.0,0.0,0,0,0.02,low,0
STU-2026-0185,-0.1383,-0.4542,3.21,3.57,3,1,0.141,0.1926,0,0,0.5519,medium,0
STU-2026-0186,-0.5189,-1.7518,2.55,2.57,6,3,0.2936,0.3432,1,1,0.865,high,1
STU-2026-0187,0.007,0.5857,4.63,4.5,0,0,0.0,0.0,0,0,0.0374,low,0
STU-2026-0188,-0.095,-0.6275,3.1,2.98,4,1,0.1652,0.186,1,1,0.518,medium,0
STU-2026-0189,0.1032,0.5404,3.94,4.0,1,0,0.0,0.0,0,0,0.02,low,0
STU-2026-0190,-0.0242,-0.1854,4.09,4.34,0,0,0.0,0.0,0,0,0.0397,low,0
STU-2026-0191,-0.0246,-0.3567,4.01,3.84,0,0,0.0,0.0,0,0,0.02,low,0
STU-2026-0192,-0.0607,0.5081,4.08,3.87,0,0,0.0,0.0,0,0,0.0574,low,0
STU-2026-0193,0.0229,-0.4234,4.06,4.16,1,0,0.0,0.0,0,0,0.0466,low,0
STU-2026-0194,0.0368,-0.157,4.28,3.9,0,0,0.0,0.0,1,0,0.02,low,0
STU-2026-0195,-0.0579,0.1433,5.0,4.96,0,0,0.0,0.0,0,0,0.02,low,0
STU-2026-0196,-0.213,-0.792,3.85,3.4,3,0,0.1702,0.1789,1,0,0.5331,medium,0
STU-2026-0197,-0.0053,0.035,3.92,4.4,0,0,0.0,0.0,0,0,0.02,low,0
STU-2026-0198,-0.0258,0.3569,3.6,3.78,0,1,0.0,0.0,0,0,0.0549,low,0
STU-2026-0199,-0.0525,0.0621,3.57,4.67,1,0,0.0,0.0,0,0,0.02,low,0
STU-2026-0200,-0.0361,-0.0673,5.0,4.77,0,0,0.0,0.0,0,0,0.02,low,0
STU-2026-0201,0.0648,0.0292,4.0,4.15,0,0,0.0,0.0,0,0,0.02,low,0
STU-2026-0202,-0.0125,0.4325,4.6,3.86,1,0,0.0,0.0,1,0,0.02,low,0
STU-2026-0203,-0.0406,0.323,3.68,4.43,0,0,0.0,0.0,1,0,0.02,low,0
STU-2026-0204,0.043,0.1697,4.57,4.21,0,0,0.0,0.0,0,0,0.0331,low,0
STU-2026-0205,0.0226,0.4757,4.31,4.36,1,0,0.0,0.0,0,0,0.02,low,0
STU-2026-0206,-0.1088,-1.0758,3.4,3.67,4,3,0.1706,0.1595,0,1,0.5984,medium,0
STU-2026-0207,0.0134,0.2063,4.26,4.11,1,0,0.0,0.0,0,0,0.02,low,0
STU-2026-0208,0.0943,0.7579,4.61,4.71,0,0,0.0,0.0,0,0,0.02,low,0
STU-2026-0209,0.086,0.2178,3.39,3.65,0,0,0.0,0.0,0,0,0.02,low,0
STU-2026-0210,-0.4341,-1.4507,2.07,2.09,4,2,0.3005,0.3322,3,0,0.8446,high,1
STU-2026-0211,0.0363,0.0167,5.0,4.73,0,0,0.0,0.0,0,0,0.02,low,0
STU-2026-0212,0.0764,0.005,4.12,4.41,0,0,0.0,0.0,0,0,0.0411,low,0
STU-2026-0213,-0.1443,-0.9747,2.43,2.83,2,0,0.1643,0.1506,0,1,0.4884,medium,0
STU-2026-0214,-0.0028,0.4225,3.69,4.02,0,0,0.0,0.0,0,0,0.0547,low,0
STU-2026-0215,0.0356,-0.0822,4.14,3.78,0,0,0.0,0.0,0,0,0.02,low,0
STU-2026-0216,-0.0267,-0.1031,4.57,4.86,0,0,0.0,0.0,0,0,0.02,low,0
STU-2026-0217,0.0616,0.2264,4.52,4.23,0,0,0.0,0.0,0,0,0.0667,low,0
STU-2026-0218,0.0495,0.1655,3.91,4.24,0,0,0.0,0.0,0,0,0.02,low,0
STU-2026-0219,-0.0407,0.4568,4.22,4.24,0,0,0.0,0.0,0,0,0.02,low,0
STU-2026-0220,0.0721,0.3351,4.17,4.18,2,0,0.0,0.0,0,0,0.0302,low,0
STU-2026-0221,-0.6755,-1.9141,1.79,2.18,3,3,0.2679,0.432,2,0,0.8489,high,1
STU-2026-0222,0.0545,0.1452,3.77,4.12,0,0,0.0,0.0,0,0,0.02,low,0
STU-2026-0223,-0.2082,-0.6851,3.28,3.04,2,2,0.1521,0.1715,0,1,0.4988,medium,0
STU-2026-0224,-0.1463,-0.9998,2.67,3.24,5,1,0.1395,0.111,1,0,0.5678,medium,0
STU-2026-0225,-0.0009,0.3022,4.82,4.9,0,1,0.0,0.0,0,0,0.02,low,0
STU-2026-0226,-0.0056,0.6133,4.86,5.0,1,1,0.0,0.0,1,1,0.02,low,0
STU-2026-0227,-0.029,0.7083,4.21,3.96,2,0,0.0,0.0,0,0,0.0691,low,0
STU-2026-0228,-0.0287,0.2831,3.83,4.01,1,0,0.0,0.0,0,0,0.0325,low,0
STU-2026-0229,0.009,0.1236,4.84,4.91,1,0,0.0,0.0,0,0,0.02,low,0
STU-2026-0230,-0.6189,-2.0304,1.81,1.6,3,1,0.1968,0.3704,1,0,0.8981,high,1
STU-2026-0231,-0.0993,-0.9345,2.96,3.3,1,1,0.1507,0.1647,2,0,0.5386,medium,0
STU-2026-0232,0.0364,0.3529,4.13,3.83,0,1,0.0,0.0,0,0,0.0385,low,0
STU-2026-0233,0.1309,-0.0291,4.9,4.75,1,0,0.0,0.0,1,0,0.02,low,0
STU-2026-0234,-0.0908,-0.79,2.62,2.94,1,1,0.1416,0.1935,1,0,0.5639,medium,0
STU-2026-0235,0.0115,0.5632,4.11,4.47,0,0,0.0,0.0,0,0,0.02,low,0
STU-2026-0236,-0.0613,0.3105,4.15,4.29,0,0,0.0,0.0,0,0,0.02,low,0
STU-2026-0237,0.0487,0.5531,4.22,4.3,0,0,0.0,0.0,0,0,0.02,low,0
STU-2026-0238,-0.1337,-0.7817,3.25,2.99,3,0,0.1636,0.1644,1,0,0.5343,medium,0
STU-2026-0239,0.0395,0.0203,4.26,4.12,0,0,0.0,0.0,0,0,0.0263,low,0
STU-2026-0240,0.055,-0.1477,3.48,3.13,1,0,0.0,0.0,0,0,0.02,low,0
STU-2026-0241,0.0194,0.4496,3.87,4.04,1,0,0.0,0.0,0,0,0.0576,low,0
STU-2026-0242,0.0088,0.1093,4.02,3.6,0,0,0.0,0.0,0,0,0.02,low,0
STU-2026-0243,-0.1119,-0.6638,2.33,2.6,3,1,0.1299,0.1762,0,0,0.5706,medium,0
STU-2026-0244,-0.063,-0.0948,3.32,3.99,2,0,0.0,0.0,0,0,0.0283,low,0
STU-2026-0245,-0.5447,-1.7096,1.55,1.66,5,2,0.2096,0.36,1,1,0.8851,high,1
STU-2026-0246,-0.4002,-2.3613,1.29,1.48,8,4,0.2229,0.3112,1,1,0.9106,high,1
STU-2026-0247,0.0233,0.3812,4.23,4.01,0,0,0.0,0.0,0,0,0.02,low,0
STU-2026-0248,-0.2472,-0.9485,2.77,2.59,4,1,0.1612,0.171,0,1,0.5458,medium,0
STU-2026-0249,-0.4771,-1.8665,2.28,1.95,3,6,0.2138,0.303,1,0,0.7776,high,1
STU-2026-0250,-0.056,-0.1408,3.85,3.64,0,0,0.0,0.0,0,0,0.0481,low,0
STU-2026-0251,-0.4543,-1.7434,1.86,2.06,9,5,0.2532,0.2505,1,0,0.8615,high,1
STU-2026-0252,0.0265,0.2121,4.57,4.19,0,0,0.0,0.0,0,0,0.02,low,0
STU-2026-0253,-0.7087,-1.7648,1.74,1.97,9,6,0.1831,0.3001,2,0,0.8755,high,1
STU-2026-0254,0.0959,0.5936,3.43,3.66,0,0,0.0,0.0,0,0,0.02,low,0
STU-2026-0255,0.073,0.3996,4.07,4.1,0,1,0.0,0.0,0,0,0.02,low,0
STU-2026-0256,0.05,0.3267,4.06,3.99,0,0,0.0,0.0,1,0,0.02,low,0
STU-2026-0257,0.0565,0.0209,4.19,3.96,1,0,0.0,0.0,0,0,0.02,low,0
STU-2026-0258,-0.1653,-0.3031,2.28,2.78,5,1,0.0919,0.1941,0,0,0.5063,medium,0
STU-2026-0259,0.0731,0.1695,4.26,4.24,1,0,0.0,0.0,0,0,0.02,low,0
STU-2026-0260,0.0593,0.197,4.56,4.54,0,0,0.0,0.0,0,0,0.02,low,0
STU-2026-0261,0.0122,-0.1517,3.95,3.83,0,0,0.0,0.0,0,0,0.02,low,0
STU-2026-0262,-0.1206,-0.1372,3.17,3.02,5,0,0.1357,0.1838,1,0,0.5035,medium,0
STU-2026-0263,-0.5275,-1.8219,1.55,1.78,6,3,0.2711,0.3024,1,0,0.8771,high,1
STU-2026-0264,0.0598,0.0316,3.86,4.25,0,0,0.0,0.0,0,0,0.0265,low,0
STU-2026-0265,0.0811,0.1228,4.39,4.28,0,0,0.0,0.0,0,0,0.02,low,0
STU-2026-0266,0.0378,0.3363,3.64,3.99,1,0,0.0,0.0,0,0,0.02,low,0
STU-2026-0267,-0.0265,0.1725,4.28,4.12,0,0,0.0,0.0,0,0,0.02,low,0
STU-2026-0268,-0.073,-0.719,2.85,2.84,2,1,0.1254,0.1232,1,0,0.5358,medium,0
STU-2026-0269,0.0245,0.4012,3.85,3.88,1,0,0.0,0.0,0,0,0.02,low,0
STU-2026-0270,0.0039,0.2778,4.48,4.33,0,1,0.0,0.0,0,0,0.042,low,0
STU-2026-0271,-0.0093,0.84,5.0,4.84,0,0,0.0,0.0,0,0,0.02,low,0
STU-2026-0272,-0.1865,-0.6663,3.15,2.69,1,1,0.0515,0.1646,0,0,0.4955,medium,0
STU-2026-0273,0.0165,-0.0582,4.32,4.49,1,0,0.0,0.0,0,0,0.02,low,0
STU-2026-0274,0.047,0.327,4.0,4.16,0,0,0.0,0.0,0,1,0.02,low,0
STU-2026-0275,-0.092,-0.9661,3.03,3.52,5,1,0.1229,0.2139,2,0,0.5376,medium,0
STU-2026-0276,-0.1382,-0.7279,2.75,2.65,1,0,0.1697,0.1256,1,0,0.5522,medium,0
STU-2026-0277,0.0086,0.0229,3.9,3.9,0,0,0.0,0.0,0,0,0.02,low,0
STU-2026-0278,0.0606,0.1002,4.06,4.11,1,0,0.0,0.0,0,1,0.02,low,0
STU-2026-0279,-0.3923,-1.9898,1.2,1.93,4,2,0.301,0.2997,1,1,0.8843,high,1
STU-2026-0280,0.1526,0.5979,3.86,3.85,0,0,0.0,0.0,0,0,0.02,low,0
STU-2026-0281,0.0477,0.0763,4.3,4.78,0,0,0.0,0.0,1,0,0.02,low,0
STU-2026-0282,0.0291,0.6608,4.29,4.31,0,0,0.0,0.0,0,0,0.02,low,0
STU-2026-0283,-0.1562,-1.1525,3.19,3.18,1,0,0.1178,0.164,0,0,0.4826,medium,0
STU-2026-0284,-0.1921,-0.7226,2.36,2.81,6,0,0.157,0.2315,2,0,0.6069,medium,0
STU-2026-0285,-0.4407,-1.605,1.95,2.01,4,3,0.2895,0.4321,2,0,0.9274,high,1
STU-2026-0286,0.0064,0.5598,4.91,4.87,1,0,0.0,0.0,0,0,0.02,low,0
STU-2026-0287,-0.017,0.6134,4.18,4.18,1,0,0.0,0.0,0,0,0.02,low,0
STU-2026-0288,-0.393,-2.3818,1.41,1.9,3,3,0.2467,0.3372,2,2,0.8248,high,1
STU-2026-0289,0.0526,0.2225,3.81,3.68,1,0,0.0,0.0,0,0,0.02,low,0
STU-2026-0290,0.0492,-0.2538,3.67,4.11,0,0,0.0,0.0,0,0,0.0318,low,0
STU-2026-0291,-0.1504,-0.2168,2.94,2.84,5,2,0.0526,0.12,1,0,0.4651,medium,0
STU-2026-0292,-0.5766,-2.716,1.0,1.29,11,2,0.2891,0.3238,1,0,0.98,high,1
STU-2026-0293,-0.1213,-0.8958,3.4,3.56,1,2,0.1034,0.1041,1,1,0.4784,medium,0
STU-2026-0294,0.0197,0.7015,3.79,3.77,2,0,0.0,0.0,0,0,0.0286,low,0
STU-2026-0295,0.01,0.1811,4.66,5.0,0,0,0.0,0.0,0,0,0.02,low,0
STU-2026-0296,-0.0057,0.4867,4.17,4.2,1,1,0.0,0.0,0,0,0.0323,low,0
STU-2026-0297,0.0167,0.3999,3.71,3.43,0,0,0.0,0.0,0,0,0.0253,low,0
STU-2026-0298,0.0671,0.1609,4.16,3.88,0,0,0.0,0.0,0,0,0.0324,low,0
STU-2026-0299,-0.0115,0.3265,3.73,3.62,0,0,0.0,0.0,0,0,0.02,low,0
STU-2026-0300,-0.4485,-2.4487,1.65,1.58,7,2,0.284,0.3322,1,1,0.9184,high,1
STU-2026-0301,0.0228,-0.1297,5.0,5.0,0,0,0.0,0.0,0,0,0.02,low,0
STU-2026-0302,-0.2805,-0.4262,3.26,3.79,1,2,0.1303,0.1228,0,0,0.4464,medium,0
STU-2026-0303,-0.1206,-0.5137,2.67,3.44,5,0,0.1459,0.1519,2,0,0.5167,medium,0
STU-2026-0304,0.0409,0.0544,4.24,4.35,0,0,0.0,0.0,1,0,0.035,low,0
STU-2026-0305,-0.4051,-2.1525,1.26,1.94,8,4,0.2178,0.2971,1,1,0.8678,high,1
STU-2026-0306,-0.3347,-1.9506,1.47,1.65,5,5,0.2914,0.2477,2,1,0.8832,high,1
STU-2026-0307,0.0374,0.4955,4.46,4.14,0,0,0.0,0.0,0,0,0.02,low,0
STU-2026-0308,-0.04,0.2035,4.9,4.75,0,1,0.0,0.0,0,0,0.02,low,0
STU-2026-0309,-0.1404,-0.4986,3.42,3.55,4,0,0.1599,0.1894,0,0,0.5194,medium,0
STU-2026-0310,-0.3433,-1.9722,1.31,1.5,9,4,0.2094,0.2961,2,1,0.9079,high,1
STU-2026-0311,-0.0463,0.0388,3.99,4.43,0,0,0.0,0.0,0,0,0.02,low,0
STU-2026-0312,-0.0302,0.2586,4.94,4.81,1,0,0.0,0.0,0,0,0.02,low,0
STU-2026-0313,-0.0376,0.1746,4.23,4.26,0,0,0.0,0.0,0,0,0.02,low,0
STU-2026-0314,-0.0842,0.645,4.87,5.0,1,0,0.0,0.0,0,0,0.0423,low,0
STU-2026-0315,0.0118,0.4754,4.32,4.15,0,0,0.0,0.0,0,0,0.02,low,0
STU-2026-0316,-0.3379,-1.5261,2.04,2.09,8,1,0.2828,0.3169,1,0,0.8698,high,1
STU-2026-0317,-0.0716,0.169,4.81,4.81,1,1,0.0,0.0,0,0,0.02,low,0
STU-2026-0318,-0.008,0.191,4.16,4.41,1,1,0.0,0.0,0,0,0.02,low,0
STU-2026-0319,-0.2045,-0.7923,2.39,2.18,4,1,0.1031,0.1462,0,0,0.5238,medium,0
STU-2026-0320,-0.4775,-2.06,1.95,1.85,10,5,0.233,0.3488,1,0,0.8435,high,1
STU-2026-0321,-0.0265,0.136,3.62,3.87,0,0,0.0,0.0,0,0,0.0227,low,0
STU-2026-0322,-0.0329,0.534,4.05,3.91,0,0,0.0,0.0,0,0,0.0528,low,0
STU-2026-0323,0.0151,0.1147,4.82,5.0,0,1,0.0,0.0,0,0,0.02,low,0
STU-2026-0324,-0.0337,0.485,3.9,3.98,0,0,0.0,0.0,0,0,0.02,low,0
STU-2026-0325,0.0169,0.5698,4.29,4.46,0,0,0.0,0.0,0,0,0.02,low,0
STU-2026-0326,0.0162,0.1647,4.32,4.11,0,0,0.0,0.0,0,0,0.02,low,0
STU-2026-0327,0.0954,0.4817,4.7,4.17,2,0,0.0,0.0,0,0,0.0483,low,0
STU-2026-0328,0.0604,0.5683,3.95,3.99,0,1,0.0,0.0,0,0,0.0519,low,0
STU-2026-0329,0.0797,0.0581,4.61,4.22,0,0,0.0,0.0,0,0,0.02,low,0
STU-2026-0330,0.0265,0.0217,5.0,5.0,0,0,0.0,0.0,0,0,0.02,low,0
STU-2026-0331,0.0429,0.2162,4.16,4.38,1,0,0.0,0.0,0,0,0.02,low,0
STU-2026-0332,0.0111,0.2112,3.75,3.6,1,0,0.0,0.0,0,0,0.02,low,0
STU-2026-0333,-0.228,-0.8524,3.59,3.5,2,1,0.112,0.1947,0,0,0.482,medium,0
STU-2026-0334,-0.0055,0.1198,4.89,4.68,0,1,0.0,0.0,0,0,0.02,low,0
STU-2026-0335,0.0238,-0.0459,4.6,4.16,0,1,0.0,0.0,0,0,0.02,low,0
STU-2026-0336,-0.0071,0.2506,4.09,3.74,0,1,0.0,0.0,0,0,0.02,low,0
STU-2026-0337,0.1246,0.538,5.0,4.13,0,0,0.0,0.0,1,0,0.02,low,0
STU-2026-0338,0.048,0.0978,4.27,4.77,1,0,0.0,0.0,0,0,0.0464,low,0
STU-2026-0339,-0.1847,-0.4953,3.2,3.45,2,1,0.151,0.0713,0,0,0.4954,medium,0
STU-2026-0340,-0.1471,-0.6328,3.2,3.12,5,2,0.1107,0.1867,0,0,0.5824,medium,0
STU-2026-0341,-0.1418,-0.7345,2.64,2.78,7,1,0.1623,0.1132,1,0,0.5055,medium,0
STU-2026-0342,-0.0586,0.2327,4.19,4.14,0,0,0.0,0.0,0,0,0.02,low,0
STU-2026-0343,-0.3613,-1.8342,2.43,2.48,10,3,0.2126,0.2467,2,1,0.9007,high,1
STU-2026-0344,-0.0177,0.3164,4.11,3.74,0,1,0.0,0.0,0,0,0.02,low,0
STU-2026-0345,0.0505,0.1677,4.42,5.0,1,0,0.0,0.0,0,0,0.02,low,0
STU-2026-0346,-0.0181,0.1247,4.38,4.51,0,0,0.0,0.0,0,0,0.0764,low,0
STU-2026-0347,0.0296,0.219,4.47,3.95,1,0,0.0,0.0,0,0,0.02,low,0
STU-2026-0348,-0.0152,0.2043,4.83,4.59,0,0,0.0,0.0,0,0,0.0204,low,0
STU-2026-0349,-0.0588,0.1455,4.38,3.85,1,0,0.0,0.0,0,0,0.058,low,0
STU-2026-0350,-0.2317,-0.6017,2.79,2.82,5,3,0.1689,0.1666,0,0,0.6215,medium,0
STU-2026-0351,0.0161,0.2134,4.59,4.3,0,0,0.0,0.0,0,0,0.02,low,0
STU-2026-0352,-0.0171,0.0868,4.18,3.9,0,0,0.0,0.0,0,1,0.0358,low,0
STU-2026-0353,-0.0003,0.2048,3.99,4.34,0,0,0.0,0.0,0,0,0.02,low,0
STU-2026-0354,-0.0052,0.2231,4.99,5.0,0,0,0.0,0.0,0,0,0.0469,low,0
STU-2026-0355,-0.37,-2.0675,1.94,1.82,8,3,0.3216,0.2857,1,1,0.88,high,1
STU-2026-0356,-0.0248,-0.1219,3.9,4.49,1,0,0.0,0.0,0,0,0.02,low,0
STU-2026-0357,0.0021,0.0539,4.24,4.37,1,0,0.0,0.0,1,0,0.021,low,0
STU-2026-0358,0.0435,0.5454,3.64,3.36,0,0,0.0,0.0,0,0,0.02,low,0
STU-2026-0359,0.0623,0.1415,3.88,4.21,1,1,0.0,0.0,0,0,0.02,low,0
STU-2026-0360,0.0328,0.2678,4.2,4.04,0,0,0.0,0.0,0,0,0.02,low,0
STU-2026-0361,0.0393,0.2635,4.94,4.61,1,0,0.0,0.0,0,0,0.0446,low,0
STU-2026-0362,0.115,0.3273,3.48,3.6,0,0,0.0,0.0,0,0,0.02,low,0
STU-2026-0363,-0.0793,-1.0643,2.99,2.83,1,1,0.142,0.1759,1,0,0.5167,medium,0
STU-2026-0364,-0.1535,-0.442,3.18,3.1,3,0,0.1284,0.1669,1,0,0.4733,medium,0
STU-2026-0365,0.034,0.1006,4.46,4.25,0,0,0.0,0.0,0,0,0.02,low,0
STU-2026-0366,0.0512,0.3883,4.66,4.76,1,0,0.0,0.0,0,0,0.02,low,0
STU-2026-0367,0.0843,-0.1244,4.36,4.28,2,0,0.0,0.0,0,0,0.02,low,0
STU-2026-0368,-0.1772,-0.3066,2.54,2.73,1,1,0.1497,0.1618,0,0,0.4973,medium,0
STU-2026-0369,-0.0242,0.1894,4.38,4.11,0,0,0.0,0.0,0,0,0.02,low,0
STU-2026-0370,0.1341,0.0773,3.87,4.0,1,0,0.0,0.0,0,0,0.0413,low,0
STU-2026-0371,-0.1988,-0.7607,3.55,3.33,3,2,0.1398,0.1425,2,0,0.5319,medium,0
STU-2026-0372,-0.0443,0.1634,4.71,4.55,1,0,0.0,0.0,0,1,0.02,low,0
STU-2026-0373,0.0356,0.3673,4.17,4.16,1,0,0.0,0.0,0,0,0.027,low,0
STU-2026-0374,-0.0019,0.3945,4.59,4.45,2,0,0.0,0.0,0,0,0.02,low,0
STU-2026-0375,0.0232,-0.2935,4.35,3.79,0,0,0.0,0.0,0,0,0.02,low,0
STU-2026-0376,0.0742,0.225,4.23,4.18,1,0,0.0,0.0,0,0,0.02,low,0
STU-2026-0377,-0.4209,-1.7533,2.17,2.09,7,2,0.2399,0.3225,1,0,0.8637,high,1
STU-2026-0378,-0.3714,-1.4856,1.84,1.63,9,4,0.2094,0.3292,1,0,0.9134,high,1
STU-2026-0379,0.0363,0.195,3.59,3.22,0,0,0.0,0.0,0,0,0.02,low,0
STU-2026-0380,0.0398,0.2786,4.58,4.22,0,0,0.0,0.0,0,0,0.0335,low,0
STU-2026-0381,0.0346,-0.0572,3.77,3.75,0,0,0.0,0.0,0,0,0.02,low,0
STU-2026-0382,-0.0108,-0.3568,4.65,4.47,0,0,0.0,0.0,0,0,0.02,low,0
STU-2026-0383,0.0488,0.6281,4.15,4.6,0,1,0.0,0.0,1,0,0.02,low,0
STU-2026-0384,-0.0478,-0.0631,4.3,4.57,0,0,0.0,0.0,1,0,0.02,low,0
STU-2026-0385,0.0292,0.2586,3.17,3.96,0,0,0.0,0.0,0,0,0.02,low,0
STU-2026-0386,-0.2067,-1.3778,1.21,1.5,11,3,0.3141,0.3275,2,0,0.968,high,1
STU-2026-0387,-0.5825,-1.9162,1.77,1.63,7,2,0.2013,0.3983,2,0,0.9056,high,1
STU-2026-0388,0.0996,0.353,3.87,3.84,0,2,0.0,0.0,0,0,0.02,low,0
STU-2026-0389,-0.0036,0.2981,4.55,4.21,0,0,0.0,0.0,0,0,0.02,low,0
STU-2026-0390,-0.1898,-0.9375,2.12,2.88,1,0,0.138,0.1521,2,0,0.5297,medium,0
STU-2026-0391,0.0009,0.0368,3.98,3.99,1,1,0.0,0.0,0,0,0.0298,low,0
STU-2026-0392,-0.0966,-0.2082,3.83,4.49,0,0,0.0,0.0,0,0,0.02,low,0
STU-2026-0393,-0.1665,-0.4679,2.09,2.04,2,2,0.1902,0.1713,0,0,0.5169,medium,0
STU-2026-0394,-0.0152,0.1923,4.96,4.64,0,1,0.0,0.0,0,0,0.0201,low,0
STU-2026-0395,0.0329,0.1556,4.2,3.96,0,0,0.0,0.0,0,0,0.0452,low,0
STU-2026-0396,0.0743,0.4695,4.82,4.16,2,1,0.0,0.0,0,0,0.066,low,0
STU-2026-0397,-0.4436,-2.0091,1.5,1.28,5,2,0.2369,0.2839,4,0,0.8328,high,1
STU-2026-0398,0.1105,0.2959,4.24,4.21,0,0,0.0,0.0,0,0,0.02,low,0
STU-2026-0399,0.0158,0.1739,3.81,4.43,1,1,0.0,0.0,0,0,0.02,low,0
STU-2026-0400,0.0088,0.2298,4.59,4.47,0,0,0.0,0.0,0,0,0.054,low,0
STU-2026-0401,-0.0167,0.1615,3.4,3.53,0,0,0.0,0.0,0,0,0.02,low,0
STU-2026-0402,0.0456,0.1935,4.54,4.39,0,0,0.0,0.0,0,0,0.02,low,0
STU-2026-0403,-0.0162,0.3537,4.25,4.22,2,1,0.0,0.0,0,0,0.02,low,0
STU-2026-0404,-0.0101,0.3714,4.66,4.23,1,1,0.0,0.0,0,0,0.0396,low,0
STU-2026-0405,-0.0193,-0.144,4.59,4.18,0,0,0.0,0.0,0,0,0.02,low,0
STU-2026-0406,-0.0746,-0.0363,4.23,4.19,0,1,0.0,0.0,0,0,0.02,low,0
STU-2026-0407,-0.25,-0.7304,3.21,3.64,2,1,0.1363,0.1618,1,0,0.5069,medium,0
STU-2026-0408,0.0132,-0.2729,3.75,3.61,2,0,0.0,0.0,0,0,0.0827,low,0
STU-2026-0409,-0.0225,0.2807,3.99,3.6,0,0,0.0,0.0,0,0,0.02,low,0
STU-2026-0410,-0.2026,-0.7431,2.46,2.48,5,1,0.1594,0.0936,2,0,0.5236,medium,0
STU-2026-0411,0.0733,0.2905,3.97,4.23,0,0,0.0,0.0,0,1,0.0321,low,0
STU-2026-0412,-0.1231,-1.0367,3.09,3.2,2,0,0.1579,0.162,0,0,0.575,medium,0
STU-2026-0413,0.0905,0.3442,4.79,3.9,1,0,0.0,0.0,0,0,0.0576,low,0
STU-2026-0414,0.0603,0.2524,4.49,4.58,1,0,0.0,0.0,0,0,0.0251,low,0
STU-2026-0415,0.0415,0.3896,3.96,4.13,1,0,0.0,0.0,0,0,0.0235,low,0
STU-2026-0416,-0.1283,-0.8403,3.52,3.73,3,3,0.1679,0.195,0,0,0.5268,medium,0
STU-2026-0417,0.0298,0.1354,4.55,4.54,0,0,0.0,0.0,0,0,0.0245,low,0
STU-2026-0418,0.0318,0.1765,4.21,4.37,0,0,0.0,0.0,0,0,0.02,low,0
STU-2026-0419,-0.0315,0.1589,3.98,4.07,0,0,0.0,0.0,0,0,0.02,low,0
STU-2026-0420,-0.0282,0.3143,4.22,3.75,0,0,0.0,0.0,0,0,0.02,low,0
STU-2026-0421,0.0725,0.0252,4.33,4.08,0,1,0.0,0.0,1,0,0.02,low,0
STU-2026-0422,-0.0334,0.4615,3.78,3.8,0,0,0.0,0.0,0,1,0.02,low,0
STU-2026-0423,-0.015,0.1612,4.51,4.17,0,0,0.0,0.0,0,0,0.02,low,0
STU-2026-0424,-0.1439,-0.6031,3.53,3.49,3,2,0.1391,0.1237,0,0,0.5207,medium,0
STU-2026-0425,-0.0033,0.3518,4.03,4.0,0,0,0.0,0.0,0,0,0.02,low,0
STU-2026-0426,0.0594,-0.2021,3.81,4.0,0,1,0.0,0.0,0,0,0.02,low,0
STU-2026-0427,-0.2703,-0.8235,3.28,3.07,3,0,0.1383,0.1941,0,0,0.55,medium,0
STU-2026-0428,0.0209,-0.143,3.85,3.98,1,1,0.0,0.0,0,0,0.0228,low,0
STU-2026-0429,-0.0669,-0.0977,4.18,4.34,0,0,0.0,0.0,0,0,0.02,low,0
STU-2026-0430,0.0007,-0.1695,3.84,3.61,0,0,0.0,0.0,0,0,0.0513,low,0
STU-2026-0431,0.0063,0.3069,4.03,4.44,0,0,0.0,0.0,0,0,0.02,low,0
STU-2026-0432,0.0222,0.4641,4.04,3.93,1,0,0.0,0.0,0,0,0.02,low,0
STU-2026-0433,0.0574,0.1776,4.23,4.36,0,0,0.0,0.0,1,0,0.02,low,0
STU-2026-0434,0.0231,0.7689,4.05,4.15,1,0,0.0,0.0,0,0,0.0491,low,0
STU-2026-0435,-0.2581,-0.3203,3.01,3.12,1,1,0.1247,0.1737,0,0,0.4343,medium,0
STU-2026-0436,-0.0078,0.2666,4.57,4.33,0,0,0.0,0.0,0,0,0.02,low,0
STU-2026-0437,0.0109,-0.1846,3.99,3.88,0,0,0.0,0.0,0,0,0.0226,low,0
STU-2026-0438,-0.4607,-2.1106,1.92,2.38,4,3,0.233,0.3273,3,1,0.9177,high,1
STU-2026-0439,0.0192,0.2922,4.02,3.98,0,0,0.0,0.0,0,0,0.02,low,0
STU-2026-0440,0.0951,0.1149,4.02,4.47,0,1,0.0,0.0,0,0,0.02,low,0
STU-2026-0441,0.0877,0.4344,4.38,4.0,0,0,0.0,0.0,0,0,0.02,low,0
STU-2026-0442,-0.0209,-0.071,4.9,4.48,0,1,0.0,0.0,1,0,0.02,low,0
STU-2026-0443,-0.0013,0.3742,4.06,3.87,0,0,0.0,0.0,0,0,0.02,low,0
STU-2026-0444,0.0555,0.0263,4.36,4.52,0,1,0.0,0.0,1,0,0.02,low,0
STU-2026-0445,-0.6687,-1.7437,2.04,2.38,10,3,0.1921,0.2789,1,0,0.8075,high,1
STU-2026-0446,-0.0212,0.3663,3.81,3.66,0,1,0.0,0.0,0,0,0.02,low,0
STU-2026-0447,-0.0414,0.6239,4.08,4.43,1,0,0.0,0.0,0,0,0.0374,low,0
STU-2026-0448,-0.1447,-0.8997,3.0,2.62,6,0,0.1333,0.1404,1,0,0.5581,medium,0
STU-2026-0449,-0.0149,-0.3174,3.46,3.36,1,1,0.0,0.0,0,0,0.0207,low,0
STU-2026-0450,-0.6897,-1.8154,1.26,1.7,6,2,0.2285,0.3917,4,1,0.8911,high,1
STU-2026-0451,-0.2112,-0.884,3.39,3.35,6,2,0.0762,0.1898,1,0,0.5047,medium,0
STU-2026-0452,-0.0498,-0.5144,3.44,3.25,2,2,0.1242,0.1796,0,0,0.4874,medium,0
STU-2026-0453,0.0458,-0.1372,3.8,4.06,1,0,0.0,0.0,0,0,0.0318,low,0
STU-2026-0454,0.0534,0.6293,4.02,3.87,0,0,0.0,0.0,0,0,0.02,low,0
STU-2026-0455,0.0197,-0.0747,4.72,4.28,0,0,0.0,0.0,0,0,0.02,low,0
STU-2026-0456,0.0148,0.0072,5.0,4.9,1,0,0.0,0.0,0,0,0.02,low,0
STU-2026-0457,-0.0598,-0.1612,3.69,3.88,0,0,0.0,0.0,0,0,0.02,low,0
STU-2026-0458,-0.0471,-0.266,3.9,4.16,0,0,0.0,0.0,0,0,0.0959,low,0
STU-2026-0459,0.0854,0.1713,5.0,4.93,0,1,0.0,0.0,0,1,0.02,low,0
STU-2026-0460,-0.4744,-1.2586,2.69,1.93,3,4,0.3481,0.2719,1,1,0.8101,high,1
STU-2026-0461,0.0168,0.3569,4.57,4.41,0,0,0.0,0.0,0,0,0.0286,low,0
STU-2026-0462,-0.2452,-0.6009,3.06,3.16,3,3,0.1674,0.1505,1,0,0.4879,medium,0
STU-2026-0463,-0.0488,0.2135,4.69,4.83,2,0,0.0,0.0,0,0,0.02,low,0
STU-2026-0464,-0.2505,-0.7108,3.1,2.97,4,0,0.1459,0.1481,0,0,0.5103,medium,0
STU-2026-0465,0.0188,0.3281,4.95,5.0,1,0,0.0,0.0,0,0,0.0558,low,0
STU-2026-0466,-0.0122,0.2202,3.82,3.53,2,0,0.0,0.0,0,0,0.02,low,0
STU-2026-0467,-0.166,-0.5456,3.74,3.62,3,3,0.155,0.1584,1,0,0.5675,medium,0
STU-2026-0468,-0.1706,-0.7038,3.25,3.69,3,1,0.1436,0.1533,2,0,0.4569,medium,0
STU-2026-0469,0.0447,0.0544,4.65,4.65,0,0,0.0,0.0,0,0,0.02,low,0
STU-2026-0470,-0.0776,-1.3637,2.49,2.36,3,2,0.1197,0.1207,0,1,0.612,medium,0
STU-2026-0471,-0.0312,0.1329,4.15,5.0,0,0,0.0,0.0,0,0,0.02,low,0
STU-2026-0472,-0.6015,-2.1295,1.6,1.77,9,3,0.2737,0.2946,2,1,0.9321,high,1
STU-2026-0473,-0.1593,-0.6525,2.55,2.81,7,1,0.1726,0.1546,0,0,0.5357,medium,0
STU-2026-0474,0.0367,-0.2789,4.16,4.07,0,0,0.0,0.0,0,0,0.02,low,0
STU-2026-0475,0.0491,-0.2027,4.36,4.24,0,0,0.0,0.0,0,1,0.0321,low,0
STU-2026-0476,-0.1285,-0.7625,3.06,3.43,1,4,0.092,0.1394,1,0,0.4624,medium,0
STU-2026-0477,-0.133,-1.0985,3.95,3.73,3,1,0.1314,0.129,0,0,0.5045,medium,0
STU-2026-0478,-0.6006,-1.9691,2.46,2.29,4,7,0.1915,0.3546,2,0,0.849,high,1
STU-2026-0479,0.0641,0.0146,4.03,3.53,1,1,0.0,0.0,0,0,0.02,low,0
STU-2026-0480,0.049,0.243,3.89,4.04,1,0,0.0,0.0,0,0,0.02,low,0
STU-2026-0481,0.0441,0.3402,5.0,5.0,1,0,0.0,0.0,0,0,0.0271,low,0
STU-2026-0482,0.017,0.1967,4.3,4.41,0,0,0.0,0.0,1,0,0.02,low,0
STU-2026-0483,-0.3779,-1.5819,1.0,1.0,7,1,0.3106,0.2428,1,1,0.9102,high,1
STU-2026-0484,0.0037,0.7347,4.89,4.46,1,0,0.0,0.0,0,0,0.02,low,0
STU-2026-0485,0.0344,0.479,3.79,3.73,1,1,0.0,0.0,0,0,0.02,low,0
STU-2026-0486,-0.1179,-0.6875,3.44,2.93,5,1,0.1449,0.1917,0,0,0.5101,medium,0
STU-2026-0487,0.0023,-0.0166,4.0,4.17,1,0,0.0,0.0,0,1,0.0246,low,0
STU-2026-0488,-0.0465,0.2323,4.38,4.36,0,0,0.0,0.0,0,0,0.02,low,0
STU-2026-0489,0.1013,-0.2611,4.33,4.24,0,0,0.0,0.0,0,0,0.02,low,0
STU-2026-0490,-0.0061,0.1996,4.12,3.84,0,1,0.0,0.0,0,1,0.02,low,0
STU-2026-0491,-0.0606,-0.0415,4.41,4.17,0,1,0.0,0.0,0,0,0.0216,low,0
STU-2026-0492,-0.0386,0.0809,3.17,3.18,0,2,0.0,0.0,0,0,0.02,low,0
STU-2026-0493,0.0602,0.1017,3.76,4.43,0,0,0.0,0.0,0,0,0.02,low,0
STU-2026-0494,0.1137,0.6096,3.79,3.83,0,0,0.0,0.0,0,0,0.0253,low,0
STU-2026-0495,0.0365,0.0794,3.76,3.76,0,1,0.0,0.0,0,0,0.02,low,0
STU-2026-0496,-0.3877,-1.8921,1.68,1.59,10,6,0.2635,0.3002,3,1,0.9574,high,1
STU-2026-0497,-0.5057,-1.9573,2.25,2.98,4,1,0.176,0.3866,1,0,0.8353,high,1
STU-2026-0498,-0.1465,-0.8311,3.08,3.47,3,0,0.1444,0.1522,0,0,0.5139,medium,0
STU-2026-0499,-0.4511,-2.0742,1.23,1.58,14,1,0.3255,0.4632,1,1,0.9719,high,1
STU-2026-0500,-0.3217,-1.521,1.18,1.61,11,8,0.2922,0.3208,3,0,0.9204,high,1
STU-2026-0501,-0.0263,0.1672,4.13,3.83,0,0,0.0,0.0,0,0,0.02,low,0
STU-2026-0502,0.0733,0.6088,4.32,3.69,3,0,0.0,0.0,1,0,0.02,low,0
STU-2026-0503,0.0125,0.2449,3.39,3.88,0,0,0.0,0.0,0,0,0.02,low,0
STU-2026-0504,-0.0607,0.4072,4.93,4.33,0,0,0.0,0.0,0,0,0.02,low,0
STU-2026-0505,-0.0075,0.1862,4.06,3.77,0,0,0.0,0.0,0,0,0.02,low,0
STU-2026-0506,-0.0008,-0.1465,3.13,3.6,1,0,0.0,0.0,1,0,0.02,low,0
STU-2026-0507,0.0361,-0.1624,3.98,3.74,0,0,0.0,0.0,0,0,0.02,low,0
STU-2026-0508,0.0329,0.4131,4.6,4.16,0,0,0.0,0.0,0,0,0.02,low,0
STU-2026-0509,-0.2164,-0.9268,1.97,2.42,1,0,0.0818,0.1892,1,0,0.5169,medium,0
STU-2026-0510,-0.1767,-1.0016,2.85,2.51,1,2,0.1603,0.158,0,0,0.5373,medium,0
STU-2026-0511,-0.1967,-0.4854,2.98,3.17,0,1,0.155,0.1313,2,0,0.4584,medium,0
STU-2026-0512,-0.2489,-0.3303,1.96,2.16,3,0,0.1489,0.157,0,0,0.5428,medium,0
STU-2026-0513,-0.1232,-0.7708,3.48,3.95,5,1,0.1589,0.1912,0,0,0.578,medium,0
STU-2026-0514,0.0467,0.1333,4.06,4.2,0,0,0.0,0.0,0,0,0.02,low,0
STU-2026-0515,0.0421,0.0598,3.74,3.78,1,0,0.0,0.0,0,0,0.02,low,0
STU-2026-0516,-0.647,-1.8101,1.61,1.73,9,2,0.3078,0.1925,1,0,0.8775,high,1
STU-2026-0517,-0.1913,-0.7859,3.28,3.21,7,1,0.1027,0.2023,1,0,0.5747,medium,0
STU-2026-0518,-0.3818,-1.985,1.62,1.99,7,3,0.2507,0.3112,2,1,0.9128,high,1
STU-2026-0519,0.0429,0.2157,4.49,4.8,0,0,0.0,0.0,0,0,0.02,low,0
STU-2026-0520,-0.0389,0.1968,3.8,4.02,0,2,0.0,0.0,0,0,0.02,low,0
STU-2026-0521,-0.0146,-0.1761,3.93,4.19,0,0,0.0,0.0,0,0,0.02,low,0
STU-2026-0522,-0.1023,-0.0614,3.75,3.95,0,0,0.0,0.0,0,0,0.02,low,0
STU-2026-0523,-0.0241,0.3844,4.45,4.27,0,0,0.0,0.0,0,1,0.02,low,0
STU-2026-0524,0.0029,0.286,4.48,4.57,0,0,0.0,0.0,0,0,0.02,low,0
STU-2026-0525,-0.7125,-1.2962,1.0,1.39,10,4,0.2541,0.2836,1,2,0.8481,high,1
STU-2026-0526,-0.0476,0.5187,4.08,4.1,0,0,0.0,0.0,1,0,0.0311,low,0
STU-2026-0527,0.0002,0.516,4.05,4.16,0,0,0.0,0.0,0,0,0.02,low,0
STU-2026-0528,0.0437,-0.3002,4.09,4.07,0,0,0.0,0.0,0,0,0.0282,low,0
STU-2026-0529,-0.01,0.315,3.83,3.57,0,0,0.0,0.0,0,0,0.0345,low,0
STU-2026-0530,0.0524,0.3285,4.21,3.85,2,0,0.0,0.0,0,0,0.02,low,0
STU-2026-0531,0.0182,0.0699,4.3,4.45,0,0,0.0,0.0,0,0,0.0211,low,0
STU-2026-0532,0.0309,0.2777,4.45,4.63,0,0,0.0,0.0,0,0,0.02,low,0
STU-2026-0533,0.0203,0.2362,3.4,3.54,1,1,0.0,0.0,0,0,0.02,low,0
STU-2026-0534,0.1059,0.2112,4.05,4.21,0,0,0.0,0.0,0,1,0.0478,low,0
STU-2026-0535,0.0249,0.1927,4.36,4.2,0,0,0.0,0.0,0,0,0.02,low,0
STU-2026-0536,0.1026,0.2692,5.0,4.78,1,0,0.0,0.0,0,0,0.02,low,0
STU-2026-0537,0.0272,0.2082,4.07,3.98,2,0,0.0,0.0,0,0,0.034,low,0
STU-2026-0538,-0.0047,0.0792,3.41,3.37,3,0,0.0,0.0,0,0,0.0661,low,0
STU-2026-0539,-0.6691,-1.4681,1.28,1.92,14,3,0.2935,0.4015,1,2,0.9672,high,1
STU-2026-0540,0.0485,0.5243,4.35,4.67,0,0,0.0,0.0,0,1,0.02,low,0
STU-2026-0541,0.028,-0.0697,3.68,3.51,0,0,0.0,0.0,0,0,0.02,low,0
STU-2026-0542,0.0357,0.0477,3.71,3.54,0,1,0.0,0.0,0,0,0.02,low,0
STU-2026-0543,0.0495,0.1462,2.94,3.11,0,0,0.0,0.0,1,0,0.02,low,0
STU-2026-0544,0.0356,0.0903,4.33,4.15,0,0,0.0,0.0,0,0,0.02,low,0
STU-2026-0545,0.0387,0.1576,3.47,3.49,0,0,0.0,0.0,1,0,0.02,low,0
STU-2026-0546,0.0234,-0.1409,4.37,4.35,1,0,0.0,0.0,0,0,0.02,low,0
STU-2026-0547,-0.0523,0.2846,4.43,4.32,0,0,0.0,0.0,0,0,0.0239,low,0
STU-2026-0548,0.0528,0.2156,4.4,4.28,0,0,0.0,0.0,0,0,0.0676,low,0
STU-2026-0549,0.0601,0.5644,4.47,4.2,1,0,0.0,0.0,0,0,0.02,low,0
STU-2026-0550,0.0737,0.4866,4.4,4.91,0,0,0.0,0.0,0,0,0.02,low,0
STU-2026-0551,-0.2263,-2.3556,2.84,2.51,4,1,0.3032,0.2616,4,2,0.9214,high,1
STU-2026-0552,-0.4146,-1.7474,1.41,1.81,9,5,0.2495,0.3637,4,1,0.8786,high,1
STU-2026-0553,0.0021,0.1215,4.28,4.26,0,0,0.0,0.0,0,0,0.02,low,0
STU-2026-0554,-0.0424,0.5003,3.74,3.9,1,0,0.0,0.0,0,0,0.0225,low,0
STU-2026-0555,-0.1245,-0.4732,2.48,2.25,3,1,0.1229,0.2071,1,0,0.4984,medium,0
STU-2026-0556,0.0333,0.0251,4.46,4.4,0,0,0.0,0.0,0,0,0.0639,low,0
STU-2026-0557,0.036,-0.1842,4.35,3.99,0,0,0.0,0.0,0,0,0.0829,low,0
STU-2026-0558,-0.0747,0.2635,4.06,4.58,1,0,0.0,0.0,0,0,0.02,low,0
STU-2026-0559,-0.0337,0.3278,4.22,4.55,0,0,0.0,0.0,0,0,0.02,low,0
STU-2026-0560,0.0465,0.1439,4.69,4.28,1,0,0.0,0.0,1,0,0.02,low,0
STU-2026-0561,-0.0425,0.193,3.9,4.18,0,0,0.0,0.0,0,0,0.02,low,0
STU-2026-0562,0.0104,-0.077,4.22,4.37,0,0,0.0,0.0,0,0,0.0251,low,0
STU-2026-0563,-0.1452,-0.4998,3.17,3.09,2,0,0.1628,0.1336,2,0,0.551,medium,0
STU-2026-0564,0.0723,0.1904,4.32,4.32,1,0,0.0,0.0,0,0,0.02,low,0
STU-2026-0565,0.0539,0.0453,4.18,4.29,1,0,0.0,0.0,0,0,0.02,low,0
STU-2026-0566,0.0023,-0.0235,4.62,4.45,0,0,0.0,0.0,1,0,0.02,low,0
STU-2026-0567,0.0135,-0.0014,4.21,3.94,1,1,0.0,0.0,0,0,0.0251,low,0
STU-2026-0568,0.0036,0.1243,3.69,4.18,0,0,0.0,0.0,0,0,0.02,low,0
STU-2026-0569,0.044,0.201,5.0,4.94,1,0,0.0,0.0,0,0,0.02,low,0
STU-2026-0570,-0.1459,-1.1055,3.29,3.04,1,0,0.1472,0.1345,0,0,0.5365,medium,0
STU-2026-0571,0.03,-0.0885,3.69,4.12,0,0,0.0,0.0,0,0,0.02,low,0
STU-2026-0572,-0.0302,0.2035,4.64,4.5,1,0,0.0,0.0,0,0,0.02,low,0
STU-2026-0573,0.0357,-0.3062,4.32,3.38,0,0,0.0,0.0,0,0,0.02,low,0
STU-2026-0574,-0.3366,-2.1597,1.0,1.0,6,3,0.1741,0.36,2,1,0.8735,high,1
STU-2026-0575,-0.0489,-0.134,3.81,4.42,0,1,0.0,0.0,0,0,0.02,low,0
STU-2026-0576,0.0399,0.1642,4.12,4.0,1,0,0.0,0.0,0,0,0.02,low,0
STU-2026-0577,0.0215,0.3416,3.73,3.62,0,0,0.0,0.0,0,0,0.0542,low,0
STU-2026-0578,0.0395,0.0857,3.78,4.25,1,0,0.0,0.0,0,0,0.02,low,0
STU-2026-0579,-0.0895,-0.3898,3.09,3.02,4,1,0.1185,0.1678,0,0,0.5637,medium,0
STU-2026-0580,0.0871,0.0947,3.77,4.59,0,0,0.0,0.0,0,0,0.02,low,0
STU-2026-0581,0.0679,0.168,5.0,4.3,0,0,0.0,0.0,0,0,0.02,low,0
STU-2026-0582,-0.4889,-1.7429,2.82,2.95,8,1,0.3198,0.23,2,1,0.8976,high,1
STU-2026-0583,0.0403,0.1353,4.68,4.44,0,1,0.0,0.0,1,0,0.02,low,0
STU-2026-0584,-0.0177,0.6502,4.62,4.58,0,0,0.0,0.0,0,0,0.02,low,0
STU-2026-0585,0.0392,0.011,4.21,4.15,1,0,0.0,0.0,0,0,0.02,low,0
STU-2026-0586,-0.2208,-1.016,3.45,3.21,2,1,0.0963,0.1325,1,0,0.5334,medium,0
STU-2026-0587,0.0094,0.4,3.64,3.9,1,0,0.0,0.0,0,0,0.02,low,0
STU-2026-0588,-0.6294,-1.4877,1.06,1.0,7,1,0.2607,0.3398,1,2,0.8919,high,1
STU-2026-0589,0.0486,-0.0179,3.53,3.41,0,0,0.0,0.0,0,0,0.02,low,0
STU-2026-0590,-0.3795,-1.6864,1.0,1.73,6,4,0.3882,0.3371,2,1,0.8867,high,1
STU-2026-0591,0.0609,0.4115,4.54,4.55,0,0,0.0,0.0,0,0,0.02,low,0
STU-2026-0592,0.0615,0.2641,4.52,4.61,0,2,0.0,0.0,1,0,0.02,low,0
STU-2026-0593,0.0581,0.3869,4.94,4.71,0,0,0.0,0.0,0,0,0.02,low,0
STU-2026-0594,0.0257,0.4315,4.77,4.67,0,0,0.0,0.0,0,0,0.02,low,0
STU-2026-0595,-0.1182,-0.4868,3.71,3.74,4,2,0.1265,0.1527,0,0,0.5677,medium,0
STU-2026-0596,0.0479,0.331,3.88,4.2,0,0,0.0,0.0,0,0,0.02,low,0
STU-2026-0597,-0.0057,0.4958,4.23,3.96,0,0,0.0,0.0,0,0,0.02,low,0
STU-2026-0598,0.1321,0.5559,4.38,4.19,1,0,0.0,0.0,0,0,0.02,low,0
STU-2026-0599,-0.5114,-1.7327,1.83,2.18,13,3,0.2663,0.3743,2,0,0.9114,high,1
STU-2026-0600,-0.2543,-0.4975,2.68,2.88,5,1,0.1383,0.21,1,0,0.5402,medium,0
STU-2026-0001,0.0356,0.0762,3.99,3.89,1,0,0.0,0.0,0,0,0.02,low,0
STU-2026-0002,0.0437,0.283,4.01,4.2,0,0,0.0,0.0,0,0,0.02,low,0
STU-2026-0003,0.0573,-0.0091,5.0,4.61,0,0,0.0,0.0,0,0,0.02,low,0
STU-2026-0004,-0.4795,-1.7061,1.98,1.56,13,3,0.3217,0.3458,1,0,0.8762,high,1
STU-2026-0005,0.0053,0.1102,3.19,3.27,1,0,0.0,0.0,0,0,0.0759,low,0
STU-2026-0006,0.0286,0.691,3.61,4.06,0,1,0.0,0.0,0,0,0.02,low,0
STU-2026-0007,0.0115,0.1321,3.93,4.25,1,0,0.0,0.0,0,0,0.0298,low,0
STU-2026-0008,-0.4692,-2.2134,2.9,3.15,4,2,0.2724,0.3955,4,2,0.9444,high,1
STU-2026-0009,-0.1482,-0.7914,3.49,3.33,3,1,0.1453,0.1373,0,0,0.5842,medium,0
STU-2026-0010,-0.1734,-1.0841,3.0,3.32,5,1,0.1265,0.1704,0,0,0.5507,medium,0
STU-2026-0011,0.0723,0.4256,4.22,4.6,0,0,0.0,0.0,0,0,0.02,low,0
STU-2026-0012,-0.06,-0.0165,3.97,3.88,0,0,0.0,0.0,0,0,0.02,low,0
STU-2026-0013,0.0333,0.629,4.42,4.3,1,0,0.0,0.0,0,0,0.0374,low,0
STU-2026-0014,-0.2493,-0.5768,2.91,3.0,3,3,0.1449,0.1312,1,0,0.4995,medium,0
STU-2026-0015,-0.0072,0.3511,4.15,4.26,0,0,0.0,0.0,0,1,0.0709,low,0
STU-2026-0016,-0.2338,-1.0361,2.19,2.63,4,1,0.1241,0.1709,0,0,0.5411,medium,0
STU-2026-0017,-0.0265,-0.4122,4.67,4.33,0,0,0.0,0.0,0,0,0.02,low,0
STU-2026-0018,-0.0016,0.2639,4.82,4.24,0,1,0.0,0.0,0,0,0.02,low,0
STU-2026-0019,-0.1167,-1.6228,3.83,3.6,1,2,0.1606,0.1445,0,0,0.5536,medium,0
STU-2026-0020,0.0207,0.1754,3.33,3.52,2,0,0.0,0.0,0,0,0.0242,low,0
STU-2026-0021,-0.5669,-2.0502,1.4,1.82,12,2,0.3444,0.3576,1,0,0.98,high,1
STU-2026-0022,0.0352,0.0055,4.21,3.75,1,0,0.0,0.0,0,0,0.0284,low,0
STU-2026-0023,0.0626,0.3143,4.51,4.22,0,0,0.0,0.0,1,0,0.02,low,0
STU-2026-0024,0.0032,-0.1852,3.89,4.27,0,0,0.0,0.0,0,0,0.02,low,0
STU-2026-0025,0.0714,0.5718,4.08,3.58,0,0,0.0,0.0,0,0,0.02,low,0
STU-2026-0026,-0.0597,-0.1851,4.14,4.26,0,0,0.0,0.0,0,0,0.02,low,0
STU-2026-0027,0.0382,0.0788,3.3,3.7,1,0,0.0,0.0,0,0,0.02,low,0
STU-2026-0028,0.0448,-0.1172,4.32,4.15,2,0,0.0,0.0,0,0,0.048,low,0
STU-2026-0029,-0.0012,0.454,4.02,4.17,1,0,0.0,0.0,0,0,0.0266,low,0
STU-2026-0030,0.0363,0.2219,4.99,4.88,0,0,0.0,0.0,0,0,0.02,low,0
STU-2026-0031,-0.0265,0.2213,4.43,4.61,1,0,0.0,0.0,0,0,0.0368,low,0
STU-2026-0032,-0.0061,0.318,3.92,3.82,0,0,0.0,0.0,0,0,0.02,low,0
STU-2026-0033,0.0506,0.3632,4.86,4.95,1,1,0.0,0.0,1,0,0.0227,low,0
STU-2026-0034,0.0066,0.1963,4.52,4.78,0,0,0.0,0.0,1,0,0.02,low,0
STU-2026-0035,0.0503,0.2931,4.14,4.07,0,0,0.0,0.0,0,0,0.025,low,0
STU-2026-0036,0.0034,0.0729,4.29,4.36,0,0,0.0,0.0,0,0,0.02,low,0
STU-2026-0037,-0.2753,-0.8567,2.76,2.94,2,1,0.1508,0.1803,0,0,0.5538,medium,0
STU-2026-0038,0.0148,0.0492,5.0,4.88,1,0,0.0,0.0,0,0,0.02,low,0
STU-2026-0039,-0.141,-0.727,3.39,3.04,4,3,0.1219,0.1657,0,0,0.4694,medium,0
STU-2026-0040,-0.3479,-2.1352,1.88,2.3,13,8,0.2824,0.4083,1,0,0.98,high,1
STU-2026-0041,0.0114,-0.1825,4.39,4.54,0,0,0.0,0.0,0,0,0.02,low,0
STU-2026-0042,-0.0306,-0.4164,4.73,4.67,0,0,0.0,0.0,0,0,0.02,low,0
STU-2026-0043,-0.0635,0.7894,3.81,4.0,2,0,0.0,0.0,0,0,0.0475,low,0
STU-2026-0044,-0.5475,-1.7896,1.85,1.91,7,3,0.3722,0.3042,3,0,0.8955,high,1
STU-2026-0045,-0.1084,-0.4003,3.12,2.81,4,0,0.127,0.1635,0,0,0.5149,medium,0
STU-2026-0046,-0.015,0.1787,4.48,4.41,0,0,0.0,0.0,1,0,0.02,low,0
STU-2026-0047,0.0393,0.4234,3.39,3.19,1,0,0.0,0.0,0,0,0.02,low,0
STU-2026-0048,-0.0194,-0.142,4.24,4.42,1,0,0.0,0.0,0,0,0.0542,low,0
STU-2026-0049,-0.0223,0.4354,3.6,3.89,1,0,0.0,0.0,0,0,0.02,low,0
STU-2026-0050,-0.0663,0.3583,4.09,3.83,0,1,0.0,0.0,0,0,0.0379,low,0
STU-2026-0051,-0.0291,-0.0764,4.28,4.45,0,0,0.0,0.0,0,0,0.02,low,0
STU-2026-0052,0.1023,-0.1009,4.58,4.6,1,0,0.0,0.0,0,1,0.02,low,0
STU-2026-0053,-0.0037,0.4394,4.04,4.17,0,0,0.0,0.0,0,0,0.02,low,0
STU-2026-0054,-0.3501,-2.0914,1.59,1.83,4,3,0.3589,0.3331,2,0,0.8957,high,1
STU-2026-0055,0.0162,0.3302,4.02,4.13,0,0,0.0,0.0,0,0,0.02,low,0
STU-2026-0056,0.0859,0.0404,3.92,3.54,0,0,0.0,0.0,0,0,0.0247,low,0
STU-2026-0057,-0.0611,0.0304,3.72,4.14,0,0,0.0,0.0,0,0,0.02,low,0
STU-2026-0058,0.0522,0.3819,4.19,4.32,0,0,0.0,0.0,0,0,0.02,low,0
STU-2026-0059,-0.2941,-0.554,2.87,3.0,5,0,0.1234,0.1932,0,0,0.4785,medium,0
STU-2026-0060,0.0566,-0.0581,3.56,2.84,0,0,0.0,0.0,0,0,0.0209,low,0
STU-2026-0061,-0.0954,-0.0841,4.11,3.86,0,0,0.0,0.0,0,0,0.0464,low,0
STU-2026-0062,0.0383,0.2715,4.4,4.53,0,0,0.0,0.0,0,0,0.02,low,0
STU-2026-0063,-0.0099,-0.223,3.36,3.5,0,0,0.0,0.0,0,0,0.0249,low,0
STU-2026-0064,0.0392,0.2799,4.69,4.9,1,1,0.0,0.0,0,0,0.02,low,0
STU-2026-0065,-0.2365,-0.9967,2.38,2.17,4,1,0.1715,0.1854,0,0,0.571,medium,0
STU-2026-0066,-0.2068,-0.6352,2.7,2.74,2,1,0.1358,0.1851,0,0,0.5328,medium,0
STU-2026-0067,-0.4448,-2.0144,1.38,1.52,10,3,0.3602,0.3119,3,0,0.9352,high,1
STU-2026-0068,0.0197,0.3651,4.25,4.08,0,0,0.0,0.0,0,0,0.02,low,0
STU-2026-0069,-0.0525,-1.1586,3.15,3.33,5,1,0.1524,0.1534,0,0,0.5489,medium,0
STU-2026-0070,-0.0263,0.2118,4.01,3.45,1,0,0.0,0.0,0,0,0.02,low,0
STU-2026-0071,-0.1271,-0.5823,3.46,3.83,3,0,0.1467,0.1625,2,0,0.518,medium,0
STU-2026-0072,0.1001,0.461,4.77,5.0,0,0,0.0,0.0,1,0,0.02,low,0
STU-2026-0073,0.0165,0.2888,4.33,4.25,1,0,0.0,0.0,0,0,0.0343,low,0
STU-2026-0074,0.0314,-0.0234,4.41,4.23,1,0,0.0,0.0,0,0,0.0614,low,0
STU-2026-0075,-0.0469,0.4311,3.65,3.35,0,1,0.0,0.0,0,0,0.02,low,0
STU-2026-0076,-0.1658,-1.1966,4.02,3.28,5,1,0.1285,0.1734,2,0,0.5058,medium,0
STU-2026-0077,-0.0483,0.0191,3.71,3.73,0,0,0.0,0.0,0,0,0.02,low,0
STU-2026-0078,0.0733,-0.0539,3.3,3.62,0,0,0.0,0.0,0,0,0.0317,low,0
STU-2026-0079,-0.0311,-0.3336,3.18,3.79,3,1,0.1881,0.1659,1,1,0.5305,medium,0
STU-2026-0080,0.0473,0.2327,4.06,4.37,0,0,0.0,0.0,0,0,0.02,low,0
STU-2026-0081,-0.0288,0.2967,4.55,4.83,0,0,0.0,0.0,0,0,0.02,low,0
STU-2026-0082,-0.0625,0.2069,4.5,4.69,0,0,0.0,0.0,0,0,0.02,low,0
STU-2026-0083,0.0355,0.1878,3.19,3.66,0,1,0.0,0.0,0,0,0.02,low,0
STU-2026-0084,-0.0959,0.2954,5.0,4.87,0,0,0.0,0.0,0,0,0.02,low,0
STU-2026-0085,0.0067,0.2723,4.88,4.42,0,1,0.0,0.0,0,0,0.02,low,0
STU-2026-0086,-0.1742,-1.2118,2.75,2.8,6,2,0.102,0.2388,0,0,0.6267,medium,0
STU-2026-0087,0.0782,0.399,3.76,4.23,0,0,0.0,0.0,0,0,0.02,low,0
STU-2026-0088,-0.1057,-1.3593,2.41,2.39,4,0,0.2174,0.1688,0,0,0.5305,medium,0
STU-2026-0089,-0.0269,0.539,3.88,4.14,1,0,0.0,0.0,0,0,0.02,low,0
STU-2026-0090,-0.0515,-0.0186,4.51,4.53,0,0,0.0,0.0,1,1,0.02,low,0
STU-2026-0091,0.0746,0.2852,4.64,4.17,0,0,0.0,0.0,0,0,0.02,low,0
STU-2026-0092,-0.1696,-0.4614,2.53,2.71,4,1,0.1825,0.1334,0,0,0.4892,medium,0
STU-2026-0093,0.0346,0.4,3.65,4.06,1,0,0.0,0.0,1,0,0.0918,low,0
STU-2026-0094,-0.0006,0.7816,4.61,4.27,1,0,0.0,0.0,0,0,0.02,low,0
STU-2026-0095,-0.134,-0.7259,3.41,2.93,2,1,0.1603,0.1719,1,1,0.5251,medium,0
STU-2026-0096,-0.0159,-0.1096,3.75,3.54,0,0,0.0,0.0,0,0,0.0768,low,0
STU-2026-0097,-0.5124,-1.9346,1.81,1.69,10,8,0.2111,0.3729,1,0,0.8471,high,1
STU-2026-0098,0.0064,0.5278,4.04,4.47,1,0,0.0,0.0,0,0,0.02,low,0
STU-2026-0099,-0.028,-0.3106,4.0,4.12,0,0,0.0,0.0,0,0,0.02,low,0
STU-2026-0100,0.005,-0.6804,3.18,2.77,3,0,0.1409,0.2075,2,0,0.5174,medium,0
STU-2026-0101,-0.0033,-0.2113,4.23,4.07,1,0,0.0,0.0,0,0,0.02,low,0
STU-2026-0102,0.0081,-0.056,4.16,4.04,2,0,0.0,0.0,0,0,0.02,low,0
STU-2026-0103,-0.0293,0.1778,4.46,4.51,0,0,0.0,0.0,0,0,0.02,low,0
STU-2026-0104,-0.1805,-0.6463,2.83,2.7,7,3,0.0988,0.1964,0,0,0.5638,medium,0
STU-2026-0105,-0.1071,-0.3296,3.51,3.84,2,1,0.1554,0.1908,2,0,0.4998,medium,0
STU-2026-0106,-0.0642,-0.6201,3.23,2.79,1,0,0.1106,0.1616,0,0,0.4747,medium,0
STU-2026-0107,-0.1449,-0.874,2.71,2.85,4,0,0.2007,0.1644,1,0,0.5387,medium,0
STU-2026-0108,0.1159,-0.0813,4.33,4.21,0,0,0.0,0.0,0,1,0.02,low,0
STU-2026-0109,-0.0007,-0.1303,4.28,4.23,0,0,0.0,0.0,0,0,0.02,low,0
STU-2026-0110,-0.576,-1.6699,1.47,1.34,6,2,0.3397,0.429,3,0,0.8769,high,1
STU-2026-0111,-0.1089,-1.0669,2.08,2.69,6,3,0.1189,0.0711,0,0,0.5533,medium,0
STU-2026-0112,-0.1818,-0.8476,2.39,2.71,3,1,0.1598,0.1411,0,0,0.5461,medium,0
STU-2026-0113,0.0512,0.2539,4.62,4.03,0,0,0.0,0.0,0,0,0.0254,low,0
STU-2026-0114,0.0045,0.4542,5.0,4.64,0,0,0.0,0.0,0,0,0.02,low,0
STU-2026-0115,-0.2318,-0.7811,2.52,2.52,4,0,0.1554,0.1632,0,1,0.5247,medium,0
STU-2026-0116,0.0106,0.4912,4.32,4.39,0,0,0.0,0.0,0,0,0.02,low,0
STU-2026-0117,-0.141,-1.1365,2.4,2.84,1,0,0.1426,0.1556,2,0,0.5329,medium,0
STU-2026-0118,0.0526,0.0381,4.78,5.0,0,0,0.0,0.0,0,0,0.02,low,0
STU-2026-0119,-0.0203,0.3744,4.25,3.64,0,0,0.0,0.0,0,0,0.02,low,0
STU-2026-0120,-0.4202,-1.959,2.0,1.75,2,2,0.2708,0.3453,2,0,0.8045,high,1
STU-2026-0121,-0.0044,-0.1066,4.59,4.29,0,0,0.0,0.0,0,0,0.0631,low,0
STU-2026-0122,0.0062,0.0159,4.38,4.15,0,0,0.0,0.0,0,0,0.0222,low,0
STU-2026-0123,0.057,0.5556,4.2,3.9,0,0,0.0,0.0,0,0,0.02,low,0
STU-2026-0124,0.0567,0.5994,5.0,4.88,0,1,0.0,0.0,0,0,0.02,low,0
STU-2026-0125,-0.0017,0.0029,4.16,3.89,0,0,0.0,0.0,0,0,0.02,low,0
STU-2026-0126,-0.0313,0.1299,4.31,4.58,0,0,0.0,0.0,1,0,0.02,low,0
STU-2026-0127,-0.0066,0.3882,3.57,3.88,1,1,0.0,0.0,0,0,0.02,low,0
STU-2026-0128,-0.4888,-1.8749,1.36,1.36,10,1,0.2821,0.2657,2,0,0.9144,high,1
STU-2026-0129,0.0016,-0.2078,4.08,4.24,1,0,0.0,0.0,0,0,0.02,low,0
STU-2026-0130,-0.1694,-0.6483,3.52,3.41,2,0,0.1705,0.1584,0,0,0.5258,medium,0
STU-2026-0131,-0.0053,0.4241,4.22,4.54,1,0,0.0,0.0,0,0,0.02,low,0
STU-2026-0132,0.049,0.4299,4.9,4.58,0,2,0.0,0.0,0,0,0.0281,low,0
STU-2026-0133,0.0046,0.3306,4.21,4.18,1,0,0.0,0.0,0,0,0.0474,low,0
STU-2026-0134,-0.0055,0.4094,5.0,4.8,0,0,0.0,0.0,0,0,0.02,low,0
STU-2026-0135,0.0453,0.0504,4.36,4.21,0,1,0.0,0.0,0,0,0.02,low,0
STU-2026-0136,0.0566,-0.0751,4.19,4.55,0,0,0.0,0.0,0,0,0.02,low,0
STU-2026-0137,-0.167,-0.8281,2.63,2.61,0,1,0.1613,0.1878,0,0,0.4732,medium,0
STU-2026-0138,0.0107,0.2591,4.36,4.3,0,0,0.0,0.0,0,0,0.0243,low,0
STU-2026-0139,0.1372,0.2874,3.72,3.99,1,0,0.0,0.0,0,0,0.02,low,0
STU-2026-0140,0.0933,0.3347,3.89,3.66,0,0,0.0,0.0,0,0,0.02,low,0
STU-2026-0141,-0.0366,0.3963,3.48,3.61,2,1,0.0,0.0,0,0,0.0358,low,0
STU-2026-0142,-0.0925,-0.8683,3.55,3.29,1,0,0.1609,0.1947,0,0,0.5108,medium,0
STU-2026-0143,0.0641,0.0358,3.54,3.9,0,1,0.0,0.0,0,0,0.02,low,0
STU-2026-0144,0.0603,0.0972,3.7,3.91,2,0,0.0,0.0,0,0,0.0761,low,0
STU-2026-0145,0.0036,0.4933,3.69,4.11,0,1,0.0,0.0,0,0,0.0221,low,0
STU-2026-0146,-0.5913,-1.2863,1.3,1.46,6,5,0.297,0.3524,4,1,0.8544,high,1
STU-2026-0147,0.086,0.3236,3.44,3.65,1,0,0.0,0.0,0,0,0.02,low,0
STU-2026-0148,0.0592,0.3772,4.44,4.42,0,1,0.0,0.0,0,0,0.0546,low,0
STU-2026-0149,0.0184,0.1657,4.58,4.83,0,0,0.0,0.0,0,0,0.02,low,0
STU-2026-0150,0.0483,0.1007,4.65,4.39,0,0,0.0,0.0,0,1,0.02,low,0
STU-2026-0151,0.0949,0.5191,3.38,3.76,2,0,0.0,0.0,0,0,0.02,low,0
STU-2026-0152,0.0186,-0.095,3.77,3.9,1,0,0.0,0.0,0,0,0.02,low,0
STU-2026-0153,-0.1278,-0.653,2.99,3.02,2,2,0.1462,0.1697,1,0,0.5238,medium,0
STU-2026-0154,0.0321,0.2637,3.34,4.14,2,0,0.0,0.0,0,0,0.0547,low,0
STU-2026-0155,-0.0306,0.235,3.36,3.54,3,0,0.0,0.0,0,0,0.033,low,0
STU-2026-0156,-0.0573,-0.6249,2.76,3.03,4,1,0.1195,0.1589,1,0,0.5146,medium,0
STU-2026-0157,-0.1773,-1.2904,3.63,3.71,2,1,0.1105,0.1668,1,0,0.5646,medium,0
STU-2026-0158,-0.0002,0.3734,4.42,4.13,0,0,0.0,0.0,0,0,0.0525,low,0
STU-2026-0159,-0.0004,0.3114,4.27,4.62,0,0,0.0,0.0,0,0,0.02,low,0
STU-2026-0160,-0.1329,-0.7434,3.33,3.31,2,1,0.1198,0.2169,1,0,0.5288,medium,0
STU-2026-0161,-0.001,0.2068,4.6,4.74,0,0,0.0,0.0,0,0,0.02,low,0
STU-2026-0162,0.0691,0.1832,4.66,4.74,0,0,0.0,0.0,0,0,0.02,low,0
STU-2026-0163,-0.0069,0.1191,4.77,5.0,0,0,0.0,0.0,0,0,0.0398,low,0
STU-2026-0164,-0.0169,0.0463,4.45,4.26,0,0,0.0,0.0,0,0,0.0307,low,0
STU-2026-0165,-0.1259,-0.4315,2.78,2.9,2,2,0.1825,0.1211,1,0,0.4729,medium,0
STU-2026-0166,-0.1426,-0.8602,3.0,3.26,1,2,0.1514,0.2024,0,0,0.5674,medium,0
STU-2026-0167,0.1077,0.0937,4.64,4.78,1,0,0.0,0.0,1,0,0.02,low,0
STU-2026-0168,-0.0067,0.1505,4.09,3.75,1,0,0.0,0.0,0,0,0.0241,low,0
STU-2026-0169,0.0055,-0.2728,4.1,4.23,0,0,0.0,0.0,0,0,0.02,low,0
STU-2026-0170,0.0245,-0.2238,4.47,4.71,0,0,0.0,0.0,0,0,0.02,low,0
STU-2026-0171,0.0653,0.1366,3.93,3.85,0,0,0.0,0.0,0,0,0.02,low,0
STU-2026-0172,0.0247,-0.024,3.64,3.42,0,0,0.0,0.0,1,0,0.02,low,0
STU-2026-0173,0.0689,0.2799,4.01,4.18,0,0,0.0,0.0,0,0,0.02,low,0
STU-2026-0174,-0.0471,0.1465,5.0,4.83,0,0,0.0,0.0,0,0,0.02,low,0
STU-2026-0175,-0.008,0.2719,4.46,4.45,0,0,0.0,0.0,0,0,0.02,low,0
STU-2026-0176,0.0387,-0.1467,3.21,3.89,0,0,0.0,0.0,0,0,0.0216,low,0
STU-2026-0177,0.0777,0.1296,3.08,4.09,1,1,0.0,0.0,0,0,0.02,low,0
STU-2026-0178,-0.1362,0.2031,4.07,4.79,0,0,0.0,0.0,0,0,0.02,low,0
STU-2026-0179,-0.0226,0.3525,4.72,4.81,1,0,0.0,0.0,0,0,0.02,low,0
STU-2026-0180,-0.0602,0.0619,4.02,4.63,0,1,0.0,0.0,1,0,0.02,low,0
STU-2026-0181,0.062,0.3585,3.59,3.47,0,0,0.0,0.0,0,0,0.02,low,0
STU-2026-0182,0.0758,0.3616,4.02,4.0,0,0,0.0,0.0,0,1,0.02,low,0
STU-2026-0183,-0.0638,0.0162,3.82,3.86,0,1,0.0,0.0,0,0,0.02,low,0
STU-2026-0184,0.0235,0.5455,4.03,4.27,1,0,0.0,0.0,0,0,0.02,low,0
STU-2026-0185,-0.1528,-0.9716,3.21,3.41,3,2,0.1594,0.1682,0,0,0.5484,medium,0
STU-2026-0186,-0.4256,-1.5093,2.39,2.36,9,5,0.2036,0.3063,2,0,0.898,high,1
STU-2026-0187,-0.038,0.3586,4.24,4.39,1,0,0.0,0.0,1,0,0.02,low,0
STU-2026-0188,-0.105,-0.7772,3.15,2.89,3,2,0.0512,0.2302,1,0,0.5129,medium,0
STU-2026-0189,0.0308,0.5325,4.19,4.1,1,0,0.0,0.0,0,0,0.0519,low,0
STU-2026-0190,-0.0036,0.2589,4.54,3.89,1,0,0.0,0.0,0,0,0.02,low,0
STU-2026-0191,-0.0197,-0.0987,4.13,3.87,0,0,0.0,0.0,0,0,0.02,low,0
STU-2026-0192,0.0336,0.5304,4.11,4.28,0,0,0.0,0.0,0,0,0.02,low,0
STU-2026-0193,0.0715,0.4763,4.31,3.92,1,0,0.0,0.0,0,0,0.0424,low,0
STU-2026-0194,0.0607,-0.2384,4.09,4.1,0,0,0.0,0.0,0,0,0.0394,low,0
STU-2026-0195,0.0882,-0.1404,4.96,4.88,0,0,0.0,0.0,0,0,0.02,low,0
STU-2026-0196,-0.147,-0.4526,3.55,3.64,7,2,0.166,0.1976,0,0,0.5298,medium,0
STU-2026-0197,-0.0853,-0.0126,4.15,3.76,0,0,0.0,0.0,0,0,0.0221,low,0
STU-2026-0198,-0.0351,0.5292,3.62,3.87,0,0,0.0,0.0,0,0,0.02,low,0
STU-2026-0199,0.091,-0.1761,4.54,4.58,0,0,0.0,0.0,0,0,0.02,low,0
STU-2026-0200,-0.0457,0.1058,5.0,4.95,0,0,0.0,0.0,0,0,0.02,low,0
STU-2026-0201,0.0768,0.2035,3.96,4.07,0,0,0.0,0.0,0,0,0.02,low,0
STU-2026-0202,-0.0677,-0.1138,4.01,4.17,1,0,0.0,0.0,0,0,0.0508,low,0
STU-2026-0203,-0.0247,0.39,3.83,4.2,0,0,0.0,0.0,0,0,0.02,low,0
STU-2026-0204,-0.0244,0.2535,4.46,4.19,0,0,0.0,0.0,0,0,0.02,low,0
STU-2026-0205,-0.0328,0.218,4.54,4.87,0,1,0.0,0.0,0,1,0.02,low,0
STU-2026-0206,-0.2905,-0.5797,3.12,3.55,4,1,0.1472,0.2191,0,0,0.4633,medium,0
STU-2026-0207,0.0902,0.04,3.97,4.23,0,0,0.0,0.0,0,0,0.02,low,0
STU-2026-0208,0.1057,0.2675,4.47,4.67,0,1,0.0,0.0,0,0,0.02,low,0
STU-2026-0209,-0.0417,0.2625,3.86,3.84,0,1,0.0,0.0,0,0,0.0267,low,0
STU-2026-0210,-0.6467,-1.6036,2.0,2.22,2,6,0.3041,0.3026,2,2,0.8157,high,1
STU-2026-0211,-0.0337,-0.3305,5.0,4.97,0,0,0.0,0.0,0,0,0.02,low,0
STU-2026-0212,-0.0065,-0.2171,4.43,4.49,0,0,0.0,0.0,0,0,0.02,low,0
STU-2026-0213,-0.1918,-0.764,2.96,3.1,1,1,0.1145,0.1232,0,0,0.507,medium,0
STU-2026-0214,-0.0073,0.3345,3.76,4.29,1,0,0.0,0.0,0,0,0.02,low,0
STU-2026-0215,-0.0151,0.5038,3.72,3.87,0,0,0.0,0.0,0,0,0.02,low,0
STU-2026-0216,0.0194,0.5073,4.6,4.66,0,0,0.0,0.0,0,0,0.0265,low,0
STU-2026-0217,-0.0161,0.0583,4.62,4.31,0,2,0.0,0.0,1,0,0.02,low,0
STU-2026-0218,-0.0391,-0.0496,4.59,4.45,0,0,0.0,0.0,0,0,0.0256,low,0
STU-2026-0219,0.1205,0.3224,4.09,3.96,2,0,0.0,0.0,0,0,0.0743,low,0
STU-2026-0220,-0.0765,-0.0481,4.09,4.44,1,0,0.0,0.0,0,0,0.0281,low,0
STU-2026-0221,-0.6106,-2.1796,2.09,1.87,9,3,0.3163,0.3569,2,0,0.8767,high,1
STU-2026-0222,-0.0896,-0.1227,3.88,3.62,0,1,0.0,0.0,0,1,0.02,low,0
STU-2026-0223,-0.1443,-0.4537,3.08,3.06,4,1,0.1291,0.1012,0,0,0.5244,medium,0
STU-2026-0224,-0.1556,-0.9787,2.85,3.2,1,0,0.162,0.1578,1,0,0.5038,medium,0
STU-2026-0225,-0.0143,-0.3584,4.65,4.76,1,0,0.0,0.0,1,0,0.02,low,0
STU-2026-0226,0.0736,0.4377,4.62,4.6,0,0,0.0,0.0,0,0,0.02,low,0
STU-2026-0227,0.0097,-0.1094,4.27,4.24,0,0,0.0,0.0,0,0,0.02,low,0
STU-2026-0228,0.037,0.3433,4.02,3.93,0,0,0.0,0.0,0,0,0.02,low,0
STU-2026-0229,0.0075,0.0254,4.95,4.65,1,1,0.0,0.0,0,0,0.02,low,0
STU-2026-0230,-0.4536,-2.0304,1.6,1.46,7,4,0.2803,0.2971,2,1,0.9137,high,1
STU-2026-0231,0.0116,-0.4917,2.77,3.16,4,1,0.2122,0.1814,0,0,0.5047,medium,0
STU-2026-0232,0.0678,0.4575,3.89,3.9,1,0,0.0,0.0,0,0,0.02,low,0
STU-2026-0233,0.1085,0.321,4.52,4.35,0,0,0.0,0.0,0,0,0.0427,low,0
STU-2026-0234,-0.1246,-0.6972,3.07,2.94,2,2,0.1705,0.1733,0,0,0.4935,medium,0
STU-2026-0235,0.0634,0.1215,4.03,4.07,2,0,0.0,0.0,1,0,0.02,low,0
STU-2026-0236,0.0441,-0.1749,4.48,4.41,0,0,0.0,0.0,0,0,0.0454,low,0
STU-2026-0237,0.0004,0.1405,4.56,4.29,1,0,0.0,0.0,0,0,0.02,low,0
STU-2026-0238,-0.1097,-1.265,3.34,3.03,4,0,0.0805,0.182,0,0,0.5733,medium,0
STU-2026-0239,0.0728,0.3945,4.44,4.92,1,0,0.0,0.0,0,0,0.0623,low,0
STU-2026-0240,-0.0019,0.0095,3.13,3.39,0,0,0.0,0.0,0,0,0.0613,low,0
STU-2026-0241,0.0065,0.3137,4.18,4.03,0,1,0.0,0.0,0,0,0.0403,low,0
STU-2026-0242,0.0735,0.3324,3.32,3.7,0,0,0.0,0.0,0,0,0.02,low,0
STU-2026-0243,-0.2074,-1.1669,2.6,2.65,4,0,0.1316,0.1368,1,0,0.5284,medium,0
STU-2026-0244,-0.0326,0.2453,4.1,3.46,1,0,0.0,0.0,1,0,0.02,low,0
STU-2026-0245,-0.5856,-1.5599,1.84,1.77,3,2,0.3452,0.2713,4,0,0.7819,high,1
STU-2026-0246,-0.4254,-1.6827,1.32,1.63,6,4,0.1996,0.3702,3,1,0.8482,high,1
STU-2026-0247,0.0056,0.3709,3.84,3.92,0,0,0.0,0.0,0,0,0.02,low,0
STU-2026-0248,-0.1029,-0.9068,2.97,2.42,3,1,0.1567,0.1629,0,0,0.5364,medium,0
STU-2026-0249,-0.5747,-1.4659,1.9,1.84,7,4,0.3592,0.3059,3,1,0.8739,high,1
STU-2026-0250,-0.0988,0.0067,3.86,3.66,1,0,0.0,0.0,0,0,0.02,low,0
STU-2026-0251,-0.372,-1.8346,1.9,1.85,7,1,0.2744,0.2198,2,0,0.8571,high,1
STU-2026-0252,0.0786,0.4333,4.26,4.59,0,0,0.0,0.0,0,0,0.02,low,0
STU-2026-0253,-0.66,-2.0516,1.64,2.35,6,5,0.2408,0.2987,1,2,0.9076,high,1
STU-2026-0254,0.0292,-0.0722,3.89,3.52,0,0,0.0,0.0,0,0,0.07,low,0
STU-2026-0255,-0.0318,0.2896,4.41,4.15,0,1,0.0,0.0,1,0,0.02,low,0
STU-2026-0256,0.033,0.5797,3.77,4.19,0,1,0.0,0.0,0,0,0.0222,low,0
STU-2026-0257,0.0402,0.0989,3.95,3.7,0,1,0.0,0.0,0,0,0.02,low,0
STU-2026-0258,-0.036,-1.2045,2.03,2.59,3,1,0.1551,0.157,0,0,0.5497,medium,0
STU-2026-0259,-0.0182,0.5773,4.35,4.25,0,0,0.0,0.0,0,0,0.02,low,0
STU-2026-0260,0.0389,0.246,4.5,4.69,0,0,0.0,0.0,0,0,0.02,low,0
STU-2026-0261,0.035,0.0758,3.72,4.0,0,0,0.0,0.0,0,0,0.02,low,0
STU-2026-0262,-0.1643,-0.9827,3.0,3.06,2,0,0.1703,0.1978,1,0,0.5196,medium,0
STU-2026-0263,-0.3756,-2.0661,1.42,1.68,9,1,0.2734,0.3298,2,1,0.9076,high,1
STU-2026-0264,-0.047,0.0034,4.35,4.26,1,0,0.0,0.0,0,0,0.02,low,0
STU-2026-0265,-0.0021,-0.0587,4.17,4.33,0,0,0.0,0.0,0,0,0.02,low,0
STU-2026-0266,-0.0126,0.27,3.71,4.27,1,0,0.0,0.0,0,0,0.02,low,0
STU-2026-0267,0.0774,-0.1734,4.2,4.14,0,0,0.0,0.0,0,0,0.02,low,0
STU-2026-0268,-0.1415,-0.9332,2.45,2.46,5,0,0.146,0.1638,1,0,0.5303,medium,0
STU-2026-0269,0.0852,0.5857,3.92,3.71,0,0,0.0,0.0,0,0,0.0325,low,0
STU-2026-0270,0.0538,0.3113,4.52,4.58,1,0,0.0,0.0,0,0,0.0207,low,0
STU-2026-0271,0.1299,0.2134,4.97,5.0,0,0,0.0,0.0,0,0,0.02,low,0
STU-2026-0272,-0.2379,-0.7839,2.8,2.62,4,1,0.1467,0.1937,0,1,0.5679,medium,0
STU-2026-0273,0.0592,0.0241,4.38,4.28,1,1,0.0,0.0,0,0,0.0278,low,0
STU-2026-0274,0.0207,0.4025,4.37,4.33,0,0,0.0,0.0,0,0,0.02,low,0
STU-2026-0275,-0.1094,-0.6876,3.33,3.35,5,0,0.1246,0.1571,0,0,0.553,medium,0
STU-2026-0276,-0.1625,-0.6053,2.45,2.76,3,0,0.148,0.1761,1,0,0.506,medium,0
STU-2026-0277,0.0583,0.435,4.0,4.39,0,0,0.0,0.0,0,0,0.02,low,0
STU-2026-0278,0.0321,-0.0903,3.99,3.77,0,0,0.0,0.0,0,0,0.02,low,0
STU-2026-0279,-0.6374,-1.822,1.67,1.54,8,6,0.2899,0.2973,3,1,0.8667,high,1
STU-2026-0280,0.0156,0.3371,3.77,4.09,0,0,0.0,0.0,0,0,0.0294,low,0
STU-2026-0281,0.0037,0.4352,4.72,4.3,0,1,0.0,0.0,0,1,0.0218,low,0
STU-2026-0282,0.0254,0.004,4.24,3.82,1,0,0.0,0.0,0,0,0.02,low,0
STU-2026-0283,-0.1583,-0.245,2.99,3.21,1,1,0.1557,0.1967,0,0,0.4725,medium,0
STU-2026-0284,-0.2345,-1.3221,3.18,2.74,0,1,0.1661,0.174,0,1,0.5357,medium,0
STU-2026-0285,-0.7314,-1.3534,1.72,1.95,6,4,0.2068,0.2799,2,0,0.8631,high,1
STU-2026-0286,-0.0256,-0.0176,5.0,5.0,0,1,0.0,0.0,0,0,0.02,low,0
STU-2026-0287,-0.0153,0.4845,4.15,4.21,0,0,0.0,0.0,0,0,0.02,low,0
STU-2026-0288,-0.6801,-1.8633,1.37,1.66,7,4,0.317,0.2971,2,2,0.9316,high,1
STU-2026-0289,0.0797,-0.0256,3.9,3.56,1,0,0.0,0.0,0,0,0.02,low,0
STU-2026-0290,-0.0481,-0.0536,4.08,4.0,2,0,0.0,0.0,0,0,0.02,low,0
STU-2026-0291,-0.1601,-1.0272,2.75,2.95,1,1,0.2307,0.1775,1,0,0.5189,medium,0
STU-2026-0292,-0.4104,-2.0343,1.0,1.0,3,2,0.2824,0.2719,2,0,0.8363,high,1
STU-2026-0293,-0.1283,-0.4848,3.64,3.12,2,2,0.1726,0.1749,2,0,0.5216,medium,0
STU-2026-0294,0.051,-0.2246,4.09,3.78,1,0,0.0,0.0,0,0,0.0281,low,0
STU-2026-0295,0.1019,0.2374,4.77,4.63,0,1,0.0,0.0,0,0,0.02,low,0
STU-2026-0296,0.0252,0.5418,4.12,3.99,1,1,0.0,0.0,0,0,0.02,low,0
STU-2026-0297,0.0222,-0.1931,3.68,3.64,1,1,0.0,0.0,0,0,0.02,low,0
STU-2026-0298,-0.0036,0.1599,3.78,4.13,1,0,0.0,0.0,0,0,0.0244,low,0
STU-2026-0299,0.0227,0.2514,3.45,3.68,0,1,0.0,0.0,0,0,0.02,low,0
STU-2026-0300,-0.4548,-1.8388,1.22,1.62,12,3,0.3563,0.2834,3,2,0.9249,high,1
STU-2026-0301,-0.0371,0.229,4.48,4.89,0,0,0.0,0.0,0,0,0.02,low,0
STU-2026-0302,-0.187,-0.5994,3.47,3.34,3,4,0.1483,0.1516,2,0,0.5168,medium,0
STU-2026-0303,-0.1154,-0.5083,2.45,3.04,1,1,0.1227,0.1389,0,0,0.4825,medium,0
STU-2026-0304,-0.0195,0.0857,4.28,4.49,0,1,0.0,0.0,0,0,0.0301,low,0
STU-2026-0305,-0.5264,-2.189,1.36,1.58,11,2,0.2993,0.361,3,1,0.9455,high,1
STU-2026-0306,-0.452,-1.4178,1.55,1.76,7,5,0.3392,0.3998,1,0,0.8988,high,1
STU-2026-0307,0.0571,0.1482,4.16,4.0,0,0,0.0,0.0,0,0,0.0385,low,0
STU-2026-0308,-0.0177,0.5513,4.89,4.79,0,0,0.0,0.0,0,0,0.02,low,0
STU-2026-0309,-0.2164,-0.64,2.9,3.31,2,3,0.1342,0.1379,0,0,0.5106,medium,0
STU-2026-0310,-0.3048,-1.3343,1.49,1.82,7,3,0.3243,0.3414,2,0,0.86,high,1
STU-2026-0311,0.0186,0.5041,4.1,4.55,0,0,0.0,0.0,0,0,0.02,low,0
STU-2026-0312,-0.0082,0.1569,5.0,4.82,1,0,0.0,0.0,0,0,0.02,low,0
STU-2026-0313,0.0812,0.2915,4.37,4.33,1,0,0.0,0.0,0,1,0.02,low,0
STU-2026-0314,-0.0155,0.0412,4.94,5.0,0,0,0.0,0.0,0,0,0.02,low,0
STU-2026-0315,0.0446,-0.0989,4.56,3.8,1,0,0.0,0.0,0,0,0.02,low,0
STU-2026-0316,-0.6987,-2.2142,2.15,1.81,9,1,0.2721,0.3347,1,0,0.9136,high,1
STU-2026-0317,0.0467,0.4051,5.0,4.47,0,0,0.0,0.0,0,0,0.02,low,0
STU-2026-0318,0.0112,0.3672,4.2,4.21,0,0,0.0,0.0,0,0,0.02,low,0
STU-2026-0319,-0.1851,-0.7258,2.6,2.17,7,0,0.1715,0.1772,1,0,0.5933,medium,0
STU-2026-0320,-0.4005,-2.3193,2.03,1.75,13,1,0.2676,0.2902,2,0,0.98,high,1
STU-2026-0321,-0.073,0.3668,3.78,3.21,0,0,0.0,0.0,0,0,0.02,low,0
STU-2026-0322,0.0839,0.1406,3.94,3.83,0,0,0.0,0.0,0,0,0.02,low,0
STU-2026-0323,0.091,0.4367,5.0,4.93,1,0,0.0,0.0,0,0,0.0401,low,0
STU-2026-0324,-0.0013,0.5001,4.1,3.84,0,1,0.0,0.0,0,0,0.02,low,0
STU-2026-0325,-0.0226,-0.3397,4.37,4.55,0,0,0.0,0.0,0,0,0.02,low,0
STU-2026-0326,0.007,0.1699,4.19,3.85,2,1,0.0,0.0,0,0,0.0642,low,0
STU-2026-0327,0.0941,-0.0096,4.88,4.86,1,0,0.0,0.0,0,0,0.0292,low,0
STU-2026-0328,0.1423,0.228,3.97,3.63,2,0,0.0,0.0,0,0,0.02,low,0
STU-2026-0329,0.0639,0.3175,4.13,3.94,0,0,0.0,0.0,0,0,0.02,low,0
STU-2026-0330,0.0639,0.3748,5.0,4.76,0,0,0.0,0.0,0,0,0.02,low,0
STU-2026-0331,-0.0352,0.1071,4.49,4.27,0,0,0.0,0.0,0,0,0.02,low,0
STU-2026-0332,0.0714,-0.1947,3.16,3.93,0,0,0.0,0.0,0,0,0.02,low,0
STU-2026-0333,-0.068,-0.3874,3.38,3.17,6,1,0.1206,0.1906,0,0,0.5263,medium,0
STU-2026-0334,-0.0006,-0.2144,5.0,4.73,0,0,0.0,0.0,0,0,0.0484,low,0
STU-2026-0335,-0.0611,0.2096,4.45,4.74,1,0,0.0,0.0,0,0,0.02,low,0
STU-2026-0336,0.0209,0.075,3.74,4.2,1,0,0.0,0.0,0,0,0.02,low,0
STU-2026-0337,0.0639,0.1486,4.41,4.15,0,0,0.0,0.0,0,0,0.02,low,0
STU-2026-0338,-0.0168,0.4435,4.44,4.36,2,1,0.0,0.0,0,0,0.0267,low,0
STU-2026-0339,-0.0844,-0.7038,3.4,3.38,5,1,0.1638,0.1534,0,0,0.584,medium,0
STU-2026-0340,-0.2168,-0.7982,2.91,2.78,1,1,0.1052,0.2122,0,0,0.4784,medium,0
STU-2026-0341,-0.2385,-0.6557,2.63,2.72,0,2,0.1533,0.1653,2,0,0.5142,medium,0
STU-2026-0342,0.0153,0.3619,4.22,3.86,0,0,0.0,0.0,0,0,0.02,low,0
STU-2026-0343,-0.4668,-1.7061,1.46,1.96,10,2,0.2086,0.4115,1,1,0.9271,high,1
STU-2026-0344,0.0222,-0.1818,3.93,3.58,0,0,0.0,0.0,0,0,0.0346,low,0
STU-2026-0345,-0.0413,0.5942,5.0,5.0,0,1,0.0,0.0,0,0,0.0212,low,0
STU-2026-0346,-0.0136,0.5151,4.28,4.67,0,0,0.0,0.0,0,0,0.02,low,0
STU-2026-0347,0.0803,0.0502,4.08,4.46,1,0,0.0,0.0,0,0,0.02,low,0
STU-2026-0348,0.012,0.3267,4.79,4.6,0,0,0.0,0.0,0,0,0.02,low,0
STU-2026-0349,0.0082,0.4077,3.94,3.82,0,0,0.0,0.0,0,0,0.02,low,0
STU-2026-0350,-0.1991,-0.8402,2.97,3.08,4,1,0.1518,0.1386,1,0,0.4717,medium,0
STU-2026-0351,0.0599,0.4195,4.84,4.21,0,1,0.0,0.0,0,0,0.0351,low,0
STU-2026-0352,0.0461,0.2965,4.13,4.26,0,0,0.0,0.0,0,0,0.0349,low,0
STU-2026-0353,0.0033,-0.4131,4.33,4.04,0,0,0.0,0.0,0,0,0.0294,low,0
STU-2026-0354,0.034,0.3355,5.0,4.68,0,0,0.0,0.0,0,0,0.02,low,0
STU-2026-0355,-0.5896,-2.227,1.41,1.75,9,3,0.4264,0.3467,1,0,0.9018,high,1
STU-2026-0356,0.0102,-0.0657,4.44,4.27,0,0,0.0,0.0,0,0,0.02,low,0
STU-2026-0357,0.0123,0.4327,4.43,3.86,1,0,0.0,0.0,0,0,0.02,low,0
STU-2026-0358,-0.0129,0.1328,3.18,3.67,0,0,0.0,0.0,1,0,0.02,low,0
STU-2026-0359,-0.0233,0.0079,3.97,4.05,0,0,0.0,0.0,0,0,0.02,low,0
STU-2026-0360,-0.0827,0.1038,3.81,4.36,0,0,0.0,0.0,0,0,0.02,low,0
STU-2026-0361,0.014,0.1951,5.0,4.9,0,0,0.0,0.0,0,0,0.02,low,0
STU-2026-0362,-0.0562,0.9521,3.85,3.67,1,0,0.0,0.0,1,0,0.02,low,0
STU-2026-0363,-0.2119,-0.6775,3.08,2.8,1,2,0.1734,0.2056,0,0,0.4634,medium,0
STU-2026-0364,-0.2053,-1.1814,2.73,3.39,2,1,0.1532,0.2108,1,1,0.4972,medium,0
STU-2026-0365,0.0173,0.2111,4.13,4.32,0,0,0.0,0.0,0,0,0.02,low,0
STU-2026-0366,-0.0047,0.1179,4.67,4.73,1,0,0.0,0.0,0,0,0.0373,low,0
STU-2026-0367,0.0902,0.3968,4.07,4.17,0,0,0.0,0.0,0,0,0.02,low,0
STU-2026-0368,-0.1609,-0.9477,2.15,2.45,5,0,0.1598,0.2079,1,0,0.5811,medium,0
STU-2026-0369,0.0556,0.4835,3.83,4.41,1,0,0.0,0.0,0,1,0.02,low,0
STU-2026-0370,0.0803,0.5759,4.12,3.95,2,0,0.0,0.0,0,0,0.0582,low,0
STU-2026-0371,-0.0473,-0.8873,2.93,3.06,1,2,0.1339,0.1888,1,1,0.5218,medium,0
STU-2026-0372,0.0206,0.0265,4.67,4.19,1,0,0.0,0.0,0,0,0.02,low,0
STU-2026-0373,0.0458,0.4739,3.99,4.47,0,1,0.0,0.0,0,0,0.02,low,0
STU-2026-0374,0.0756,0.2724,4.54,4.83,0,1,0.0,0.0,0,0,0.02,low,0
STU-2026-0375,-0.0781,0.1985,4.13,4.59,1,0,0.0,0.0,0,0,0.0417,low,0
STU-2026-0376,-0.0,0.2637,4.36,3.95,0,0,0.0,0.0,0,0,0.02,low,0
STU-2026-0377,-0.4967,-2.1617,2.27,2.26,7,1,0.2538,0.3324,1,0,0.8723,high,1
STU-2026-0378,-0.4917,-2.1524,1.85,1.82,7,3,0.2676,0.3068,2,1,0.924,high,1
STU-2026-0379,-0.0196,0.3103,3.42,3.56,0,0,0.0,0.0,0,0,0.02,low,0
STU-2026-0380,-0.0142,0.16,4.26,4.36,1,0,0.0,0.0,0,0,0.0214,low,0
STU-2026-0381,0.0298,0.4103,4.14,3.87,0,0,0.0,0.0,0,0,0.0452,low,0
STU-2026-0382,0.0854,0.4171,4.24,4.71,0,0,0.0,0.0,0,0,0.02,low,0
STU-2026-0383,-0.061,0.206,4.05,4.36,0,0,0.0,0.0,0,0,0.0385,low,0
STU-2026-0384,-0.0304,0.2099,4.51,4.47,1,0,0.0,0.0,0,0,0.02,low,0
STU-2026-0385,0.0042,0.6287,3.56,4.08,0,0,0.0,0.0,0,0,0.02,low,0
STU-2026-0386,-0.3269,-1.821,1.59,1.35,11,3,0.308,0.3006,3,2,0.9285,high,1
STU-2026-0387,-0.3381,-1.8903,1.44,1.72,11,4,0.2582,0.3856,3,0,0.9496,high,1
STU-2026-0388,0.061,0.1825,4.11,3.95,1,1,0.0,0.0,0,0,0.02,low,0
STU-2026-0389,0.0753,0.8819,4.41,4.32,2,0,0.0,0.0,0,0,0.0543,low,0
STU-2026-0390,-0.049,-0.6697,2.46,2.58,2,1,0.0805,0.1528,0,1,0.5333,medium,0
STU-2026-0391,0.0141,-0.1033,3.86,3.88,1,1,0.0,0.0,0,0,0.02,low,0
STU-2026-0392,0.0398,0.1471,4.12,4.27,0,0,0.0,0.0,0,0,0.0298,low,0
STU-2026-0393,-0.0769,-0.6962,2.44,2.31,6,0,0.1245,0.1866,1,0,0.6247,medium,0
STU-2026-0394,0.0903,0.148,4.52,4.53,0,0,0.0,0.0,0,0,0.0413,low,0
STU-2026-0395,0.0306,0.1993,4.63,4.33,1,1,0.0,0.0,0,0,0.0473,low,0
STU-2026-0396,0.0359,0.7789,3.83,4.2,0,0,0.0,0.0,0,0,0.02,low,0
STU-2026-0397,-0.5966,-1.5086,1.21,1.15,8,4,0.2503,0.3207,3,1,0.905,high,1
STU-2026-0398,0.031,0.0754,4.28,4.1,1,0,0.0,0.0,0,0,0.02,low,0
STU-2026-0399,-0.0107,-0.2432,4.19,4.17,0,1,0.0,0.0,1,0,0.02,low,0
STU-2026-0400,-0.0249,-0.0801,4.58,4.8,0,0,0.0,0.0,0,0,0.02,low,0
STU-2026-0401,0.007,-0.1791,3.77,3.52,0,0,0.0,0.0,0,0,0.02,low,0
STU-2026-0402,0.0326,-0.0816,4.26,4.13,0,0,0.0,0.0,0,0,0.02,low,0
STU-2026-0403,0.1094,-0.0109,4.74,4.51,0,1,0.0,0.0,0,0,0.02,low,0
STU-2026-0404,-0.0617,0.5248,3.95,5.0,0,1,0.0,0.0,0,0,0.02,low,0
STU-2026-0405,-0.0777,0.4982,4.29,4.44,0,1,0.0,0.0,0,0,0.02,low,0
STU-2026-0406,0.0241,-0.0743,4.33,4.14,0,0,0.0,0.0,0,0,0.02,low,0
STU-2026-0407,-0.1679,-0.7577,3.49,3.17,2,2,0.1205,0.164,2,0,0.5433,medium,0
STU-2026-0408,0.0307,-0.094,3.94,3.94,0,0,0.0,0.0,0,0,0.02,low,0
STU-2026-0409,0.0868,0.4884,4.23,3.65,1,1,0.0,0.0,0,0,0.02,low,0
STU-2026-0410,-0.1417,-0.8377,3.0,2.71,2,1,0.1586,0.1373,1,1,0.5991,medium,0
STU-2026-0411,0.0319,0.2815,4.31,3.95,1,0,0.0,0.0,0,1,0.02,low,0
STU-2026-0412,-0.0809,-1.0416,2.99,2.77,4,3,0.1733,0.2047,0,0,0.5798,medium,0
STU-2026-0413,0.0054,0.185,4.18,4.41,1,0,0.0,0.0,0,0,0.0207,low,0
STU-2026-0414,-0.032,0.1746,4.75,4.66,3,0,0.0,0.0,0,0,0.047,low,0
STU-2026-0415,-0.0006,0.1732,4.11,4.33,0,0,0.0,0.0,0,0,0.02,low,0
STU-2026-0416,-0.2027,-0.5386,3.43,3.78,4,3,0.1167,0.1836,0,0,0.4986,medium,0
STU-2026-0417,-0.1096,0.3078,4.73,4.59,0,0,0.0,0.0,0,0,0.0568,low,0
STU-2026-0418,0.0823,0.8676,4.76,4.45,0,1,0.0,0.0,0,0,0.02,low,0
STU-2026-0419,-0.0114,0.4541,4.39,4.29,0,0,0.0,0.0,0,0,0.02,low,0
STU-2026-0420,-0.028,0.4567,3.55,3.79,0,0,0.0,0.0,0,0,0.02,low,0
STU-2026-0421,0.0287,0.006,4.35,4.57,0,0,0.0,0.0,0,0,0.02,low,0
STU-2026-0422,-0.0515,0.3492,3.87,4.0,1,0,0.0,0.0,0,0,0.02,low,0
STU-2026-0423,0.0297,-0.1342,4.18,4.52,0,1,0.0,0.0,0,0,0.02,low,0
STU-2026-0424,-0.0745,-0.8302,3.03,2.96,4,1,0.1671,0.185,0,0,0.5419,medium,0
STU-2026-0425,-0.0077,0.3323,4.59,4.29,0,0,0.0,0.0,0,0,0.0281,low,0
STU-2026-0426,-0.0374,0.0537,4.13,4.12,0,1,0.0,0.0,0,0,0.02,low,0
STU-2026-0427,-0.2204,-0.9952,3.49,2.99,3,0,0.1074,0.1576,1,0,0.5574,medium,0
STU-2026-0428,-0.0344,0.1791,3.65,3.55,0,0,0.0,0.0,0,0,0.02,low,0
STU-2026-0429,-0.009,0.2047,4.53,4.45,0,0,0.0,0.0,0,1,0.02,low,0
STU-2026-0430,0.0199,0.3632,3.49,3.26,0,0,0.0,0.0,0,0,0.02,low,0
STU-2026-0431,-0.01,0.0501,4.2,4.09,0,0,0.0,0.0,0,0,0.02,low,0
STU-2026-0432,0.0693,0.6311,3.98,4.15,1,0,0.0,0.0,0,0,0.02,low,0
STU-2026-0433,-0.0141,0.1421,4.73,4.83,2,0,0.0,0.0,0,0,0.02,low,0
STU-2026-0434,-0.0214,0.4381,4.58,4.18,0,0,0.0,0.0,0,0,0.02,low,0
STU-2026-0435,-0.21,-0.8382,3.19,3.33,2,0,0.2102,0.1774,1,0,0.5529,medium,0
STU-2026-0436,0.0276,0.3604,4.51,4.3,0,0,0.0,0.0,0,0,0.0472,low,0
STU-2026-0437,0.0326,-0.1389,3.92,3.76,0,1,0.0,0.0,0,0,0.02,low,0
STU-2026-0438,-0.3421,-2.3343,2.48,2.27,6,5,0.318,0.3741,2,0,0.9431,high,1
STU-2026-0439,0.0242,0.1512,4.24,4.17,1,0,0.0,0.0,0,0,0.02,low,0
STU-2026-0440,0.088,0.4141,4.41,4.38,0,0,0.0,0.0,0,0,0.02,low,0
STU-2026-0441,0.0196,-0.0428,4.29,4.06,1,0,0.0,0.0,0,0,0.02,low,0
STU-2026-0442,-0.0167,0.2796,4.58,4.85,0,0,0.0,0.0,0,0,0.02,low,0
STU-2026-0443,0.0084,-0.1132,4.43,4.22,0,1,0.0,0.0,0,0,0.0218,low,0
STU-2026-0444,-0.0372,0.1626,4.72,4.89,1,0,0.0,0.0,0,0,0.0384,low,0
STU-2026-0445,-0.4844,-2.1146,2.71,2.44,4,4,0.2789,0.3079,2,0,0.8893,high,1
STU-2026-0446,-0.0805,-0.048,3.64,3.5,0,0,0.0,0.0,1,0,0.02,low,0
STU-2026-0447,0.0336,0.5336,4.3,4.95,0,0,0.0,0.0,0,0,0.0336,low,0
STU-2026-0448,-0.1332,-0.5748,2.1,2.49,5,1,0.1187,0.126,0,0,0.5728,medium,0
STU-2026-0449,0.0401,0.1123,3.65,3.64,1,0,0.0,0.0,0,0,0.024,low,0
STU-2026-0450,-0.4998,-1.899,1.99,1.45,11,2,0.3127,0.3847,1,0,0.9739,high,1
STU-2026-0451,-0.0788,-0.5155,3.46,3.26,4,2,0.1816,0.158,0,0,0.5453,medium,0
STU-2026-0452,-0.2383,-0.6409,3.37,3.28,2,4,0.1607,0.138,0,1,0.5357,medium,0
STU-2026-0453,0.0793,-0.0347,4.65,4.04,0,0,0.0,0.0,0,0,0.02,low,0
STU-2026-0454,-0.0007,0.2677,4.02,4.3,0,0,0.0,0.0,0,0,0.02,low,0
STU-2026-0455,0.0288,0.0041,4.1,4.57,0,0,0.0,0.0,0,0,0.02,low,0
STU-2026-0456,0.0442,0.2509,5.0,4.9,0,0,0.0,0.0,0,0,0.043,low,0
STU-2026-0457,0.089,0.2132,3.53,3.66,0,0,0.0,0.0,1,0,0.0347,low,0
STU-2026-0458,0.0731,0.277,4.52,4.07,1,0,0.0,0.0,0,0,0.02,low,0
STU-2026-0459,-0.0084,0.1753,4.69,4.73,0,0,0.0,0.0,0,0,0.02,low,0
STU-2026-0460,-0.4844,-1.9088,2.57,2.13,7,3,0.2724,0.3738,2,0,0.8793,high,1
STU-2026-0461,-0.0264,0.2071,4.37,4.38,0,0,0.0,0.0,0,0,0.02,low,0
STU-2026-0462,-0.1944,-0.6945,3.1,2.69,4,2,0.1123,0.1692,1,0,0.5406,medium,0
STU-2026-0463,0.05,0.3145,4.69,4.5,1,0,0.0,0.0,1,0,0.02,low,0
STU-2026-0464,-0.164,-0.8774,3.07,3.08,3,0,0.1343,0.1819,0,0,0.5539,medium,0
STU-2026-0465,0.0793,-0.2811,4.56,4.55,0,0,0.0,0.0,0,0,0.02,low,0
STU-2026-0466,0.0841,-0.1843,4.2,3.9,0,1,0.0,0.0,0,0,0.02,low,0
STU-2026-0467,-0.252,-0.63,3.33,3.84,6,2,0.1681,0.1461,0,0,0.5342,medium,0
STU-2026-0468,-0.0592,-0.8801,3.57,2.97,4,2,0.1228,0.2168,1,0,0.542,medium,0
STU-2026-0469,0.0394,-0.334,4.85,4.4,0,0,0.0,0.0,0,0,0.02,low,0
STU-2026-0470,-0.1034,-1.1722,2.23,2.75,2,2,0.125,0.1984,0,0,0.5098,medium,0
STU-2026-0471,-0.0058,0.0795,5.0,4.98,0,0,0.0,0.0,0,0,0.02,low,0
STU-2026-0472,-0.5722,-2.0144,1.49,1.37,3,2,0.2549,0.3007,3,1,0.8305,high,1
STU-2026-0473,-0.1943,-0.703,2.59,2.74,0,1,0.2006,0.1494,1,1,0.4861,medium,0
STU-2026-0474,-0.0248,0.2116,4.11,4.1,1,1,0.0,0.0,0,0,0.02,low,0
STU-2026-0475,0.0327,0.1944,4.24,4.34,0,0,0.0,0.0,0,0,0.02,low,0
STU-2026-0476,-0.0848,-1.045,3.31,3.47,1,1,0.1489,0.152,0,0,0.5423,medium,0
STU-2026-0477,-0.2122,-0.9298,3.44,3.36,3,1,0.1081,0.173,2,1,0.499,medium,0
STU-2026-0478,-0.5019,-1.5707,2.48,2.35,9,1,0.349,0.2447,2,1,0.8839,high,1
STU-2026-0479,0.0154,0.1465,3.65,3.81,1,0,0.0,0.0,0,0,0.0314,low,0
STU-2026-0480,-0.0217,0.0391,3.8,4.01,0,0,0.0,0.0,0,0,0.02,low,0
STU-2026-0481,0.0327,0.0559,5.0,5.0,2,0,0.0,0.0,0,0,0.02,low,0
STU-2026-0482,0.0058,0.0331,3.88,4.38,0,0,0.0,0.0,0,0,0.02,low,0
STU-2026-0483,-0.6134,-1.9182,1.01,1.19,8,1,0.3264,0.318,2,2,0.8583,high,1
STU-2026-0484,0.0669,0.3246,4.58,4.16,0,0,0.0,0.0,1,0,0.02,low,0
STU-2026-0485,0.0896,-0.1003,3.88,3.87,1,0,0.0,0.0,0,0,0.02,low,0
STU-2026-0486,-0.1593,-0.6352,2.91,3.45,3,0,0.1488,0.1937,1,0,0.5441,medium,0
STU-2026-0487,-0.0306,0.8446,3.84,3.31,1,1,0.0,0.0,0,0,0.02,low,0
STU-2026-0488,-0.0256,0.066,4.59,4.4,0,0,0.0,0.0,1,0,0.02,low,0
STU-2026-0489,0.0238,0.061,4.13,4.28,1,0,0.0,0.0,0,0,0.0354,low,0
STU-2026-0490,-0.0098,0.2155,4.05,4.1,0,0,0.0,0.0,1,0,0.064,low,0
STU-2026-0491,0.0184,0.2532,4.57,4.4,1,0,0.0,0.0,0,0,0.02,low,0
STU-2026-0492,0.031,0.2708,3.49,3.39,0,1,0.0,0.0,0,0,0.0267,low,0
STU-2026-0493,-0.0167,0.4471,3.96,4.41,0,0,0.0,0.0,0,0,0.02,low,0
STU-2026-0494,-0.0322,0.0471,3.57,3.81,0,0,0.0,0.0,0,0,0.0329,low,0
STU-2026-0495,0.0032,0.2243,3.85,3.91,0,0,0.0,0.0,0,0,0.0343,low,0
STU-2026-0496,-0.5384,-1.6321,1.62,1.81,6,4,0.3376,0.3491,2,0,0.8562,high,1
STU-2026-0497,-0.6072,-2.1159,2.26,2.61,11,2,0.3037,0.2531,2,1,0.9232,high,1
STU-2026-0498,-0.1013,-1.032,3.23,3.17,3,0,0.1357,0.1451,0,1,0.4281,medium,0
STU-2026-0499,-0.5729,-1.858,1.0,1.87,7,3,0.3705,0.3518,2,0,0.9348,high,1
STU-2026-0500,-0.4239,-2.0676,1.0,1.24,7,1,0.3258,0.3036,3,2,0.9307,high,1
STU-2026-0501,0.0422,0.4223,3.64,3.8,0,0,0.0,0.0,0,0,0.0376,low,0
STU-2026-0502,0.0745,0.2337,4.09,4.4,1,0,0.0,0.0,0,0,0.02,low,0
STU-2026-0503,0.1624,-0.1252,3.94,3.75,0,0,0.0,0.0,1,0,0.02,low,0
STU-2026-0504,-0.0295,0.3309,4.65,4.63,0,0,0.0,0.0,0,0,0.0431,low,0
STU-2026-0505,-0.1076,-0.0363,3.71,4.01,2,1,0.0,0.0,0,0,0.02,low,0
STU-2026-0506,-0.0451,0.2097,3.31,3.48,0,0,0.0,0.0,0,0,0.022,low,0
STU-2026-0507,-0.0322,0.0196,3.74,4.14,2,0,0.0,0.0,0,0,0.0478,low,0
STU-2026-0508,-0.0607,0.0475,4.26,4.29,0,0,0.0,0.0,1,0,0.02,low,0
STU-2026-0509,-0.1722,-0.6701,2.59,2.34,4,2,0.1232,0.2023,0,0,0.4952,medium,0
STU-2026-0510,-0.0846,-1.2855,3.2,3.25,1,1,0.1512,0.1419,1,0,0.505,medium,0
STU-2026-0511,-0.087,-0.9836,3.06,3.17,3,3,0.1091,0.1839,0,0,0.5129,medium,0
STU-2026-0512,-0.2246,-0.4771,2.29,3.07,1,3,0.0542,0.1943,0,1,0.5129,medium,0
STU-2026-0513,-0.1737,-0.8947,3.72,3.55,4,1,0.174,0.211,0,0,0.52,medium,0
STU-2026-0514,0.0491,0.2913,4.42,3.95,0,0,0.0,0.0,0,1,0.0541,low,0
STU-2026-0515,0.0055,0.255,3.78,3.84,0,1,0.0,0.0,0,0,0.02,low,0
STU-2026-0516,-0.4984,-1.6413,1.77,1.66,6,4,0.2658,0.2944,3,0,0.8456,high,1
STU-2026-0517,-0.1831,-1.0413,2.88,2.89,2,2,0.1634,0.1678,1,1,0.5685,medium,0
STU-2026-0518,-0.5883,-1.5639,1.0,1.52,13,6,0.1634,0.3453,1,2,0.8919,high,1
STU-2026-0519,0.0007,0.1766,4.6,4.71,0,0,0.0,0.0,0,0,0.0534,low,0
STU-2026-0520,0.0107,0.6197,3.74,3.57,0,0,0.0,0.0,0,0,0.0373,low,0
STU-2026-0521,0.055,-0.1413,4.02,3.79,1,0,0.0,0.0,0,0,0.02,low,0
STU-2026-0522,-0.0198,0.9093,3.62,3.97,0,0,0.0,0.0,0,0,0.02,low,0
STU-2026-0523,-0.0505,0.0616,4.44,4.39,1,0,0.0,0.0,0,0,0.0226,low,0
STU-2026-0524,0.0009,0.0179,4.18,4.23,0,0,0.0,0.0,1,0,0.02,low,0
STU-2026-0525,-0.5098,-2.0633,1.0,1.59,3,3,0.3694,0.2675,1,1,0.8534,high,1
STU-2026-0526,0.0116,0.0577,4.41,3.95,1,0,0.0,0.0,0,0,0.02,low,0
STU-2026-0527,-0.0422,0.3888,3.88,4.21,0,0,0.0,0.0,0,0,0.02,low,0
STU-2026-0528,0.0933,0.1156,4.29,4.38,2,0,0.0,0.0,0,0,0.02,low,0
STU-2026-0529,0.0077,0.3629,3.92,4.2,1,0,0.0,0.0,1,0,0.0346,low,0
STU-2026-0530,-0.0193,0.8042,4.07,3.98,0,0,0.0,0.0,0,0,0.0239,low,0
STU-2026-0531,0.0336,0.0224,4.34,4.22,1,0,0.0,0.0,0,0,0.02,low,0
STU-2026-0532,-0.0222,0.0603,4.26,4.57,0,0,0.0,0.0,0,0,0.02,low,0
STU-2026-0533,0.0374,0.3341,3.36,3.43,0,0,0.0,0.0,0,0,0.0337,low,0
STU-2026-0534,0.058,0.2177,4.28,4.2,0,0,0.0,0.0,1,0,0.02,low,0
STU-2026-0535,0.0205,0.1526,4.48,4.32,0,0,0.0,0.0,0,0,0.02,low,0
STU-2026-0536,0.0483,0.7397,4.61,4.76,0,0,0.0,0.0,0,0,0.02,low,0
STU-2026-0537,0.0364,0.2266,4.63,4.13,0,0,0.0,0.0,1,0,0.02,low,0
STU-2026-0538,0.0181,-0.0333,3.66,3.4,0,0,0.0,0.0,0,0,0.02,low,0
STU-2026-0539,-0.6434,-1.9045,1.37,1.95,12,4,0.2403,0.3855,2,0,0.9401,high,1
STU-2026-0540,0.0449,-0.2713,3.86,4.52,0,0,0.0,0.0,1,0,0.0636,low,0
STU-2026-0541,0.0856,0.415,3.63,3.55,1,0,0.0,0.0,0,0,0.0271,low,0
STU-2026-0542,-0.0037,-0.1678,4.21,3.59,1,0,0.0,0.0,0,0,0.02,low,0
STU-2026-0543,0.0129,0.3083,3.43,3.11,1,0,0.0,0.0,0,0,0.02,low,0
STU-2026-0544,0.0032,0.1493,4.48,3.92,1,0,0.0,0.0,0,0,0.02,low,0
STU-2026-0545,-0.0563,-0.0094,4.18,3.66,1,0,0.0,0.0,0,0,0.037,low,0
STU-2026-0546,-0.0746,-0.1533,4.2,4.61,0,0,0.0,0.0,0,0,0.02,low,0
STU-2026-0547,0.0335,0.1483,4.48,4.07,1,0,0.0,0.0,0,0,0.02,low,0
STU-2026-0548,0.0203,0.3502,4.77,4.68,0,0,0.0,0.0,0,0,0.02,low,0
STU-2026-0549,-0.0363,-0.2264,4.11,3.99,0,0,0.0,0.0,0,0,0.02,low,0
STU-2026-0550,-0.0281,0.3272,4.47,4.04,0,1,0.0,0.0,0,0,0.02,low,0
STU-2026-0551,-0.2958,-2.2564,1.85,2.9,11,3,0.3206,0.3465,3,0,0.951,high,1
STU-2026-0552,-0.5015,-1.9011,2.04,2.12,6,1,0.3127,0.3632,2,1,0.8944,high,1
STU-2026-0553,0.1227,0.3188,3.78,4.4,0,1,0.0,0.0,0,0,0.02,low,0
STU-2026-0554,0.0488,0.4567,3.74,3.63,1,0,0.0,0.0,0,0,0.0384,low,0
STU-2026-0555,-0.1756,-0.8519,2.11,2.64,2,3,0.1307,0.2143,0,0,0.5706,medium,0
STU-2026-0556,0.0487,0.4208,4.58,4.12,2,0,0.0,0.0,0,0,0.02,low,0
STU-2026-0557,0.0579,0.1551,3.57,3.84,2,0,0.0,0.0,0,0,0.0271,low,0
STU-2026-0558,-0.0662,0.0533,4.2,4.35,0,1,0.0,0.0,1,0,0.02,low,0
STU-2026-0559,-0.0561,0.1407,4.3,4.58,1,0,0.0,0.0,0,0,0.0333,low,0
STU-2026-0560,0.0924,0.61,4.14,4.4,0,0,0.0,0.0,0,0,0.02,low,0
STU-2026-0561,-0.0047,0.5238,4.39,4.29,0,0,0.0,0.0,0,0,0.02,low,0
STU-2026-0562,0.0696,0.0513,3.79,4.09,1,0,0.0,0.0,0,0,0.02,low,0
STU-2026-0563,-0.1352,-0.9621,2.8,3.43,4,3,0.2118,0.2021,0,1,0.655,high,1
STU-2026-0564,-0.0957,0.0405,4.16,4.08,0,0,0.0,0.0,0,0,0.0321,low,0
STU-2026-0565,0.0602,-0.1924,4.71,4.56,0,0,0.0,0.0,0,0,0.02,low,0
STU-2026-0566,0.0083,0.6055,4.13,4.2,0,0,0.0,0.0,0,0,0.02,low,0
STU-2026-0567,0.0143,0.3826,4.15,4.02,1,0,0.0,0.0,0,0,0.02,low,0
STU-2026-0568,-0.0459,0.1941,3.77,4.11,0,1,0.0,0.0,0,0,0.02,low,0
STU-2026-0569,0.0989,0.538,5.0,4.8,1,0,0.0,0.0,0,0,0.0207,low,0
STU-2026-0570,-0.2274,-1.5826,2.64,3.02,6,2,0.1228,0.1813,0,1,0.5824,medium,0
STU-2026-0571,0.0807,0.1212,4.58,4.28,2,0,0.0,0.0,0,0,0.02,low,0
STU-2026-0572,0.0168,0.0165,4.31,4.36,0,0,0.0,0.0,0,0,0.02,low,0
STU-2026-0573,0.0631,0.4173,3.3,3.73,1,1,0.0,0.0,0,0,0.02,low,0
STU-2026-0574,-0.4999,-1.7133,1.0,1.74,7,2,0.2731,0.3959,2,0,0.879,high,1
STU-2026-0575,0.067,0.4595,4.11,4.32,1,0,0.0,0.0,1,0,0.0356,low,0
STU-2026-0576,-0.0349,-0.2866,3.74,4.07,0,0,0.0,0.0,0,0,0.02,low,0
STU-2026-0577,-0.0028,-0.083,4.02,4.24,0,0,0.0,0.0,0,0,0.02,low,0
STU-2026-0578,-0.0736,0.458,3.97,3.91,0,0,0.0,0.0,0,0,0.0454,low,0
STU-2026-0579,-0.2733,-0.6733,2.55,2.65,4,3,0.1624,0.171,0,1,0.5098,medium,0
STU-2026-0580,-0.0033,0.4422,4.38,4.01,0,0,0.0,0.0,0,0,0.02,low,0
STU-2026-0581,0.0064,0.0331,4.44,4.5,0,0,0.0,0.0,0,0,0.02,low,0
STU-2026-0582,-0.4419,-1.9495,2.59,2.7,6,3,0.263,0.3033,3,2,0.8562,high,1
STU-2026-0583,0.0366,0.8734,4.52,4.47,2,0,0.0,0.0,0,0,0.02,low,0
STU-2026-0584,-0.0215,-0.1838,4.79,4.45,1,0,0.0,0.0,0,0,0.02,low,0
STU-2026-0585,0.0273,0.1966,4.5,3.89,0,0,0.0,0.0,0,0,0.02,low,0
STU-2026-0586,-0.2003,-0.9434,3.16,3.08,2,2,0.0991,0.1716,1,0,0.4809,medium,0
STU-2026-0587,-0.0251,0.6203,3.62,3.66,1,1,0.0,0.0,0,0,0.02,low,0
STU-2026-0588,-0.399,-1.9437,1.27,1.15,7,4,0.3306,0.2832,2,0,0.9145,high,1
STU-2026-0589,-0.0415,0.072,3.87,3.3,0,0,0.0,0.0,0,0,0.02,low,0
STU-2026-0590,-0.5195,-1.5167,1.4,1.45,6,5,0.269,0.3756,1,2,0.8611,high,1
STU-2026-0591,-0.0299,0.1044,4.11,4.92,0,1,0.0,0.0,0,0,0.02,low,0
STU-2026-0592,0.0244,0.2682,4.64,4.39,1,0,0.0,0.0,0,0,0.02,low,0
STU-2026-0593,-0.0198,0.1315,4.49,4.66,0,0,0.0,0.0,0,0,0.02,low,0
STU-2026-0594,0.0431,0.4463,4.73,4.5,0,0,0.0,0.0,0,0,0.02,low,0
STU-2026-0595,-0.2578,-0.7034,3.68,3.7,4,1,0.146,0.1665,0,0,0.5232,medium,0
STU-2026-0596,0.0656,0.4116,3.82,3.69,0,0,0.0,0.0,0,0,0.02,low,0
STU-2026-0597,-0.0711,0.2995,4.22,4.23,0,0,0.0,0.0,0,0,0.02,low,0
STU-2026-0598,0.0027,0.5312,4.92,4.8,0,0,0.0,0.0,1,0,0.02,low,0
STU-2026-0599,-0.2993,-2.1642,2.45,1.94,10,2,0.3437,0.3449,2,2,0.9668,high,1
STU-2026-0600,-0.1866,-0.6048,3.06,2.69,2,2,0.1702,0.1546,0,0,0.5109,medium,0
STU-2026-0001,0.0187,0.3918,3.94,4.22,1,0,0.0,0.0,0,0,0.0275,low,0
STU-2026-0002,0.0223,-0.1252,4.28,4.36,1,0,0.0,0.0,0,0,0.0282,low,0
STU-2026-0003,0.0968,0.3478,4.42,4.4,2,0,0.0,0.0,0,0,0.02,low,0
STU-2026-0004,-0.1814,-1.8721,1.59,1.98,7,2,0.397,0.3796,1,0,0.9146,high,1
STU-2026-0005,0.0091,0.4381,3.72,3.66,0,0,0.0,0.0,0,0,0.0488,low,0
STU-2026-0006,0.0691,0.4493,4.02,4.19,0,0,0.0,0.0,0,0,0.02,low,0
STU-2026-0007,0.0276,0.767,4.13,4.25,0,0,0.0,0.0,0,0,0.02,low,0
STU-2026-0008,-0.3318,-1.835,2.93,3.02,5,3,0.2478,0.3511,3,0,0.8944,high,1
STU-2026-0009,-0.1279,-1.4107,3.73,3.66,3,0,0.1483,0.1648,1,0,0.5686,medium,0
STU-2026-0010,-0.1495,-0.4639,3.09,3.7,4,3,0.1488,0.2053,2,0,0.5572,medium,0
STU-2026-0011,0.1012,0.2655,4.3,4.61,0,0,0.0,0.0,0,0,0.02,low,0
STU-2026-0012,0.0263,-0.1431,3.67,3.49,1,0,0.0,0.0,0,1,0.02,low,0
STU-2026-0013,0.0163,0.4529,3.96,4.16,0,0,0.0,0.0,0,0,0.02,low,0
STU-2026-0014,-0.2835,-1.2741,2.9,2.9,2,1,0.1377,0.2314,1,0,0.537,medium,0
STU-2026-0015,-0.0357,0.2936,4.3,4.34,0,0,0.0,0.0,0,0,0.0271,low,0
STU-2026-0016,-0.0929,-0.8187,2.21,2.28,2,0,0.1752,0.1831,0,0,0.5392,medium,0
STU-2026-0017,-0.0294,0.72,4.46,4.06,1,1,0.0,0.0,0,0,0.02,low,0
STU-2026-0018,0.0517,0.0575,4.34,4.45,0,0,0.0,0.0,0,0,0.02,low,0
STU-2026-0019,-0.2718,-0.8084,3.4,3.46,2,1,0.1718,0.2167,0,0,0.5298,medium,0
STU-2026-0020,-0.0296,0.4591,3.91,3.63,1,0,0.0,0.0,0,0,0.02,low,0
STU-2026-0021,-0.6122,-1.8084,1.59,1.58,5,4,0.2744,0.3047,2,0,0.8511,high,1
STU-2026-0022,-0.018,0.2471,3.71,3.45,1,0,0.0,0.0,0,0,0.02,low,0
STU-2026-0023,0.1311,0.5429,4.05,4.21,1,0,0.0,0.0,0,0,0.02,low,0
STU-2026-0024,-0.0541,0.1123,4.21,4.05,1,0,0.0,0.0,0,0,0.02,low,0
STU-2026-0025,0.0117,0.4979,3.75,3.79,0,1,0.0,0.0,0,0,0.02,low,0
STU-2026-0026,0.0386,0.286,4.0,4.26,0,0,0.0,0.0,0,0,0.02,low,0
STU-2026-0027,-0.0164,0.2315,3.81,3.81,0,0,0.0,0.0,0,0,0.02,low,0
STU-2026-0028,-0.044,0.411,4.08,4.06,0,0,0.0,0.0,0,0,0.0343,low,0
STU-2026-0029,-0.0193,0.1496,4.2,4.32,1,0,0.0,0.0,0,0,0.0234,low,0
STU-2026-0030,0.0909,0.0843,4.32,4.58,0,1,0.0,0.0,0,0,0.02,low,0
STU-2026-0031,0.0532,0.0418,3.98,4.57,0,1,0.0,0.0,0,0,0.0266,low,0
STU-2026-0032,0.0384,0.0465,3.95,4.17,0,0,0.0,0.0,1,0,0.02,low,0
STU-2026-0033,0.0558,0.5147,4.81,5.0,0,0,0.0,0.0,0,0,0.02,low,0
STU-2026-0034,-0.023,0.0453,4.8,4.38,0,0,0.0,0.0,0,0,0.02,low,0
STU-2026-0035,0.0063,0.4839,3.95,3.83,0,0,0.0,0.0,0,0,0.02,low,0
STU-2026-0036,0.0206,-0.0011,4.1,4.09,0,0,0.0,0.0,0,0,0.02,low,0
STU-2026-0037,-0.0899,-0.7748,3.01,3.17,3,1,0.1069,0.1829,0,0,0.5225,medium,0
STU-2026-0038,0.0484,0.2294,4.92,5.0,0,0,0.0,0.0,0,0,0.02,low,0
STU-2026-0039,-0.114,-0.6973,3.1,3.03,4,2,0.1232,0.1459,2,0,0.5159,medium,0
STU-2026-0040,-0.4631,-2.0443,2.17,2.58,9,8,0.2874,0.4132,2,0,0.98,high,1
STU-2026-0041,-0.0264,-0.1913,4.73,4.59,1,1,0.0,0.0,0,0,0.02,low,0
STU-2026-0042,0.0429,0.3841,4.39,4.46,0,0,0.0,0.0,0,0,0.02,low,0
STU-2026-0043,-0.0359,0.5438,3.72,4.02,0,0,0.0,0.0,1,1,0.02,low,0
STU-2026-0044,-0.5938,-1.9735,1.51,1.85,11,5,0.2345,0.3632,2,1,0.9465,high,1
STU-2026-0045,-0.0994,-1.1299,3.09,3.01,4,0,0.1864,0.1428,0,1,0.5802,medium,0
STU-2026-0046,0.0609,-0.3975,4.36,4.1,1,0,0.0,0.0,0,0,0.02,low,0
STU-2026-0047,0.0036,0.1912,3.62,3.6,1,1,0.0,0.0,0,0,0.02,low,0
STU-2026-0048,-0.0738,0.4096,4.28,4.51,0,0,0.0,0.0,0,0,0.0224,low,0
STU-2026-0049,0.0563,-0.3737,3.6,3.24,0,0,0.0,0.0,0,0,0.0461,low,0
STU-2026-0050,-0.002,0.014,4.17,3.94,0,0,0.0,0.0,1,0,0.02,low,0
STU-2026-0051,-0.0512,0.2528,4.51,4.09,1,0,0.0,0.0,1,0,0.02,low,0
STU-2026-0052,0.052,0.3973,4.87,4.56,2,0,0.0,0.0,1,0,0.0254,low,0
STU-2026-0053,0.0729,0.1914,3.84,4.15,0,2,0.0,0.0,0,0,0.02,low,0
STU-2026-0054,-0.6045,-1.8074,1.43,1.75,8,2,0.2836,0.3407,2,2,0.9244,high,1
STU-2026-0055,-0.0081,0.8174,3.79,3.79,0,1,0.0,0.0,0,0,0.02,low,0
STU-2026-0056,0.0207,0.0988,3.8,3.86,0,0,0.0,0.0,0,0,0.02,low,0
STU-2026-0057,-0.0252,-0.0874,4.03,3.86,0,0,0.0,0.0,1,0,0.02,low,0
STU-2026-0058,0.0512,0.1558,4.85,4.25,1,0,0.0,0.0,0,0,0.02,low,0
STU-2026-0059,-0.2247,-0.4028,2.81,2.94,4,0,0.1357,0.1894,1,1,0.5111,medium,0
STU-2026-0060,-0.0134,0.2974,3.88,3.52,1,0,0.0,0.0,0,0,0.0383,low,0
STU-2026-0061,0.0046,0.0478,4.08,4.29,0,0,0.0,0.0,0,0,0.02,low,0
STU-2026-0062,0.0846,0.0925,3.96,4.24,0,0,0.0,0.0,0,0,0.02,low,0
STU-2026-0063,0.0284,0.2423,3.8,3.6,0,0,0.0,0.0,0,0,0.02,low,0
STU-2026-0064,0.0802,0.5161,4.55,4.43,0,0,0.0,0.0,0,0,0.0351,low,0
STU-2026-0065,-0.0631,-0.8322,2.02,2.15,1,1,0.1785,0.1957,0,0,0.5461,medium,0
STU-2026-0066,-0.1622,-0.6127,2.16,2.68,2,3,0.1979,0.1749,0,0,0.5241,medium,0
STU-2026-0067,-0.4621,-1.5923,1.62,1.12,9,5,0.2312,0.2918,1,0,0.8556,high,1
STU-2026-0068,0.0213,0.0733,4.25,3.94,0,0,0.0,0.0,0,0,0.0514,low,0
STU-2026-0069,-0.0758,-0.6032,3.11,3.22,3,1,0.1161,0.1819,1,1,0.4795,medium,0
STU-2026-0070,0.0232,0.5566,3.08,3.44,0,0,0.0,0.0,1,0,0.02,low,0
STU-2026-0071,-0.1211,-1.1056,3.57,3.87,1,0,0.1792,0.1881,0,0,0.4818,medium,0
STU-2026-0072,-0.0033,-0.0139,4.73,4.82,3,0,0.0,0.0,0,0,0.077,low,0
STU-2026-0073,-0.0605,0.4882,4.34,4.39,1,0,0.0,0.0,0,0,0.02,low,0
STU-2026-0074,0.0266,0.5987,3.93,4.23,2,0,0.0,0.0,0,0,0.02,low,0
STU-2026-0075,0.0441,0.0384,3.21,3.59,1,0,0.0,0.0,0,0,0.0354,low,0
STU-2026-0076,-0.0975,-0.5098,3.9,3.46,2,1,0.1879,0.2142,0,1,0.5221,medium,0
STU-2026-0077,0.0276,0.39,3.7,4.03,0,0,0.0,0.0,0,0,0.02,low,0
STU-2026-0078,0.0923,0.0756,3.75,3.74,1,0,0.0,0.0,0,0,0.02,low,0
STU-2026-0079,-0.0953,-0.7695,3.62,3.31,3,0,0.1884,0.1512,0,0,0.5442,medium,0
STU-2026-0080,0.1313,-0.042,4.0,3.67,2,0,0.0,0.0,0,0,0.0652,low,0
STU-2026-0081,0.0115,0.1791,4.67,4.77,1,0,0.0,0.0,0,0,0.02,low,0
STU-2026-0082,0.0519,0.4149,4.39,4.46,1,0,0.0,0.0,0,0,0.02,low,0
STU-2026-0083,0.0028,0.1739,3.55,3.67,0,0,0.0,0.0,0,0,0.02,low,0
STU-2026-0084,0.0096,0.267,4.65,4.78,0,0,0.0,0.0,0,0,0.02,low,0
STU-2026-0085,0.0427,0.2575,4.76,4.48,0,0,0.0,0.0,0,0,0.02,low,0
STU-2026-0086,-0.1257,-0.6383,2.97,3.12,3,1,0.2125,0.1435,0,0,0.5384,medium,0
STU-2026-0087,0.0222,0.2828,4.07,4.23,2,0,0.0,0.0,1,0,0.0243,low,0
STU-2026-0088,-0.1066,-0.9516,2.45,2.42,1,1,0.1718,0.1986,2,0,0.51,medium,0
STU-2026-0089,0.0106,0.5293,3.44,3.79,0,0,0.0,0.0,0,0,0.0224,low,0
STU-2026-0090,0.1091,0.4061,4.45,4.64,1,0,0.0,0.0,0,0,0.0301,low,0
STU-2026-0091,0.0089,0.1883,4.45,4.28,0,0,0.0,0.0,0,1,0.02,low,0
STU-2026-0092,-0.0447,-0.8792,2.51,2.68,3,1,0.1474,0.196,1,0,0.5171,medium,0
STU-2026-0093,0.0006,0.4706,4.07,4.2,0,0,0.0,0.0,0,0,0.02,low,0
STU-2026-0094,0.005,0.3018,4.43,4.74,0,1,0.0,0.0,0,1,0.02,low,0
STU-2026-0095,-0.2706,-0.3745,2.76,3.45,3,3,0.1586,0.2107,1,0,0.4584,medium,0
STU-2026-0096,-0.043,0.1458,4.09,3.54,0,0,0.0,0.0,0,0,0.02,low,0
STU-2026-0097,-0.4928,-2.1112,1.23,1.74,12,2,0.2174,0.421,4,0,0.9276,high,1
STU-2026-0098,0.0682,0.1749,4.33,4.57,1,0,0.0,0.0,0,0,0.02,low,0
STU-2026-0099,0.0069,0.4605,4.23,3.89,0,0,0.0,0.0,0,0,0.02,low,0
STU-2026-0100,-0.1405,-0.4785,3.33,2.89,7,2,0.2099,0.2114,0,1,0.5789,medium,0
STU-2026-0101,0.0901,0.0388,4.53,4.94,0,1,0.0,0.0,0,0,0.02,low,0
STU-2026-0102,0.0561,0.5767,3.91,4.24,0,0,0.0,0.0,0,0,0.02,low,0
STU-2026-0103,0.0328,0.3098,4.12,4.25,0,0,0.0,0.0,1,0,0.0209,low,0
STU-2026-0104,-0.1259,-0.6674,2.7,3.06,0,2,0.1579,0.1271,0,0,0.4473,medium,0
STU-2026-0105,-0.145,-0.8571,3.74,3.77,0,3,0.1752,0.1804,0,0,0.5131,medium,0
STU-2026-0106,-0.2982,-0.8885,2.5,2.48,4,0,0.1735,0.1826,0,0,0.566,medium,0
STU-2026-0107,-0.136,-0.5955,3.03,2.82,2,2,0.1476,0.1988,2,0,0.5203,medium,0
STU-2026-0108,0.0624,0.4331,4.19,4.16,0,0,0.0,0.0,0,0,0.02,low,0
STU-2026-0109,0.0481,0.3323,4.6,4.42,0,0,0.0,0.0,0,0,0.02,low,0
STU-2026-0110,-0.4908,-2.1686,1.47,1.35,10,4,0.3449,0.257,1,0,0.8726,high,1
STU-2026-0111,-0.1932,-0.505,3.21,2.59,5,2,0.1638,0.204,0,0,0.581,medium,0
STU-2026-0112,-0.2286,-0.7856,2.45,2.93,2,2,0.1977,0.2265,1,0,0.5277,medium,0
STU-2026-0113,0.0295,0.191,4.28,4.23,0,1,0.0,0.0,0,0,0.02,low,0
STU-2026-0114,-0.0329,0.4902,5.0,4.27,0,1,0.0,0.0,0,0,0.02,low,0
STU-2026-0115,-0.112,-0.8709,2.93,2.81,3,2,0.0959,0.1768,0,0,0.5096,medium,0
STU-2026-0116,0.0388,-0.018,4.1,4.28,1,0,0.0,0.0,0,0,0.02,low,0
STU-2026-0117,-0.157,-1.1796,2.48,2.54,5,3,0.1487,0.2025,0,0,0.5311,medium,0
STU-2026-0118,0.0335,0.3973,4.72,4.93,0,0,0.0,0.0,0,1,0.02,low,0
STU-2026-0119,-0.0611,0.401,3.6,3.75,1,0,0.0,0.0,0,0,0.0244,low,0
STU-2026-0120,-0.3567,-2.039,2.05,2.07,9,3,0.2706,0.4177,2,1,0.9384,high,1
STU-2026-0121,0.0539,0.5455,4.39,4.19,0,0,0.0,0.0,0,0,0.02,low,0
STU-2026-0122,-0.023,0.0476,4.12,4.2,1,0,0.0,0.0,0,0,0.02,low,0
STU-2026-0123,-0.0092,0.5509,4.09,3.91,0,0,0.0,0.0,0,0,0.02,low,0
STU-2026-0124,-0.0045,-0.0717,4.73,4.77,1,0,0.0,0.0,0,0,0.0298,low,0
STU-2026-0125,-0.0212,0.3069,4.08,4.31,1,0,0.0,0.0,0,0,0.02,low,0
STU-2026-0126,0.0958,0.1581,4.56,4.54,0,0,0.0,0.0,0,0,0.02,low,0
STU-2026-0127,0.063,0.0496,3.56,3.86,1,1,0.0,0.0,0,0,0.02,low,0
STU-2026-0128,-0.4394,-1.9606,1.84,1.39,8,3,0.3623,0.3485,2,0,0.8744,high,1
STU-2026-0129,0.0387,0.5021,4.35,4.53,1,0,0.0,0.0,0,0,0.02,low,0
STU-2026-0130,-0.1164,-1.0886,3.59,3.26,3,1,0.1357,0.1691,1,0,0.6141,medium,0
STU-2026-0131,0.0761,0.1195,4.31,4.19,0,0,0.0,0.0,0,0,0.02,low,0
STU-2026-0132,0.0118,0.3284,5.0,4.57,0,0,0.0,0.0,0,0,0.02,low,0
STU-2026-0133,-0.0236,0.0872,4.33,3.98,0,0,0.0,0.0,0,0,0.0348,low,0
STU-2026-0134,0.0236,0.2553,4.98,4.92,0,0,0.0,0.0,1,0,0.02,low,0
STU-2026-0135,-0.0199,0.4129,4.33,4.6,0,0,0.0,0.0,0,0,0.02,low,0
STU-2026-0136,-0.0209,-0.2138,4.05,4.22,1,0,0.0,0.0,0,0,0.02,low,0
STU-2026-0137,-0.1964,-0.6492,2.76,2.64,3,2,0.1296,0.1773,0,0,0.5248,medium,0
STU-2026-0138,0.0419,0.2225,4.65,4.23,2,1,0.0,0.0,0,1,0.0233,low,0
STU-2026-0139,0.0146,0.2543,4.23,3.83,1,0,0.0,0.0,0,0,0.0835,low,0
STU-2026-0140,0.0834,-0.1431,4.14,4.13,1,0,0.0,0.0,0,0,0.02,low,0
STU-2026-0141,-0.0247,0.0435,3.45,3.35,0,0,0.0,0.0,0,0,0.02,low,0
STU-2026-0142,-0.1933,-1.1772,3.33,3.77,3,2,0.1754,0.1971,1,0,0.599,medium,0
STU-2026-0143,0.0216,-0.2323,3.97,3.73,1,0,0.0,0.0,0,0,0.0424,low,0
STU-2026-0144,0.142,0.1049,4.12,3.91,0,0,0.0,0.0,0,0,0.02,low,0
STU-2026-0145,0.0634,-0.1294,4.23,4.16,0,1,0.0,0.0,0,0,0.02,low,0
STU-2026-0146,-0.3243,-1.936,1.2,1.56,9,5,0.3656,0.4403,1,0,0.9571,high,1
STU-2026-0147,0.0344,0.2333,3.84,3.6,0,0,0.0,0.0,0,0,0.02,low,0
STU-2026-0148,-0.0341,-0.1037,4.08,4.06,0,1,0.0,0.0,0,0,0.02,low,0
STU-2026-0149,0.0095,0.1716,4.96,4.66,0,0,0.0,0.0,0,0,0.02,low,0
STU-2026-0150,-0.0188,-0.0119,3.93,3.99,0,1,0.0,0.0,0,0,0.02,low,0
STU-2026-0151,0.1042,-0.2462,3.56,4.07,1,0,0.0,0.0,0,0,0.02,low,0
STU-2026-0152,-0.0491,-0.3461,4.16,4.08,0,0,0.0,0.0,1,0,0.02,low,0
STU-2026-0153,-0.1146,-0.8569,3.44,2.96,4,0,0.1822,0.1892,0,0,0.5598,medium,0
STU-2026-0154,0.0133,0.2249,4.13,4.22,1,2,0.0,0.0,0,0,0.048,low,0
STU-2026-0155,0.0636,-0.2941,3.75,3.68,0,0,0.0,0.0,0,0,0.0372,low,0
STU-2026-0156,-0.1068,-0.7485,3.08,2.88,3,1,0.1467,0.1563,0,0,0.5162,medium,0
STU-2026-0157,-0.1804,-0.7637,3.37,3.1,4,2,0.1756,0.1913,0,1,0.6302,medium,0
STU-2026-0158,0.1085,0.3463,3.9,3.68,0,0,0.0,0.0,0,0,0.0338,low,0
STU-2026-0159,0.0321,0.3214,4.11,3.96,0,0,0.0,0.0,0,0,0.02,low,0
STU-2026-0160,-0.118,-0.883,3.48,3.27,2,2,0.1784,0.1249,0,0,0.5669,medium,0
STU-2026-0161,0.0343,0.2514,4.81,4.56,0,1,0.0,0.0,0,0,0.02,low,0
STU-2026-0162,0.0065,0.4504,4.6,4.35,0,0,0.0,0.0,0,0,0.02,low,0
STU-2026-0163,0.006,0.2007,4.8,4.54,1,1,0.0,0.0,0,0,0.02,low,0
STU-2026-0164,-0.0055,0.1977,4.18,4.01,0,0,0.0,0.0,0,0,0.0244,low,0
STU-2026-0165,-0.137,-1.0824,3.29,3.11,5,1,0.175,0.2122,0,0,0.5154,medium,0
STU-2026-0166,-0.1317,-0.9749,2.61,3.1,3,2,0.2013,0.1848,1,0,0.5669,medium,0
STU-2026-0167,0.0378,0.2989,5.0,4.73,0,0,0.0,0.0,0,0,0.02,low,0
STU-2026-0168,0.0816,0.0821,4.2,3.74,1,1,0.0,0.0,0,0,0.02,low,0
STU-2026-0169,0.0473,0.3666,4.24,3.76,0,1,0.0,0.0,1,0,0.02,low,0
STU-2026-0170,0.0268,-0.0995,4.54,4.32,0,0,0.0,0.0,0,0,0.02,low,0
STU-2026-0171,0.0079,0.3427,4.15,4.1,0,0,0.0,0.0,0,0,0.02,low,0
STU-2026-0172,0.076,0.054,3.5,3.56,1,0,0.0,0.0,0,0,0.0254,low,0
STU-2026-0173,-0.0317,0.1705,4.17,4.38,0,1,0.0,0.0,0,0,0.02,low,0
STU-2026-0174,-0.0615,0.682,5.0,4.97,1,0,0.0,0.0,0,1,0.0418,low,0
STU-2026-0175,0.001,0.0541,4.16,4.71,1,0,0.0,0.0,0,0,0.02,low,0
STU-2026-0176,-0.0066,0.1163,3.75,3.47,0,1,0.0,0.0,0,0,0.02,low,0
STU-2026-0177,0.0656,0.2889,3.54,4.08,1,0,0.0,0.0,0,0,0.0681,low,0
STU-2026-0178,-0.0454,0.0952,4.45,4.42,0,0,0.0,0.0,0,0,0.02,low,0
STU-2026-0179,0.1002,-0.4867,4.7,4.83,0,1,0.0,0.0,0,0,0.0291,low,0
STU-2026-0180,-0.0293,0.3594,4.36,4.02,2,0,0.0,0.0,0,0,0.02,low,0
STU-2026-0181,0.1199,-0.0072,3.49,3.25,0,0,0.0,0.0,0,0,0.02,low,0
STU-2026-0182,0.0231,-0.2658,3.94,3.75,1,1,0.0,0.0,0,0,0.02,low,0
STU-2026-0183,0.0062,0.0665,3.51,3.66,1,0,0.0,0.0,0,0,0.0647,low,0
STU-2026-0184,0.0595,-0.2397,4.38,4.21,1,0,0.0,0.0,0,0,0.0363,low,0
STU-2026-0185,-0.1967,-0.4357,3.28,3.06,2,1,0.1246,0.1445,0,0,0.5286,medium,0
STU-2026-0186,-0.3309,-1.6978,2.54,2.33,7,4,0.1764,0.3205,3,0,0.8677,high,1
STU-2026-0187,0.1105,0.4123,4.36,4.79,1,1,0.0,0.0,0,0,0.02,low,0
STU-2026-0188,-0.1512,-1.0057,2.73,2.76,3,0,0.1157,0.2062,0,0,0.5595,medium,0
STU-2026-0189,0.0256,0.2413,4.29,4.27,1,0,0.0,0.0,0,1,0.0407,low,0
STU-2026-0190,-0.0196,-0.107,4.25,4.21,0,0,0.0,0.0,0,0,0.02,low,0
STU-2026-0191,0.0157,0.1441,3.71,3.85,0,1,0.0,0.0,0,0,0.02,low,0
STU-2026-0192,0.0744,0.1847,4.08,3.91,1,1,0.0,0.0,0,0,0.0444,low,0
STU-2026-0193,0.0615,0.2106,4.32,4.25,0,0,0.0,0.0,1,0,0.042,low,0
STU-2026-0194,-0.0092,0.4133,4.55,4.59,1,0,0.0,0.0,0,0,0.02,low,0
STU-2026-0195,0.0839,0.0709,4.88,5.0,0,0,0.0,0.0,0,0,0.02,low,0
STU-2026-0196,-0.0478,-0.9336,3.51,3.57,5,2,0.1315,0.1618,0,0,0.5419,medium,0
STU-2026-0197,-0.0507,0.1262,3.35,4.14,0,0,0.0,0.0,0,0,0.0235,low,0
STU-2026-0198,-0.053,0.353,3.92,3.94,0,0,0.0,0.0,0,0,0.02,low,0
STU-2026-0199,0.0608,0.2355,4.27,3.72,0,0,0.0,0.0,0,0,0.02,low,0
STU-2026-0200,0.1135,0.1882,4.63,5.0,0,0,0.0,0.0,0,0,0.02,low,0
STU-2026-0201,0.1156,0.4218,4.2,4.3,0,0,0.0,0.0,0,0,0.0306,low,0
STU-2026-0202,0.0701,-0.0797,4.43,4.25,0,0,0.0,0.0,0,0,0.02,low,0
STU-2026-0203,0.0349,0.2482,4.49,4.27,0,0,0.0,0.0,0,0,0.02,low,0
STU-2026-0204,0.0348,0.2998,4.27,4.4,1,0,0.0,0.0,0,1,0.02,low,0
STU-2026-0205,0.0185,0.2033,4.62,4.44,2,1,0.0,0.0,0,0,0.02,low,0
STU-2026-0206,-0.1204,-0.4869,3.17,3.25,3,1,0.1284,0.1624,0,0,0.5352,medium,0
STU-2026-0207,0.0473,0.8105,4.07,3.65,0,0,0.0,0.0,1,0,0.0497,low,0
STU-2026-0208,0.0368,-0.1272,5.0,4.49,1,0,0.0,0.0,0,0,0.02,low,0
STU-2026-0209,0.0386,0.3371,3.95,3.87,0,0,0.0,0.0,0,0,0.02,low,0
STU-2026-0210,-0.3122,-1.8959,2.09,1.86,6,5,0.2646,0.3581,2,0,0.867,high,1
STU-2026-0211,0.1302,0.2317,5.0,5.0,1,0,0.0,0.0,0,0,0.02,low,0
STU-2026-0212,0.0199,0.235,4.32,4.52,0,0,0.0,0.0,0,0,0.02,low,0
STU-2026-0213,-0.0458,-1.0026,3.25,2.91,2,1,0.1382,0.1578,0,1,0.5111,medium,0
STU-2026-0214,0.1114,0.3179,4.2,3.82,0,0,0.0,0.0,0,0,0.0375,low,0
STU-2026-0215,-0.0615,-0.1701,3.73,3.88,1,0,0.0,0.0,0,0,0.0254,low,0
STU-2026-0216,0.0567,0.1433,4.52,4.26,1,0,0.0,0.0,0,0,0.0821,low,0
STU-2026-0217,-0.0113,0.104,4.5,4.58,0,0,0.0,0.0,0,0,0.02,low,0
STU-2026-0218,0.0284,0.0099,4.56,4.16,1,1,0.0,0.0,0,0,0.0491,low,0
STU-2026-0219,0.0301,0.1573,4.83,4.13,0,0,0.0,0.0,0,1,0.02,low,0
STU-2026-0220,-0.0031,0.2853,4.6,4.23,1,0,0.0,0.0,0,0,0.0213,low,0
STU-2026-0221,-0.3721,-2.5524,1.27,1.68,7,3,0.3036,0.3184,4,2,0.9498,high,1
STU-2026-0222,0.087,0.5714,3.85,4.0,1,0,0.0,0.0,0,0,0.036,low,0
STU-2026-0223,-0.1907,-1.0091,2.96,3.2,2,1,0.1413,0.1849,1,0,0.5998,medium,0
STU-2026-0224,-0.1383,-1.2306,3.38,2.87,5,1,0.1987,0.1707,2,0,0.5964,medium,0
STU-2026-0225,-0.0743,0.577,4.81,4.8,1,0,0.0,0.0,0,0,0.02,low,0
STU-2026-0226,0.0485,0.239,4.37,5.0,1,0,0.0,0.0,0,0,0.02,low,0
STU-2026-0227,-0.0227,-0.0206,4.27,3.98,1,0,0.0,0.0,0,0,0.0369,low,0
STU-2026-0228,-0.0011,0.2235,3.83,4.03,1,0,0.0,0.0,0,0,0.02,low,0
STU-2026-0229,0.0176,0.1838,4.51,4.47,0,1,0.0,0.0,0,0,0.02,low,0
STU-2026-0230,-0.4911,-1.8002,1.39,1.05,4,2,0.2188,0.37,2,1,0.9152,high,1
STU-2026-0231,-0.12,-1.0068,2.62,2.56,4,2,0.1467,0.1609,1,0,0.5986,medium,0
STU-2026-0232,0.0538,-0.3019,3.9,3.24,0,0,0.0,0.0,0,0,0.032,low,0
STU-2026-0233,-0.0037,0.1836,4.68,4.89,1,1,0.0,0.0,0,0,0.02,low,0
STU-2026-0234,-0.1586,-0.9431,2.86,2.69,4,1,0.1372,0.178,0,0,0.5265,medium,0
STU-2026-0235,-0.0242,0.547,4.59,4.39,0,0,0.0,0.0,0,0,0.0207,low,0
STU-2026-0236,0.0806,0.508,4.06,4.22,0,0,0.0,0.0,0,0,0.02,low,0
STU-2026-0237,0.0112,0.2875,4.23,4.36,0,1,0.0,0.0,0,0,0.02,low,0
STU-2026-0238,-0.1541,-0.7339,2.81,3.42,4,0,0.1733,0.1314,0,0,0.5696,medium,0
STU-2026-0239,0.0939,0.2179,4.4,4.28,1,0,0.0,0.0,0,0,0.02,low,0
STU-2026-0240,-0.0988,-0.5471,3.43,3.33,1,0,0.0,0.0,0,0,0.0354,low,0
STU-2026-0241,0.0451,-0.051,4.55,4.03,0,0,0.0,0.0,0,0,0.02,low,0
STU-2026-0242,0.0498,-0.0348,3.79,3.78,1,0,0.0,0.0,0,0,0.02,low,0
STU-2026-0243,-0.1494,-0.5643,2.44,2.58,2,2,0.1438,0.1401,0,0,0.5063,medium,0
STU-2026-0244,-0.0113,0.5976,4.12,3.78,0,0,0.0,0.0,0,0,0.02,low,0
STU-2026-0245,-0.6344,-1.4858,1.35,1.43,8,4,0.2739,0.3717,2,0,0.8755,high,1
STU-2026-0246,-0.3645,-2.2704,1.0,1.19,3,1,0.3129,0.3714,3,0,0.9098,high,1
STU-2026-0247,0.023,0.5198,4.01,4.38,2,0,0.0,0.0,0,0,0.02,low,0
STU-2026-0248,-0.1155,-0.695,2.6,2.27,4,1,0.1842,0.2053,1,0,0.5702,medium,0
STU-2026-0249,-0.5304,-2.1663,2.01,1.6,7,4,0.3121,0.3817,2,2,0.9345,high,1
STU-2026-0250,0.0093,0.2722,4.22,4.03,0,0,0.0,0.0,0,0,0.02,low,0
STU-2026-0251,-0.4257,-1.554,1.29,1.67,5,4,0.3193,0.3678,3,1,0.8896,high,1
STU-2026-0252,0.0216,0.2831,4.14,3.85,0,1,0.0,0.0,0,0,0.02,low,0
STU-2026-0253,-0.61,-1.8,1.83,2.23,5,3,0.1722,0.3821,2,2,0.8172,high,1
STU-2026-0254,-0.1078,0.2933,3.49,3.49,0,1,0.0,0.0,0,0,0.02,low,0
STU-2026-0255,0.001,0.3616,4.34,4.16,1,0,0.0,0.0,0,0,0.02,low,0
STU-2026-0256,-0.0022,0.2049,4.26,4.12,0,0,0.0,0.0,0,0,0.02,low,0
STU-2026-0257,0.0657,0.4532,4.06,4.44,1,0,0.0,0.0,0,0,0.02,low,0
STU-2026-0258,-0.1876,-1.0026,2.42,2.49,4,0,0.1482,0.191,0,0,0.5381,medium,0
STU-2026-0259,-0.0837,0.4566,4.38,4.28,1,0,0.0,0.0,1,0,0.02,low,0
STU-2026-0260,-0.0056,0.4872,4.42,4.72,0,0,0.0,0.0,1,0,0.02,low,0
STU-2026-0261,0.0347,0.1093,4.03,4.08,1,0,0.0,0.0,0,0,0.02,low,0
STU-2026-0262,-0.1837,-0.8173,3.33,3.07,2,0,0.2072,0.2438,2,0,0.643,medium,0
STU-2026-0263,-0.6601,-1.6767,1.1,1.32,2,6,0.3186,0.3671,2,2,0.8641,high,1
STU-2026-0264,0.0476,0.3334,4.24,4.17,0,0,0.0,0.0,0,0,0.02,low,0
STU-2026-0265,0.0313,-0.024,4.25,4.26,0,0,0.0,0.0,0,0,0.031,low,0
STU-2026-0266,-0.0251,-0.2769,4.19,3.79,1,0,0.0,0.0,0,0,0.026,low,0
STU-2026-0267,0.1002,0.5771,4.36,4.51,0,1,0.0,0.0,0,0,0.0206,low,0
STU-2026-0268,-0.1495,-0.8453,3.03,2.75,4,2,0.1332,0.1678,0,0,0.5173,medium,0
STU-2026-0269,0.0314,-0.0088,4.02,4.0,1,0,0.0,0.0,1,0,0.02,low,0
STU-2026-0270,-0.0058,0.4619,4.33,4.38,2,1,0.0,0.0,0,0,0.02,low,0
STU-2026-0271,0.0572,-0.1317,5.0,5.0,0,0,0.0,0.0,0,0,0.02,low,0
STU-2026-0272,-0.1682,-1.3894,2.74,2.61,0,2,0.1921,0.1779,1,0,0.5711,medium,0
STU-2026-0273,0.0183,0.8196,4.48,4.51,0,0,0.0,0.0,0,0,0.02,low,0
STU-2026-0274,0.0903,0.1319,4.34,4.54,0,0,0.0,0.0,0,0,0.02,low,0
STU-2026-0275,-0.1807,-0.9428,3.49,3.48,7,2,0.1712,0.1829,0,0,0.5929,medium,0
STU-2026-0276,-0.2227,-0.8408,2.07,2.5,2,2,0.165,0.1983,2,0,0.5221,medium,0
STU-2026-0277,0.0322,0.3358,4.21,4.03,0,0,0.0,0.0,0,0,0.0469,low,0
STU-2026-0278,-0.0286,0.2442,3.93,4.19,0,0,0.0,0.0,1,0,0.0594,low,0
STU-2026-0279,-0.6682,-1.8767,1.48,1.45,9,3,0.2727,0.3664,2,2,0.9473,high,1
STU-2026-0280,0.0765,-0.0755,3.65,4.21,0,0,0.0,0.0,0,0,0.0437,low,0
STU-2026-0281,0.0364,0.524,4.32,4.08,0,0,0.0,0.0,0,0,0.02,low,0
STU-2026-0282,0.0019,0.3639,4.26,4.7,0,1,0.0,0.0,0,0,0.0271,low,0
STU-2026-0283,-0.1461,-0.9817,3.31,3.25,2,3,0.1528,0.1811,0,0,0.5328,medium,0
STU-2026-0284,-0.1996,-0.655,2.59,2.5,1,1,0.1677,0.1521,0,0,0.5365,medium,0
STU-2026-0285,-0.386,-1.8873,1.82,1.38,8,2,0.3154,0.3856,3,1,0.9233,high,1
STU-2026-0286,-0.0827,-0.052,4.39,5.0,1,0,0.0,0.0,0,0,0.0202,low,0
STU-2026-0287,-0.0171,0.4022,4.03,3.99,1,0,0.0,0.0,1,0,0.02,low,0
STU-2026-0288,-0.6124,-1.6598,1.52,1.72,4,3,0.2706,0.3487,2,1,0.8636,high,1
STU-2026-0289,0.0268,0.3651,3.38,3.72,0,2,0.0,0.0,1,0,0.02,low,0
STU-2026-0290,0.0389,0.3511,4.02,4.17,0,1,0.0,0.0,1,0,0.02,low,0
STU-2026-0291,-0.1343,-0.4295,2.81,2.8,1,3,0.1707,0.1934,0,0,0.4938,medium,0
STU-2026-0292,-0.393,-1.7442,1.31,1.2,12,5,0.211,0.3185,2,0,0.8985,high,1
STU-2026-0293,-0.1877,-0.9144,3.49,3.34,6,2,0.1439,0.1901,0,0,0.5942,medium,0
STU-2026-0294,0.0106,-0.4554,4.2,3.58,1,1,0.0,0.0,0,1,0.02,low,0
STU-2026-0295,0.0489,0.1955,4.8,5.0,1,0,0.0,0.0,0,0,0.02,low,0
STU-2026-0296,0.053,0.1893,4.08,4.24,3,0,0.0,0.0,0,0,0.02,low,0
STU-2026-0297,0.0722,0.2969,3.99,3.66,1,0,0.0,0.0,0,0,0.0689,low,0
STU-2026-0298,0.0297,0.9902,3.73,3.85,1,0,0.0,0.0,0,0,0.0402,low,0
STU-2026-0299,-0.0262,0.087,3.81,3.04,0,0,0.0,0.0,0,0,0.02,low,0
STU-2026-0300,-0.5099,-1.9574,1.58,1.75,7,2,0.3483,0.3654,3,0,0.9206,high,1
STU-2026-0301,0.0583,0.2165,4.71,4.93,0,0,0.0,0.0,0,0,0.02,low,0
STU-2026-0302,-0.1423,-0.6832,3.59,3.77,3,0,0.1317,0.1863,0,1,0.5322,medium,0
STU-2026-0303,-0.1866,-1.0248,2.7,2.87,4,3,0.1656,0.1261,0,0,0.5221,medium,0
STU-2026-0304,0.0707,0.5427,3.86,4.21,0,0,0.0,0.0,0,0,0.02,low,0
STU-2026-0305,-0.4565,-1.9152,1.36,1.48,8,1,0.3596,0.3054,1,1,0.9567,high,1
STU-2026-0306,-0.6286,-2.5736,1.54,1.95,5,5,0.3184,0.4739,1,0,0.9663,high,1
STU-2026-0307,-0.0023,-0.1488,4.24,4.19,0,0,0.0,0.0,0,0,0.02,low,0
STU-2026-0308,0.0038,0.3559,4.99,4.87,0,0,0.0,0.0,1,0,0.02,low,0
STU-2026-0309,-0.1005,-0.6893,3.33,3.32,3,1,0.1664,0.2345,0,0,0.5506,medium,0
STU-2026-0310,-0.3432,-2.2463,1.44,1.41,14,3,0.1945,0.2573,3,0,0.9046,high,1
STU-2026-0311,0.0515,-0.0981,4.91,4.46,0,0,0.0,0.0,0,0,0.03,low,0
STU-2026-0312,0.0327,0.2358,5.0,4.7,0,1,0.0,0.0,0,0,0.02,low,0
STU-2026-0313,0.0263,-0.1006,4.97,4.46,1,0,0.0,0.0,0,0,0.0671,low,0
STU-2026-0314,-0.0094,-0.4433,5.0,4.93,1,0,0.0,0.0,0,0,0.0466,low,0
STU-2026-0315,-0.0337,0.3349,4.46,4.35,0,0,0.0,0.0,0,0,0.0397,low,0
STU-2026-0316,-0.8176,-1.8907,1.93,2.24,5,4,0.2753,0.3908,1,0,0.9203,high,1
STU-2026-0317,-0.0115,0.4292,4.82,4.9,1,0,0.0,0.0,0,1,0.02,low,0
STU-2026-0318,0.0754,0.4072,4.41,4.31,0,2,0.0,0.0,0,0,0.02,low,0
STU-2026-0319,-0.1265,-0.6699,2.33,2.6,3,2,0.1518,0.1719,2,0,0.5554,medium,0
STU-2026-0320,-0.4275,-1.8894,1.0,2.08,6,3,0.2387,0.324,2,0,0.8819,high,1
STU-2026-0321,-0.02,0.2187,3.66,3.7,0,0,0.0,0.0,0,0,0.02,low,0
STU-2026-0322,0.0708,-0.3689,4.03,3.9,1,0,0.0,0.0,0,0,0.0256,low,0
STU-2026-0323,0.068,0.232,5.0,5.0,0,0,0.0,0.0,0,0,0.02,low,0
STU-2026-0324,0.0533,-0.0599,3.98,3.96,0,0,0.0,0.0,0,0,0.02,low,0
STU-2026-0325,-0.0732,0.5627,4.2,4.54,0,0,0.0,0.0,0,0,0.0433,low,0
STU-2026-0326,0.0434,0.4022,4.19,4.43,0,0,0.0,0.0,0,0,0.0254,low,0
STU-2026-0327,-0.011,-0.1198,4.63,4.29,1,1,0.0,0.0,0,0,0.02,low,0
STU-2026-0328,0.0811,0.4021,3.77,4.03,0,0,0.0,0.0,0,0,0.02,low,0
STU-2026-0329,0.0356,0.6787,4.27,4.14,2,0,0.0,0.0,0,0,0.0692,low,0
STU-2026-0330,-0.0087,0.2106,4.67,5.0,0,1,0.0,0.0,0,0,0.02,low,0
STU-2026-0331,-0.015,0.2098,4.05,4.05,0,0,0.0,0.0,0,0,0.02,low,0
STU-2026-0332,0.0268,0.1379,3.67,4.09,1,0,0.0,0.0,0,0,0.02,low,0
STU-2026-0333,-0.1627,-0.5491,3.71,3.72,6,3,0.1741,0.2213,1,0,0.6064,medium,0
STU-2026-0334,-0.0758,0.0514,5.0,5.0,1,0,0.0,0.0,0,0,0.0227,low,0
STU-2026-0335,-0.0444,0.6083,4.51,4.74,1,0,0.0,0.0,0,0,0.0349,low,0
STU-2026-0336,0.0299,0.745,3.72,3.98,0,1,0.0,0.0,0,0,0.02,low,0
STU-2026-0337,-0.0417,0.2708,4.59,4.06,0,0,0.0,0.0,0,0,0.02,low,0
STU-2026-0338,0.0226,0.3683,4.44,4.3,1,0,0.0,0.0,0,0,0.0255,low,0
STU-2026-0339,-0.1981,-0.6825,3.59,3.43,2,0,0.1837,0.1652,1,0,0.504,medium,0
STU-2026-0340,-0.1932,-0.8996,2.47,2.53,5,3,0.1522,0.2434,0,1,0.6178,medium,0
STU-2026-0341,-0.1381,-0.2048,2.41,2.77,5,2,0.1255,0.1688,0,0,0.5308,medium,0
STU-2026-0342,-0.0404,-0.2574,4.38,4.13,0,0,0.0,0.0,0,0,0.02,low,0
STU-2026-0343,-0.6302,-2.0175,1.73,2.23,6,2,0.3474,0.3818,2,0,0.9091,high,1
STU-2026-0344,0.0435,0.1584,3.91,3.91,0,0,0.0,0.0,0,0,0.02,low,0
STU-2026-0345,0.0891,0.2845,4.76,4.65,0,1,0.0,0.0,0,0,0.02,low,0
STU-2026-0346,0.046,0.1425,5.0,4.49,0,0,0.0,0.0,0,0,0.02,low,0
STU-2026-0347,0.0301,0.0493,4.15,4.5,0,1,0.0,0.0,0,0,0.02,low,0
STU-2026-0348,0.05,-0.0966,4.36,4.77,0,0,0.0,0.0,0,0,0.02,low,0
STU-2026-0349,-0.107,0.3156,4.15,4.02,0,1,0.0,0.0,0,0,0.02,low,0
STU-2026-0350,-0.1412,-0.4838,3.25,2.65,3,1,0.1677,0.1945,0,1,0.5586,medium,0
STU-2026-0351,0.0375,0.3519,4.77,4.66,0,0,0.0,0.0,1,0,0.02,low,0
STU-2026-0352,-0.0385,0.1796,3.79,4.18,0,0,0.0,0.0,0,0,0.02,low,0
STU-2026-0353,0.0564,0.6023,3.77,4.32,2,0,0.0,0.0,0,0,0.074,low,0
STU-2026-0354,0.0814,0.3715,5.0,4.8,1,0,0.0,0.0,0,0,0.02,low,0
STU-2026-0355,-0.5804,-2.1051,1.87,1.5,8,4,0.2078,0.3672,1,0,0.9378,high,1
STU-2026-0356,0.0574,-0.4242,4.22,4.47,0,0,0.0,0.0,1,0,0.037,low,0
STU-2026-0357,0.0534,-0.0978,3.88,4.39,1,0,0.0,0.0,0,0,0.02,low,0
STU-2026-0358,0.0087,0.3856,3.61,3.8,1,0,0.0,0.0,0,0,0.02,low,0
STU-2026-0359,0.0781,0.3648,4.41,3.65,0,0,0.0,0.0,0,0,0.031,low,0
STU-2026-0360,0.0454,0.094,4.53,3.99,0,0,0.0,0.0,0,0,0.0313,low,0
STU-2026-0361,0.0243,-0.0835,4.68,4.42,1,0,0.0,0.0,0,0,0.0333,low,0
STU-2026-0362,-0.026,0.2576,3.71,3.57,0,0,0.0,0.0,0,0,0.02,low,0
STU-2026-0363,-0.1898,-0.8567,3.34,2.73,3,1,0.1597,0.1789,1,0,0.4663,medium,0
STU-2026-0364,-0.1666,-0.8256,3.25,3.35,2,1,0.1586,0.1663,0,0,0.529,medium,0
STU-2026-0365,0.0309,0.1343,3.82,4.16,0,1,0.0,0.0,1,0,0.02,low,0
STU-2026-0366,0.0679,0.4045,5.0,4.63,0,0,0.0,0.0,0,0,0.02,low,0
STU-2026-0367,-0.0148,0.1102,4.25,3.72,0,1,0.0,0.0,1,0,0.02,low,0
STU-2026-0368,-0.1826,-1.0919,2.52,3.09,3,0,0.2054,0.1875,0,1,0.544,medium,0
STU-2026-0369,0.0424,-0.0864,4.15,4.32,1,2,0.0,0.0,0,0,0.02,low,0
STU-2026-0370,0.0278,0.1269,3.79,4.18,0,0,0.0,0.0,0,0,0.02,low,0
STU-2026-0371,-0.2102,-0.6498,3.43,3.05,3,1,0.1588,0.1882,1,0,0.5254,medium,0
STU-2026-0372,0.0421,0.4331,4.33,4.58,1,0,0.0,0.0,0,0,0.0296,low,0
STU-2026-0373,0.0155,0.1365,4.37,3.94,1,0,0.0,0.0,0,0,0.0308,low,0
STU-2026-0374,0.1026,0.2879,4.57,4.86,1,0,0.0,0.0,0,0,0.02,low,0
STU-2026-0375,-0.0698,0.5309,4.64,3.97,1,0,0.0,0.0,0,0,0.0396,low,0
STU-2026-0376,-0.0719,0.1709,3.99,4.47,2,0,0.0,0.0,1,0,0.02,low,0
STU-2026-0377,-0.5011,-2.4124,2.09,1.96,8,4,0.3531,0.3393,1,0,0.9722,high,1
STU-2026-0378,-0.5101,-1.8663,1.64,1.73,11,3,0.3521,0.3104,2,2,0.9325,high,1
STU-2026-0379,0.0941,0.1243,3.19,3.46,0,0,0.0,0.0,0,0,0.0204,low,0
STU-2026-0380,0.022,0.2452,4.21,4.58,0,0,0.0,0.0,0,0,0.02,low,0
STU-2026-0381,0.0527,-0.0688,4.56,4.28,0,0,0.0,0.0,0,0,0.02,low,0
STU-2026-0382,-0.0034,0.2344,4.06,4.47,0,0,0.0,0.0,0,1,0.02,low,0
STU-2026-0383,-0.0049,0.5496,4.43,4.24,0,1,0.0,0.0,0,0,0.02,low,0
STU-2026-0384,0.0023,0.0301,4.41,4.27,0,1,0.0,0.0,0,0,0.02,low,0
STU-2026-0385,0.0686,0.3302,3.82,3.91,0,0,0.0,0.0,0,0,0.0358,low,0
STU-2026-0386,-0.3142,-1.5993,1.0,1.36,4,7,0.2981,0.3814,2,0,0.9167,high,1
STU-2026-0387,-0.4258,-1.9002,1.63,1.38,8,2,0.2294,0.3198,3,1,0.8453,high,1
STU-2026-0388,-0.0557,0.4233,4.01,3.71,0,0,0.0,0.0,0,0,0.02,low,0
STU-2026-0389,0.0727,0.0558,3.86,4.16,0,0,0.0,0.0,0,0,0.02,low,0
STU-2026-0390,-0.253,-1.1135,2.95,2.6,5,2,0.1349,0.1771,0,0,0.592,medium,0
STU-2026-0391,-0.0395,0.3511,4.17,4.25,2,0,0.0,0.0,0,0,0.02,low,0
STU-2026-0392,0.0654,0.2592,3.73,4.54,0,0,0.0,0.0,1,0,0.02,low,0
STU-2026-0393,-0.0976,-0.9588,2.39,1.93,2,0,0.1322,0.2164,1,0,0.541,medium,0
STU-2026-0394,0.0095,0.2664,4.36,4.59,0,0,0.0,0.0,0,0,0.02,low,0
STU-2026-0395,0.0028,0.309,4.38,4.23,0,0,0.0,0.0,0,0,0.0546,low,0
STU-2026-0396,-0.0388,-0.2,4.05,4.42,0,0,0.0,0.0,0,0,0.02,low,0
STU-2026-0397,-0.2914,-1.6732,1.24,1.0,2,1,0.224,0.3675,2,0,0.8462,high,1
STU-2026-0398,0.0726,0.3866,4.33,4.2,0,0,0.0,0.0,0,0,0.0219,low,0
STU-2026-0399,0.0271,0.036,4.06,4.07,0,0,0.0,0.0,0,0,0.02,low,0
STU-2026-0400,-0.0399,0.1765,4.16,4.7,0,0,0.0,0.0,0,0,0.02,low,0
STU-2026-0401,0.0782,0.0003,3.78,3.45,0,0,0.0,0.0,1,0,0.02,low,0
STU-2026-0402,0.002,0.1692,4.65,4.47,1,0,0.0,0.0,0,0,0.02,low,0
STU-2026-0403,0.049,0.4614,4.51,4.58,0,1,0.0,0.0,0,0,0.0365,low,0
STU-2026-0404,-0.0146,0.6581,4.49,4.25,0,0,0.0,0.0,0,0,0.02,low,0
STU-2026-0405,0.0637,-0.3074,4.39,4.51,0,0,0.0,0.0,0,0,0.0312,low,0
STU-2026-0406,0.0248,0.3871,4.14,4.02,3,1,0.0,0.0,0,0,0.0307,low,0
STU-2026-0407,-0.1184,-1.0,3.43,3.35,5,1,0.1603,0.1773,0,0,0.6077,medium,0
STU-2026-0408,0.072,0.1555,4.07,4.06,1,0,0.0,0.0,0,0,0.1183,low,0
STU-2026-0409,-0.0605,-0.0271,3.62,4.14,1,0,0.0,0.0,0,0,0.02,low,0
STU-2026-0410,-0.1997,-0.8469,2.22,2.64,5,1,0.1915,0.2044,1,0,0.5887,medium,0
STU-2026-0411,-0.0157,0.0687,3.99,4.33,2,0,0.0,0.0,1,0,0.0234,low,0
STU-2026-0412,-0.0435,-0.795,2.87,2.8,0,2,0.1387,0.1356,2,0,0.4851,medium,0
STU-2026-0413,0.0952,0.3981,4.51,4.66,0,0,0.0,0.0,0,0,0.02,low,0
STU-2026-0414,0.0417,0.3613,4.87,4.58,1,0,0.0,0.0,0,0,0.02,low,0
STU-2026-0415,0.0207,-0.1081,4.28,4.08,0,1,0.0,0.0,0,0,0.02,low,0
STU-2026-0416,-0.1401,-0.901,3.65,3.7,3,0,0.1434,0.1986,1,0,0.5147,medium,0
STU-2026-0417,-0.0191,0.5671,4.09,4.61,1,0,0.0,0.0,0,0,0.02,low,0
STU-2026-0418,-0.0272,0.0692,4.93,4.63,0,1,0.0,0.0,0,0,0.0275,low,0
STU-2026-0419,0.0556,-0.1697,4.33,4.26,2,0,0.0,0.0,0,0,0.02,low,0
STU-2026-0420,0.0664,-0.1476,4.01,3.61,0,0,0.0,0.0,0,0,0.02,low,0
STU-2026-0421,0.0498,-0.1246,4.46,4.2,2,0,0.0,0.0,0,0,0.02,low,0
STU-2026-0422,-0.0298,0.1083,3.53,3.42,0,0,0.0,0.0,0,0,0.02,low,0
STU-2026-0423,0.0786,0.3322,4.53,4.57,0,0,0.0,0.0,0,0,0.02,low,0
STU-2026-0424,-0.0742,-0.8021,3.0,3.08,3,2,0.102,0.1524,1,0,0.529,medium,0
STU-2026-0425,0.042,0.2189,3.98,4.17,0,0,0.0,0.0,0,0,0.0248,low,0
STU-2026-0426,0.0719,-0.1349,4.28,3.81,0,1,0.0,0.0,0,0,0.02,low,0
STU-2026-0427,-0.2121,-0.8118,2.82,2.88,1,2,0.1811,0.1932,0,0,0.5501,medium,0
STU-2026-0428,0.071,0.3862,3.54,3.77,1,0,0.0,0.0,0,0,0.02,low,0
STU-2026-0429,-0.0275,0.3415,3.88,4.17,0,0,0.0,0.0,1,0,0.02,low,0
STU-2026-0430,0.0091,0.2681,3.69,3.63,2,0,0.0,0.0,0,0,0.0472,low,0
STU-2026-0431,-0.0078,0.2406,4.62,4.41,1,0,0.0,0.0,1,0,0.02,low,0
STU-2026-0432,0.0243,0.2223,4.46,4.35,1,0,0.0,0.0,0,0,0.0214,low,0
STU-2026-0433,0.0853,0.4353,5.0,4.19,1,0,0.0,0.0,0,0,0.02,low,0
STU-2026-0434,0.0542,0.0381,3.84,4.58,0,0,0.0,0.0,0,0,0.02,low,0
STU-2026-0435,-0.1562,-0.826,3.06,3.14,4,1,0.1688,0.2459,0,0,0.5765,medium,0
STU-2026-0436,0.0068,0.4501,4.42,4.44,1,1,0.0,0.0,0,0,0.0313,low,0
STU-2026-0437,0.0507,0.3798,3.91,3.65,0,2,0.0,0.0,0,0,0.02,low,0
STU-2026-0438,-0.345,-2.4179,1.99,2.01,2,2,0.2666,0.2981,3,2,0.8872,high,1
STU-2026-0439,0.0209,-0.0037,4.26,3.99,2,0,0.0,0.0,0,0,0.02,low,0
STU-2026-0440,-0.0277,0.7326,4.99,4.14,1,0,0.0,0.0,0,0,0.0298,low,0
STU-2026-0441,0.0631,0.3724,4.22,4.38,1,0,0.0,0.0,0,0,0.0237,low,0
STU-2026-0442,0.0058,-0.2918,4.75,4.73,0,0,0.0,0.0,1,0,0.02,low,0
STU-2026-0443,-0.0791,-0.0403,4.03,3.94,0,0,0.0,0.0,0,0,0.02,low,0
STU-2026-0444,0.0166,-0.2943,4.35,4.66,2,0,0.0,0.0,0,0,0.0513,low,0
STU-2026-0445,-0.5582,-1.5327,1.98,2.18,9,3,0.3471,0.4294,1,2,0.9704,high,1
STU-2026-0446,0.0057,-0.1188,3.52,3.73,1,0,0.0,0.0,1,0,0.02,low,0
STU-2026-0447,0.0173,0.3657,4.52,4.58,2,0,0.0,0.0,0,0,0.0398,low,0
STU-2026-0448,-0.2089,-0.5309,2.73,2.33,7,0,0.1634,0.1959,1,0,0.5578,medium,0
STU-2026-0449,-0.0027,0.4225,3.33,3.45,0,1,0.0,0.0,0,0,0.0253,low,0
STU-2026-0450,-0.361,-1.568,1.43,1.48,7,4,0.3552,0.2827,1,0,0.8926,high,1
STU-2026-0451,-0.088,-0.2694,3.07,2.97,4,0,0.1389,0.2298,1,1,0.5155,medium,0
STU-2026-0452,-0.1326,-0.6951,2.92,3.45,7,2,0.1544,0.1487,1,0,0.5738,medium,0
STU-2026-0453,0.0623,-0.1801,3.79,4.42,0,0,0.0,0.0,0,0,0.02,low,0
STU-2026-0454,0.1038,0.6548,3.96,3.55,0,0,0.0,0.0,0,0,0.02,low,0
STU-2026-0455,0.0594,0.1272,4.31,4.17,2,0,0.0,0.0,1,0,0.0436,low,0
STU-2026-0456,0.0249,0.1932,4.74,4.85,1,1,0.0,0.0,0,0,0.062,low,0
STU-2026-0457,0.0393,0.0267,3.9,3.37,0,0,0.0,0.0,0,0,0.02,low,0
STU-2026-0458,0.0573,0.0195,4.22,4.24,0,0,0.0,0.0,0,1,0.02,low,0
STU-2026-0459,0.0195,-0.0771,4.76,4.78,0,1,0.0,0.0,0,0,0.0264,low,0
STU-2026-0460,-0.5178,-2.2138,1.79,2.18,8,8,0.2962,0.3538,4,2,0.9449,high,1
STU-2026-0461,0.0756,0.3627,4.41,4.38,0,0,0.0,0.0,0,0,0.02,low,0
STU-2026-0462,-0.2167,-0.8931,3.13,3.29,3,1,0.1653,0.2183,1,1,0.5273,medium,0
STU-2026-0463,0.0477,-0.1894,4.85,4.56,0,0,0.0,0.0,0,0,0.0218,low,0
STU-2026-0464,-0.171,-0.738,3.07,3.3,0,2,0.157,0.1311,0,0,0.5145,medium,0
STU-2026-0465,0.1074,0.0552,4.72,4.78,2,0,0.0,0.0,0,0,0.02,low,0
STU-2026-0466,-0.0188,0.2118,3.73,4.12,0,0,0.0,0.0,0,0,0.02,low,0
STU-2026-0467,-0.1474,-0.8036,3.71,3.36,0,4,0.1687,0.2099,0,0,0.5212,medium,0
STU-2026-0468,-0.1217,-0.7024,3.59,3.6,3,3,0.1594,0.201,0,0,0.5211,medium,0
STU-2026-0469,0.1187,0.134,4.86,4.73,2,0,0.0,0.0,0,0,0.0308,low,0
STU-2026-0470,-0.1232,-0.8579,2.31,2.33,5,2,0.1533,0.1673,1,0,0.5567,medium,0
STU-2026-0471,0.0537,0.1849,4.82,5.0,1,0,0.0,0.0,0,0,0.0282,low,0
STU-2026-0472,-0.4169,-2.1188,1.26,1.2,5,1,0.3399,0.3063,2,2,0.8964,high,1
STU-2026-0473,-0.1049,-0.6835,2.93,2.67,2,0,0.1425,0.1972,0,1,0.5397,medium,0
STU-2026-0474,0.0512,0.3403,4.17,4.1,2,0,0.0,0.0,0,0,0.052,low,0
STU-2026-0475,0.0665,-0.3195,4.53,4.25,0,0,0.0,0.0,0,0,0.02,low,0
STU-2026-0476,-0.1118,-0.9641,2.68,2.78,2,1,0.1271,0.1955,0,0,0.5274,medium,0
STU-2026-0477,-0.1491,-0.5952,3.39,3.82,2,0,0.1696,0.1753,1,0,0.5013,medium,0
STU-2026-0478,-0.296,-1.6015,2.3,2.46,12,1,0.4157,0.3629,2,1,0.9426,high,1
STU-2026-0479,0.048,0.1296,3.75,3.6,1,0,0.0,0.0,0,0,0.0227,low,0
STU-2026-0480,0.0573,0.469,3.9,3.96,0,0,0.0,0.0,0,0,0.02,low,0
STU-2026-0481,0.0394,0.3658,5.0,4.79,0,1,0.0,0.0,0,0,0.0609,low,0
STU-2026-0482,0.0095,0.2348,4.29,4.34,0,1,0.0,0.0,0,0,0.02,low,0
STU-2026-0483,-0.4929,-1.8556,1.17,1.0,11,3,0.2858,0.2872,4,0,0.9388,high,1
STU-2026-0484,-0.0362,0.3063,4.43,4.21,1,0,0.0,0.0,0,0,0.02,low,0
STU-2026-0485,0.0574,0.2316,3.75,3.71,0,0,0.0,0.0,0,0,0.02,low,0
STU-2026-0486,-0.0896,-0.6851,2.94,3.24,0,0,0.1742,0.1793,0,0,0.5369,medium,0
STU-2026-0487,0.1136,0.5331,3.63,3.83,1,0,0.0,0.0,0,0,0.0327,low,0
STU-2026-0488,-0.0375,0.7141,4.46,4.13,0,0,0.0,0.0,0,0,0.0205,low,0
STU-2026-0489,0.0338,0.5722,4.43,4.11,0,0,0.0,0.0,0,0,0.0347,low,0
STU-2026-0490,0.1354,0.4898,4.05,3.84,1,0,0.0,0.0,0,0,0.0288,low,0
STU-2026-0491,0.0108,0.4612,4.92,4.41,1,0,0.0,0.0,0,0,0.02,low,0
STU-2026-0492,0.0055,-0.0101,2.77,3.51,1,0,0.0,0.0,1,0,0.038,low,0
STU-2026-0493,-0.0108,0.2332,4.36,4.17,0,0,0.0,0.0,0,0,0.02,low,0
STU-2026-0494,-0.008,0.3614,4.08,3.66,0,0,0.0,0.0,0,0,0.0247,low,0
STU-2026-0495,0.0605,0.3627,4.05,3.6,0,0,0.0,0.0,0,0,0.032,low,0
STU-2026-0496,-0.5215,-1.5775,1.0,1.5,6,5,0.225,0.3113,4,0,0.9272,high,1
STU-2026-0497,-0.5633,-2.0677,2.6,2.42,8,8,0.2954,0.3874,4,0,0.9292,high,1
STU-2026-0498,-0.1268,-0.8055,3.45,3.74,4,2,0.1489,0.1887,0,0,0.5424,medium,0
STU-2026-0499,-0.521,-2.0088,1.24,1.41,7,2,0.3395,0.3602,4,0,0.9318,high,1
STU-2026-0500,-0.3084,-2.2126,1.34,1.49,10,2,0.3611,0.2933,2,0,0.9144,high,1
STU-2026-0501,-0.0797,0.1765,4.18,3.92,1,0,0.0,0.0,0,0,0.0481,low,0
STU-2026-0502,0.0177,0.1924,4.0,4.47,1,0,0.0,0.0,0,0,0.0805,low,0
STU-2026-0503,-0.0292,-0.2521,4.18,3.82,0,0,0.0,0.0,0,0,0.0482,low,0
STU-2026-0504,-0.0006,0.1942,4.45,4.62,0,0,0.0,0.0,0,0,0.02,low,0
STU-2026-0505,0.0371,0.5324,3.65,3.98,1,0,0.0,0.0,0,0,0.02,low,0
STU-2026-0506,-0.0115,0.2527,3.39,3.19,0,1,0.0,0.0,0,0,0.02,low,0
STU-2026-0507,-0.0079,-0.0146,4.03,3.82,0,0,0.0,0.0,0,0,0.02,low,0
STU-2026-0508,0.0063,0.3827,4.1,4.05,1,1,0.0,0.0,1,0,0.02,low,0
STU-2026-0509,-0.2444,-0.4376,2.28,1.98,2,0,0.1606,0.1571,0,0,0.5106,medium,0
STU-2026-0510,-0.2207,-0.82,2.85,2.53,1,1,0.1423,0.2108,1,0,0.5303,medium,0
STU-2026-0511,-0.0578,-0.5017,3.02,2.81,0,0,0.1671,0.1714,1,0,0.5421,medium,0
STU-2026-0512,-0.083,-0.1649,2.34,2.08,2,1,0.1684,0.1621,1,0,0.5448,medium,0
STU-2026-0513,-0.1268,-0.9175,3.67,3.84,5,1,0.1346,0.1866,0,0,0.5664,medium,0
STU-2026-0514,0.0086,0.2691,4.25,4.27,1,0,0.0,0.0,0,0,0.02,low,0
STU-2026-0515,0.0197,0.2437,3.82,3.96,0,0,0.0,0.0,0,0,0.02,low,0
STU-2026-0516,-0.4298,-2.1005,1.54,1.73,10,2,0.2799,0.3708,2,0,0.964,high,1
STU-2026-0517,-0.1104,-0.8223,3.11,3.18,5,0,0.1284,0.1417,0,0,0.5391,medium,0
STU-2026-0518,-0.5497,-2.1152,1.2,1.24,7,2,0.253,0.3034,2,1,0.865,high,1
STU-2026-0519,-0.0206,0.3486,4.72,4.7,0,0,0.0,0.0,0,0,0.02,low,0
STU-2026-0520,0.0874,-0.1232,4.0,3.31,3,0,0.0,0.0,0,0,0.055,low,0
STU-2026-0521,0.0584,0.2014,3.84,4.22,0,0,0.0,0.0,1,0,0.02,low,0
STU-2026-0522,-0.037,0.265,3.9,4.01,0,0,0.0,0.0,1,0,0.02,low,0
STU-2026-0523,-0.0844,0.1634,4.71,4.63,3,1,0.0,0.0,0,0,0.02,low,0
STU-2026-0524,0.0543,-0.3327,4.73,4.69,0,0,0.0,0.0,0,0,0.02,low,0
STU-2026-0525,-0.4046,-1.6759,1.0,1.09,10,4,0.246,0.368,1,1,0.8914,high,1
STU-2026-0526,-0.0108,-0.1879,4.18,4.3,1,0,0.0,0.0,0,0,0.02,low,0
STU-2026-0527,-0.0246,-0.1227,4.4,3.94,0,0,0.0,0.0,0,0,0.0504,low,0
STU-2026-0528,0.0179,0.2068,4.26,4.07,0,0,0.0,0.0,0,0,0.02,low,0
STU-2026-0529,-0.0076,-0.5232,3.76,4.18,0,0,0.0,0.0,0,1,0.0529,low,0
STU-2026-0530,0.0011,0.0872,4.12,3.87,2,0,0.0,0.0,0,0,0.0481,low,0
STU-2026-0531,0.0571,0.2685,4.5,4.42,2,0,0.0,0.0,0,0,0.0765,low,0
STU-2026-0532,-0.0392,0.4044,4.59,4.65,0,0,0.0,0.0,0,0,0.02,low,0
STU-2026-0533,-0.0609,0.0339,3.64,3.63,0,0,0.0,0.0,0,0,0.02,low,0
STU-2026-0534,0.0465,0.4855,4.57,3.99,0,1,0.0,0.0,0,0,0.02,low,0
STU-2026-0535,-0.0672,-0.034,4.13,4.76,1,1,0.0,0.0,0,0,0.0267,low,0
STU-2026-0536,-0.0266,0.4846,4.98,5.0,0,0,0.0,0.0,0,0,0.0391,low,0
STU-2026-0537,-0.0221,-0.1802,3.67,3.91,0,0,0.0,0.0,0,0,0.0216,low,0
STU-2026-0538,0.0128,0.257,3.6,3.79,0,0,0.0,0.0,0,0,0.0374,low,0
STU-2026-0539,-0.4586,-2.0505,1.65,1.44,6,3,0.2348,0.3407,1,0,0.87,high,1
STU-2026-0540,0.0515,0.0502,4.13,4.77,0,0,0.0,0.0,0,0,0.0332,low,0
STU-2026-0541,0.0238,-0.0414,3.65,3.78,0,0,0.0,0.0,0,0,0.02,low,0
STU-2026-0542,-0.0279,0.0877,3.57,3.5,1,0,0.0,0.0,0,0,0.0322,low,0
STU-2026-0543,0.0349,0.4367,3.32,3.55,0,0,0.0,0.0,0,0,0.02,low,0
STU-2026-0544,0.1029,-0.1939,4.19,3.92,1,0,0.0,0.0,0,0,0.02,low,0
STU-2026-0545,-0.0243,0.2828,3.77,3.67,0,1,0.0,0.0,0,0,0.0408,low,0
STU-2026-0546,0.006,-0.1578,4.53,4.33,0,0,0.0,0.0,0,0,0.02,low,0
STU-2026-0547,0.0357,0.1378,4.21,4.12,0,0,0.0,0.0,0,0,0.02,low,0
STU-2026-0548,-0.052,0.2215,4.52,4.26,0,0,0.0,0.0,0,0,0.02,low,0
STU-2026-0549,-0.068,-0.1532,4.1,4.46,0,0,0.0,0.0,0,0,0.02,low,0
STU-2026-0550,0.0702,-0.0391,3.67,4.51,1,0,0.0,0.0,1,0,0.02,low,0
STU-2026-0551,-0.4845,-2.1886,2.49,2.21,6,3,0.2464,0.4001,2,0,0.9077,high,1
STU-2026-0552,-0.2809,-2.1227,1.61,1.79,8,5,0.31,0.2973,2,2,0.9707,high,1
STU-2026-0553,-0.0456,0.1321,3.77,4.14,1,0,0.0,0.0,1,0,0.0375,low,0
STU-2026-0554,-0.0005,-0.0271,3.54,3.79,0,1,0.0,0.0,0,0,0.02,low,0
STU-2026-0555,-0.172,-0.8955,2.62,2.43,3,2,0.1613,0.2194,1,0,0.5432,medium,0
STU-2026-0556,-0.0946,-0.4555,4.24,4.37,0,0,0.0,0.0,0,0,0.0211,low,0
STU-2026-0557,-0.0309,0.3388,3.35,3.55,0,1,0.0,0.0,0,0,0.02,low,0
STU-2026-0558,0.0081,0.5526,4.29,4.52,0,0,0.0,0.0,0,0,0.02,low,0
STU-2026-0559,-0.0291,0.5202,4.24,4.57,0,0,0.0,0.0,0,0,0.0264,low,0
STU-2026-0560,-0.0959,-0.0734,4.1,4.27,0,0,0.0,0.0,0,0,0.02,low,0
STU-2026-0561,0.0194,0.1553,4.19,3.99,0,0,0.0,0.0,0,0,0.0403,low,0
STU-2026-0562,0.0746,0.2536,4.0,4.12,0,0,0.0,0.0,0,0,0.02,low,0
STU-2026-0563,-0.1861,-0.6564,3.23,3.02,1,1,0.1535,0.2039,1,1,0.4984,medium,0
STU-2026-0564,-0.028,0.0484,3.92,4.3,1,0,0.0,0.0,0,0,0.02,low,0
STU-2026-0565,0.0194,0.2023,4.4,3.92,0,0,0.0,0.0,0,0,0.02,low,0
STU-2026-0566,0.0758,0.3204,4.16,4.11,0,0,0.0,0.0,1,0,0.02,low,0
STU-2026-0567,0.0618,0.0494,3.9,4.13,0,0,0.0,0.0,0,0,0.0342,low,0
STU-2026-0568,0.0371,0.0086,3.56,4.19,0,1,0.0,0.0,0,0,0.02,low,0
STU-2026-0569,0.0169,-0.1147,5.0,4.88,0,0,0.0,0.0,0,0,0.02,low,0
STU-2026-0570,-0.0265,-1.0038,3.18,2.92,1,1,0.1305,0.1748,1,0,0.5308,medium,0
STU-2026-0571,0.0011,0.245,4.12,4.33,2,1,0.0,0.0,0,0,0.02,low,0
STU-2026-0572,0.0566,-0.0609,4.48,4.47,0,0,0.0,0.0,0,0,0.02,low,0
STU-2026-0573,0.0923,0.3159,4.21,3.58,0,0,0.0,0.0,0,0,0.025,low,0
STU-2026-0574,-0.5487,-2.0594,1.26,1.3,5,4,0.3433,0.2975,3,0,0.9222,high,1
STU-2026-0575,0.0244,0.2946,3.53,4.08,0,0,0.0,0.0,0,0,0.02,low,0
STU-2026-0576,0.0325,0.0658,4.06,3.85,0,0,0.0,0.0,0,0,0.02,low,0
STU-2026-0577,0.0392,-0.1328,3.92,3.93,0,1,0.0,0.0,0,0,0.02,low,0
STU-2026-0578,-0.0187,0.5539,3.79,4.01,1,0,0.0,0.0,0,0,0.0284,low,0
STU-2026-0579,-0.1313,-1.0909,3.07,2.8,4,3,0.1512,0.2207,0,0,0.5177,medium,0
STU-2026-0580,0.0827,0.0359,4.2,4.18,1,2,0.0,0.0,0,0,0.0216,low,0
STU-2026-0581,-0.0309,0.15,4.69,4.45,0,0,0.0,0.0,0,0,0.02,low,0
STU-2026-0582,-0.301,-1.721,3.11,2.97,6,1,0.2372,0.3476,3,2,0.8726,high,1
STU-2026-0583,-0.0125,-0.0403,4.3,4.37,0,0,0.0,0.0,0,0,0.02,low,0
STU-2026-0584,-0.0924,0.4799,4.26,4.5,0,0,0.0,0.0,0,0,0.02,low,0
STU-2026-0585,0.1299,0.3986,4.4,4.4,2,0,0.0,0.0,1,0,0.0219,low,0
STU-2026-0586,-0.1924,-0.8269,3.1,3.14,4,2,0.1373,0.1818,0,0,0.5778,medium,0
STU-2026-0587,0.0119,0.1025,3.99,3.94,0,1,0.0,0.0,0,0,0.02,low,0
STU-2026-0588,-0.3574,-2.1193,1.0,1.19,10,3,0.3389,0.3172,3,1,0.9764,high,1
STU-2026-0589,-0.0054,0.007,3.72,3.71,2,0,0.0,0.0,0,1,0.02,low,0
STU-2026-0590,-0.5374,-2.3849,1.13,1.67,14,2,0.1834,0.3684,2,0,0.98,high,1
STU-2026-0591,0.0,0.4081,4.54,4.55,0,1,0.0,0.0,0,0,0.0208,low,0
STU-2026-0592,-0.0378,-0.0117,4.5,4.59,0,0,0.0,0.0,0,0,0.02,low,0
STU-2026-0593,0.0099,-0.1038,4.75,4.53,0,0,0.0,0.0,1,0,0.02,low,0
STU-2026-0594,0.0514,0.4048,4.35,4.17,1,1,0.0,0.0,0,0,0.0227,low,0
STU-2026-0595,-0.1569,-0.6389,3.21,3.97,3,1,0.1259,0.2298,0,0,0.5098,medium,0
STU-2026-0596,0.0164,0.3981,4.03,4.03,1,0,0.0,0.0,0,0,0.02,low,0
STU-2026-0597,-0.0025,0.4569,4.42,4.55,1,0,0.0,0.0,0,0,0.02,low,0
STU-2026-0598,0.0107,0.2919,4.62,4.25,0,0,0.0,0.0,0,0,0.02,low,0
STU-2026-0599,-0.3746,-2.0991,1.69,1.94,6,3,0.3086,0.3574,2,0,0.8615,high,1
STU-2026-0600,-0.1694,-0.9931,2.61,2.82,3,1,0.168,0.1587,0,1,0.5262,medium,0
STU-2026-0001,0.0626,-0.009,3.99,4.22,0,0,0.0,0.0,0,0,0.02,low,0
STU-2026-0002,-0.0583,0.2698,4.26,3.98,0,1,0.0,0.0,0,0,0.02,low,0
STU-2026-0003,0.0145,-0.0347,4.25,4.16,1,0,0.0,0.0,0,0,0.02,low,0
STU-2026-0004,-0.4845,-1.8301,2.15,1.31,5,4,0.2401,0.3715,2,0,0.8587,high,1
STU-2026-0005,-0.0292,0.3805,3.31,3.54,1,1,0.0,0.0,0,0,0.0411,low,0
STU-2026-0006,-0.0374,0.3146,4.11,4.06,0,0,0.0,0.0,0,0,0.02,low,0
STU-2026-0007,0.0096,0.2809,4.17,3.98,0,1,0.0,0.0,0,0,0.02,low,0
STU-2026-0008,-0.426,-1.7891,2.16,2.87,7,4,0.3179,0.3813,2,1,0.9188,high,1
STU-2026-0009,-0.2494,-1.1213,3.39,3.67,3,1,0.174,0.2582,0,0,0.5626,medium,0
STU-2026-0010,-0.1213,-0.8045,3.26,3.17,2,1,0.1727,0.1586,0,0,0.5167,medium,0
STU-2026-0011,0.0359,-0.0217,4.8,4.74,0,0,0.0,0.0,0,0,0.0445,low,0
STU-2026-0012,-0.1521,0.4208,3.3,3.85,0,0,0.0,0.0,0,0,0.0346,low,0
STU-2026-0013,-0.0114,0.0488,4.54,4.18,1,0,0.0,0.0,0,0,0.025,low,0
STU-2026-0014,-0.1017,-0.8089,2.87,2.52,0,3,0.1454,0.1683,0,0,0.4636,medium,0
STU-2026-0015,0.0612,0.591,3.93,4.04,0,0,0.0,0.0,0,0,0.02,low,0
STU-2026-0016,-0.1508,-0.7437,2.6,2.62,3,2,0.1458,0.1507,0,0,0.5043,medium,0
STU-2026-0017,0.0699,0.2311,3.9,4.14,1,0,0.0,0.0,0,0,0.0364,low,0
STU-2026-0018,0.0683,-0.0433,4.5,4.5,1,0,0.0,0.0,0,0,0.0201,low,0
STU-2026-0019,-0.2455,-0.6214,3.1,3.46,4,1,0.1364,0.1959,1,0,0.5877,medium,0
STU-2026-0020,-0.002,0.3664,3.85,3.78,1,0,0.0,0.0,1,0,0.0325,low,0
STU-2026-0021,-0.3984,-1.7933,1.46,1.75,2,5,0.3048,0.4102,2,2,0.848,high,1
STU-2026-0022,0.0635,-0.4296,3.64,3.87,1,2,0.0,0.0,0,0,0.0335,low,0
STU-2026-0023,-0.0765,-0.0165,4.44,4.16,1,0,0.0,0.0,0,0,0.02,low,0
STU-2026-0024,0.0189,0.2529,3.94,3.86,0,0,0.0,0.0,0,0,0.0271,low,0
STU-2026-0025,0.0057,0.4161,4.06,4.02,0,0,0.0,0.0,0,0,0.02,low,0
STU-2026-0026,-0.0462,-0.1286,4.15,4.35,0,1,0.0,0.0,0,0,0.02,low,0
STU-2026-0027,0.0462,0.1475,3.23,3.86,1,1,0.0,0.0,0,0,0.024,low,0
STU-2026-0028,0.0206,0.0014,4.02,4.22,0,0,0.0,0.0,0,0,0.02,low,0
STU-2026-0029,0.0533,-0.0144,4.07,4.42,0,0,0.0,0.0,0,0,0.02,low,0
STU-2026-0030,0.0489,0.565,4.27,4.85,0,1,0.0,0.0,1,0,0.02,low,0
STU-2026-0031,-0.0618,-0.0849,4.53,4.64,1,0,0.0,0.0,1,0,0.02,low,0
STU-2026-0032,-0.025,0.1816,3.78,4.16,0,0,0.0,0.0,0,0,0.0377,low,0
STU-2026-0033,0.0091,0.2842,4.41,4.98,0,0,0.0,0.0,0,0,0.02,low,0
STU-2026-0034,0.0187,-0.3736,4.7,4.99,0,0,0.0,0.0,0,0,0.02,low,0
STU-2026-0035,-0.035,-0.3857,3.78,4.19,1,1,0.0,0.0,0,0,0.0416,low,0
STU-2026-0036,0.018,-0.0408,4.12,4.24,0,1,0.0,0.0,0,0,0.02,low,0
STU-2026-0037,-0.0741,-0.4059,2.18,3.03,3,1,0.1135,0.2348,2,0,0.5223,medium,0
STU-2026-0038,0.0502,0.6413,5.0,5.0,1,0,0.0,0.0,1,0,0.034,low,0
STU-2026-0039,-0.1863,-0.7584,3.12,3.65,2,4,0.1876,0.1909,1,0,0.544,medium,0
STU-2026-0040,-0.4783,-2.2524,2.34,2.43,8,4,0.3973,0.3397,2,2,0.8895,high,1
STU-2026-0041,-0.0573,0.8343,4.56,4.86,0,0,0.0,0.0,0,0,0.02,low,0
STU-2026-0042,-0.0275,-0.1233,4.34,4.17,3,1,0.0,0.0,0,0,0.02,low,0
STU-2026-0043,-0.0409,0.3434,4.04,3.67,0,1,0.0,0.0,0,0,0.0515,low,0
STU-2026-0044,-0.3383,-1.9049,1.37,2.0,10,5,0.3193,0.32,1,0,0.9238,high,1
STU-2026-0045,-0.1357,-0.978,2.72,2.8,4,0,0.196,0.2128,0,0,0.6074,medium,0
STU-2026-0046,0.0807,0.0554,4.15,4.27,0,0,0.0,0.0,0,0,0.02,low,0
STU-2026-0047,0.106,0.3144,3.47,3.49,0,0,0.0,0.0,1,0,0.02,low,0
STU-2026-0048,-0.0555,-0.2349,4.28,4.26,0,1,0.0,0.0,0,0,0.02,low,0
STU-2026-0049,-0.0352,0.3149,3.57,3.82,0,0,0.0,0.0,0,0,0.0235,low,0
STU-2026-0050,0.0411,0.5328,3.74,4.17,0,0,0.0,0.0,1,0,0.02,low,0
STU-2026-0051,-0.0441,0.3797,4.57,4.39,0,0,0.0,0.0,0,0,0.02,low,0
STU-2026-0052,0.0375,0.5261,4.42,4.59,0,0,0.0,0.0,0,0,0.02,low,0
STU-2026-0053,0.0306,0.3911,4.18,4.08,0,0,0.0,0.0,0,0,0.02,low,0
STU-2026-0054,-0.5153,-2.2363,1.35,1.75,11,7,0.1945,0.3315,1,1,0.8907,high,1
STU-2026-0055,0.0202,0.2131,3.71,4.1,0,1,0.0,0.0,0,0,0.02,low,0
STU-2026-0056,-0.0364,0.058,4.13,4.0,0,0,0.0,0.0,0,0,0.02,low,0
STU-2026-0057,0.0137,0.0459,3.9,4.17,2,0,0.0,0.0,1,0,0.02,low,0
STU-2026-0058,0.0266,-0.0214,4.57,4.2,0,0,0.0,0.0,1,0,0.02,low,0
STU-2026-0059,-0.1038,-0.2371,2.93,2.94,4,1,0.1696,0.1477,1,0,0.5277,medium,0
STU-2026-0060,0.0498,0.0817,3.22,3.74,0,0,0.0,0.0,0,0,0.02,low,0
STU-2026-0061,-0.0003,0.4029,4.15,4.31,0,0,0.0,0.0,0,0,0.02,low,0
STU-2026-0062,0.0594,0.2426,4.1,4.23,0,0,0.0,0.0,0,0,0.02,low,0
STU-2026-0063,0.0528,0.1234,3.26,3.5,0,0,0.0,0.0,0,0,0.02,low,0
STU-2026-0064,-0.0323,0.0464,4.55,4.65,1,0,0.0,0.0,1,0,0.0471,low,0
STU-2026-0065,-0.2019,-0.5798,1.86,2.37,1,1,0.2009,0.2759,2,0,0.5241,medium,0
STU-2026-0066,-0.0966,-0.4304,2.78,3.03,1,1,0.17,0.1916,1,1,0.4653,medium,0
STU-2026-0067,-0.5099,-2.5001,1.5,1.37,5,1,0.4065,0.3891,2,0,0.8892,high,1
STU-2026-0068,0.0163,0.1785,3.9,4.59,0,0,0.0,0.0,0,0,0.02,low,0
STU-2026-0069,-0.1136,-0.6298,3.24,3.33,2,1,0.1378,0.1839,0,0,0.5342,medium,0
STU-2026-0070,-0.0537,0.5371,3.53,4.04,1,1,0.0,0.0,0,0,0.02,low,0
STU-2026-0071,-0.1498,-1.0349,3.25,3.57,1,1,0.1817,0.2086,0,0,0.5497,medium,0
STU-2026-0072,-0.0273,0.5574,5.0,5.0,0,0,0.0,0.0,0,0,0.02,low,0
STU-2026-0073,0.0483,0.4264,4.46,4.44,0,0,0.0,0.0,0,0,0.02,low,0
STU-2026-0074,-0.0171,-0.1974,3.94,3.78,0,0,0.0,0.0,0,0,0.02,low,0
STU-2026-0075,-0.0029,0.4128,3.24,3.31,0,0,0.0,0.0,0,0,0.02,low,0
STU-2026-0076,-0.1878,-0.9324,3.43,3.73,1,2,0.1936,0.1414,0,0,0.5291,medium,0
STU-2026-0077,-0.0556,0.5575,3.8,4.1,1,0,0.0,0.0,0,0,0.02,low,0
STU-2026-0078,0.0009,0.5534,3.69,4.2,0,1,0.0,0.0,0,0,0.02,low,0
STU-2026-0079,-0.1577,-0.5596,3.54,3.39,4,1,0.1407,0.2207,0,1,0.5507,medium,0
STU-2026-0080,0.0636,0.4132,4.17,3.97,0,0,0.0,0.0,0,0,0.076,low,0
STU-2026-0081,-0.0436,0.5996,4.85,4.64,0,0,0.0,0.0,0,0,0.0284,low,0
STU-2026-0082,0.0166,0.1123,4.56,4.66,0,0,0.0,0.0,0,0,0.02,low,0
STU-2026-0083,0.0339,0.2939,3.91,3.71,1,0,0.0,0.0,0,0,0.02,low,0
STU-2026-0084,0.0423,-0.0045,5.0,4.81,0,0,0.0,0.0,0,0,0.02,low,0
STU-2026-0085,0.063,0.3392,4.53,4.48,0,0,0.0,0.0,0,0,0.0324,low,0
STU-2026-0086,-0.1537,-0.504,3.52,2.88,6,2,0.1868,0.2002,0,0,0.563,medium,0
STU-2026-0087,0.0542,0.2917,3.77,4.11,1,0,0.0,0.0,0,0,0.02,low,0
STU-2026-0088,-0.1079,-0.7423,2.26,2.2,5,2,0.1429,0.1468,0,0,0.6158,medium,0
STU-2026-0089,0.071,0.2524,3.99,3.96,1,0,0.0,0.0,1,0,0.02,low,0
STU-2026-0090,-0.0431,0.188,4.83,4.71,1,0,0.0,0.0,0,0,0.02,low,0
STU-2026-0091,-0.0146,0.2872,4.99,4.26,0,1,0.0,0.0,0,0,0.02,low,0
STU-2026-0092,-0.1353,-0.4859,2.22,2.6,3,2,0.1779,0.1644,1,0,0.5069,medium,0
STU-2026-0093,-0.02,0.334,4.17,3.86,0,0,0.0,0.0,0,0,0.02,low,0
STU-2026-0094,0.0441,0.3714,4.62,4.83,1,1,0.0,0.0,0,0,0.02,low,0
STU-2026-0095,-0.0558,-0.5559,3.1,2.92,6,1,0.165,0.1645,0,0,0.5237,medium,0
STU-2026-0096,0.0329,-0.0077,3.82,3.84,0,0,0.0,0.0,0,0,0.02,low,0
STU-2026-0097,-0.4466,-2.1239,1.62,1.6,6,5,0.3611,0.375,2,0,0.9565,high,1
STU-2026-0098,-0.0407,0.3929,4.64,4.24,1,0,0.0,0.0,0,1,0.02,low,0
STU-2026-0099,0.0372,0.1886,3.91,3.82,0,0,0.0,0.0,0,0,0.02,low,0
STU-2026-0100,-0.2358,-1.1164,3.43,3.06,2,2,0.1619,0.1987,0,0,0.5524,medium,0
STU-2026-0101,0.0821,-0.0434,4.56,4.07,0,0,0.0,0.0,0,0,0.02,low,0
STU-2026-0102,0.0008,0.1505,4.54,4.04,0,0,0.0,0.0,0,0,0.02,low,0
STU-2026-0103,0.0378,0.3554,4.36,4.29,0,0,0.0,0.0,0,0,0.02,low,0
STU-2026-0104,-0.1432,-0.7505,2.29,2.79,7,2,0.1962,0.2359,0,0,0.5756,medium,0
STU-2026-0105,-0.2407,-0.7895,3.88,3.63,2,1,0.1194,0.2069,0,0,0.5179,medium,0
STU-2026-0106,-0.1296,-0.4319,2.75,2.92,1,0,0.1554,0.2001,0,0,0.4945,medium,0
STU-2026-0107,-0.1735,-0.8946,2.66,3.18,4,2,0.1791,0.1604,0,0,0.5933,medium,0
STU-2026-0108,0.0113,0.0496,4.11,4.35,0,0,0.0,0.0,0,0,0.0349,low,0
STU-2026-0109,0.0224,0.0752,4.18,3.81,0,0,0.0,0.0,0,0,0.0322,low,0
STU-2026-0110,-0.6057,-2.1964,1.38,1.7,10,3,0.2093,0.3192,2,0,0.9562,high,1
STU-2026-0111,-0.1875,-0.7483,2.84,2.83,5,0,0.2098,0.2286,0,0,0.5978,medium,0
STU-2026-0112,-0.1688,-0.9965,2.14,2.38,2,0,0.1361,0.1584,0,1,0.5565,medium,0
STU-2026-0113,0.0238,0.5827,4.8,4.4,0,0,0.0,0.0,0,0,0.0557,low,0
STU-2026-0114,0.053,0.2283,4.7,4.93,0,0,0.0,0.0,0,0,0.02,low,0
STU-2026-0115,-0.1801,-0.5215,2.58,2.77,7,1,0.134,0.1509,1,1,0.5356,medium,0
STU-2026-0116,-0.0768,0.135,3.93,3.9,1,0,0.0,0.0,0,0,0.0573,low,0
STU-2026-0117,-0.1743,-0.8236,2.12,2.7,4,2,0.1499,0.164,1,0,0.5331,medium,0
STU-2026-0118,0.0523,0.2806,4.96,4.89,0,0,0.0,0.0,0,0,0.02,low,0
STU-2026-0119,-0.0305,-0.0665,3.38,3.85,1,1,0.0,0.0,0,0,0.02,low,0
STU-2026-0120,-0.4154,-1.569,1.72,1.73,9,5,0.3783,0.3271,3,1,0.9096,high,1
STU-2026-0121,0.0603,0.3068,4.62,4.48,1,0,0.0,0.0,0,0,0.02,low,0
STU-2026-0122,0.0805,0.4337,4.22,3.61,1,1,0.0,0.0,0,0,0.0272,low,0
STU-2026-0123,0.0104,0.0062,4.29,4.11,1,1,0.0,0.0,0,0,0.0365,low,0
STU-2026-0124,0.0813,0.2818,4.63,4.75,1,0,0.0,0.0,0,0,0.02,low,0
STU-2026-0125,0.0187,-0.0811,4.05,4.0,1,0,0.0,0.0,0,0,0.0365,low,0
STU-2026-0126,0.0406,0.1555,4.83,4.23,1,0,0.0,0.0,0,0,0.02,low,0
STU-2026-0127,-0.0439,0.2123,3.59,4.03,0,0,0.0,0.0,0,0,0.02,low,0
STU-2026-0128,-0.6297,-1.7558,1.79,1.63,9,8,0.2745,0.3397,3,1,0.9001,high,1
STU-2026-0129,0.0144,0.1121,4.49,4.38,0,0,0.0,0.0,0,0,0.0254,low,0
STU-2026-0130,-0.1123,-0.3416,3.37,3.49,3,1,0.1527,0.2187,1,0,0.5605,medium,0
STU-2026-0131,-0.016,0.3364,4.16,4.76,1,0,0.0,0.0,0,0,0.02,low,0
STU-2026-0132,0.0385,0.2092,4.46,5.0,0,0,0.0,0.0,1,0,0.02,low,0
STU-2026-0133,0.0459,0.0554,3.97,4.4,1,0,0.0,0.0,0,0,0.02,low,0
STU-2026-0134,-0.0392,0.0839,5.0,5.0,0,0,0.0,0.0,0,1,0.02,low,0
STU-2026-0135,0.1032,0.2006,4.06,4.22,0,2,0.0,0.0,0,0,0.023,low,0
STU-2026-0136,-0.0116,0.2062,4.12,4.46,2,1,0.0,0.0,0,0,0.02,low,0
STU-2026-0137,-0.0596,-0.8429,2.72,3.03,1,1,0.2239,0.2373,0,0,0.5506,medium,0
STU-2026-0138,0.0182,0.0522,4.48,4.49,0,0,0.0,0.0,1,0,0.02,low,0
STU-2026-0139,-0.0675,0.1553,4.1,3.63,0,0,0.0,0.0,0,0,0.0219,low,0
STU-2026-0140,0.0058,0.2636,3.68,4.24,0,0,0.0,0.0,1,0,0.057,low,0
STU-2026-0141,0.0711,0.5973,3.52,3.21,0,0,0.0,0.0,0,0,0.02,low,0
STU-2026-0142,-0.2246,-0.3625,3.23,3.74,1,3,0.165,0.2311,0,1,0.5594,medium,0
STU-2026-0143,0.0446,0.5303,4.04,3.73,1,0,0.0,0.0,0,0,0.02,low,0
STU-2026-0144,0.1054,0.2728,3.75,3.9,0,0,0.0,0.0,0,0,0.02,low,0
STU-2026-0145,0.1178,0.2126,4.51,4.13,0,0,0.0,0.0,0,0,0.02,low,0
STU-2026-0146,-0.5326,-2.2731,1.62,1.12,6,7,0.2221,0.2765,1,0,0.9226,high,1
STU-2026-0147,-0.0271,0.0797,3.84,3.37,2,0,0.0,0.0,0,0,0.02,low,0
STU-2026-0148,-0.014,0.2274,4.42,4.28,0,0,0.0,0.0,0,0,0.02,low,0
STU-2026-0149,0.0362,0.2859,4.66,5.0,0,0,0.0,0.0,0,0,0.02,low,0
STU-2026-0150,0.0512,0.3482,4.42,4.03,0,0,0.0,0.0,0,0,0.028,low,0
STU-2026-0151,-0.0372,0.1463,3.84,3.93,1,1,0.0,0.0,0,0,0.0628,low,0
STU-2026-0152,0.0417,-0.0944,3.94,3.86,0,0,0.0,0.0,0,0,0.02,low,0
STU-2026-0153,-0.1322,-0.7085,2.85,3.09,3,1,0.1739,0.2193,0,0,0.5178,medium,0
STU-2026-0154,0.0753,0.3218,4.41,4.19,3,0,0.0,0.0,0,0,0.045,low,0
STU-2026-0155,0.061,0.076,3.42,4.01,1,0,0.0,0.0,0,0,0.02,low,0
STU-2026-0156,-0.206,-0.9679,3.24,2.76,3,0,0.2111,0.1888,0,0,0.5406,medium,0
STU-2026-0157,-0.1504,-0.7669,3.38,3.26,0,2,0.127,0.1877,1,0,0.49,medium,0
STU-2026-0158,0.0004,0.0982,4.02,4.24,0,0,0.0,0.0,0,0,0.02,low,0
STU-2026-0159,0.027,0.0521,3.5,4.02,0,0,0.0,0.0,0,0,0.0254,low,0
STU-2026-0160,-0.0694,-0.3456,3.32,2.98,2,2,0.1682,0.1907,1,1,0.5199,medium,0
STU-2026-0161,0.0049,0.1142,4.88,4.55,2,0,0.0,0.0,0,0,0.02,low,0
STU-2026-0162,0.106,0.0814,4.1,4.33,1,1,0.0,0.0,0,0,0.02,low,0
STU-2026-0163,-0.0078,0.187,4.49,4.77,1,1,0.0,0.0,0,0,0.02,low,0
STU-2026-0164,0.0105,0.9743,4.03,4.28,1,0,0.0,0.0,0,0,0.02,low,0
STU-2026-0165,-0.1103,-0.7941,3.04,3.11,1,4,0.2157,0.2313,1,0,0.5223,medium,0
STU-2026-0166,-0.2084,-0.4952,3.26,2.94,4,1,0.181,0.2154,0,0,0.5339,medium,0
STU-2026-0167,0.048,-0.2886,5.0,4.88,0,0,0.0,0.0,0,0,0.02,low,0
STU-2026-0168,0.0259,-0.0078,3.67,3.98,1,0,0.0,0.0,0,0,0.0526,low,0
STU-2026-0169,0.041,0.2472,3.89,4.35,0,1,0.0,0.0,0,0,0.0207,low,0
STU-2026-0170,-0.049,0.2662,4.4,4.41,1,0,0.0,0.0,0,0,0.0281,low,0
STU-2026-0171,0.057,-0.2009,3.98,3.65,1,0,0.0,0.0,0,0,0.02,low,0
STU-2026-0172,0.0482,0.2147,3.39,3.92,1,0,0.0,0.0,0,0,0.02,low,0
STU-2026-0173,0.0948,0.2501,4.13,4.53,0,2,0.0,0.0,0,0,0.02,low,0
STU-2026-0174,-0.0204,-0.0373,4.84,4.73,0,0,0.0,0.0,0,0,0.02,low,0
STU-2026-0175,0.0339,0.3415,4.78,4.9,0,2,0.0,0.0,0,0,0.02,low,0
STU-2026-0176,0.0581,-0.2507,3.86,3.85,2,0,0.0,0.0,0,0,0.0762,low,0
STU-2026-0177,0.0005,-0.2503,3.53,3.55,0,0,0.0,0.0,0,0,0.0377,low,0
STU-2026-0178,-0.0129,-0.258,4.88,4.12,0,0,0.0,0.0,0,0,0.02,low,0
STU-2026-0179,-0.0317,-0.0867,4.71,4.87,0,0,0.0,0.0,0,0,0.02,low,0
STU-2026-0180,0.0799,0.2389,4.79,4.19,0,1,0.0,0.0,0,0,0.0475,low,0
STU-2026-0181,-0.0303,-0.0162,3.18,3.24,0,0,0.0,0.0,0,0,0.02,low,0
STU-2026-0182,-0.1113,0.3588,3.99,3.53,0,0,0.0,0.0,0,0,0.02,low,0
STU-2026-0183,0.0617,0.0829,3.35,3.35,0,0,0.0,0.0,0,0,0.0298,low,0
STU-2026-0184,0.08,0.3788,4.0,3.66,0,0,0.0,0.0,0,0,0.02,low,0
STU-2026-0185,-0.1394,-0.9889,2.87,2.86,0,3,0.1422,0.1869,0,0,0.5446,medium,0
STU-2026-0186,-0.4814,-2.2066,2.4,2.61,9,6,0.1653,0.4053,3,1,0.9643,high,1
STU-2026-0187,-0.0139,0.3115,4.6,4.61,0,0,0.0,0.0,1,0,0.02,low,0
STU-2026-0188,-0.1778,-1.028,2.66,2.8,1,2,0.1011,0.1983,1,0,0.5718,medium,0
STU-2026-0189,0.0023,-0.077,3.81,4.44,1,1,0.0,0.0,0,0,0.02,low,0
STU-2026-0190,-0.0367,0.0669,4.45,3.87,0,0,0.0,0.0,0,0,0.02,low,0
STU-2026-0191,0.0432,0.4817,3.6,4.0,1,0,0.0,0.0,0,0,0.0334,low,0
STU-2026-0192,0.0384,0.072,4.1,4.1,0,0,0.0,0.0,0,0,0.0235,low,0
STU-2026-0193,0.0125,0.2547,4.32,4.08,0,0,0.0,0.0,0,0,0.0431,low,0
STU-2026-0194,0.0491,0.0287,3.71,4.19,0,0,0.0,0.0,0,0,0.02,low,0
STU-2026-0195,0.106,0.128,5.0,5.0,0,0,0.0,0.0,0,0,0.0388,low,0
STU-2026-0196,-0.1797,-0.8982,3.32,3.66,3,1,0.1366,0.245,0,1,0.5767,medium,0
STU-2026-0197,-0.081,0.1134,3.89,4.2,0,0,0.0,0.0,0,0,0.02,low,0
STU-2026-0198,0.0457,-0.0238,4.08,3.72,0,0,0.0,0.0,1,0,0.02,low,0
STU-2026-0199,0.0968,0.4943,4.68,4.15,0,0,0.0,0.0,0,0,0.02,low,0
STU-2026-0200,0.0057,-0.1546,5.0,4.74,0,1,0.0,0.0,0,0,0.0221,low,0
STU-2026-0201,-0.0208,0.5649,4.06,4.06,0,0,0.0,0.0,0,0,0.02,low,0
STU-2026-0202,0.051,0.5063,3.91,4.18,1,0,0.0,0.0,0,0,0.0209,low,0
STU-2026-0203,-0.0087,0.0487,4.51,3.95,1,1,0.0,0.0,0,0,0.02,low,0
STU-2026-0204,0.0147,-0.0613,4.41,4.36,0,0,0.0,0.0,1,0,0.02,low,0
STU-2026-0205,0.0451,0.0515,4.24,4.62,0,0,0.0,0.0,0,0,0.02,low,0
STU-2026-0206,-0.2184,-1.0281,3.42,3.22,2,1,0.154,0.2422,2,0,0.5791,medium,0
STU-2026-0207,-0.0747,0.2273,4.26,3.88,0,0,0.0,0.0,0,0,0.02,low,0
STU-2026-0208,0.0744,0.0582,4.72,4.81,0,0,0.0,0.0,0,0,0.02,low,0
STU-2026-0209,-0.0039,0.2152,3.51,3.92,1,1,0.0,0.0,0,0,0.02,low,0
STU-2026-0210,-0.3912,-2.4337,2.16,2.33,10,3,0.3951,0.337,3,0,0.98,high,1
STU-2026-0211,-0.0534,0.3214,4.77,5.0,1,0,0.0,0.0,0,0,0.0434,low,0
STU-2026-0212,0.0735,0.5974,3.87,4.5,0,0,0.0,0.0,0,0,0.0493,low,0
STU-2026-0213,-0.1528,-0.7146,2.2,2.8,1,2,0.188,0.2599,0,0,0.4626,medium,0
STU-2026-0214,0.1403,0.1215,4.51,4.32,1,0,0.0,0.0,0,0,0.02,low,0
STU-2026-0215,-0.0078,-0.0331,4.07,3.68,0,1,0.0,0.0,0,0,0.0319,low,0
STU-2026-0216,-0.0547,0.208,4.1,4.47,1,0,0.0,0.0,0,0,0.02,low,0
STU-2026-0217,0.0219,0.2343,4.2,4.37,1,0,0.0,0.0,0,1,0.0749,low,0
STU-2026-0218,0.077,0.2791,4.12,4.16,1,0,0.0,0.0,0,0,0.02,low,0
STU-2026-0219,0.0772,0.5585,4.38,4.01,0,1,0.0,0.0,0,1,0.02,low,0
STU-2026-0220,0.0042,0.1038,3.8,4.59,1,0,0.0,0.0,0,0,0.02,low,0
STU-2026-0221,-0.4395,-1.7882,1.62,1.56,14,4,0.2501,0.3406,3,0,0.9112,high,1
STU-2026-0222,0.0402,0.6041,3.81,3.92,0,0,0.0,0.0,1,0,0.02,low,0
STU-2026-0223,-0.2404,-0.7645,3.14,2.85,5,0,0.1908,0.168,1,0,0.5842,medium,0
STU-2026-0224,-0.1343,-0.7166,2.46,3.24,3,3,0.1515,0.2212,0,0,0.5254,medium,0
STU-2026-0225,0.075,0.1632,4.32,4.81,0,0,0.0,0.0,0,0,0.02,low,0
STU-2026-0226,-0.0182,-0.2678,4.92,4.73,0,1,0.0,0.0,0,0,0.02,low,0
STU-2026-0227,0.015,0.2718,4.19,4.11,0,0,0.0,0.0,0,0,0.02,low,0
STU-2026-0228,-0.0007,0.0756,4.21,3.98,0,0,0.0,0.0,0,0,0.02,low,0
STU-2026-0229,0.0605,0.1262,4.71,4.99,0,0,0.0,0.0,0,0,0.02,low,0
STU-2026-0230,-0.3915,-2.4019,1.26,1.28,14,5,0.2674,0.3708,2,2,0.98,high,1
STU-2026-0231,-0.1221,-0.9374,2.52,2.84,0,0,0.2365,0.1768,0,1,0.5431,medium,0
STU-2026-0232,-0.0767,0.0931,4.15,3.89,1,1,0.0,0.0,0,0,0.02,low,0
STU-2026-0233,0.0404,0.206,4.65,4.97,1,0,0.0,0.0,0,0,0.02,low,0
STU-2026-0234,-0.0717,-0.9049,2.44,3.0,2,2,0.1256,0.2061,1,0,0.5045,medium,0
STU-2026-0235,-0.0096,0.48,4.15,4.47,0,1,0.0,0.0,0,0,0.02,low,0
STU-2026-0236,0.0692,0.1645,4.2,3.9,0,0,0.0,0.0,0,0,0.02,low,0
STU-2026-0237,0.0789,-0.2976,4.43,4.23,0,0,0.0,0.0,0,0,0.02,low,0
STU-2026-0238,-0.1921,-0.3328,2.95,3.17,6,1,0.1941,0.1638,0,0,0.6242,medium,0
STU-2026-0239,0.0559,0.1422,4.39,4.75,0,0,0.0,0.0,0,0,0.02,low,0
STU-2026-0240,0.0184,0.2436,3.4,3.49,0,0,0.0,0.0,0,0,0.02,low,0
STU-2026-0241,0.0362,0.1196,4.49,4.3,0,0,0.0,0.0,0,0,0.02,low,0
STU-2026-0242,0.05,0.1063,3.9,3.93,0,0,0.0,0.0,0,0,0.02,low,0
STU-2026-0243,-0.1177,-0.4005,2.67,2.54,3,4,0.119,0.1735,0,0,0.5013,medium,0
STU-2026-0244,-0.0248,0.219,3.87,3.97,1,0,0.0,0.0,0,0,0.02,low,0
STU-2026-0245,-0.5418,-1.7221,1.0,1.66,11,3,0.3685,0.3459,1,1,0.955,high,1
STU-2026-0246,-0.3356,-2.2281,1.37,1.28,7,3,0.3241,0.4284,1,0,0.954,high,1
STU-2026-0247,0.0169,-0.2061,4.12,4.17,1,1,0.0,0.0,0,0,0.047,low,0
STU-2026-0248,-0.1781,-0.6403,2.27,2.33,1,2,0.1686,0.1562,0,0,0.556,medium,0
STU-2026-0249,-0.4689,-2.1274,2.01,1.95,5,2,0.3448,0.4227,1,1,0.9383,high,1
STU-2026-0250,0.0514,0.3718,4.06,4.03,0,0,0.0,0.0,0,0,0.02,low,0
STU-2026-0251,-0.5317,-1.645,2.06,1.73,9,5,0.2851,0.3745,2,1,0.9236,high,1
STU-2026-0252,0.1381,0.213,4.55,4.33,0,0,0.0,0.0,0,0,0.02,low,0
STU-2026-0253,-0.3712,-2.3579,1.89,2.1,13,3,0.2426,0.3921,4,1,0.98,high,1
STU-2026-0254,-0.0559,-0.2208,3.61,3.46,1,0,0.0,0.0,0,0,0.02,low,0
STU-2026-0255,0.046,0.476,4.17,4.32,1,0,0.0,0.0,0,0,0.0452,low,0
STU-2026-0256,-0.014,0.0175,3.92,4.16,1,1,0.0,0.0,0,0,0.0423,low,0
STU-2026-0257,-0.0153,-0.0246,4.49,4.13,0,0,0.0,0.0,0,0,0.02,low,0
STU-2026-0258,-0.2558,-1.1151,2.53,3.07,5,1,0.0936,0.2122,2,0,0.5454,medium,0
STU-2026-0259,0.0084,0.1185,3.88,4.42,1,1,0.0,0.0,0,0,0.02,low,0
STU-2026-0260,0.0678,0.259,4.55,4.62,0,1,0.0,0.0,1,0,0.02,low,0
STU-2026-0261,-0.0115,0.2079,3.86,4.09,0,0,0.0,0.0,1,0,0.02,low,0
STU-2026-0262,-0.2686,-0.748,3.27,2.97,6,2,0.2022,0.2404,1,0,0.5977,medium,0
STU-2026-0263,-0.3836,-2.0087,1.14,1.3,6,6,0.2557,0.3321,2,1,0.8513,high,1
STU-2026-0264,-0.0217,0.5212,4.65,4.1,0,0,0.0,0.0,0,0,0.0695,low,0
STU-2026-0265,0.018,0.5686,4.04,4.12,0,0,0.0,0.0,0,1,0.02,low,0
STU-2026-0266,0.0898,0.7125,4.12,4.4,0,0,0.0,0.0,0,0,0.02,low,0
STU-2026-0267,0.0232,0.3748,4.63,4.1,0,0,0.0,0.0,1,0,0.02,low,0
STU-2026-0268,-0.2302,-0.9977,2.51,2.96,6,2,0.1265,0.2099,0,0,0.6046,medium,0
STU-2026-0269,0.066,0.4112,3.55,3.92,0,0,0.0,0.0,0,0,0.02,low,0
STU-2026-0270,0.0774,0.4115,4.49,4.62,0,0,0.0,0.0,0,0,0.02,low,0
STU-2026-0271,0.0147,0.2754,4.85,4.77,0,0,0.0,0.0,1,0,0.0496,low,0
STU-2026-0272,-0.2467,-0.7977,2.98,2.86,6,2,0.1121,0.2019,0,0,0.5948,medium,0
STU-2026-0273,0.0013,0.2939,4.74,4.44,1,0,0.0,0.0,1,0,0.0282,low,0
STU-2026-0274,0.0387,0.649,3.95,4.19,0,0,0.0,0.0,0,0,0.0339,low,0
STU-2026-0275,-0.2785,-1.1301,3.53,3.37,3,2,0.188,0.1923,0,0,0.5122,medium,0
STU-2026-0276,-0.2325,-1.1279,2.63,2.62,7,1,0.1788,0.1807,2,0,0.5825,medium,0
STU-2026-0277,-0.0175,0.237,4.3,3.96,0,0,0.0,0.0,0,0,0.02,low,0
STU-2026-0278,-0.053,-0.0703,3.77,3.98,2,0,0.0,0.0,0,0,0.0201,low,0
STU-2026-0279,-0.4884,-2.2174,1.24,1.42,14,6,0.3707,0.3207,4,2,0.98,high,1
STU-2026-0280,0.0444,-0.1602,3.42,3.81,2,0,0.0,0.0,0,0,0.02,low,0
STU-2026-0281,-0.0954,0.0967,4.61,4.33,0,0,0.0,0.0,0,0,0.02,low,0
STU-2026-0282,0.0461,-0.2648,4.3,4.63,1,0,0.0,0.0,0,0,0.0871,low,0
STU-2026-0283,-0.2331,-0.885,3.22,2.96,3,1,0.2156,0.1677,0,0,0.5822,medium,0
STU-2026-0284,-0.1153,-0.8918,2.7,2.48,4,1,0.1577,0.2306,0,0,0.558,medium,0
STU-2026-0285,-0.3943,-2.0342,1.22,1.4,11,3,0.1986,0.4052,1,0,0.9325,high,1
STU-2026-0286,0.0169,0.6587,4.84,4.58,0,0,0.0,0.0,0,0,0.02,low,0
STU-2026-0287,0.0347,-0.3266,4.42,4.5,1,0,0.0,0.0,0,0,0.02,low,0
STU-2026-0288,-0.5784,-1.8291,1.35,1.6,3,3,0.3977,0.3614,2,1,0.8746,high,1
STU-2026-0289,0.0441,-0.1831,3.55,3.57,2,1,0.0,0.0,0,0,0.02,low,0
STU-2026-0290,0.0022,0.5247,4.39,3.98,0,0,0.0,0.0,0,0,0.02,low,0
STU-2026-0291,-0.1896,-0.7656,2.48,2.91,2,0,0.1296,0.1673,0,0,0.4954,medium,0
STU-2026-0292,-0.6292,-1.6148,1.0,1.43,4,3,0.391,0.3403,3,1,0.8911,high,1
STU-2026-0293,-0.1135,-0.7572,3.33,3.31,2,2,0.1943,0.1669,0,0,0.5427,medium,0
STU-2026-0294,0.0491,0.4802,4.28,4.25,0,0,0.0,0.0,0,1,0.02,low,0
STU-2026-0295,0.0071,0.3423,4.55,5.0,1,0,0.0,0.0,0,0,0.02,low,0
STU-2026-0296,0.0073,0.7496,3.98,4.36,0,0,0.0,0.0,0,0,0.0429,low,0
STU-2026-0297,0.0302,0.1677,3.57,3.96,0,0,0.0,0.0,0,0,0.02,low,0
STU-2026-0298,0.0761,0.6038,3.68,3.57,0,0,0.0,0.0,0,0,0.02,low,0
STU-2026-0299,0.0492,-0.0454,3.74,4.14,1,1,0.0,0.0,0,0,0.02,low,0
STU-2026-0300,-0.5541,-1.5461,1.22,1.43,6,7,0.3672,0.3439,2,0,0.8772,high,1
STU-2026-0301,-0.0485,0.0893,4.26,4.85,1,1,0.0,0.0,0,1,0.02,low,0
STU-2026-0302,-0.2222,-0.6034,3.53,3.18,1,0,0.1681,0.1789,0,1,0.5097,medium,0
STU-2026-0303,-0.0947,-0.8036,2.46,3.1,2,0,0.1897,0.1502,1,0,0.5201,medium,0
STU-2026-0304,0.0657,0.2767,4.14,4.11,0,0,0.0,0.0,0,0,0.02,low,0
STU-2026-0305,-0.7318,-2.0991,1.59,1.67,5,5,0.2766,0.3789,1,0,0.9237,high,1
STU-2026-0306,-0.6186,-2.0494,1.41,1.62,8,5,0.2742,0.3636,3,0,0.8723,high,1
STU-2026-0307,0.0003,0.3951,3.98,4.0,2,0,0.0,0.0,1,0,0.0485,low,0
STU-2026-0308,-0.0508,0.2545,4.7,4.54,0,0,0.0,0.0,0,0,0.02,low,0
STU-2026-0309,-0.2314,-1.0137,3.59,3.17,4,3,0.154,0.1993,0,0,0.5604,medium,0
STU-2026-0310,-0.5939,-2.4581,1.43,1.74,11,6,0.2877,0.4312,2,0,0.98,high,1
STU-2026-0311,0.0119,0.4193,3.88,4.44,0,0,0.0,0.0,0,0,0.02,low,0
STU-2026-0312,0.0923,0.4641,4.88,4.35,0,0,0.0,0.0,1,0,0.0621,low,0
STU-2026-0313,0.0407,0.2967,4.21,4.17,1,0,0.0,0.0,0,0,0.02,low,0
STU-2026-0314,0.0986,0.4842,4.71,5.0,1,0,0.0,0.0,0,0,0.02,low,0
STU-2026-0315,0.0696,0.5228,4.67,4.34,0,0,0.0,0.0,0,0,0.0261,low,0
STU-2026-0316,-0.4244,-1.8364,1.7,2.02,8,5,0.2711,0.4144,2,0,0.9423,high,1
STU-2026-0317,0.0244,0.1044,5.0,5.0,0,0,0.0,0.0,0,0,0.02,low,0
STU-2026-0318,-0.0481,0.1563,3.91,3.93,1,0,0.0,0.0,0,0,0.02,low,0
STU-2026-0319,-0.1854,-0.4509,2.4,2.5,6,0,0.1665,0.2125,0,0,0.5632,medium,0
STU-2026-0320,-0.6137,-2.1334,1.62,1.53,8,3,0.3001,0.4126,4,0,0.912,high,1
STU-2026-0321,0.0384,0.2543,4.03,3.77,0,0,0.0,0.0,1,0,0.02,low,0
STU-2026-0322,-0.0455,0.1717,3.68,3.98,0,0,0.0,0.0,0,0,0.02,low,0
STU-2026-0323,0.0434,0.4319,5.0,5.0,3,1,0.0,0.0,0,0,0.02,low,0
STU-2026-0324,-0.0223,0.0637,4.26,4.1,0,1,0.0,0.0,0,0,0.02,low,0
STU-2026-0325,0.0325,0.1865,4.27,4.63,0,0,0.0,0.0,0,0,0.0612,low,0
STU-2026-0326,0.0499,0.1469,4.33,4.26,1,0,0.0,0.0,0,0,0.0306,low,0
STU-2026-0327,0.0148,-0.0072,4.48,4.49,0,0,0.0,0.0,0,0,0.02,low,0
STU-2026-0328,0.0651,0.1937,4.32,3.86,0,0,0.0,0.0,0,0,0.02,low,0
STU-2026-0329,0.0447,0.3187,4.01,3.79,1,0,0.0,0.0,0,0,0.0498,low,0
STU-2026-0330,0.0139,-0.0716,5.0,4.97,1,0,0.0,0.0,0,0,0.02,low,0
STU-2026-0331,0.0043,-0.0371,4.38,4.41,0,0,0.0,0.0,0,0,0.02,low,0
STU-2026-0332,0.0833,0.4953,3.72,3.87,0,0,0.0,0.0,0,0,0.0205,low,0
STU-2026-0333,-0.1423,-0.6266,2.95,3.43,3,1,0.1654,0.2099,1,0,0.4921,medium,0
STU-2026-0334,-0.1147,0.3699,5.0,4.59,1,1,0.0,0.0,0,0,0.02,low,0
STU-2026-0335,-0.0053,0.0179,4.57,5.0,0,0,0.0,0.0,1,0,0.0286,low,0
STU-2026-0336,0.0008,0.5059,4.1,3.77,0,0,0.0,0.0,0,0,0.0624,low,0
STU-2026-0337,0.0112,-0.0437,4.07,4.23,0,0,0.0,0.0,0,0,0.02,low,0
STU-2026-0338,-0.0009,0.183,4.28,4.88,0,0,0.0,0.0,0,0,0.02,low,0
STU-2026-0339,-0.1649,-0.9569,3.06,3.16,6,1,0.182,0.1633,1,0,0.6032,medium,0
STU-2026-0340,-0.216,-0.8134,3.1,2.96,2,0,0.2086,0.1568,1,0,0.5315,medium,0
STU-2026-0341,-0.2483,-0.299,2.17,2.6,5,2,0.1427,0.1909,0,1,0.5521,medium,0
STU-2026-0342,-0.0452,0.3972,3.98,3.88,1,0,0.0,0.0,0,0,0.02,low,0
STU-2026-0343,-0.4056,-1.9517,2.04,2.09,10,1,0.3442,0.3869,2,0,0.98,high,1
STU-2026-0344,0.0593,0.5053,3.91,3.46,1,1,0.0,0.0,0,0,0.02,low,0
STU-2026-0345,0.0597,0.2376,4.79,4.7,0,0,0.0,0.0,0,0,0.02,low,0
STU-2026-0346,0.0228,0.4407,4.22,4.21,0,0,0.0,0.0,0,0,0.02,low,0
STU-2026-0347,-0.0513,0.4497,3.9,4.27,2,0,0.0,0.0,0,0,0.0568,low,0
STU-2026-0348,-0.0091,0.5244,4.18,4.19,0,0,0.0,0.0,0,0,0.02,low,0
STU-2026-0349,-0.0121,0.1324,4.12,3.95,0,0,0.0,0.0,0,0,0.02,low,0
STU-2026-0350,-0.0643,-1.3919,3.21,3.3,6,0,0.21,0.1457,1,0,0.5774,medium,0
STU-2026-0351,0.0298,0.1562,4.75,4.32,0,0,0.0,0.0,0,0,0.0326,low,0
STU-2026-0352,0.0209,0.1542,4.58,4.12,0,0,0.0,0.0,0,0,0.02,low,0
STU-2026-0353,0.0611,0.6243,4.19,4.03,0,0,0.0,0.0,0,0,0.0311,low,0
STU-2026-0354,0.0277,0.0759,5.0,5.0,0,0,0.0,0.0,0,0,0.02,low,0
STU-2026-0355,-0.5865,-1.655,1.77,2.05,3,1,0.3267,0.2665,2,0,0.8395,high,1
STU-2026-0356,-0.0239,0.5614,4.06,4.36,1,0,0.0,0.0,0,0,0.02,low,0
STU-2026-0357,0.0745,0.17,4.09,4.39,0,0,0.0,0.0,0,0,0.0437,low,0
STU-2026-0358,0.0409,0.3575,3.48,3.79,0,0,0.0,0.0,0,0,0.0354,low,0
STU-2026-0359,0.0521,0.361,4.22,4.53,1,0,0.0,0.0,1,0,0.02,low,0
STU-2026-0360,0.0546,0.0859,4.63,4.14,1,0,0.0,0.0,0,0,0.0389,low,0
STU-2026-0361,-0.0016,0.0857,4.74,4.88,1,1,0.0,0.0,0,0,0.02,low,0
STU-2026-0362,0.0715,-0.0358,3.68,3.47,0,1,0.0,0.0,0,0,0.02,low,0
STU-2026-0363,-0.1066,-0.587,2.44,2.77,6,3,0.1239,0.1757,0,0,0.5613,medium,0
STU-2026-0364,-0.2451,-1.0385,3.02,3.22,4,1,0.1709,0.1585,2,0,0.6232,medium,0
STU-2026-0365,-0.0208,0.1251,4.53,4.39,0,0,0.0,0.0,0,0,0.0345,low,0
STU-2026-0366,0.0261,0.3938,4.98,4.83,0,0,0.0,0.0,0,0,0.02,low,0
STU-2026-0367,0.0218,0.3825,3.73,4.35,0,0,0.0,0.0,0,0,0.02,low,0
STU-2026-0368,-0.1578,-0.6568,2.03,2.77,5,2,0.1659,0.1879,0,0,0.6197,medium,0
STU-2026-0369,0.0421,0.1638,4.53,4.03,0,2,0.0,0.0,0,0,0.02,low,0
STU-2026-0370,0.1191,0.2884,3.67,4.05,1,0,0.0,0.0,0,0,0.02,low,0
STU-2026-0371,-0.2695,-0.996,3.22,3.34,7,0,0.1525,0.1641,0,0,0.6026,medium,0
STU-2026-0372,0.0955,0.2527,4.58,4.59,0,0,0.0,0.0,0,0,0.0296,low,0
STU-2026-0373,0.0957,0.2087,4.05,4.14,0,0,0.0,0.0,0,0,0.0529,low,0
STU-2026-0374,-0.0418,0.168,4.55,4.48,1,1,0.0,0.0,0,0,0.0457,low,0
STU-2026-0375,-0.0374,-0.1418,4.01,4.25,0,0,0.0,0.0,0,1,0.02,low,0
STU-2026-0376,0.0823,-0.0705,3.58,4.06,0,0,0.0,0.0,0,0,0.02,low,0
STU-2026-0377,-0.7038,-1.945,2.0,2.31,9,2,0.3139,0.4109,1,0,0.9341,high,1
STU-2026-0378,-0.6116,-2.2759,1.68,1.52,4,4,0.3024,0.3259,1,0,0.8791,high,1
STU-2026-0379,0.0925,-0.0324,3.34,2.94,0,1,0.0,0.0,0,0,0.02,low,0
STU-2026-0380,0.0073,0.4118,4.36,4.41,1,0,0.0,0.0,0,0,0.02,low,0
STU-2026-0381,0.0074,-0.1391,3.86,4.06,0,1,0.0,0.0,0,0,0.02,low,0
STU-2026-0382,-0.0071,0.5508,4.76,4.59,0,0,0.0,0.0,0,0,0.02,low,0
STU-2026-0383,0.0506,-0.0045,4.26,4.35,0,0,0.0,0.0,0,0,0.02,low,0
STU-2026-0384,0.087,0.2145,4.8,4.05,0,0,0.0,0.0,0,0,0.039,low,0
STU-2026-0385,0.0621,-0.0769,3.7,3.72,0,0,0.0,0.0,0,0,0.02,low,0
STU-2026-0386,-0.4126,-1.5223,1.0,1.32,9,2,0.2564,0.3312,2,1,0.8845,high,1
STU-2026-0387,-0.4425,-2.3562,1.14,1.71,14,3,0.2355,0.3655,2,0,0.98,high,1
STU-2026-0388,0.0172,0.3116,3.88,3.79,0,0,0.0,0.0,0,0,0.0218,low,0
STU-2026-0389,-0.1101,0.073,4.67,4.09,0,1,0.0,0.0,0,0,0.02,low,0
STU-2026-0390,-0.2181,-0.7792,2.18,2.83,3,1,0.1403,0.2347,0,0,0.5363,medium,0
STU-2026-0391,0.0142,0.0846,3.81,4.03,0,0,0.0,0.0,0,0,0.02,low,0
STU-2026-0392,-0.022,0.2398,3.84,4.53,1,0,0.0,0.0,0,0,0.0897,low,0
STU-2026-0393,-0.3034,-0.6437,2.04,2.04,1,0,0.1981,0.1746,0,0,0.5452,medium,0
STU-2026-0394,0.0551,-0.0452,4.41,4.05,0,0,0.0,0.0,0,0,0.02,low,0
STU-2026-0395,-0.0211,-0.2041,4.66,4.25,0,0,0.0,0.0,0,1,0.02,low,0
STU-2026-0396,-0.0398,0.1028,4.61,4.25,1,0,0.0,0.0,0,0,0.0373,low,0
STU-2026-0397,-0.5955,-1.5935,1.03,1.0,9,8,0.3599,0.36,4,0,0.9401,high,1
STU-2026-0398,-0.0208,0.0953,4.06,4.15,2,0,0.0,0.0,0,0,0.033,low,0
STU-2026-0399,-0.0343,0.0931,4.09,4.47,0,0,0.0,0.0,0,0,0.02,low,0
STU-2026-0400,-0.0259,0.1372,4.32,4.59,0,0,0.0,0.0,1,0,0.02,low,0
STU-2026-0401,0.029,-0.1597,3.23,3.54,1,0,0.0,0.0,0,0,0.02,low,0
STU-2026-0402,0.0354,0.4216,4.02,4.28,0,0,0.0,0.0,0,0,0.0232,low,0
STU-2026-0403,0.0999,0.0527,4.5,4.41,0,1,0.0,0.0,0,0,0.02,low,0
STU-2026-0404,-0.0575,0.4465,4.4,4.2,0,0,0.0,0.0,0,0,0.02,low,0
STU-2026-0405,-0.0409,-0.1892,4.45,4.33,0,0,0.0,0.0,0,0,0.02,low,0
STU-2026-0406,-0.02,0.3507,4.02,4.07,0,0,0.0,0.0,0,0,0.02,low,0
STU-2026-0407,-0.2338,-1.1467,3.72,3.39,2,2,0.1873,0.2259,0,0,0.5664,medium,0
STU-2026-0408,0.112,0.0835,3.75,3.78,1,0,0.0,0.0,0,0,0.0599,low,0
STU-2026-0409,0.105,0.6884,4.04,4.23,0,0,0.0,0.0,0,0,0.02,low,0
STU-2026-0410,-0.1447,-0.9834,2.78,2.95,0,2,0.1714,0.1848,0,0,0.5047,medium,0
STU-2026-0411,-0.0262,-0.2866,4.01,4.32,0,0,0.0,0.0,0,0,0.02,low,0
STU-2026-0412,-0.1185,-1.1288,3.07,3.21,4,4,0.2109,0.1739,0,0,0.6252,medium,0
STU-2026-0413,0.0434,-0.1924,4.19,4.08,0,0,0.0,0.0,0,0,0.0352,low,0
STU-2026-0414,0.0011,0.5472,4.86,4.77,0,1,0.0,0.0,0,0,0.02,low,0
STU-2026-0415,0.0514,0.3236,4.48,4.22,0,0,0.0,0.0,0,0,0.02,low,0
STU-2026-0416,-0.1222,-1.0465,3.62,3.5,6,0,0.2141,0.2662,0,0,0.6124,medium,0
STU-2026-0417,0.0839,0.0013,4.53,4.54,0,0,0.0,0.0,0,0,0.02,low,0
STU-2026-0418,0.0532,0.2264,4.94,4.11,0,0,0.0,0.0,0,0,0.02,low,0
STU-2026-0419,-0.0376,0.0673,3.76,4.39,1,0,0.0,0.0,0,0,0.02,low,0
STU-2026-0420,-0.1101,0.1995,3.63,3.88,0,0,0.0,0.0,0,0,0.0495,low,0
STU-2026-0421,0.0467,0.688,4.26,4.36,0,0,0.0,0.0,1,0,0.0512,low,0
STU-2026-0422,0.0621,-0.1049,3.55,3.76,0,0,0.0,0.0,0,0,0.02,low,0
STU-2026-0423,0.0045,-0.1031,4.04,4.35,1,1,0.0,0.0,0,0,0.0308,low,0
STU-2026-0424,-0.0593,-0.7916,3.2,3.0,2,1,0.1391,0.2489,0,0,0.5639,medium,0
STU-2026-0425,0.0445,0.227,4.22,4.39,0,0,0.0,0.0,0,0,0.02,low,0
STU-2026-0426,0.0626,0.2773,4.27,4.04,0,0,0.0,0.0,0,0,0.02,low,0
STU-2026-0427,-0.1202,-0.951,3.06,3.42,3,2,0.1537,0.1934,2,0,0.5886,medium,0
STU-2026-0428,-0.0009,0.6633,3.38,3.74,0,0,0.0,0.0,0,0,0.0277,low,0
STU-2026-0429,0.0163,0.1495,4.82,4.25,0,0,0.0,0.0,0,0,0.02,low,0
STU-2026-0430,0.0866,0.2618,3.47,3.36,0,0,0.0,0.0,0,0,0.02,low,0
STU-2026-0431,0.0364,0.3256,4.06,4.25,0,0,0.0,0.0,0,0,0.02,low,0
STU-2026-0432,0.0907,-0.035,4.16,3.94,1,2,0.0,0.0,0,0,0.0478,low,0
STU-2026-0433,-0.0159,0.2354,4.82,4.61,3,1,0.0,0.0,0,0,0.02,low,0
STU-2026-0434,0.0098,0.5209,3.94,3.86,1,0,0.0,0.0,0,0,0.02,low,0
STU-2026-0435,-0.1604,-0.8768,3.22,3.05,4,0,0.2062,0.1993,1,0,0.584,medium,0
STU-2026-0436,0.0852,0.1589,4.08,4.11,0,0,0.0,0.0,0,0,0.02,low,0
STU-2026-0437,0.0207,-0.2412,3.88,3.8,0,0,0.0,0.0,0,0,0.0839,low,0
STU-2026-0438,-0.541,-2.3288,2.37,2.5,5,2,0.3541,0.3616,3,2,0.9333,high,1
STU-2026-0439,-0.0328,0.1241,4.18,4.35,1,0,0.0,0.0,0,0,0.0253,low,0
STU-2026-0440,0.0179,0.6514,4.56,4.49,0,1,0.0,0.0,0,0,0.02,low,0
STU-2026-0441,0.0284,-0.58,4.21,4.28,0,0,0.0,0.0,0,0,0.056,low,0
STU-2026-0442,0.0338,0.0207,5.0,4.57,2,0,0.0,0.0,0,0,0.0345,low,0
STU-2026-0443,0.0602,0.0943,4.07,4.55,1,0,0.0,0.0,0,0,0.0229,low,0
STU-2026-0444,-0.0055,0.4908,4.18,4.77,0,0,0.0,0.0,0,0,0.02,low,0
STU-2026-0445,-0.1373,-1.6694,2.07,1.93,10,2,0.2741,0.3809,3,0,0.8919,high,1
STU-2026-0446,-0.0017,0.0698,3.57,3.8,2,0,0.0,0.0,0,0,0.0511,low,0
STU-2026-0447,0.0217,-0.0252,4.38,4.57,0,0,0.0,0.0,0,0,0.02,low,0
STU-2026-0448,-0.1593,-0.8434,2.74,2.3,4,0,0.1746,0.152,0,1,0.5424,medium,0
STU-2026-0449,0.0532,0.1677,3.31,3.28,1,1,0.0,0.0,0,0,0.02,low,0
STU-2026-0450,-0.55,-2.267,1.14,1.38,7,2,0.2602,0.3147,1,0,0.8994,high,1
STU-2026-0451,-0.1046,-0.8766,3.62,3.16,1,0,0.1814,0.2155,0,0,0.5589,medium,0
STU-2026-0452,-0.1938,-0.4563,3.1,3.04,4,0,0.1961,0.2195,0,0,0.5654,medium,0
STU-2026-0453,0.061,0.1273,3.88,4.12,0,1,0.0,0.0,0,0,0.02,low,0
STU-2026-0454,0.0028,-0.2746,3.73,3.8,0,0,0.0,0.0,0,0,0.088,low,0
STU-2026-0455,-0.011,-0.2347,4.72,4.46,1,0,0.0,0.0,0,0,0.02,low,0
STU-2026-0456,0.1039,0.0173,4.9,5.0,1,0,0.0,0.0,0,0,0.02,low,0
STU-2026-0457,-0.0738,0.3171,3.36,3.14,1,0,0.0,0.0,1,0,0.02,low,0
STU-2026-0458,-0.0578,0.0036,4.22,4.14,0,0,0.0,0.0,0,0,0.02,low,0
STU-2026-0459,0.0545,0.1166,4.74,5.0,0,0,0.0,0.0,1,0,0.02,low,0
STU-2026-0460,-0.3412,-1.9781,1.43,2.28,5,2,0.3812,0.353,4,0,0.9169,high,1
STU-2026-0461,0.0278,-0.0483,4.48,4.27,0,1,0.0,0.0,1,0,0.02,low,0
STU-2026-0462,-0.0945,-0.8771,2.89,3.24,6,1,0.158,0.1158,1,0,0.5654,medium,0
STU-2026-0463,-0.008,0.707,4.43,4.25,1,0,0.0,0.0,0,0,0.02,low,0
STU-2026-0464,-0.1194,-0.9855,2.68,2.92,6,1,0.1591,0.2054,0,0,0.5748,medium,0
STU-2026-0465,0.0381,0.1244,5.0,4.5,1,0,0.0,0.0,0,0,0.02,low,0
STU-2026-0466,0.005,0.3883,4.26,3.69,1,0,0.0,0.0,0,0,0.0328,low,0
STU-2026-0467,-0.1521,-0.6908,3.16,3.67,1,2,0.1395,0.1667,1,0,0.4862,medium,0
STU-2026-0468,-0.2085,-0.8256,3.65,3.6,1,0,0.164,0.2006,0,0,0.5173,medium,0
STU-2026-0469,0.0276,-0.0646,4.48,4.96,1,0,0.0,0.0,0,0,0.0274,low,0
STU-2026-0470,-0.1585,-0.9947,1.47,2.35,2,0,0.173,0.2114,0,0,0.5466,medium,0
STU-2026-0471,0.0476,0.6066,4.81,4.5,0,0,0.0,0.0,0,0,0.02,low,0
STU-2026-0472,-0.2828,-2.045,1.52,1.44,8,5,0.3328,0.3855,1,0,0.9135,high,1
STU-2026-0473,-0.2911,-0.3766,2.79,2.47,2,0,0.2041,0.1919,1,0,0.5569,medium,0
STU-2026-0474,0.0143,0.0915,4.34,4.06,2,0,0.0,0.0,0,0,0.02,low,0
STU-2026-0475,-0.0495,0.8053,4.36,4.44,0,0,0.0,0.0,1,0,0.0388,low,0
STU-2026-0476,-0.0786,-0.9166,3.1,2.98,7,1,0.1788,0.2261,0,0,0.596,medium,0
STU-2026-0477,-0.0814,-0.9693,3.82,4.11,5,2,0.1455,0.183,1,1,0.5536,medium,0
STU-2026-0478,-0.4775,-1.8085,2.41,2.3,11,6,0.2943,0.3152,1,1,0.9347,high,1
STU-2026-0479,0.1256,0.3091,3.44,3.67,0,0,0.0,0.0,0,0,0.02,low,0
STU-2026-0480,0.0767,0.3155,4.21,4.38,0,0,0.0,0.0,0,0,0.0332,low,0
STU-2026-0481,-0.0433,0.3567,5.0,5.0,1,1,0.0,0.0,0,0,0.02,low,0
STU-2026-0482,0.0089,0.3171,4.41,4.22,0,0,0.0,0.0,0,0,0.02,low,0
STU-2026-0483,-0.5249,-2.174,1.0,1.0,8,2,0.2412,0.38,1,1,0.9346,high,1
STU-2026-0484,-0.0077,0.287,4.43,4.13,0,0,0.0,0.0,0,0,0.0249,low,0
STU-2026-0485,0.0146,0.3318,4.16,4.33,0,1,0.0,0.0,0,0,0.02,low,0
STU-2026-0486,-0.2146,-0.9392,3.25,3.14,3,0,0.1168,0.1971,1,0,0.5569,medium,0
STU-2026-0487,-0.0225,0.2785,3.93,3.65,0,0,0.0,0.0,0,0,0.02,low,0
STU-2026-0488,-0.0389,-0.1256,4.3,4.32,0,0,0.0,0.0,0,0,0.02,low,0
STU-2026-0489,-0.0153,0.3759,3.88,4.58,2,0,0.0,0.0,0,0,0.0663,low,0
STU-2026-0490,-0.0544,-0.037,3.35,4.12,0,0,0.0,0.0,0,0,0.02,low,0
STU-2026-0491,-0.0428,0.4281,4.16,4.16,2,1,0.0,0.0,0,0,0.02,low,0
STU-2026-0492,-0.0137,0.0314,3.21,3.23,0,0,0.0,0.0,0,0,0.02,low,0
STU-2026-0493,-0.0249,0.1886,4.06,3.96,1,0,0.0,0.0,0,0,0.02,low,0
STU-2026-0494,0.0486,0.2609,3.91,3.84,0,0,0.0,0.0,0,0,0.02,low,0
STU-2026-0495,0.0284,0.5336,4.35,3.9,1,0,0.0,0.0,0,0,0.0493,low,0
STU-2026-0496,-0.3837,-2.1887,1.0,1.52,9,5,0.33,0.3274,1,2,0.9447,high,1
STU-2026-0497,-0.6056,-2.2368,1.54,1.99,12,8,0.3569,0.3077,3,1,0.98,high,1
STU-2026-0498,0.0096,-0.4547,3.17,3.62,3,0,0.1367,0.2031,0,0,0.5084,medium,0
STU-2026-0499,-0.5397,-1.5821,1.22,1.38,9,4,0.3269,0.3342,1,0,0.9464,high,1
STU-2026-0500,-0.5688,-1.5775,1.02,1.34,8,7,0.2955,0.3428,3,0,0.9229,high,1
STU-2026-0501,-0.0552,0.0267,4.14,3.83,0,0,0.0,0.0,0,0,0.02,low,0
STU-2026-0502,0.0797,0.3188,4.31,4.21,1,0,0.0,0.0,0,0,0.0218,low,0
STU-2026-0503,0.0179,0.1445,3.99,3.56,0,2,0.0,0.0,0,0,0.02,low,0
STU-2026-0504,-0.0145,0.0942,4.41,4.31,0,0,0.0,0.0,0,0,0.0243,low,0
STU-2026-0505,-0.0336,0.0561,3.63,3.61,0,1,0.0,0.0,0,0,0.02,low,0
STU-2026-0506,0.0018,0.0361,3.95,3.77,0,1,0.0,0.0,0,0,0.02,low,0
STU-2026-0507,-0.0247,-0.0512,4.23,4.13,1,0,0.0,0.0,0,0,0.02,low,0
STU-2026-0508,0.0312,0.1442,3.75,4.45,0,0,0.0,0.0,0,0,0.02,low,0
STU-2026-0509,-0.1659,-0.5299,1.77,2.43,3,1,0.1367,0.1769,1,1,0.5764,medium,0
STU-2026-0510,-0.2623,-1.3041,2.74,3.24,2,1,0.1435,0.173,2,0,0.5248,medium,0
STU-2026-0511,-0.0412,-0.7733,2.7,2.83,3,3,0.211,0.2408,0,0,0.5816,medium,0
STU-2026-0512,-0.2431,-1.3399,2.12,2.16,1,0,0.0983,0.1659,0,0,0.5368,medium,0
STU-2026-0513,-0.0553,-1.2611,3.59,4.0,5,0,0.1728,0.2354,2,0,0.5884,medium,0
STU-2026-0514,0.0471,0.3482,4.5,4.25,0,1,0.0,0.0,0,0,0.02,low,0
STU-2026-0515,-0.0004,0.0061,3.81,3.61,0,0,0.0,0.0,1,0,0.02,low,0
STU-2026-0516,-0.6255,-1.8297,1.77,1.66,4,4,0.4051,0.4114,2,2,0.9492,high,1
STU-2026-0517,-0.1378,-0.8694,3.16,3.41,2,1,0.1165,0.1629,0,0,0.5437,medium,0
STU-2026-0518,-0.6614,-2.3536,1.31,1.22,11,2,0.3536,0.4236,1,2,0.98,high,1
STU-2026-0519,0.0314,0.0759,4.66,4.77,1,0,0.0,0.0,0,0,0.02,low,0
STU-2026-0520,-0.0247,0.57,4.62,3.4,0,0,0.0,0.0,0,0,0.02,low,0
STU-2026-0521,-0.0421,0.5391,4.0,4.29,0,0,0.0,0.0,0,0,0.0408,low,0
STU-2026-0522,0.0274,-0.0756,4.03,3.91,0,0,0.0,0.0,0,0,0.0356,low,0
STU-2026-0523,0.0744,0.1826,4.27,4.11,0,0,0.0,0.0,0,0,0.02,low,0
STU-2026-0524,0.0518,0.5109,5.0,4.48,0,0,0.0,0.0,0,0,0.02,low,0
STU-2026-0525,-0.5883,-1.9277,1.0,1.17,10,5,0.3192,0.3295,3,0,0.8911,high,1
STU-2026-0526,-0.0135,0.8025,4.03,4.05,1,1,0.0,0.0,0,0,0.0344,low,0
STU-2026-0527,0.0314,0.58,4.01,4.01,0,2,0.0,0.0,0,0,0.0284,low,0
STU-2026-0528,0.1217,-0.1556,4.01,4.41,0,0,0.0,0.0,0,0,0.0608,low,0
STU-2026-0529,0.0358,0.1546,3.82,4.6,0,0,0.0,0.0,0,0,0.02,low,0
STU-2026-0530,-0.0305,-0.2595,3.96,3.96,0,0,0.0,0.0,1,0,0.02,low,0
STU-2026-0531,0.0387,0.4262,4.71,4.09,0,0,0.0,0.0,0,0,0.02,low,0
STU-2026-0532,0.0663,0.2503,4.37,4.89,0,0,0.0,0.0,0,0,0.02,low,0
STU-2026-0533,0.0608,-0.2981,3.52,3.21,0,1,0.0,0.0,0,0,0.02,low,0
STU-2026-0534,0.0373,0.6287,4.48,4.15,1,0,0.0,0.0,0,0,0.02,low,0
STU-2026-0535,0.0661,-0.0619,4.02,4.2,0,1,0.0,0.0,0,0,0.02,low,0
STU-2026-0536,0.0229,0.6054,4.79,5.0,0,0,0.0,0.0,0,0,0.02,low,0
STU-2026-0537,0.0116,0.4248,4.39,3.72,0,0,0.0,0.0,0,0,0.0349,low,0
STU-2026-0538,-0.0312,0.4153,3.39,3.94,1,0,0.0,0.0,0,0,0.0472,low,0
STU-2026-0539,-0.6603,-2.6655,1.05,1.55,6,4,0.2809,0.3538,4,2,0.9018,high,1
STU-2026-0540,0.0925,0.4809,4.51,4.17,0,0,0.0,0.0,0,0,0.02,low,0
STU-2026-0541,0.0018,0.3052,3.5,3.57,0,0,0.0,0.0,0,0,0.022,low,0
STU-2026-0542,0.03,0.2511,4.18,3.81,0,1,0.0,0.0,0,0,0.02,low,0
STU-2026-0543,-0.0231,0.165,3.09,3.26,0,1,0.0,0.0,0,0,0.02,low,0
STU-2026-0544,0.0637,-0.0265,3.96,4.03,0,0,0.0,0.0,0,0,0.02,low,0
STU-2026-0545,0.0685,0.3632,3.7,3.31,2,0,0.0,0.0,0,0,0.02,low,0
STU-2026-0546,0.0014,0.0177,3.96,4.2,1,0,0.0,0.0,0,0,0.02,low,0
STU-2026-0547,-0.0002,0.2686,3.99,3.85,1,1,0.0,0.0,0,0,0.0539,low,0
STU-2026-0548,-0.0733,0.3152,4.28,4.25,0,1,0.0,0.0,0,1,0.02,low,0
STU-2026-0549,0.0067,-0.0994,4.44,4.69,0,0,0.0,0.0,0,0,0.02,low,0
STU-2026-0550,-0.053,0.5043,4.56,4.3,0,0,0.0,0.0,0,0,0.02,low,0
STU-2026-0551,-0.6788,-2.4202,2.45,2.43,12,3,0.3046,0.3411,2,0,0.9378,high,1
STU-2026-0552,-0.3701,-1.8108,1.87,1.78,7,1,0.2129,0.2928,2,1,0.8792,high,1
STU-2026-0553,0.0102,0.4096,4.29,4.01,1,0,0.0,0.0,0,0,0.0478,low,0
STU-2026-0554,-0.007,-0.1096,3.73,4.08,1,1,0.0,0.0,0,0,0.02,low,0
STU-2026-0555,-0.1682,-0.9468,2.37,2.47,6,1,0.1438,0.1436,1,0,0.5762,medium,0
STU-2026-0556,0.0595,0.3283,3.91,4.64,0,0,0.0,0.0,1,0,0.02,low,0
STU-2026-0557,0.0393,0.3811,3.76,4.02,0,1,0.0,0.0,0,0,0.02,low,0
STU-2026-0558,-0.0158,0.4641,4.1,4.73,0,0,0.0,0.0,0,0,0.0222,low,0
STU-2026-0559,0.0586,0.2843,4.66,4.48,0,0,0.0,0.0,0,0,0.02,low,0
STU-2026-0560,0.0248,0.1605,4.4,4.45,1,0,0.0,0.0,0,0,0.02,low,0
STU-2026-0561,-0.064,0.4195,4.05,4.1,0,0,0.0,0.0,0,0,0.02,low,0
STU-2026-0562,0.112,0.1173,4.29,4.54,1,0,0.0,0.0,0,0,0.0783,low,0
STU-2026-0563,-0.2022,0.0491,3.19,3.04,4,0,0.1623,0.1994,0,0,0.4754,medium,0
STU-2026-0564,0.0658,0.1491,4.17,4.27,1,1,0.0,0.0,0,0,0.02,low,0
STU-2026-0565,0.0186,0.1131,4.23,4.47,0,0,0.0,0.0,0,0,0.02,low,0
STU-2026-0566,-0.0035,0.4564,4.54,3.77,1,0,0.0,0.0,0,0,0.0423,low,0
STU-2026-0567,-0.0175,0.1862,4.29,4.19,0,0,0.0,0.0,0,0,0.0334,low,0
STU-2026-0568,0.0262,-0.3269,3.71,3.89,0,0,0.0,0.0,0,0,0.024,low,0
STU-2026-0569,0.0579,0.1305,5.0,5.0,1,0,0.0,0.0,0,0,0.0851,low,0
STU-2026-0570,-0.219,-1.1124,3.33,2.85,3,0,0.1462,0.1835,2,1,0.5684,medium,0
STU-2026-0571,0.069,0.043,4.13,4.31,1,0,0.0,0.0,0,0,0.0674,low,0
STU-2026-0572,-0.0729,0.5674,4.39,4.52,0,1,0.0,0.0,0,0,0.0364,low,0
STU-2026-0573,-0.0112,-0.2304,3.75,3.66,0,0,0.0,0.0,0,0,0.02,low,0
STU-2026-0574,-0.5823,-1.986,1.17,1.48,7,5,0.2361,0.4616,3,0,0.9056,high,1
STU-2026-0575,0.0673,0.0727,4.53,3.98,0,0,0.0,0.0,0,0,0.02,low,0
STU-2026-0576,0.1121,0.1975,3.98,4.25,0,1,0.0,0.0,0,0,0.02,low,0
STU-2026-0577,-0.0587,0.1675,4.13,3.47,1,1,0.0,0.0,0,0,0.02,low,0
STU-2026-0578,-0.0098,0.0526,4.17,3.96,1,0,0.0,0.0,0,0,0.0631,low,0
STU-2026-0579,-0.2066,-1.2901,2.82,3.34,7,0,0.1893,0.1648,0,1,0.6026,medium,0
STU-2026-0580,0.0193,0.4774,4.44,4.58,0,0,0.0,0.0,0,0,0.02,low,0
STU-2026-0581,0.0312,0.3174,4.69,4.75,1,0,0.0,0.0,0,0,0.02,low,0
STU-2026-0582,-0.6302,-2.3373,2.52,2.63,9,7,0.3217,0.531,3,1,0.971,high,1
STU-2026-0583,-0.0059,0.2703,4.36,4.58,0,0,0.0,0.0,0,0,0.02,low,0
STU-2026-0584,0.0847,0.3742,4.49,4.42,1,0,0.0,0.0,0,0,0.02,low,0
STU-2026-0585,-0.0332,0.8591,4.78,4.45,0,0,0.0,0.0,0,0,0.02,low,0
STU-2026-0586,-0.1968,-1.2171,2.51,3.01,6,0,0.18,0.1996,1,0,0.6595,high,1
STU-2026-0587,-0.009,0.0374,3.79,3.55,0,0,0.0,0.0,0,0,0.02,low,0
STU-2026-0588,-0.3021,-1.9078,1.0,1.0,6,4,0.2782,0.4381,1,0,0.9362,high,1
STU-2026-0589,0.0293,0.0609,4.01,2.93,1,1,0.0,0.0,1,0,0.02,low,0
STU-2026-0590,-0.4202,-1.7897,1.28,1.41,8,3,0.2388,0.3514,4,0,0.8822,high,1
STU-2026-0591,0.0338,0.546,4.29,5.0,1,0,0.0,0.0,1,0,0.02,low,0
STU-2026-0592,0.0433,-0.0891,4.87,4.65,1,0,0.0,0.0,0,0,0.035,low,0
STU-2026-0593,0.0299,0.2472,4.3,4.26,0,0,0.0,0.0,0,0,0.02,low,0
STU-2026-0594,0.1457,-0.1618,4.41,4.64,0,0,0.0,0.0,0,0,0.02,low,0
STU-2026-0595,-0.1397,-1.0804,3.78,3.62,0,2,0.1882,0.2118,0,0,0.5405,medium,0
STU-2026-0596,0.0717,0.1565,4.01,3.4,0,1,0.0,0.0,0,0,0.02,low,0
STU-2026-0597,-0.0236,0.3273,4.4,4.33,1,0,0.0,0.0,0,0,0.0574,low,0
STU-2026-0598,0.1113,0.172,4.59,4.31,0,0,0.0,0.0,0,0,0.02,low,0
STU-2026-0599,-0.4802,-2.0666,2.24,1.85,6,8,0.3918,0.3621,4,0,0.93,high,1
STU-2026-0600,-0.1453,-0.8529,2.32,2.54,2,2,0.1396,0.2146,2,0,0.5312,medium,0
STU-2026-0001,-0.0188,0.1059,4.18,4.02,0,0,0.0,0.0,0,0,0.02,low,0
STU-2026-0002,0.0947,0.0649,4.27,4.33,0,0,0.0,0.0,0,0,0.02,low,0
STU-2026-0003,0.0382,0.3196,4.51,4.62,0,0,0.0,0.0,1,0,0.02,low,0
STU-2026-0004,-0.4347,-1.9439,1.43,1.98,7,4,0.4042,0.3567,2,2,0.9438,high,1
STU-2026-0005,0.0645,0.5097,3.41,3.51,0,0,0.0,0.0,0,0,0.02,low,0
STU-2026-0006,-0.0814,0.0516,3.83,3.78,2,1,0.0,0.0,0,0,0.0479,low,0
STU-2026-0007,0.0708,-0.0859,4.15,3.77,1,0,0.0,0.0,0,0,0.0242,low,0
STU-2026-0008,-0.2961,-2.3833,2.92,2.56,6,3,0.3931,0.3157,4,0,0.98,high,1
STU-2026-0009,-0.1832,-0.6454,3.54,3.7,2,1,0.1472,0.238,1,0,0.5711,medium,0
STU-2026-0010,-0.174,-1.3024,3.19,3.22,1,0,0.2185,0.146,0,0,0.5504,medium,0
STU-2026-0011,0.0217,-0.0365,4.38,4.8,1,0,0.0,0.0,0,0,0.02,low,0
STU-2026-0012,0.0419,0.0446,3.39,3.71,0,0,0.0,0.0,0,0,0.02,low,0
STU-2026-0013,0.0611,0.4596,3.99,4.26,1,0,0.0,0.0,0,0,0.1039,low,0
STU-2026-0014,-0.1621,-0.6205,2.71,2.78,4,0,0.1898,0.2144,1,0,0.5853,medium,0
STU-2026-0015,0.0176,0.415,3.62,4.24,0,0,0.0,0.0,0,0,0.0404,low,0
STU-2026-0016,-0.3265,-0.7329,2.53,2.37,6,0,0.132,0.2445,0,0,0.5721,medium,0
STU-2026-0017,0.0247,0.389,4.28,4.41,0,0,0.0,0.0,0,0,0.02,low,0
STU-2026-0018,0.0066,-0.0605,4.22,5.0,1,0,0.0,0.0,1,0,0.02,low,0
STU-2026-0019,-0.1738,-0.9402,4.06,3.58,3,1,0.1194,0.1795,2,0,0.4956,medium,0
STU-2026-0020,0.0107,0.2818,4.2,3.91,1,0,0.0,0.0,0,0,0.02,low,0
STU-2026-0021,-0.4968,-2.2178,1.87,1.63,5,1,0.298,0.3324,1,1,0.926,high,1
STU-2026-0022,0.0117,0.22,4.56,3.85,0,0,0.0,0.0,0,0,0.02,low,0
STU-2026-0023,0.0167,0.3869,3.98,4.32,0,0,0.0,0.0,0,0,0.02,low,0
STU-2026-0024,0.0225,0.0239,4.0,4.54,1,0,0.0,0.0,0,0,0.02,low,0
STU-2026-0025,-0.0357,0.3487,4.33,3.76,0,0,0.0,0.0,0,0,0.0249,low,0
STU-2026-0026,0.0527,0.5864,4.41,4.45,0,1,0.0,0.0,0,0,0.02,low,0
STU-2026-0027,0.0362,0.2406,3.38,3.88,0,0,0.0,0.0,0,0,0.0218,low,0
STU-2026-0028,0.0476,0.4478,4.37,4.38,0,0,0.0,0.0,0,0,0.02,low,0
STU-2026-0029,0.0479,0.3651,4.07,3.97,0,0,0.0,0.0,0,0,0.02,low,0
STU-2026-0030,0.0378,0.3208,4.51,4.35,0,0,0.0,0.0,0,0,0.02,low,0
STU-2026-0031,-0.0243,0.2372,4.39,4.44,1,0,0.0,0.0,0,0,0.02,low,0
STU-2026-0032,-0.0035,-0.2074,4.14,4.4,0,0,0.0,0.0,0,0,0.02,low,0
STU-2026-0033,0.0658,-0.1025,5.0,4.32,0,2,0.0,0.0,0,0,0.02,low,0
STU-2026-0034,-0.089,0.3634,4.13,4.87,0,1,0.0,0.0,0,1,0.02,low,0
STU-2026-0035,0.0444,-0.1003,3.58,3.91,0,0,0.0,0.0,0,0,0.0296,low,0
STU-2026-0036,0.0583,0.4941,4.81,4.32,2,0,0.0,0.0,0,0,0.02,low,0
STU-2026-0037,-0.1903,-0.7265,3.17,2.58,0,1,0.1047,0.1596,0,0,0.4527,medium,0
STU-2026-0038,0.052,0.1083,5.0,5.0,0,0,0.0,0.0,0,0,0.02,low,0
STU-2026-0039,-0.2249,-0.9946,2.98,3.23,2,1,0.1636,0.1902,0,1,0.5266,medium,0
STU-2026-0040,-0.599,-2.2966,2.22,2.03,8,6,0.3414,0.4185,2,1,0.9665,high,1
STU-2026-0041,-0.0289,0.3875,4.36,4.7,2,0,0.0,0.0,0,0,0.0617,low,0
STU-2026-0042,0.0424,0.3727,3.97,4.56,1,0,0.0,0.0,0,0,0.0293,low,0
STU-2026-0043,-0.0315,0.4139,4.08,4.17,0,0,0.0,0.0,1,0,0.0412,low,0
STU-2026-0044,-0.6119,-1.9885,1.8,1.96,5,5,0.3248,0.4321,4,1,0.8895,high,1
STU-2026-0045,-0.2214,-0.7877,2.7,3.13,3,1,0.1731,0.1629,0,0,0.5632,medium,0
STU-2026-0046,-0.0719,0.1454,4.56,4.25,1,0,0.0,0.0,0,0,0.0375,low,0
STU-2026-0047,-0.0327,-0.1248,3.45,3.54,0,0,0.0,0.0,0,0,0.02,low,0
STU-2026-0048,0.0672,-0.0547,4.63,4.41,0,0,0.0,0.0,0,0,0.02,low,0
STU-2026-0049,-0.0048,0.2854,3.55,3.67,0,0,0.0,0.0,0,0,0.02,low,0
STU-2026-0050,0.0347,0.0447,3.95,4.06,0,0,0.0,0.0,0,1,0.02,low,0
STU-2026-0051,-0.064,0.2858,4.28,4.54,0,0,0.0,0.0,0,0,0.02,low,0
STU-2026-0052,-0.0445,-0.2305,4.51,4.57,1,2,0.0,0.0,0,0,0.0463,low,0
STU-2026-0053,0.0664,-0.047,4.24,4.04,0,1,0.0,0.0,0,0,0.0251,low,0
STU-2026-0054,-0.523,-1.706,1.28,1.73,12,1,0.3697,0.3844,2,0,0.944,high,1
STU-2026-0055,0.0352,0.1589,4.01,3.86,0,0,0.0,0.0,0,0,0.02,low,0
STU-2026-0056,0.0528,0.3339,3.8,3.85,1,0,0.0,0.0,0,0,0.02,low,0
STU-2026-0057,0.0069,0.0365,4.17,4.0,0,0,0.0,0.0,0,0,0.02,low,0
STU-2026-0058,-0.0047,0.1745,3.92,4.43,1,0,0.0,0.0,1,0,0.02,low,0
STU-2026-0059,-0.105,-0.8195,2.86,2.96,6,2,0.1538,0.1944,0,0,0.5786,medium,0
STU-2026-0060,0.0417,-0.0642,3.7,3.55,0,0,0.0,0.0,0,0,0.02,low,0
STU-2026-0061,0.0249,0.4334,4.08,4.02,0,0,0.0,0.0,0,0,0.02,low,0
STU-2026-0062,-0.0719,0.3441,4.82,4.35,1,0,0.0,0.0,0,0,0.0282,low,0
STU-2026-0063,-0.0072,0.2101,3.67,3.99,0,0,0.0,0.0,0,0,0.02,low,0
STU-2026-0064,-0.0089,0.5281,4.79,4.69,0,1,0.0,0.0,0,0,0.02,low,0
STU-2026-0065,-0.2326,-0.8383,2.24,2.06,7,1,0.0718,0.1667,0,1,0.6052,medium,0
STU-2026-0066,-0.096,-0.7248,2.39,2.95,1,2,0.1579,0.1346,0,0,0.4905,medium,0
STU-2026-0067,-0.4944,-2.2976,1.11,1.0,4,5,0.3238,0.3855,2,0,0.9427,high,1
STU-2026-0068,0.025,-0.136,3.74,4.23,0,0,0.0,0.0,0,0,0.02,low,0
STU-2026-0069,-0.1984,-0.9307,3.47,3.24,4,1,0.1578,0.2174,0,0,0.581,medium,0
STU-2026-0070,0.0694,0.405,3.69,3.45,0,0,0.0,0.0,0,0,0.02,low,0
STU-2026-0071,-0.2217,-1.1422,3.63,3.7,5,0,0.1368,0.2217,0,0,0.5915,medium,0
STU-2026-0072,-0.0387,0.2302,4.95,4.72,1,0,0.0,0.0,1,0,0.0495,low,0
STU-2026-0073,-0.0168,0.5323,4.49,4.43,0,0,0.0,0.0,0,0,0.02,low,0
STU-2026-0074,0.0895,-0.1311,4.01,4.09,0,0,0.0,0.0,0,0,0.02,low,0
STU-2026-0075,-0.01,-0.3148,3.3,3.53,1,0,0.0,0.0,0,0,0.0529,low,0
STU-2026-0076,-0.094,-0.4432,3.98,3.56,1,2,0.0907,0.1917,0,0,0.4601,medium,0
STU-2026-0077,-0.0252,0.5083,4.35,3.92,0,0,0.0,0.0,0,0,0.02,low,0
STU-2026-0078,-0.0149,0.3618,3.76,3.76,2,0,0.0,0.0,0,0,0.043,low,0
STU-2026-0079,-0.0762,-0.6115,3.73,3.87,3,2,0.1624,0.1552,0,0,0.5189,medium,0
STU-2026-0080,0.0015,-0.0081,4.13,4.01,0,0,0.0,0.0,0,0,0.02,low,0
STU-2026-0081,0.0467,0.179,5.0,5.0,2,0,0.0,0.0,1,0,0.02,low,0
STU-2026-0082,0.0319,0.1309,4.19,4.84,0,0,0.0,0.0,0,0,0.02,low,0
STU-2026-0083,-0.0507,-0.049,3.8,3.81,0,1,0.0,0.0,0,0,0.02,low,0
STU-2026-0084,-0.0587,0.3862,5.0,5.0,0,0,0.0,0.0,0,0,0.0608,low,0
STU-2026-0085,0.04,0.2942,4.55,4.6,0,0,0.0,0.0,0,0,0.02,low,0
STU-2026-0086,-0.0347,-0.9295,2.74,2.83,6,1,0.1929,0.2209,0,0,0.5331,medium,0
STU-2026-0087,0.0627,0.1357,3.45,4.43,0,0,0.0,0.0,0,0,0.02,low,0
STU-2026-0088,-0.0128,-0.5505,2.02,2.32,4,2,0.1936,0.219,0,0,0.5588,medium,0
STU-2026-0089,-0.0151,0.4321,3.86,3.58,2,0,0.0,0.0,1,0,0.02,low,0
STU-2026-0090,-0.0065,0.0911,4.93,4.28,1,0,0.0,0.0,0,0,0.02,low,0
STU-2026-0091,0.0356,0.2812,3.95,4.43,0,0,0.0,0.0,0,0,0.0733,low,0
STU-2026-0092,-0.103,-0.9181,2.79,2.38,2,0,0.1915,0.1865,0,0,0.5241,medium,0
STU-2026-0093,0.0414,-0.1903,4.05,3.67,1,1,0.0,0.0,0,0,0.02,low,0
STU-2026-0094,0.0439,0.3054,4.64,4.82,0,0,0.0,0.0,0,0,0.02,low,0
STU-2026-0095,-0.126,-0.947,2.89,2.82,4,1,0.1931,0.2169,0,0,0.5937,medium,0
STU-2026-0096,0.0457,0.3126,3.37,3.56,1,1,0.0,0.0,0,0,0.0564,low,0
STU-2026-0097,-0.3332,-2.2575,1.94,1.91,12,6,0.3531,0.3283,1,1,0.98,high,1
STU-2026-0098,-0.0502,-0.1019,4.7,4.66,0,0,0.0,0.0,0,0,0.02,low,0
STU-2026-0099,0.0397,-0.0671,3.93,4.31,0,0,0.0,0.0,0,1,0.02,low,0
STU-2026-0100,-0.1179,-1.1564,3.08,3.13,1,0,0.1379,0.1719,0,0,0.4967,medium,0
STU-2026-0101,0.0713,0.1626,4.22,4.24,0,0,0.0,0.0,0,0,0.02,low,0
STU-2026-0102,0.1289,0.2696,4.12,3.86,1,1,0.0,0.0,0,0,0.0851,low,0
STU-2026-0103,0.0119,0.1285,4.2,4.57,0,1,0.0,0.0,0,0,0.02,low,0
STU-2026-0104,-0.215,-0.9413,2.59,2.81,2,2,0.1563,0.2011,0,0,0.5443,medium,0
STU-2026-0105,-0.2049,-0.5748,3.57,3.83,4,2,0.1225,0.2234,2,0,0.5746,medium,0
STU-2026-0106,-0.1762,-0.7917,2.94,2.48,4,1,0.152,0.1841,1,0,0.545,medium,0
STU-2026-0107,-0.0786,-1.1882,2.83,3.09,2,3,0.1978,0.2212,0,1,0.5169,medium,0
STU-2026-0108,0.0507,0.2781,3.67,4.37,0,1,0.0,0.0,0,0,0.02,low,0
STU-2026-0109,0.0666,0.1817,4.42,4.18,2,0,0.0,0.0,0,0,0.0234,low,0
STU-2026-0110,-0.6511,-1.7545,1.04,1.23,11,8,0.367,0.4198,2,0,0.9402,high,1
STU-2026-0111,-0.1188,-1.1031,2.55,2.73,2,1,0.1574,0.218,1,0,0.617,medium,0
STU-2026-0112,-0.1961,-0.8189,2.11,2.13,5,0,0.1727,0.2114,2,0,0.5858,medium,0
STU-2026-0113,-0.0087,0.1465,4.9,4.61,0,1,0.0,0.0,0,0,0.02,low,0
STU-2026-0114,-0.0087,0.4927,4.41,4.69,0,0,0.0,0.0,0,0,0.02,low,0
STU-2026-0115,-0.1938,-0.7821,2.37,2.8,2,1,0.1628,0.2289,0,0,0.5138,medium,0
STU-2026-0116,0.061,0.2726,3.86,4.29,0,0,0.0,0.0,0,0,0.02,low,0
STU-2026-0117,-0.077,-1.2193,2.59,2.83,4,1,0.1348,0.2034,1,0,0.628,medium,0
STU-2026-0118,-0.039,0.0416,4.94,5.0,1,2,0.0,0.0,0,0,0.02,low,0
STU-2026-0119,0.0621,0.7518,4.12,3.78,1,0,0.0,0.0,0,0,0.02,low,0
STU-2026-0120,-0.4476,-2.1497,1.19,1.31,12,8,0.2863,0.2902,1,1,0.9713,high,1
STU-2026-0121,0.0599,0.4961,4.5,3.98,1,0,0.0,0.0,1,0,0.028,low,0
STU-2026-0122,0.0173,0.6554,4.41,4.71,1,0,0.0,0.0,0,0,0.02,low,0
STU-2026-0123,-0.0151,0.4937,4.23,3.9,0,1,0.0,0.0,0,0,0.02,low,0
STU-2026-0124,-0.0674,0.3583,4.55,4.82,0,1,0.0,0.0,0,0,0.02,low,0
STU-2026-0125,0.0921,0.0604,3.98,4.0,1,0,0.0,0.0,0,0,0.0268,low,0
STU-2026-0126,0.0112,0.3075,4.61,4.69,2,0,0.0,0.0,0,0,0.0489,low,0
STU-2026-0127,0.0269,0.1931,3.8,3.72,1,0,0.0,0.0,0,0,0.02,low,0
STU-2026-0128,-0.468,-2.2453,1.59,1.25,9,4,0.3655,0.4031,1,0,0.98,high,1
STU-2026-0129,0.0504,0.0556,4.05,3.96,0,0,0.0,0.0,0,0,0.0358,low,0
STU-2026-0130,-0.1693,-0.4882,3.49,3.74,2,2,0.1492,0.2244,0,0,0.5766,medium,0
STU-2026-0131,0.0508,0.1341,3.78,4.62,0,1,0.0,0.0,0,0,0.02,low,0
STU-2026-0132,0.1117,0.4897,4.84,5.0,0,0,0.0,0.0,0,0,0.02,low,0
STU-2026-0133,-0.0431,0.2532,4.14,4.07,0,0,0.0,0.0,0,0,0.02,low,0
STU-2026-0134,-0.0368,0.0657,4.79,4.98,0,0,0.0,0.0,1,0,0.02,low,0
STU-2026-0135,0.0175,0.1962,4.18,4.03,1,0,0.0,0.0,0,0,0.02,low,0
STU-2026-0136,0.1315,0.0568,4.32,4.45,0,0,0.0,0.0,0,0,0.02,low,0
STU-2026-0137,-0.2052,-0.6934,2.72,2.61,2,0,0.1872,0.2155,0,0,0.5203,medium,0
STU-2026-0138,0.043,0.52,4.24,4.29,0,0,0.0,0.0,0,0,0.0336,low,0
STU-2026-0139,0.0403,-0.3117,4.22,3.89,0,0,0.0,0.0,0,0,0.0814,low,0
STU-2026-0140,0.084,0.3396,4.08,4.04,0,2,0.0,0.0,0,0,0.02,low,0
STU-2026-0141,0.0972,-0.4027,2.92,3.27,0,1,0.0,0.0,0,0,0.02,low,0
STU-2026-0142,-0.1212,-1.2138,3.35,3.49,3,3,0.1126,0.2373,1,0,0.5392,medium,0
STU-2026-0143,-0.0541,0.4708,3.81,3.48,0,0,0.0,0.0,0,0,0.02,low,0
STU-2026-0144,0.0794,0.2533,3.77,4.37,0,0,0.0,0.0,0,0,0.02,low,0
STU-2026-0145,-0.0114,0.2376,4.38,4.18,0,0,0.0,0.0,0,0,0.0217,low,0
STU-2026-0146,-0.7495,-2.604,1.29,1.64,7,5,0.3375,0.391,2,0,0.9667,high,1
STU-2026-0147,0.0188,0.0547,3.75,3.67,3,0,0.0,0.0,0,0,0.0664,low,0
STU-2026-0148,0.0149,0.4035,4.36,4.28,0,0,0.0,0.0,0,0,0.02,low,0
STU-2026-0149,0.0083,0.4594,5.0,4.79,0,0,0.0,0.0,1,0,0.02,low,0
STU-2026-0150,0.01,0.1007,4.22,4.27,0,1,0.0,0.0,1,0,0.02,low,0
STU-2026-0151,0.0357,-0.1077,3.89,3.66,0,0,0.0,0.0,0,0,0.0672,low,0
STU-2026-0152,-0.0149,0.3346,4.15,4.06,1,0,0.0,0.0,1,0,0.0303,low,0
STU-2026-0153,-0.1157,-0.99,2.71,3.41,4,1,0.1856,0.1348,1,0,0.6185,medium,0
STU-2026-0154,0.0536,0.1538,4.03,3.88,1,0,0.0,0.0,0,0,0.02,low,0
STU-2026-0155,-0.0444,0.382,3.6,3.58,0,0,0.0,0.0,0,0,0.032,low,0
STU-2026-0156,-0.1148,-0.4112,2.9,2.92,2,0,0.1564,0.2863,1,1,0.5195,medium,0
STU-2026-0157,-0.1214,-0.5414,3.34,3.29,5,1,0.1158,0.1788,0,0,0.5396,medium,0
STU-2026-0158,0.0621,0.0876,3.89,4.05,0,0,0.0,0.0,0,0,0.02,low,0
STU-2026-0159,-0.0126,0.4614,3.99,4.42,2,0,0.0,0.0,0,0,0.0795,low,0
STU-2026-0160,-0.135,-0.7283,3.32,3.36,5,2,0.1692,0.1946,0,1,0.5822,medium,0
STU-2026-0161,0.01,0.484,4.65,4.73,2,0,0.0,0.0,0,0,0.02,low,0
STU-2026-0162,-0.0647,0.0775,4.27,4.8,0,0,0.0,0.0,0,0,0.02,low,0
STU-2026-0163,0.0288,0.6691,4.21,4.63,0,0,0.0,0.0,0,0,0.02,low,0
STU-2026-0164,0.0437,0.4604,4.14,4.11,0,1,0.0,0.0,0,1,0.02,low,0
STU-2026-0165,-0.1737,-0.689,2.29,2.63,4,1,0.1877,0.2273,0,0,0.571,medium,0
STU-2026-0166,-0.1905,-1.3939,3.35,2.98,7,0,0.1586,0.167,0,0,0.5683,medium,0
STU-2026-0167,-0.0556,-0.3142,5.0,5.0,1,0,0.0,0.0,0,0,0.0445,low,0
STU-2026-0168,-0.046,-0.2628,3.77,3.76,0,0,0.0,0.0,0,0,0.02,low,0
STU-2026-0169,-0.0601,0.1383,3.86,4.05,0,0,0.0,0.0,0,0,0.02,low,0
STU-2026-0170,0.0053,-0.2231,4.45,4.91,0,0,0.0,0.0,0,0,0.02,low,0
STU-2026-0171,0.0151,0.221,4.33,3.98,0,0,0.0,0.0,0,0,0.02,low,0
STU-2026-0172,0.0313,0.2514,3.23,3.72,0,0,0.0,0.0,0,0,0.02,low,0
STU-2026-0173,-0.0107,-0.0592,4.51,4.54,0,0,0.0,0.0,0,0,0.0333,low,0
STU-2026-0174,0.0279,0.0861,4.64,4.71,1,0,0.0,0.0,0,0,0.0233,low,0
STU-2026-0175,0.0354,0.2974,3.99,4.2,0,0,0.0,0.0,1,0,0.02,low,0
STU-2026-0176,0.0263,0.3553,3.65,3.79,1,1,0.0,0.0,0,0,0.02,low,0
STU-2026-0177,-0.0737,-0.0408,3.81,3.3,1,0,0.0,0.0,0,0,0.02,low,0
STU-2026-0178,0.0008,0.3551,4.5,4.4,2,1,0.0,0.0,0,0,0.0266,low,0
STU-2026-0179,0.0953,0.2267,4.87,4.97,1,0,0.0,0.0,1,0,0.02,low,0
STU-2026-0180,0.0301,0.034,4.97,4.28,1,0,0.0,0.0,1,0,0.0446,low,0
STU-2026-0181,0.023,0.1833,3.21,3.5,0,0,0.0,0.0,0,0,0.02,low,0
STU-2026-0182,0.0461,0.1509,3.88,3.74,0,0,0.0,0.0,0,0,0.02,low,0
STU-2026-0183,-0.0088,0.432,3.41,3.11,0,1,0.0,0.0,0,0,0.02,low,0
STU-2026-0184,-0.031,0.0282,4.09,4.25,2,1,0.0,0.0,0,0,0.02,low,0
STU-2026-0185,-0.0943,-0.9164,3.1,3.33,3,1,0.228,0.2032,0,1,0.5602,medium,0
STU-2026-0186,-0.4545,-2.4234,1.97,2.42,4,2,0.3301,0.2987,2,1,0.9363,high,1
STU-2026-0187,-0.0044,0.217,4.3,5.0,1,0,0.0,0.0,0,0,0.0484,low,0
STU-2026-0188,-0.0731,-0.974,2.39,2.85,4,0,0.1944,0.1709,0,1,0.5193,medium,0
STU-2026-0189,0.0037,0.1472,4.18,4.23,1,0,0.0,0.0,1,0,0.02,low,0
STU-2026-0190,0.0114,-0.0332,4.71,4.38,0,1,0.0,0.0,0,0,0.02,low,0
STU-2026-0191,0.0251,0.534,3.82,3.86,2,0,0.0,0.0,1,0,0.02,low,0
STU-2026-0192,-0.1223,0.383,4.51,4.31,0,0,0.0,0.0,0,0,0.02,low,0
STU-2026-0193,-0.0618,0.3841,4.3,4.59,0,1,0.0,0.0,0,0,0.02,low,0
STU-2026-0194,0.0893,0.2177,4.18,4.24,0,0,0.0,0.0,0,0,0.0455,low,0
STU-2026-0195,-0.0519,0.1283,4.78,5.0,1,0,0.0,0.0,0,0,0.0346,low,0
STU-2026-0196,-0.1657,-0.7725,3.61,3.71,3,0,0.1588,0.1684,0,1,0.5608,medium,0
STU-2026-0197,0.0505,0.683,4.16,4.05,0,0,0.0,0.0,0,0,0.02,low,0
STU-2026-0198,0.0772,0.4319,4.15,3.94,0,0,0.0,0.0,0,0,0.02,low,0
STU-2026-0199,0.0995,0.1428,3.91,4.29,0,0,0.0,0.0,0,0,0.02,low,0
STU-2026-0200,0.0653,0.7297,5.0,4.95,0,0,0.0,0.0,0,0,0.02,low,0
STU-2026-0201,-0.0139,0.3401,3.86,4.09,1,0,0.0,0.0,0,0,0.02,low,0
STU-2026-0202,0.0546,0.3735,4.26,4.16,0,0,0.0,0.0,0,0,0.0467,low,0
STU-2026-0203,0.1034,0.123,4.22,4.24,0,0,0.0,0.0,1,0,0.02,low,0
STU-2026-0204,0.1069,0.1299,4.41,3.8,1,0,0.0,0.0,0,0,0.02,low,0
STU-2026-0205,-0.0185,0.1901,4.55,4.63,1,0,0.0,0.0,0,0,0.033,low,0
STU-2026-0206,-0.119,-0.8424,3.05,3.36,4,2,0.214,0.1952,0,0,0.5842,medium,0
STU-2026-0207,0.0513,-0.1856,4.19,4.12,1,0,0.0,0.0,0,0,0.02,low,0
STU-2026-0208,0.1036,0.1428,4.7,4.91,1,1,0.0,0.0,0,0,0.02,low,0
STU-2026-0209,-0.0562,0.1817,3.55,4.14,0,0,0.0,0.0,0,0,0.02,low,0
STU-2026-0210,-0.6219,-1.8855,2.11,2.05,4,6,0.3513,0.3713,2,2,0.8877,high,1
STU-2026-0211,-0.0085,0.4324,5.0,5.0,0,1,0.0,0.0,0,0,0.02,low,0
STU-2026-0212,-0.0436,0.1908,3.85,4.14,0,0,0.0,0.0,0,0,0.0412,low,0
STU-2026-0213,-0.1396,-0.8868,3.01,2.86,2,2,0.1419,0.2076,0,0,0.4991,medium,0
STU-2026-0214,0.0351,0.4988,4.03,4.37,1,0,0.0,0.0,0,0,0.02,low,0
STU-2026-0215,0.0384,0.1069,3.29,3.94,1,0,0.0,0.0,0,0,0.0467,low,0
STU-2026-0216,0.0424,0.0994,4.56,4.52,1,1,0.0,0.0,0,0,0.0262,low,0
STU-2026-0217,0.0144,0.6092,4.02,4.25,0,0,0.0,0.0,0,0,0.02,low,0
STU-2026-0218,0.0891,0.0529,4.13,4.0,0,0,0.0,0.0,0,0,0.02,low,0
STU-2026-0219,0.048,0.384,3.97,4.19,0,0,0.0,0.0,0,0,0.02,low,0
STU-2026-0220,0.0552,0.595,4.21,4.18,0,0,0.0,0.0,0,0,0.0221,low,0
STU-2026-0221,-0.5075,-2.3658,1.92,1.72,8,4,0.3792,0.3776,4,2,0.9494,high,1
STU-2026-0222,0.0198,0.4419,4.14,3.53,0,0,0.0,0.0,0,0,0.02,low,0
STU-2026-0223,-0.1842,-1.1674,2.59,3.23,4,2,0.1162,0.1582,0,0,0.5891,medium,0
STU-2026-0224,-0.1744,-0.6076,3.23,2.97,2,2,0.1318,0.2786,1,0,0.5292,medium,0
STU-2026-0225,0.102,-0.0339,4.4,4.69,0,1,0.0,0.0,0,0,0.02,low,0
STU-2026-0226,0.0194,-0.118,4.01,4.75,0,0,0.0,0.0,0,0,0.0312,low,0
STU-2026-0227,-0.0295,0.623,4.06,4.37,0,0,0.0,0.0,0,0,0.0369,low,0
STU-2026-0228,0.019,0.3877,4.67,3.38,0,0,0.0,0.0,0,0,0.02,low,0
STU-2026-0229,-0.0059,0.0869,4.39,4.52,1,1,0.0,0.0,0,0,0.0423,low,0
STU-2026-0230,-0.5038,-2.2897,1.0,1.21,12,3,0.2691,0.4349,2,1,0.9759,high,1
STU-2026-0231,-0.1829,-1.1768,2.42,3.07,2,0,0.1397,0.201,0,0,0.5716,medium,0
STU-2026-0232,0.0534,0.003,3.87,3.45,0,0,0.0,0.0,0,0,0.0271,low,0
STU-2026-0233,-0.0405,0.1193,4.52,4.43,0,0,0.0,0.0,0,0,0.02,low,0
STU-2026-0234,-0.1896,-1.1012,2.58,2.72,3,1,0.1581,0.1483,0,0,0.5401,medium,0
STU-2026-0235,-0.0056,0.1551,4.31,3.91,0,0,0.0,0.0,0,0,0.02,low,0
STU-2026-0236,0.0258,0.2255,3.99,3.98,0,0,0.0,0.0,0,0,0.02,low,0
STU-2026-0237,-0.0122,0.317,4.31,4.03,0,1,0.0,0.0,0,0,0.02,low,0
STU-2026-0238,-0.1363,-0.5962,3.37,2.77,1,1,0.157,0.2122,1,0,0.4805,medium,0
STU-2026-0239,0.0454,-0.0168,4.37,4.66,0,0,0.0,0.0,0,0,0.02,low,0
STU-2026-0240,-0.0341,0.4959,3.74,3.51,0,0,0.0,0.0,0,0,0.0381,low,0
STU-2026-0241,0.0867,0.1274,4.11,4.38,0,0,0.0,0.0,0,0,0.0312,low,0
STU-2026-0242,0.059,0.4728,3.88,3.62,0,0,0.0,0.0,0,0,0.02,low,0
STU-2026-0243,-0.2266,-1.2526,2.73,2.62,6,1,0.1319,0.1907,0,0,0.5832,medium,0
STU-2026-0244,-0.0021,0.159,4.12,3.81,0,0,0.0,0.0,1,0,0.02,low,0
STU-2026-0245,-0.4298,-2.608,1.13,1.47,6,7,0.2591,0.435,2,1,0.956,high,1
STU-2026-0246,-0.4756,-1.8853,1.0,1.27,5,1,0.3862,0.3454,1,1,0.8598,high,1
STU-2026-0247,0.0918,0.0066,3.95,3.91,1,0,0.0,0.0,0,0,0.02,low,0
STU-2026-0248,-0.1365,-1.0018,2.72,2.16,4,2,0.104,0.1762,0,0,0.5686,medium,0
STU-2026-0249,-0.504,-2.2557,1.27,1.79,7,4,0.3268,0.4341,2,1,0.98,high,1
STU-2026-0250,0.0313,0.2689,4.02,4.37,1,0,0.0,0.0,0,0,0.0325,low,0
STU-2026-0251,-0.3625,-2.4409,1.71,1.83,10,4,0.2631,0.4203,2,0,0.9645,high,1
STU-2026-0252,0.1552,-0.3213,4.36,4.7,1,0,0.0,0.0,0,0,0.0323,low,0
STU-2026-0253,-0.418,-2.1306,1.38,2.0,2,3,0.4133,0.4499,2,0,0.8954,high,1
STU-2026-0254,-0.041,0.6255,3.47,3.75,1,0,0.0,0.0,0,0,0.0203,low,0
STU-2026-0255,0.034,0.5,4.59,4.68,1,0,0.0,0.0,0,0,0.02,low,0
STU-2026-0256,0.0806,0.0852,3.77,3.91,1,1,0.0,0.0,0,0,0.02,low,0
STU-2026-0257,-0.0552,0.5149,4.16,3.93,0,1,0.0,0.0,0,0,0.02,low,0
STU-2026-0258,-0.1196,-0.8413,2.63,2.4,5,3,0.2116,0.1981,0,0,0.6106,medium,0
STU-2026-0259,-0.0212,0.1776,3.77,4.09,1,0,0.0,0.0,0,0,0.02,low,0
STU-2026-0260,0.0481,0.473,4.81,4.49,0,0,0.0,0.0,0,0,0.02,low,0
STU-2026-0261,-0.0544,0.4142,4.81,4.22,0,0,0.0,0.0,0,0,0.02,low,0
STU-2026-0262,-0.1785,-0.475,2.83,3.35,6,0,0.1852,0.2422,1,0,0.6062,medium,0
STU-2026-0263,-0.6364,-2.415,1.16,1.31,11,2,0.3614,0.5099,3,0,0.98,high,1
STU-2026-0264,0.0569,0.3624,4.55,4.25,0,0,0.0,0.0,0,0,0.02,low,0
STU-2026-0265,0.0486,0.0884,4.14,4.5,0,0,0.0,0.0,1,0,0.02,low,0
STU-2026-0266,0.0171,0.2473,3.74,3.97,1,1,0.0,0.0,0,0,0.02,low,0
STU-2026-0267,0.0254,0.4905,4.5,4.62,0,0,0.0,0.0,0,0,0.02,low,0
STU-2026-0268,-0.1243,-1.2552,2.63,3.06,4,3,0.1486,0.233,2,0,0.5288,medium,0
STU-2026-0269,0.0158,0.4118,3.91,3.84,0,0,0.0,0.0,0,0,0.02,low,0
STU-2026-0270,-0.0592,0.1764,4.25,4.27,1,0,0.0,0.0,0,0,0.02,low,0
STU-2026-0271,-0.0276,0.4062,5.0,5.0,0,0,0.0,0.0,0,0,0.02,low,0
STU-2026-0272,-0.1328,-0.7225,2.85,2.66,0,2,0.2347,0.2342,0,0,0.5592,medium,0
STU-2026-0273,0.0131,0.1326,4.47,4.6,0,0,0.0,0.0,0,0,0.02,low,0
STU-2026-0274,0.0368,0.5681,4.42,4.61,1,0,0.0,0.0,0,0,0.0669,low,0
STU-2026-0275,-0.2223,-0.6175,3.56,3.41,3,0,0.1281,0.2008,0,0,0.5532,medium,0
STU-2026-0276,-0.2933,-1.1378,2.36,2.62,4,2,0.1692,0.1946,0,0,0.632,medium,0
STU-2026-0277,0.0167,0.4578,4.09,4.14,1,0,0.0,0.0,0,0,0.02,low,0
STU-2026-0278,-0.0141,-0.184,3.96,3.92,0,0,0.0,0.0,0,0,0.02,low,0
STU-2026-0279,-0.4413,-2.0672,1.15,1.66,7,3,0.3144,0.3831,4,1,0.9377,high,1
STU-2026-0280,0.051,0.1959,3.78,3.65,0,1,0.0,0.0,0,0,0.02,low,0
STU-2026-0281,0.095,0.2845,4.23,4.64,0,0,0.0,0.0,0,0,0.02,low,0
STU-2026-0282,0.019,0.0507,4.35,4.23,0,0,0.0,0.0,0,0,0.0236,low,0
STU-2026-0283,-0.2124,-0.4105,2.82,3.22,1,0,0.1747,0.197,0,0,0.5487,medium,0
STU-2026-0284,-0.1084,-0.8221,2.27,2.47,5,0,0.1714,0.1893,1,0,0.5623,medium,0
STU-2026-0285,-0.5309,-2.2437,1.18,1.41,7,2,0.3208,0.2933,3,0,0.9113,high,1
STU-2026-0286,0.1181,0.5256,4.51,5.0,0,0,0.0,0.0,0,0,0.02,low,0
STU-2026-0287,0.0219,0.4922,3.9,4.22,0,0,0.0,0.0,0,0,0.0397,low,0
STU-2026-0288,-0.3596,-2.1402,1.3,1.1,11,1,0.2922,0.3789,2,1,0.98,high,1
STU-2026-0289,-0.0422,0.375,3.22,3.65,0,1,0.0,0.0,0,0,0.02,low,0
STU-2026-0290,-0.0,0.1135,4.19,3.97,1,0,0.0,0.0,0,0,0.02,low,0
STU-2026-0291,-0.1819,-0.8122,3.2,2.48,2,2,0.1867,0.1796,0,0,0.5709,medium,0
STU-2026-0292,-0.2915,-1.5944,1.25,1.14,12,3,0.4167,0.4278,1,0,0.962,high,1
STU-2026-0293,-0.0578,-0.6938,3.26,3.32,4,0,0.1945,0.1863,0,0,0.5659,medium,0
STU-2026-0294,-0.0387,0.4665,4.2,3.95,0,0,0.0,0.0,1,0,0.0284,low,0
STU-2026-0295,0.0636,0.0203,4.8,4.69,0,0,0.0,0.0,0,0,0.0319,low,0
STU-2026-0296,-0.0479,0.29,4.42,3.96,3,0,0.0,0.0,0,0,0.0306,low,0
STU-2026-0297,0.0105,-0.1173,3.9,3.61,0,0,0.0,0.0,0,0,0.02,low,0
STU-2026-0298,0.0233,-0.1572,3.75,4.05,0,0,0.0,0.0,0,0,0.02,low,0
STU-2026-0299,-0.0255,0.5069,3.63,3.94,1,0,0.0,0.0,0,0,0.02,low,0
STU-2026-0300,-0.3644,-2.2945,1.0,1.0,12,3,0.2882,0.4267,1,0,0.98,high,1
STU-2026-0301,-0.0137,0.0214,4.35,4.71,0,1,0.0,0.0,0,0,0.0654,low,0
STU-2026-0302,-0.1727,-0.5386,3.4,3.25,3,0,0.1857,0.1866,0,0,0.5453,medium,0
STU-2026-0303,-0.1791,-1.2879,2.99,3.26,2,0,0.1027,0.2648,0,0,0.5638,medium,0
STU-2026-0304,0.0741,0.1089,3.92,4.32,1,0,0.0,0.0,0,0,0.02,low,0
STU-2026-0305,-0.5881,-1.9055,1.0,1.33,2,1,0.3894,0.3229,1,2,0.8747,high,1
STU-2026-0306,-0.4929,-2.1854,1.0,1.58,6,1,0.4145,0.364,1,1,0.9655,high,1
STU-2026-0307,0.0004,0.3627,4.15,4.29,1,0,0.0,0.0,0,0,0.02,low,0
STU-2026-0308,0.064,0.5823,4.84,4.67,1,0,0.0,0.0,0,0,0.02,low,0
STU-2026-0309,-0.1706,-1.1014,3.31,2.86,3,1,0.1848,0.1649,0,0,0.5167,medium,0
STU-2026-0310,-0.4427,-2.0273,1.0,1.48,9,3,0.3405,0.33,3,0,0.9066,high,1
STU-2026-0311,-0.0174,0.4238,4.12,4.29,0,0,0.0,0.0,0,0,0.02,low,0
STU-2026-0312,-0.044,0.2389,4.82,4.65,2,0,0.0,0.0,0,0,0.0295,low,0
STU-2026-0313,0.0025,0.6194,4.52,4.28,0,0,0.0,0.0,0,0,0.02,low,0
STU-2026-0314,0.0992,0.3956,5.0,5.0,1,0,0.0,0.0,0,0,0.0266,low,0
STU-2026-0315,-0.1062,0.1462,4.41,4.21,1,0,0.0,0.0,1,0,0.02,low,0
STU-2026-0316,-0.4533,-1.9438,1.39,1.72,13,8,0.2992,0.351,2,1,0.9573,high,1
STU-2026-0317,-0.0803,0.6586,4.64,4.79,1,0,0.0,0.0,0,0,0.02,low,0
STU-2026-0318,0.009,0.0228,4.11,3.88,2,0,0.0,0.0,0,0,0.0731,low,0
STU-2026-0319,-0.2099,-0.6111,2.26,2.54,7,1,0.1919,0.282,0,0,0.5612,medium,0
STU-2026-0320,-0.4237,-2.5261,1.73,1.55,7,3,0.4008,0.4498,3,0,0.9731,high,1
STU-2026-0321,0.0422,0.269,3.67,3.69,0,0,0.0,0.0,0,0,0.028,low,0
STU-2026-0322,-0.0652,0.1141,4.52,3.91,0,0,0.0,0.0,0,0,0.02,low,0
STU-2026-0323,0.0677,0.7168,4.94,4.81,0,1,0.0,0.0,0,0,0.02,low,0
STU-2026-0324,0.0779,0.1222,3.34,4.0,2,0,0.0,0.0,0,0,0.0591,low,0
STU-2026-0325,0.0101,0.1661,4.5,3.99,1,0,0.0,0.0,0,0,0.02,low,0
STU-2026-0326,0.0651,0.1397,4.09,4.32,0,1,0.0,0.0,0,0,0.02,low,0
STU-2026-0327,-0.0038,0.0288,4.51,4.42,3,0,0.0,0.0,0,0,0.02,low,0
STU-2026-0328,-0.0178,-0.001,3.96,3.76,0,0,0.0,0.0,0,0,0.02,low,0
STU-2026-0329,0.0147,-0.1779,4.16,4.29,0,0,0.0,0.0,0,0,0.0362,low,0
STU-2026-0330,0.0681,0.1124,5.0,5.0,1,0,0.0,0.0,0,0,0.02,low,0
STU-2026-0331,-0.0628,0.0309,4.17,4.43,1,0,0.0,0.0,0,0,0.02,low,0
STU-2026-0332,0.145,-0.1088,3.67,3.86,0,0,0.0,0.0,0,0,0.02,low,0
STU-2026-0333,-0.1033,-0.5025,3.43,3.31,6,2,0.1439,0.2641,1,0,0.5602,medium,0
STU-2026-0334,-0.0463,-0.0299,5.0,4.79,0,1,0.0,0.0,0,0,0.02,low,0
STU-2026-0335,0.0555,-0.3305,4.79,4.61,1,0,0.0,0.0,0,0,0.0417,low,0
STU-2026-0336,0.1195,0.3388,3.55,4.09,1,0,0.0,0.0,0,0,0.02,low,0
STU-2026-0337,-0.0856,0.0402,4.57,4.56,0,0,0.0,0.0,0,0,0.02,low,0
STU-2026-0338,-0.0449,0.3472,4.33,4.41,1,0,0.0,0.0,0,0,0.02,low,0
STU-2026-0339,-0.1232,-1.2039,3.0,2.9,3,1,0.1532,0.2239,1,0,0.5757,medium,0
STU-2026-0340,-0.2332,-0.4905,2.88,2.65,7,2,0.189,0.2098,1,0,0.5284,medium,0
STU-2026-0341,-0.1854,-0.6325,2.28,2.72,2,2,0.1569,0.1768,0,1,0.5045,medium,0
STU-2026-0342,0.0307,-0.3511,3.92,3.96,0,0,0.0,0.0,0,0,0.0445,low,0
STU-2026-0343,-0.5591,-2.4282,1.64,2.07,12,4,0.3485,0.3661,2,0,0.9519,high,1
STU-2026-0344,0.0182,-0.0356,3.3,4.13,0,0,0.0,0.0,0,0,0.02,low,0
STU-2026-0345,-0.0266,-0.1795,5.0,4.64,0,0,0.0,0.0,0,0,0.02,low,0
STU-2026-0346,0.0559,0.3586,4.39,4.5,1,1,0.0,0.0,1,0,0.02,low,0
STU-2026-0347,0.011,-0.1817,4.27,4.42,0,0,0.0,0.0,0,0,0.02,low,0
STU-2026-0348,-0.0841,0.1648,3.9,4.22,0,0,0.0,0.0,0,0,0.02,low,0
STU-2026-0349,-0.0801,-0.1534,4.03,3.81,2,0,0.0,0.0,0,0,0.02,low,0
STU-2026-0350,-0.1213,-0.49,2.94,2.83,4,4,0.1776,0.1931,0,0,0.5574,medium,0
STU-2026-0351,0.0342,-0.3267,4.69,4.87,1,0,0.0,0.0,0,0,0.0613,low,0
STU-2026-0352,-0.0291,-0.1533,4.18,4.81,0,0,0.0,0.0,0,0,0.042,low,0
STU-2026-0353,0.0764,0.1806,4.31,4.38,0,0,0.0,0.0,0,0,0.02,low,0
STU-2026-0354,-0.0144,0.0342,5.0,5.0,0,1,0.0,0.0,0,0,0.0692,low,0
STU-2026-0355,-0.5605,-2.2516,1.6,1.63,7,4,0.3809,0.3783,4,1,0.9313,high,1
STU-2026-0356,0.0569,-0.0104,4.17,4.44,2,1,0.0,0.0,0,0,0.02,low,0
STU-2026-0357,-0.0159,-0.0678,3.71,4.39,0,0,0.0,0.0,0,0,0.02,low,0
STU-2026-0358,-0.079,0.2295,3.43,3.83,0,0,0.0,0.0,0,0,0.0433,low,0
STU-2026-0359,0.0119,-0.0633,4.25,4.05,0,0,0.0,0.0,0,0,0.02,low,0
STU-2026-0360,-0.0909,0.4019,4.27,4.1,1,0,0.0,0.0,0,0,0.02,low,0
STU-2026-0361,-0.0162,0.4211,5.0,4.91,0,0,0.0,0.0,1,0,0.02,low,0
STU-2026-0362,0.0131,0.0939,3.75,3.57,0,0,0.0,0.0,0,0,0.02,low,0
STU-2026-0363,-0.1458,-0.9079,2.91,2.45,3,1,0.1966,0.1877,0,0,0.5785,medium,0
STU-2026-0364,-0.2528,-1.298,3.14,3.3,7,1,0.168,0.1552,2,0,0.5615,medium,0
STU-2026-0365,0.0141,0.0042,4.5,4.29,0,0,0.0,0.0,0,0,0.02,low,0
STU-2026-0366,0.0814,-0.1013,4.85,4.52,1,0,0.0,0.0,0,0,0.0424,low,0
STU-2026-0367,0.0376,-0.0578,4.14,3.99,0,0,0.0,0.0,0,0,0.0214,low,0
STU-2026-0368,-0.1465,-1.0396,2.26,2.71,0,0,0.1885,0.152,0,1,0.4928,medium,0
STU-2026-0369,0.0156,-0.1797,4.36,4.16,0,0,0.0,0.0,0,0,0.02,low,0
STU-2026-0370,0.006,0.1403,3.97,4.03,0,0,0.0,0.0,1,0,0.02,low,0
STU-2026-0371,-0.1115,-0.5192,3.54,2.89,6,0,0.1443,0.1466,0,0,0.539,medium,0
STU-2026-0372,0.1164,0.224,4.33,4.65,1,0,0.0,0.0,0,0,0.064,low,0
STU-2026-0373,0.0342,0.172,4.21,4.07,0,0,0.0,0.0,0,0,0.02,low,0
STU-2026-0374,-0.006,0.3583,4.75,4.41,0,0,0.0,0.0,0,0,0.02,low,0
STU-2026-0375,-0.0836,0.3823,4.01,4.04,0,0,0.0,0.0,0,0,0.0545,low,0
STU-2026-0376,-0.0355,0.2561,4.19,4.29,0,0,0.0,0.0,0,0,0.02,low,0
STU-2026-0377,-0.5157,-3.1694,2.14,1.97,9,2,0.4193,0.3268,2,0,0.98,high,1
STU-2026-0378,-0.4184,-1.8844,1.52,1.63,7,6,0.2946,0.3131,3,1,0.9078,high,1
STU-2026-0379,-0.0337,0.7152,3.38,3.49,0,0,0.0,0.0,0,0,0.02,low,0
STU-2026-0380,0.0082,0.3146,3.82,4.19,2,1,0.0,0.0,0,0,0.0698,low,0
STU-2026-0381,0.0999,0.6366,4.39,4.25,0,0,0.0,0.0,0,0,0.02,low,0
STU-2026-0382,-0.0103,0.3281,4.57,4.34,0,0,0.0,0.0,0,0,0.02,low,0
STU-2026-0383,0.0233,0.6738,4.12,4.46,1,0,0.0,0.0,0,0,0.02,low,0
STU-2026-0384,0.0045,0.1504,4.12,4.58,0,0,0.0,0.0,0,0,0.02,low,0
STU-2026-0385,0.0027,0.1915,4.19,3.68,2,0,0.0,0.0,0,0,0.0277,low,0
STU-2026-0386,-0.1495,-1.857,1.57,1.41,14,5,0.2511,0.4131,1,0,0.9477,high,1
STU-2026-0387,-0.5166,-2.017,1.0,1.69,7,3,0.2745,0.4316,1,0,0.9075,high,1
STU-2026-0388,0.0776,0.3147,4.19,4.33,1,1,0.0,0.0,0,0,0.042,low,0
STU-2026-0389,0.0054,0.0324,4.22,4.17,0,1,0.0,0.0,0,0,0.02,low,0
STU-2026-0390,-0.1152,-0.8003,2.58,2.43,1,1,0.1412,0.2052,0,0,0.5398,medium,0
STU-2026-0391,0.0348,-0.2831,3.9,4.27,0,0,0.0,0.0,0,0,0.0439,low,0
STU-2026-0392,0.0684,0.6497,3.93,4.29,0,0,0.0,0.0,0,0,0.02,low,0
STU-2026-0393,-0.1402,-0.4038,2.17,2.01,1,0,0.187,0.2041,0,0,0.4625,medium,0
STU-2026-0394,-0.0289,0.3598,4.53,4.75,0,1,0.0,0.0,0,0,0.02,low,0
STU-2026-0395,-0.0479,0.3022,4.43,4.44,0,1,0.0,0.0,0,0,0.02,low,0
STU-2026-0396,-0.021,0.4928,4.03,4.48,1,0,0.0,0.0,0,0,0.0241,low,0
STU-2026-0397,-0.5363,-1.5991,1.0,1.23,8,4,0.293,0.4103,1,0,0.9071,high,1
STU-2026-0398,0.0973,0.1033,4.15,4.42,0,0,0.0,0.0,0,0,0.0568,low,0
STU-2026-0399,-0.007,0.4098,4.21,4.24,0,0,0.0,0.0,0,0,0.03,low,0
STU-2026-0400,0.0198,0.4264,4.06,4.29,1,1,0.0,0.0,0,0,0.0312,low,0
STU-2026-0401,0.0426,0.3169,3.53,3.86,1,0,0.0,0.0,1,0,0.02,low,0
STU-2026-0402,0.0394,0.398,4.17,4.16,0,0,0.0,0.0,0,0,0.02,low,0
STU-2026-0403,-0.0081,0.0236,4.01,4.16,0,0,0.0,0.0,0,0,0.02,low,0
STU-2026-0404,0.0964,-0.042,4.37,3.95,0,0,0.0,0.0,0,0,0.02,low,0
STU-2026-0405,0.1136,0.4476,4.33,4.26,0,1,0.0,0.0,0,0,0.02,low,0
STU-2026-0406,0.0812,0.49,3.97,4.06,0,2,0.0,0.0,0,0,0.0458,low,0
STU-2026-0407,-0.1779,-0.79,3.27,3.01,2,3,0.1896,0.169,1,0,0.5574,medium,0
STU-2026-0408,0.0116,0.1944,3.99,3.84,0,0,0.0,0.0,0,0,0.02,low,0
STU-2026-0409,0.0963,-0.0654,3.88,4.33,1,0,0.0,0.0,1,0,0.02,low,0
STU-2026-0410,-0.0755,-0.9417,2.02,2.56,0,2,0.1556,0.1904,1,0,0.5836,medium,0
STU-2026-0411,-0.0218,0.1045,4.27,4.01,0,0,0.0,0.0,0,0,0.02,low,0
STU-2026-0412,-0.1729,-0.762,3.31,2.94,1,2,0.1656,0.1553,2,0,0.5125,medium,0
STU-2026-0413,-0.0131,-0.3329,4.78,4.19,1,0,0.0,0.0,0,0,0.0554,low,0
STU-2026-0414,-0.008,-0.0515,4.78,4.29,0,0,0.0,0.0,0,0,0.02,low,0
STU-2026-0415,0.0085,0.1103,4.34,3.97,0,0,0.0,0.0,0,0,0.02,low,0
STU-2026-0416,-0.1299,-0.8148,3.7,3.73,5,0,0.1706,0.2209,0,0,0.5566,medium,0
STU-2026-0417,0.0392,-0.1395,4.57,4.48,0,0,0.0,0.0,0,0,0.02,low,0
STU-2026-0418,-0.0211,0.0616,4.34,4.78,2,0,0.0,0.0,0,0,0.02,low,0
STU-2026-0419,-0.0221,-0.083,4.11,4.03,0,0,0.0,0.0,0,0,0.02,low,0
STU-2026-0420,-0.0648,0.4153,3.52,3.48,0,0,0.0,0.0,1,0,0.02,low,0
STU-2026-0421,-0.0519,0.128,4.4,4.26,1,0,0.0,0.0,0,0,0.0349,low,0
STU-2026-0422,-0.0013,0.034,3.96,3.68,1,1,0.0,0.0,0,0,0.02,low,0
STU-2026-0423,-0.0516,0.275,4.3,4.59,0,0,0.0,0.0,0,0,0.02,low,0
STU-2026-0424,-0.1181,-1.2533,3.32,3.04,5,3,0.1995,0.2419,2,0,0.6211,medium,0
STU-2026-0425,-0.0452,-0.0617,4.15,4.29,0,2,0.0,0.0,0,0,0.02,low,0
STU-2026-0426,0.0866,0.2559,3.75,4.04,0,0,0.0,0.0,0,0,0.02,low,0
STU-2026-0427,-0.2133,-0.3155,3.02,2.71,3,2,0.1985,0.1613,0,1,0.5406,medium,0
STU-2026-0428,0.0193,0.4184,4.57,3.53,1,1,0.0,0.0,0,0,0.02,low,0
STU-2026-0429,-0.0672,0.2653,4.39,4.26,1,0,0.0,0.0,0,0,0.02,low,0
STU-2026-0430,0.0225,0.3374,3.36,3.44,0,0,0.0,0.0,0,0,0.02,low,0
STU-2026-0431,0.0458,0.1677,4.13,3.69,0,0,0.0,0.0,0,0,0.0432,low,0
STU-2026-0432,0.086,0.1555,4.21,3.96,1,0,0.0,0.0,1,0,0.02,low,0
STU-2026-0433,0.0142,0.1651,4.66,4.53,0,0,0.0,0.0,0,0,0.02,low,0
STU-2026-0434,-0.0682,0.3315,4.32,4.23,1,0,0.0,0.0,0,0,0.02,low,0
STU-2026-0435,-0.1151,-1.0593,3.18,3.33,1,0,0.1707,0.1928,0,0,0.5313,medium,0
STU-2026-0436,-0.0569,0.858,4.14,4.22,0,0,0.0,0.0,0,0,0.02,low,0
STU-2026-0437,0.0332,0.1397,3.8,4.4,1,0,0.0,0.0,0,0,0.0415,low,0
STU-2026-0438,-0.1068,-2.1178,1.97,2.03,5,2,0.288,0.3791,2,1,0.9771,high,1
STU-2026-0439,0.0902,-0.1365,3.66,4.02,1,1,0.0,0.0,0,0,0.02,low,0
STU-2026-0440,0.0079,-0.0623,4.1,4.15,1,0,0.0,0.0,0,0,0.0585,low,0
STU-2026-0441,0.0366,-0.0838,4.39,4.21,1,1,0.0,0.0,0,0,0.0639,low,0
STU-2026-0442,-0.0181,0.2787,4.5,4.83,0,0,0.0,0.0,0,0,0.02,low,0
STU-2026-0443,0.0685,0.3364,4.5,4.24,1,0,0.0,0.0,0,0,0.02,low,0
STU-2026-0444,0.1076,0.4755,4.52,4.46,0,0,0.0,0.0,0,0,0.02,low,0
STU-2026-0445,-0.5564,-2.2817,2.11,1.96,8,5,0.3019,0.4486,2,0,0.98,high,1
STU-2026-0446,0.0029,0.1556,3.72,3.73,0,0,0.0,0.0,0,0,0.0582,low,0
STU-2026-0447,0.046,0.4804,4.57,4.56,0,0,0.0,0.0,0,0,0.02,low,0
STU-2026-0448,-0.069,-1.1325,2.45,2.49,2,0,0.1696,0.2426,0,0,0.5419,medium,0
STU-2026-0449,0.0295,-0.5255,3.11,3.57,0,0,0.0,0.0,0,0,0.02,low,0
STU-2026-0450,-0.3463,-1.7615,1.48,1.0,12,3,0.378,0.426,1,0,0.98,high,1
STU-2026-0451,-0.119,-1.046,2.99,3.59,3,0,0.1465,0.1522,0,0,0.5248,medium,0
STU-2026-0452,-0.1711,-1.0186,3.36,3.25,3,4,0.1656,0.1828,0,0,0.5171,medium,0
STU-2026-0453,0.0117,0.038,3.89,3.93,0,1,0.0,0.0,0,0,0.02,low,0
STU-2026-0454,-0.0225,0.3782,4.28,3.77,1,0,0.0,0.0,0,0,0.032,low,0
STU-2026-0455,-0.051,0.2384,4.48,4.51,0,0,0.0,0.0,1,0,0.0403,low,0
STU-2026-0456,0.091,-0.1504,4.79,4.92,0,0,0.0,0.0,1,0,0.02,low,0
STU-2026-0457,-0.0212,-0.1676,3.77,3.7,2,1,0.0,0.0,0,0,0.0613,low,0
STU-2026-0458,0.0866,0.3721,4.01,4.47,0,0,0.0,0.0,0,0,0.02,low,0
STU-2026-0459,0.0626,0.116,4.57,4.68,1,0,0.0,0.0,0,0,0.0715,low,0
STU-2026-0460,-0.2676,-2.2097,2.16,1.9,9,4,0.2632,0.4012,3,1,0.9411,high,1
STU-2026-0461,-0.0467,-0.1655,4.32,4.31,1,0,0.0,0.0,0,0,0.0413,low,0
STU-2026-0462,-0.1419,-0.7176,2.79,3.02,5,1,0.1395,0.2269,0,0,0.5454,medium,0
STU-2026-0463,0.0837,0.4022,4.63,4.63,0,0,0.0,0.0,0,0,0.02,low,0
STU-2026-0464,-0.1807,-0.8871,3.26,3.26,4,2,0.185,0.2759,0,0,0.5478,medium,0
STU-2026-0465,-0.0581,0.2345,4.71,4.96,0,1,0.0,0.0,0,0,0.02,low,0
STU-2026-0466,0.0518,0.177,4.04,3.96,0,0,0.0,0.0,0,0,0.02,low,0
STU-2026-0467,-0.1349,-0.8526,3.7,3.75,7,1,0.1656,0.2094,0,0,0.4874,medium,0
STU-2026-0468,0.0039,-0.6617,3.35,3.31,2,2,0.1846,0.2122,0,0,0.559,medium,0
STU-2026-0469,0.0587,0.0343,4.67,4.76,0,0,0.0,0.0,0,0,0.02,low,0
STU-2026-0470,-0.1553,-0.8659,2.4,2.37,4,3,0.1678,0.1762,1,0,0.5462,medium,0
STU-2026-0471,0.0494,-0.1545,5.0,4.72,0,0,0.0,0.0,0,0,0.02,low,0
STU-2026-0472,-0.4311,-2.621,1.52,1.61,9,4,0.3477,0.3828,1,1,0.98,high,1
STU-2026-0473,-0.1492,-0.5147,2.67,3.09,3,1,0.2297,0.1883,0,0,0.5601,medium,0
STU-2026-0474,0.0782,0.5369,3.87,4.08,0,0,0.0,0.0,0,0,0.02,low,0
STU-2026-0475,0.0534,0.3579,4.45,3.84,1,0,0.0,0.0,0,0,0.02,low,0
STU-2026-0476,-0.0729,-1.0452,3.12,3.22,2,3,0.2007,0.1885,0,0,0.5216,medium,0
STU-2026-0477,-0.2101,-1.2244,3.76,3.44,6,2,0.12,0.1314,0,0,0.5689,medium,0
STU-2026-0478,-0.4803,-2.2507,1.86,2.28,6,4,0.3087,0.4344,3,0,0.9535,high,1
STU-2026-0479,0.0127,0.1119,3.68,3.84,0,1,0.0,0.0,0,0,0.02,low,0
STU-2026-0480,0.0933,0.217,3.66,3.73,1,0,0.0,0.0,0,0,0.02,low,0
STU-2026-0481,-0.0115,0.5228,5.0,4.68,0,0,0.0,0.0,0,0,0.02,low,0
STU-2026-0482,-0.0467,0.1405,4.53,4.48,1,0,0.0,0.0,0,0,0.02,low,0
STU-2026-0483,-0.4996,-2.1097,1.0,1.41,5,7,0.3216,0.3522,2,0,0.9366,high,1
STU-2026-0484,0.0365,0.2848,4.1,3.78,0,0,0.0,0.0,0,0,0.02,low,0
STU-2026-0485,0.0619,0.6959,4.1,3.67,0,0,0.0,0.0,1,0,0.02,low,0
STU-2026-0486,-0.0959,-0.5439,2.91,2.87,4,1,0.1894,0.1817,0,0,0.4926,medium,0
STU-2026-0487,0.0589,0.5585,4.08,3.9,0,0,0.0,0.0,0,0,0.02,low,0
STU-2026-0488,-0.0017,-0.1248,4.31,4.24,1,0,0.0,0.0,0,0,0.0569,low,0
STU-2026-0489,-0.0307,0.0883,3.78,4.52,0,0,0.0,0.0,0,0,0.02,low,0
STU-2026-0490,-0.0721,0.1196,3.66,3.68,0,0,0.0,0.0,1,0,0.02,low,0
STU-2026-0491,0.09,-0.104,4.73,3.99,0,0,0.0,0.0,0,0,0.0237,low,0
STU-2026-0492,0.0558,0.3592,3.4,3.18,0,0,0.0,0.0,0,0,0.02,low,0
STU-2026-0493,-0.0429,0.0327,4.09,4.04,0,0,0.0,0.0,0,0,0.02,low,0
STU-2026-0494,-0.0074,-0.0317,3.98,3.71,0,0,0.0,0.0,0,0,0.02,low,0
STU-2026-0495,0.0675,0.562,4.05,4.18,0,0,0.0,0.0,0,0,0.0892,low,0
STU-2026-0496,-0.4368,-2.2903,1.55,1.34,6,5,0.3295,0.3774,4,2,0.9636,high,1
STU-2026-0497,-0.6049,-2.19,1.82,2.06,7,4,0.3549,0.3882,2,0,0.98,high,1
STU-2026-0498,-0.1466,-1.124,3.28,3.39,3,1,0.2326,0.215,0,0,0.5611,medium,0
STU-2026-0499,-0.3285,-1.9538,1.31,1.74,9,3,0.3691,0.3533,1,2,0.9365,high,1
STU-2026-0500,-0.6828,-1.7346,1.5,1.35,4,1,0.3439,0.393,2,0,0.8742,high,1
STU-2026-0501,-0.0429,0.3063,3.96,4.2,0,1,0.0,0.0,1,0,0.02,low,0
STU-2026-0502,-0.1239,0.2891,4.44,4.25,0,0,0.0,0.0,0,0,0.02,low,0
STU-2026-0503,-0.0034,-0.0001,3.8,3.92,0,1,0.0,0.0,1,0,0.02,low,0
STU-2026-0504,-0.0223,0.3816,4.89,4.57,0,0,0.0,0.0,0,0,0.0252,low,0
STU-2026-0505,0.007,0.8124,3.92,3.88,0,0,0.0,0.0,1,0,0.02,low,0
STU-2026-0506,0.1108,-0.0587,3.59,3.31,0,0,0.0,0.0,0,0,0.02,low,0
STU-2026-0507,0.0207,0.2172,3.6,3.94,0,0,0.0,0.0,0,0,0.02,low,0
STU-2026-0508,-0.0082,0.1464,4.33,4.69,0,0,0.0,0.0,0,0,0.02,low,0
STU-2026-0509,-0.1171,-0.6528,1.57,1.97,4,2,0.1691,0.2063,0,0,0.5827,medium,0
STU-2026-0510,-0.1344,-0.5032,2.93,2.66,5,1,0.1475,0.222,0,0,0.5601,medium,0
STU-2026-0511,-0.1292,-1.585,2.95,2.9,5,4,0.194,0.1977,1,1,0.6234,medium,0
STU-2026-0512,-0.0868,-0.8066,2.63,2.24,2,1,0.1602,0.2277,0,0,0.5651,medium,0
STU-2026-0513,-0.1961,-0.2509,3.8,3.88,7,2,0.1004,0.1803,2,0,0.5482,medium,0
STU-2026-0514,0.0064,0.1912,4.45,4.1,0,0,0.0,0.0,0,0,0.02,low,0
STU-2026-0515,0.0043,0.5263,3.78,3.82,1,0,0.0,0.0,0,0,0.0657,low,0
STU-2026-0516,-0.5888,-2.7053,1.35,1.88,6,6,0.3696,0.3477,1,0,0.9651,high,1
STU-2026-0517,-0.0766,-0.7815,3.25,3.37,4,1,0.1631,0.2123,1,0,0.4812,medium,0
STU-2026-0518,-0.6282,-1.8775,1.02,1.0,8,2,0.2407,0.3621,2,1,0.9037,high,1
STU-2026-0519,-0.0232,0.745,4.85,4.48,0,0,0.0,0.0,0,0,0.02,low,0
STU-2026-0520,-0.0517,0.1651,3.61,3.96,0,0,0.0,0.0,0,0,0.0496,low,0
STU-2026-0521,0.0495,0.503,4.54,4.25,1,0,0.0,0.0,0,0,0.02,low,0
STU-2026-0522,-0.0004,0.4399,3.82,3.72,0,0,0.0,0.0,0,0,0.02,low,0
STU-2026-0523,-0.0185,0.3819,4.87,4.24,0,0,0.0,0.0,0,0,0.02,low,0
STU-2026-0524,0.0862,0.1988,5.0,4.43,1,1,0.0,0.0,0,0,0.02,low,0
STU-2026-0525,-0.509,-2.2529,1.0,1.17,7,2,0.2783,0.3724,2,2,0.9606,high,1
STU-2026-0526,-0.0136,0.0326,4.07,3.95,1,0,0.0,0.0,0,0,0.0401,low,0
STU-2026-0527,0.057,0.4168,3.88,3.95,0,0,0.0,0.0,0,0,0.02,low,0
STU-2026-0528,-0.0019,0.3557,5.0,4.22,1,0,0.0,0.0,0,0,0.02,low,0
STU-2026-0529,0.1114,0.3167,3.83,4.33,0,1,0.0,0.0,0,0,0.02,low,0
STU-2026-0530,-0.0169,-0.1489,4.1,4.2,0,0,0.0,0.0,0,0,0.02,low,0
STU-2026-0531,0.0383,0.6611,3.87,4.16,1,0,0.0,0.0,0,0,0.02,low,0
STU-2026-0532,0.0721,0.1215,4.15,4.49,0,0,0.0,0.0,0,0,0.02,low,0
STU-2026-0533,0.0022,0.0963,3.34,3.59,0,0,0.0,0.0,0,1,0.02,low,0
STU-2026-0534,-0.0012,0.5175,3.65,4.41,0,0,0.0,0.0,0,0,0.0279,low,0
STU-2026-0535,0.078,0.2221,4.05,4.41,0,0,0.0,0.0,0,0,0.02,low,0
STU-2026-0536,-0.0187,0.0911,4.7,5.0,0,1,0.0,0.0,0,0,0.02,low,0
STU-2026-0537,0.0167,0.4431,3.6,3.99,1,0,0.0,0.0,0,0,0.0364,low,0
STU-2026-0538,0.0496,-0.2707,4.0,3.86,0,0,0.0,0.0,0,0,0.02,low,0
STU-2026-0539,-0.5612,-2.4181,1.5,1.71,12,4,0.3714,0.377,3,2,0.98,high,1
STU-2026-0540,-0.0495,-0.063,4.12,4.5,0,1,0.0,0.0,0,0,0.02,low,0
STU-2026-0541,0.0246,-0.0459,3.88,3.63,0,1,0.0,0.0,1,0,0.02,low,0
STU-2026-0542,0.0121,0.2744,3.74,3.85,1,0,0.0,0.0,0,0,0.0413,low,0
STU-2026-0543,0.0674,-0.0084,3.21,3.03,0,0,0.0,0.0,0,0,0.02,low,0
STU-2026-0544,0.1053,0.1623,3.88,3.98,1,1,0.0,0.0,0,0,0.0411,low,0
STU-2026-0545,-0.0607,0.2074,3.56,3.36,0,0,0.0,0.0,0,0,0.02,low,0
STU-2026-0546,0.0506,-0.0536,4.0,4.76,0,0,0.0,0.0,0,1,0.02,low,0
STU-2026-0547,0.0515,0.367,3.78,3.78,1,1,0.0,0.0,0,0,0.02,low,0
STU-2026-0548,0.0358,0.3266,4.4,4.55,1,2,0.0,0.0,0,0,0.0208,low,0
STU-2026-0549,0.0258,0.2181,4.42,4.31,0,0,0.0,0.0,0,1,0.02,low,0
STU-2026-0550,0.0124,0.2906,4.46,4.74,0,0,0.0,0.0,0,0,0.02,low,0
STU-2026-0551,-0.5587,-2.8307,2.19,2.92,6,5,0.3071,0.4172,2,1,0.9795,high,1
STU-2026-0552,-0.5101,-2.1879,1.69,2.09,14,5,0.3141,0.4045,1,0,0.98,high,1
STU-2026-0553,0.1416,0.5033,4.12,3.46,0,0,0.0,0.0,0,0,0.02,low,0
STU-2026-0554,0.0289,-0.033,3.9,3.88,2,0,0.0,0.0,0,0,0.02,low,0
STU-2026-0555,-0.1979,-0.3403,2.28,2.4,0,3,0.1706,0.2398,2,0,0.5162,medium,0
STU-2026-0556,-0.017,0.1002,4.39,4.37,1,0,0.0,0.0,0,0,0.02,low,0
STU-2026-0557,0.0147,0.0192,3.68,3.51,0,1,0.0,0.0,0,0,0.0375,low,0
STU-2026-0558,0.0667,0.4568,4.34,4.47,0,0,0.0,0.0,0,0,0.02,low,0
STU-2026-0559,-0.012,-0.012,4.55,4.58,1,0,0.0,0.0,0,0,0.02,low,0
STU-2026-0560,0.0748,0.1666,4.22,4.63,0,0,0.0,0.0,0,0,0.02,low,0
STU-2026-0561,-0.0242,-0.0614,4.13,4.29,0,0,0.0,0.0,0,0,0.0348,low,0
STU-2026-0562,0.0106,-0.2701,4.04,4.57,2,0,0.0,0.0,0,0,0.02,low,0
STU-2026-0563,-0.1404,-0.8528,3.03,2.84,4,2,0.1542,0.2252,0,0,0.6007,medium,0
STU-2026-0564,0.0016,0.6286,4.37,4.13,0,0,0.0,0.0,0,0,0.02,low,0
STU-2026-0565,0.0371,0.5279,4.15,4.12,0,0,0.0,0.0,0,0,0.02,low,0
STU-2026-0566,0.022,0.2021,4.17,4.06,0,0,0.0,0.0,0,0,0.02,low,0
STU-2026-0567,0.051,0.1757,4.22,4.18,1,0,0.0,0.0,0,0,0.0408,low,0
STU-2026-0568,0.017,-0.0216,3.95,3.81,0,0,0.0,0.0,0,0,0.02,low,0
STU-2026-0569,-0.0292,0.3915,5.0,4.77,1,0,0.0,0.0,0,0,0.02,low,0
STU-2026-0570,-0.1149,-0.8857,3.54,2.78,4,2,0.1667,0.1615,0,0,0.5809,medium,0
STU-2026-0571,0.0617,0.2393,3.81,4.09,0,0,0.0,0.0,0,0,0.0232,low,0
STU-2026-0572,0.0067,0.4212,4.55,4.54,0,1,0.0,0.0,0,0,0.02,low,0
STU-2026-0573,0.0313,-0.0644,3.39,3.34,0,0,0.0,0.0,0,0,0.02,low,0
STU-2026-0574,-0.6189,-2.059,1.06,1.0,8,2,0.3542,0.335,2,1,0.98,high,1
STU-2026-0575,0.0466,0.7942,4.61,4.16,0,0,0.0,0.0,0,0,0.02,low,0
STU-2026-0576,0.0262,0.6805,4.03,3.95,0,0,0.0,0.0,0,0,0.02,low,0
STU-2026-0577,-0.0043,-0.2459,3.58,3.87,1,1,0.0,0.0,0,0,0.0908,low,0
STU-2026-0578,0.0097,0.5856,3.97,3.84,0,0,0.0,0.0,0,0,0.02,low,0
STU-2026-0579,-0.0665,-0.8773,3.36,3.09,3,2,0.1348,0.1952,0,0,0.5802,medium,0
STU-2026-0580,0.0226,-0.0403,4.51,4.17,1,0,0.0,0.0,0,0,0.02,low,0
STU-2026-0581,0.017,0.301,4.93,4.45,0,0,0.0,0.0,0,0,0.02,low,0
STU-2026-0582,-0.4661,-2.0483,2.39,2.54,7,4,0.2755,0.4252,1,1,0.9094,high,1
STU-2026-0583,-0.014,0.4456,3.98,4.54,0,0,0.0,0.0,0,0,0.02,low,0
STU-2026-0584,-0.0027,0.5274,4.54,4.46,1,0,0.0,0.0,0,0,0.02,low,0
STU-2026-0585,-0.0384,0.1117,4.34,4.26,0,0,0.0,0.0,0,0,0.02,low,0
STU-2026-0586,-0.2308,-0.7623,3.34,3.27,3,2,0.1981,0.2334,0,0,0.4995,medium,0
STU-2026-0587,-0.0496,0.282,3.9,3.92,0,1,0.0,0.0,0,0,0.02,low,0
STU-2026-0588,-0.2706,-2.0334,1.08,1.15,3,2,0.3934,0.3948,1,0,0.9131,high,1
STU-2026-0589,0.0122,-0.2523,2.88,3.44,0,0,0.0,0.0,0,0,0.02,low,0
STU-2026-0590,-0.4826,-1.9281,1.31,1.08,11,5,0.2968,0.4107,3,0,0.9753,high,1
STU-2026-0591,0.0783,0.2628,4.54,4.84,0,1,0.0,0.0,0,0,0.02,low,0
STU-2026-0592,0.0496,0.1859,4.52,4.98,0,0,0.0,0.0,1,0,0.02,low,0
STU-2026-0593,-0.0098,0.3858,4.5,4.66,0,0,0.0,0.0,1,0,0.0231,low,0
STU-2026-0594,0.0197,0.0428,4.72,4.35,0,0,0.0,0.0,0,0,0.0331,low,0
STU-2026-0595,-0.1929,-1.1321,3.56,3.77,3,2,0.1776,0.191,0,1,0.4677,medium,0
STU-2026-0596,0.0608,-0.2865,3.56,4.13,0,0,0.0,0.0,0,0,0.02,low,0
STU-2026-0597,-0.0704,0.4199,4.27,4.27,0,0,0.0,0.0,1,0,0.02,low,0
STU-2026-0598,0.0489,0.4879,4.22,4.06,1,0,0.0,0.0,0,0,0.02,low,0
STU-2026-0599,-0.434,-2.7303,1.59,2.29,8,4,0.3776,0.4145,1,1,0.936,high,1
STU-2026-0600,-0.1935,-1.2357,2.34,2.64,2,2,0.2058,0.1653,0,0,0.5949,medium,0
STU-2026-0001,-0.0406,0.208,4.29,4.25,0,0,0.0,0.0,0,0,0.02,low,0
STU-2026-0002,-0.0088,0.0938,4.23,4.2,0,0,0.0,0.0,1,0,0.02,low,0
STU-2026-0003,0.0147,0.3451,4.35,4.51,0,0,0.0,0.0,0,0,0.02,low,0
STU-2026-0004,-0.6973,-2.1575,1.6,1.28,14,2,0.3777,0.443,1,1,0.98,high,1
STU-2026-0005,-0.0095,-0.1055,3.44,3.32,1,0,0.0,0.0,0,0,0.02,low,0
STU-2026-0006,0.067,0.609,4.55,4.03,0,0,0.0,0.0,1,0,0.02,low,0
STU-2026-0007,0.0134,0.2632,4.6,4.06,1,0,0.0,0.0,0,0,0.0232,low,0
STU-2026-0008,-0.1591,-1.951,2.67,2.19,11,2,0.4269,0.3412,2,0,0.9638,high,1
STU-2026-0009,-0.1647,-0.7706,3.3,3.56,2,2,0.2283,0.187,0,0,0.5245,medium,0
STU-2026-0010,-0.1844,-0.4589,3.39,3.39,3,2,0.1758,0.19,0,0,0.5376,medium,0
STU-2026-0011,0.0669,0.1912,4.79,4.59,0,0,0.0,0.0,0,0,0.0524,low,0
STU-2026-0012,0.1042,0.6135,3.99,3.76,0,1,0.0,0.0,0,0,0.02,low,0
STU-2026-0013,-0.0176,0.2199,4.45,4.27,0,0,0.0,0.0,0,0,0.02,low,0
STU-2026-0014,-0.1959,-0.9349,2.83,2.66,3,2,0.1808,0.1951,2,1,0.604,medium,0
STU-2026-0015,-0.0396,0.1329,4.32,4.55,0,0,0.0,0.0,0,0,0.0253,low,0
STU-2026-0016,-0.1973,-0.9951,2.42,2.46,2,2,0.216,0.2231,0,0,0.4755,medium,0
STU-2026-0017,0.0716,0.5612,4.6,4.28,1,0,0.0,0.0,0,0,0.02,low,0
STU-2026-0018,0.0447,0.1645,4.59,4.33,0,0,0.0,0.0,0,0,0.02,low,0
STU-2026-0019,-0.0991,-1.0079,3.59,3.21,7,1,0.1875,0.2005,0,0,0.5947,medium,0
STU-2026-0020,0.0317,-0.1888,3.37,3.77,0,1,0.0,0.0,0,0,0.02,low,0
STU-2026-0021,-0.3735,-2.3418,1.4,1.69,10,4,0.3724,0.3818,1,1,0.98,high,1
STU-2026-0022,-0.0237,0.3408,3.84,3.75,0,0,0.0,0.0,0,0,0.02,low,0
STU-2026-0023,0.0214,-0.0175,3.79,4.16,0,0,0.0,0.0,1,0,0.0203,low,0
STU-2026-0024,0.0037,0.1003,4.01,4.09,1,0,0.0,0.0,0,1,0.02,low,0
STU-2026-0025,0.0189,0.1745,4.04,4.43,0,0,0.0,0.0,0,0,0.02,low,0
STU-2026-0026,-0.0231,-0.023,4.19,4.27,1,0,0.0,0.0,0,0,0.02,low,0
STU-2026-0027,-0.0723,-0.0892,3.9,3.58,0,1,0.0,0.0,0,0,0.0478,low,0
STU-2026-0028,0.0726,0.1538,4.04,4.04,0,0,0.0,0.0,0,0,0.0503,low,0
STU-2026-0029,0.0401,-0.1594,4.64,4.34,0,1,0.0,0.0,0,0,0.02,low,0
STU-2026-0030,0.0863,0.0992,4.24,4.5,1,0,0.0,0.0,0,0,0.0739,low,0
STU-2026-0031,0.1008,0.164,4.75,4.28,0,1,0.0,0.0,0,0,0.0269,low,0
STU-2026-0032,0.001,0.6471,4.15,4.26,0,1,0.0,0.0,0,0,0.02,low,0
STU-2026-0033,0.0049,-0.2599,4.74,4.45,0,0,0.0,0.0,0,0,0.02,low,0
STU-2026-0034,-0.0398,0.3486,4.71,4.45,0,0,0.0,0.0,0,0,0.0275,low,0
STU-2026-0035,0.0239,0.1507,3.45,3.91,1,0,0.0,0.0,1,0,0.0296,low,0
STU-2026-0036,0.0522,-0.1175,3.85,4.12,0,0,0.0,0.0,0,0,0.02,low,0
STU-2026-0037,-0.053,-0.7415,2.98,2.97,7,0,0.1811,0.1962,1,0,0.6553,high,1
STU-2026-0038,0.001,0.0187,5.0,4.74,0,0,0.0,0.0,0,0,0.0234,low,0
STU-2026-0039,-0.1878,-1.3025,3.22,3.21,4,0,0.2422,0.2154,0,0,0.6033,medium,0
STU-2026-0040,-0.6245,-1.9489,1.5,2.38,9,5,0.3955,0.3683,2,0,0.98,high,1
STU-2026-0041,0.0701,0.1411,4.65,4.66,0,1,0.0,0.0,1,0,0.0263,low,0
STU-2026-0042,-0.0787,-0.1019,4.56,4.64,0,0,0.0,0.0,0,0,0.0435,low,0
STU-2026-0043,-0.0022,0.4649,3.94,3.9,1,0,0.0,0.0,0,0,0.032,low,0
STU-2026-0044,-0.5163,-2.4591,1.88,1.79,3,7,0.2918,0.3966,3,0,0.9535,high,1
STU-2026-0045,-0.1978,-0.8381,3.11,3.26,6,2,0.2454,0.2346,1,1,0.6379,medium,0
STU-2026-0046,0.0925,0.3361,4.61,4.13,2,1,0.0,0.0,0,1,0.0406,low,0
STU-2026-0047,0.0138,0.0829,3.77,3.45,3,0,0.0,0.0,0,0,0.0463,low,0
STU-2026-0048,0.0035,0.1241,4.37,4.44,0,0,0.0,0.0,0,0,0.02,low,0
STU-2026-0049,0.039,0.6471,3.86,3.87,0,0,0.0,0.0,0,0,0.02,low,0
STU-2026-0050,-0.0209,0.1247,3.95,4.08,0,0,0.0,0.0,1,0,0.02,low,0
STU-2026-0051,0.001,-0.2262,5.0,4.57,0,0,0.0,0.0,0,0,0.02,low,0
STU-2026-0052,-0.0035,0.313,4.87,4.71,0,0,0.0,0.0,0,1,0.0427,low,0
STU-2026-0053,-0.0055,0.0156,4.27,4.18,0,0,0.0,0.0,0,0,0.02,low,0
STU-2026-0054,-0.6729,-2.4184,1.97,1.82,10,4,0.3612,0.4347,1,2,0.98,high,1
STU-2026-0055,-0.0562,0.1441,3.77,4.25,1,0,0.0,0.0,0,0,0.0345,low,0
STU-2026-0056,0.029,0.2428,4.13,3.98,0,0,0.0,0.0,0,1,0.02,low,0
STU-2026-0057,-0.0503,0.0858,3.89,4.26,0,0,0.0,0.0,0,0,0.02,low,0
STU-2026-0058,0.0136,0.1216,4.65,4.2,0,1,0.0,0.0,0,0,0.02,low,0
STU-2026-0059,-0.1619,-1.4862,2.95,2.82,5,2,0.2078,0.1651,2,0,0.5864,medium,0
STU-2026-0060,0.0148,-0.164,3.44,3.33,0,0,0.0,0.0,0,0,0.02,low,0
STU-2026-0061,0.034,0.3793,4.11,4.03,0,0,0.0,0.0,0,0,0.02,low,0
STU-2026-0062,0.0803,0.4521,4.75,4.27,0,0,0.0,0.0,0,0,0.02,low,0
STU-2026-0063,-0.0172,0.2017,3.37,3.78,0,0,0.0,0.0,0,0,0.02,low,0
STU-2026-0064,0.0231,0.3262,4.4,4.5,1,0,0.0,0.0,0,0,0.0408,low,0
STU-2026-0065,-0.1199,-0.5247,2.33,1.9,0,3,0.2049,0.214,0,0,0.5118,medium,0
STU-2026-0066,-0.1114,-1.0144,2.55,2.61,0,4,0.1866,0.22,0,0,0.5322,medium,0
STU-2026-0067,-0.5991,-2.0224,1.39,1.2,5,4,0.4576,0.3529,1,0,0.98,high,1
STU-2026-0068,0.0331,-0.0052,3.81,3.77,1,1,0.0,0.0,0,0,0.02,low,0
STU-2026-0069,-0.2404,-1.0375,3.89,3.07,5,2,0.2088,0.2178,1,0,0.5745,medium,0
STU-2026-0070,0.0381,0.0248,3.14,3.86,0,0,0.0,0.0,0,0,0.0415,low,0
STU-2026-0071,-0.1968,-0.7819,3.94,3.4,5,2,0.2293,0.2223,1,1,0.5557,medium,0
STU-2026-0072,0.0467,0.5227,5.0,4.67,0,0,0.0,0.0,0,0,0.02,low,0
STU-2026-0073,-0.0329,0.4001,4.26,4.44,1,0,0.0,0.0,0,0,0.0286,low,0
STU-2026-0074,0.0531,0.3893,4.05,4.02,0,0,0.0,0.0,0,0,0.02,low,0
STU-2026-0075,0.057,0.3576,3.45,3.41,0,0,0.0,0.0,0,1,0.02,low,0
STU-2026-0076,-0.1398,-0.7258,3.4,3.73,4,0,0.1759,0.2322,0,0,0.5591,medium,0
STU-2026-0077,0.009,-0.031,4.63,3.84,0,0,0.0,0.0,0,0,0.02,low,0
STU-2026-0078,0.0393,0.1047,2.95,3.52,0,0,0.0,0.0,0,0,0.02,low,0
STU-2026-0079,-0.1697,-0.7697,3.39,3.65,2,1,0.1723,0.2243,0,0,0.5689,medium,0
STU-2026-0080,-0.083,0.0613,3.98,3.87,0,0,0.0,0.0,0,0,0.02,low,0
STU-2026-0081,0.0771,0.2231,4.82,4.83,0,0,0.0,0.0,0,0,0.0295,low,0
STU-2026-0082,0.0483,0.199,4.57,4.6,0,0,0.0,0.0,0,0,0.02,low,0
STU-2026-0083,-0.0283,-0.0064,3.19,3.75,0,0,0.0,0.0,0,0,0.0208,low,0
STU-2026-0084,0.0417,0.4236,5.0,4.84,0,0,0.0,0.0,0,0,0.02,low,0
STU-2026-0085,0.0161,0.25,4.66,4.85,1,0,0.0,0.0,0,0,0.0625,low,0
STU-2026-0086,-0.1024,-0.9898,2.76,3.01,5,0,0.2057,0.1928,0,0,0.5787,medium,0
STU-2026-0087,-0.0018,0.4437,4.15,4.5,0,0,0.0,0.0,0,0,0.02,low,0
STU-2026-0088,-0.1248,-1.0494,2.47,2.01,2,4,0.1338,0.2266,0,0,0.5711,medium,0
STU-2026-0089,0.0508,0.1618,3.93,3.93,0,0,0.0,0.0,0,0,0.0416,low,0
STU-2026-0090,-0.0597,0.0843,4.73,4.53,0,0,0.0,0.0,0,0,0.02,low,0
STU-2026-0091,-0.0231,0.0232,4.27,4.09,0,1,0.0,0.0,0,0,0.02,low,0
STU-2026-0092,-0.1177,-1.2029,2.41,2.65,2,1,0.1904,0.2419,1,0,0.5653,medium,0
STU-2026-0093,0.0131,0.0808,3.77,3.59,0,0,0.0,0.0,0,0,0.02,low,0
STU-2026-0094,-0.0514,-0.1751,4.56,4.36,0,1,0.0,0.0,0,0,0.0233,low,0
STU-2026-0095,-0.1989,-0.6538,3.12,2.81,3,0,0.1212,0.2103,1,0,0.5309,medium,0
STU-2026-0096,0.0652,0.2139,3.28,3.34,0,0,0.0,0.0,0,0,0.02,low,0
STU-2026-0097,-0.5065,-1.8184,1.36,1.71,8,7,0.3113,0.3703,2,0,0.9345,high,1
STU-2026-0098,-0.0092,0.1371,4.1,4.36,0,0,0.0,0.0,0,1,0.02,low,0
STU-2026-0099,0.0549,0.1194,4.43,4.34,1,1,0.0,0.0,0,0,0.02,low,0
STU-2026-0100,-0.1954,-1.0241,3.06,3.49,1,2,0.1595,0.2129,1,0,0.5131,medium,0
STU-2026-0101,-0.0332,-0.2882,4.16,4.39,1,0,0.0,0.0,0,0,0.0254,low,0
STU-2026-0102,0.0599,0.1619,4.43,3.94,0,0,0.0,0.0,0,0,0.02,low,0
STU-2026-0103,-0.0676,0.1583,4.42,4.33,0,0,0.0,0.0,0,0,0.02,low,0
STU-2026-0104,-0.2403,-0.534,2.64,2.8,2,1,0.1686,0.2339,0,0,0.519,medium,0
STU-2026-0105,-0.1128,-0.9623,3.7,3.81,2,1,0.1403,0.2024,0,0,0.5563,medium,0
STU-2026-0106,-0.2596,-0.575,2.3,2.72,3,0,0.1798,0.2093,0,0,0.5452,medium,0
STU-2026-0107,-0.1328,-1.1115,2.88,2.83,0,0,0.1944,0.2104,1,0,0.5084,medium,0
STU-2026-0108,0.0699,0.0098,4.4,4.28,0,1,0.0,0.0,0,0,0.02,low,0
STU-2026-0109,-0.0171,0.4135,4.61,4.32,0,1,0.0,0.0,0,0,0.0263,low,0
STU-2026-0110,-0.6314,-1.8245,1.37,1.3,10,2,0.323,0.4167,1,1,0.94,high,1
STU-2026-0111,-0.0134,-0.659,2.24,2.57,3,2,0.1687,0.2464,0,1,0.5191,medium,0
STU-2026-0112,-0.1304,-0.981,2.28,2.66,2,0,0.1661,0.2144,0,0,0.5729,medium,0
STU-2026-0113,0.0267,0.0615,4.1,4.48,0,0,0.0,0.0,0,0,0.02,low,0
STU-2026-0114,-0.0717,-0.2904,4.42,4.43,1,1,0.0,0.0,0,0,0.02,low,0
STU-2026-0115,-0.181,-1.0468,2.33,2.63,3,1,0.1965,0.2257,1,0,0.5869,medium,0
STU-2026-0116,0.0608,0.2399,4.69,4.3,1,0,0.0,0.0,0,1,0.02,low,0
STU-2026-0117,-0.1488,-0.5696,2.27,2.32,2,1,0.1673,0.2227,0,0,0.521,medium,0
STU-2026-0118,-0.0453,-0.1331,4.82,4.96,0,0,0.0,0.0,0,0,0.02,low,0
STU-2026-0119,0.0311,0.3215,3.72,3.93,0,0,0.0,0.0,0,0,0.0325,low,0
STU-2026-0120,-0.5607,-2.3509,1.04,2.05,10,6,0.3039,0.3954,1,2,0.98,high,1
STU-2026-0121,-0.0192,-0.1307,4.07,4.16,0,0,0.0,0.0,0,0,0.02,low,0
STU-2026-0122,0.0431,0.4002,4.25,3.99,0,1,0.0,0.0,0,0,0.0318,low,0
STU-2026-0123,0.0897,0.2297,3.57,3.88,0,0,0.0,0.0,1,0,0.02,low,0
STU-2026-0124,-0.0261,0.0438,4.93,4.97,0,0,0.0,0.0,0,0,0.02,low,0
STU-2026-0125,-0.0561,0.3348,4.02,3.93,0,0,0.0,0.0,0,0,0.02,low,0
STU-2026-0126,0.0376,0.2087,4.6,4.49,0,1,0.0,0.0,0,0,0.02,low,0
STU-2026-0127,0.0147,0.0594,3.95,3.88,1,0,0.0,0.0,0,0,0.02,low,0
STU-2026-0128,-0.1988,-2.8265,1.0,1.66,8,6,0.3702,0.3317,4,0,0.9522,high,1
STU-2026-0129,-0.0096,-0.0219,3.96,4.2,0,0,0.0,0.0,0,0,0.02,low,0
STU-2026-0130,-0.2212,-0.8777,3.12,3.35,6,2,0.1681,0.2064,2,0,0.6195,medium,0
STU-2026-0131,-0.0128,0.0521,4.36,4.46,1,0,0.0,0.0,0,0,0.02,low,0
STU-2026-0132,0.0238,0.0794,4.43,4.88,0,0,0.0,0.0,0,0,0.02,low,0
STU-2026-0133,0.0,0.4772,3.74,3.94,0,0,0.0,0.0,0,0,0.043,low,0
STU-2026-0134,-0.0351,0.3058,4.85,4.97,0,0,0.0,0.0,0,0,0.02,low,0
STU-2026-0135,-0.04,0.3461,4.11,4.31,0,0,0.0,0.0,0,0,0.02,low,0
STU-2026-0136,0.0236,-0.0849,4.6,4.47,0,1,0.0,0.0,1,0,0.02,low,0
STU-2026-0137,-0.0797,-0.9223,2.64,2.55,6,2,0.1934,0.234,0,0,0.5852,medium,0
STU-2026-0138,0.0441,0.326,4.55,3.91,0,0,0.0,0.0,0,0,0.02,low,0
STU-2026-0139,-0.0132,0.4393,4.39,3.68,0,0,0.0,0.0,0,0,0.0347,low,0
STU-2026-0140,-0.0256,-0.112,3.91,4.24,0,0,0.0,0.0,0,0,0.02,low,0
STU-2026-0141,-0.0554,-0.209,3.25,3.17,0,0,0.0,0.0,0,0,0.0241,low,0
STU-2026-0142,-0.1972,-0.5509,3.51,3.42,5,0,0.1803,0.2171,1,0,0.5503,medium,0
STU-2026-0143,-0.0472,0.0246,3.59,3.76,0,0,0.0,0.0,0,0,0.02,low,0
STU-2026-0144,0.0539,0.263,4.51,4.36,2,1,0.0,0.0,0,0,0.0557,low,0
STU-2026-0145,0.0003,0.0416,4.13,4.81,0,0,0.0,0.0,0,0,0.02,low,0
STU-2026-0146,-0.5114,-1.914,1.06,1.19,7,3,0.2437,0.3307,3,0,0.861,high,1
STU-2026-0147,0.0438,0.1706,3.97,3.55,0,0,0.0,0.0,0,0,0.02,low,0
STU-2026-0148,0.0076,0.4283,3.83,4.02,0,0,0.0,0.0,0,0,0.02,low,0
STU-2026-0149,-0.0146,-0.0185,4.79,4.86,0,0,0.0,0.0,0,0,0.02,low,0
STU-2026-0150,0.006,-0.0058,4.23,4.24,0,1,0.0,0.0,0,0,0.02,low,0
STU-2026-0151,-0.0048,0.2274,4.03,3.62,0,0,0.0,0.0,0,0,0.062,low,0
STU-2026-0152,0.0506,0.3161,4.46,4.04,0,0,0.0,0.0,0,0,0.02,low,0
STU-2026-0153,-0.2639,-1.0435,3.07,2.96,7,4,0.1708,0.2001,0,0,0.6406,medium,0
STU-2026-0154,0.0203,0.2206,3.82,3.98,0,0,0.0,0.0,0,0,0.02,low,0
STU-2026-0155,-0.0395,0.1384,3.57,3.97,1,0,0.0,0.0,0,0,0.02,low,0
STU-2026-0156,-0.1436,-0.5334,2.8,2.84,0,1,0.1308,0.2145,1,0,0.5258,medium,0
STU-2026-0157,-0.2098,-0.6821,3.61,3.51,3,1,0.1948,0.2175,0,1,0.55,medium,0
STU-2026-0158,0.0069,0.3163,3.77,3.97,0,0,0.0,0.0,0,0,0.0405,low,0
STU-2026-0159,0.0784,0.0418,4.15,3.92,0,0,0.0,0.0,0,0,0.02,low,0
STU-2026-0160,-0.1994,-1.2205,2.83,3.13,3,2,0.2361,0.223,2,1,0.5722,medium,0
STU-2026-0161,0.0967,0.553,4.4,4.43,0,0,0.0,0.0,0,0,0.02,low,0
STU-2026-0162,-0.0256,0.1657,4.36,4.82,1,0,0.0,0.0,0,0,0.02,low,0
STU-2026-0163,0.0863,0.2849,4.59,4.67,0,0,0.0,0.0,0,0,0.02,low,0
STU-2026-0164,0.058,0.1716,4.36,4.1,1,0,0.0,0.0,0,0,0.02,low,0
STU-2026-0165,-0.169,-0.5837,3.39,3.04,1,0,0.236,0.1788,0,0,0.5528,medium,0
STU-2026-0166,-0.1014,-0.6266,2.4,2.79,6,0,0.149,0.177,0,1,0.5959,medium,0
STU-2026-0167,0.0746,0.3142,4.97,5.0,1,1,0.0,0.0,0,0,0.02,low,0
STU-2026-0168,0.0667,0.0114,3.77,3.71,0,1,0.0,0.0,0,0,0.021,low,0
STU-2026-0169,0.0646,0.1374,3.61,3.47,0,0,0.0,0.0,0,0,0.02,low,0
STU-2026-0170,0.0817,-0.141,4.9,4.35,0,1,0.0,0.0,0,0,0.02,low,0
STU-2026-0171,0.0107,0.3226,4.18,4.36,0,0,0.0,0.0,0,0,0.0336,low,0
STU-2026-0172,-0.0402,0.3278,3.43,3.58,0,0,0.0,0.0,0,0,0.02,low,0
STU-2026-0173,0.0366,-0.1896,4.2,4.23,1,0,0.0,0.0,0,0,0.02,low,0
STU-2026-0174,-0.0044,0.3214,4.66,4.72,0,0,0.0,0.0,0,0,0.0289,low,0
STU-2026-0175,0.0373,0.0472,4.32,4.58,0,0,0.0,0.0,0,0,0.02,low,0
STU-2026-0176,-0.0062,0.3023,3.58,3.78,0,0,0.0,0.0,0,0,0.02,low,0
STU-2026-0177,-0.0064,0.1877,3.16,3.45,1,0,0.0,0.0,0,0,0.0654,low,0
STU-2026-0178,0.044,0.2223,4.62,4.31,1,0,0.0,0.0,0,0,0.0472,low,0
STU-2026-0179,0.0817,0.1277,4.73,4.91,0,0,0.0,0.0,0,0,0.02,low,0
STU-2026-0180,0.0342,-0.3688,4.05,4.36,0,0,0.0,0.0,0,1,0.02,low,0
STU-2026-0181,0.0518,0.665,3.09,3.67,0,1,0.0,0.0,0,0,0.0559,low,0
STU-2026-0182,-0.0275,0.1339,4.15,3.65,0,2,0.0,0.0,0,0,0.02,low,0
STU-2026-0183,0.0521,0.071,3.49,3.55,0,0,0.0,0.0,0,0,0.0658,low,0
STU-2026-0184,0.0504,0.1694,4.5,4.23,1,1,0.0,0.0,0,0,0.02,low,0
STU-2026-0185,-0.1811,-0.2737,3.2,3.07,3,0,0.2086,0.1943,2,1,0.6147,medium,0
STU-2026-0186,-0.6102,-2.3616,1.9,2.34,11,3,0.3564,0.4514,2,2,0.98,high,1
STU-2026-0187,-0.0107,0.5444,4.79,4.66,1,0,0.0,0.0,0,0,0.02,low,0
STU-2026-0188,-0.1327,-1.2597,3.32,2.54,3,2,0.1633,0.1485,1,0,0.5984,medium,0
STU-2026-0189,-0.0177,0.1821,4.24,3.97,0,0,0.0,0.0,0,0,0.02,low,0
STU-2026-0190,0.041,-0.1023,4.15,4.33,0,0,0.0,0.0,0,0,0.02,low,0
STU-2026-0191,0.0725,0.3176,3.78,4.1,1,0,0.0,0.0,0,0,0.02,low,0
STU-2026-0192,0.0387,0.0685,4.05,4.34,0,0,0.0,0.0,0,0,0.02,low,0
STU-2026-0193,0.0384,0.1247,4.27,4.52,1,0,0.0,0.0,0,0,0.02,low,0
STU-2026-0194,0.0183,-0.0034,4.11,4.06,1,0,0.0,0.0,0,0,0.0545,low,0
STU-2026-0195,0.1412,0.4282,4.91,4.9,0,0,0.0,0.0,0,0,0.0236,low,0
STU-2026-0196,-0.2645,-0.9246,3.49,3.82,1,1,0.2048,0.1693,1,0,0.5874,medium,0
STU-2026-0197,0.1088,0.2191,3.99,3.63,1,1,0.0,0.0,0,0,0.02,low,0
STU-2026-0198,0.0139,0.506,3.97,3.83,0,0,0.0,0.0,0,0,0.02,low,0
STU-2026-0199,0.0191,0.5163,3.96,4.36,0,0,0.0,0.0,0,0,0.0521,low,0
STU-2026-0200,0.1482,-0.1154,5.0,5.0,0,0,0.0,0.0,0,0,0.02,low,0
STU-2026-0201,-0.0258,0.2429,4.46,4.31,0,0,0.0,0.0,0,0,0.02,low,0
STU-2026-0202,-0.0477,0.0047,4.0,4.15,0,0,0.0,0.0,0,0,0.02,low,0
STU-2026-0203,0.104,-0.1349,4.06,3.9,1,1,0.0,0.0,0,0,0.02,low,0
STU-2026-0204,0.0764,0.0162,4.23,4.25,0,0,0.0,0.0,0,0,0.02,low,0
STU-2026-0205,-0.0693,0.3515,4.75,4.4,0,0,0.0,0.0,0,0,0.02,low,0
STU-2026-0206,-0.1513,-0.9188,3.14,3.13,3,1,0.1984,0.2024,0,0,0.5221,medium,0
STU-2026-0207,0.0598,-0.1286,4.44,4.16,0,0,0.0,0.0,0,0,0.0459,low,0
STU-2026-0208,0.0606,0.2438,4.93,4.97,2,0,0.0,0.0,0,0,0.02,low,0
STU-2026-0209,-0.0379,-0.1943,4.22,4.2,2,0,0.0,0.0,1,0,0.0592,low,0
STU-2026-0210,-0.5751,-2.6504,2.04,2.13,6,1,0.3695,0.4066,2,1,0.98,high,1
STU-2026-0211,0.0465,0.3305,4.8,5.0,0,0,0.0,0.0,0,0,0.0519,low,0
STU-2026-0212,0.0019,0.6569,4.57,4.39,1,1,0.0,0.0,1,0,0.02,low,0
STU-2026-0213,-0.1369,-0.6532,2.94,3.16,2,0,0.2261,0.2355,1,0,0.5764,medium,0
STU-2026-0214,0.0886,0.2946,4.2,3.81,1,0,0.0,0.0,0,0,0.02,low,0
STU-2026-0215,0.0229,0.138,4.06,3.95,0,0,0.0,0.0,0,0,0.02,low,0
STU-2026-0216,0.0067,0.219,4.86,4.59,0,1,0.0,0.0,0,0,0.02,low,0
STU-2026-0217,-0.0888,0.401,4.3,4.15,1,0,0.0,0.0,0,0,0.0225,low,0
STU-2026-0218,0.0665,0.2204,4.23,3.98,2,0,0.0,0.0,0,0,0.02,low,0
STU-2026-0219,0.1146,0.3022,4.28,4.15,0,0,0.0,0.0,1,0,0.02,low,0
STU-2026-0220,-0.0038,0.3591,4.53,4.87,0,0,0.0,0.0,0,0,0.0393,low,0
STU-2026-0221,-0.5418,-1.639,1.02,1.4,8,3,0.2757,0.3938,2,0,0.9452,high,1
STU-2026-0222,0.0702,0.009,3.77,3.88,1,0,0.0,0.0,0,0,0.0202,low,0
STU-2026-0223,-0.1948,-0.8486,2.69,3.12,3,2,0.213,0.1618,0,0,0.6179,medium,0
STU-2026-0224,-0.1736,-0.7302,2.92,2.63,3,1,0.1547,0.2223,0,0,0.538,medium,0
STU-2026-0225,0.0121,0.5049,4.31,4.72,0,0,0.0,0.0,0,0,0.02,low,0
STU-2026-0226,-0.0445,0.0847,4.51,4.91,0,1,0.0,0.0,0,0,0.02,low,0
STU-2026-0227,0.1115,-0.3786,4.33,3.81,0,0,0.0,0.0,0,0,0.02,low,0
STU-2026-0228,0.0258,0.3851,4.61,4.26,2,0,0.0,0.0,0,0,0.02,low,0
STU-2026-0229,0.0303,-0.1332,4.43,5.0,0,0,0.0,0.0,0,0,0.02,low,0
STU-2026-0230,-0.3837,-2.1622,1.48,1.72,9,2,0.2885,0.3726,2,0,0.9312,high,1
STU-2026-0231,-0.1512,-0.7533,2.34,2.79,5,1,0.1485,0.189,2,0,0.585,medium,0
STU-2026-0232,0.0255,0.04,3.6,3.92,0,0,0.0,0.0,0,0,0.02,low,0
STU-2026-0233,0.0794,0.1773,4.09,4.1,0,0,0.0,0.0,0,0,0.02,low,0
STU-2026-0234,-0.1088,-1.3062,2.6,2.81,2,2,0.146,0.2274,0,0,0.5552,medium,0
STU-2026-0235,0.0276,0.3555,4.12,4.16,0,0,0.0,0.0,0,0,0.02,low,0
STU-2026-0236,0.0256,-0.2057,3.94,4.2,0,0,0.0,0.0,0,0,0.02,low,0
STU-2026-0237,0.0309,0.5564,4.84,4.34,1,0,0.0,0.0,0,0,0.0468,low,0
STU-2026-0238,-0.2262,-0.5363,3.05,3.09,4,0,0.1982,0.2178,0,1,0.5739,medium,0
STU-2026-0239,0.0246,0.5239,4.52,4.92,0,0,0.0,0.0,0,0,0.02,low,0
STU-2026-0240,-0.0742,0.1552,3.52,3.46,1,0,0.0,0.0,0,0,0.02,low,0
STU-2026-0241,0.0128,0.6108,3.33,3.69,0,1,0.0,0.0,0,0,0.02,low,0
STU-2026-0242,-0.0359,0.3086,3.46,3.68,0,0,0.0,0.0,0,0,0.02,low,0
STU-2026-0243,-0.0415,-0.7762,2.58,2.6,3,1,0.2112,0.2284,1,0,0.5743,medium,0
STU-2026-0244,0.0072,0.288,3.85,3.47,0,0,0.0,0.0,0,0,0.0559,low,0
STU-2026-0245,-0.553,-2.2934,1.27,1.25,14,3,0.4282,0.3561,1,1,0.98,high,1
STU-2026-0246,-0.6914,-2.5162,1.26,1.45,11,1,0.3437,0.3921,3,1,0.98,high,1
STU-2026-0247,-0.0067,-0.0732,3.93,3.95,0,0,0.0,0.0,0,0,0.0223,low,0
STU-2026-0248,-0.1662,-0.9331,2.47,2.07,2,1,0.1408,0.2443,0,0,0.5554,medium,0
STU-2026-0249,-0.5289,-1.8038,1.38,2.01,7,6,0.3425,0.3992,3,0,0.9676,high,1
STU-2026-0250,0.0082,0.1136,3.93,3.67,0,1,0.0,0.0,0,0,0.02,low,0
STU-2026-0251,-0.473,-2.0564,1.45,1.98,6,3,0.3351,0.4123,1,0,0.8973,high,1
STU-2026-0252,0.0504,-0.0037,4.45,4.44,0,0,0.0,0.0,0,0,0.0627,low,0
STU-2026-0253,-0.5084,-1.992,1.8,1.81,8,8,0.3126,0.3754,3,1,0.9267,high,1
STU-2026-0254,0.0312,0.1045,3.95,3.87,0,0,0.0,0.0,0,0,0.02,low,0
STU-2026-0255,-0.0226,0.5039,3.91,4.51,0,0,0.0,0.0,0,0,0.02,low,0
STU-2026-0256,0.0283,0.3267,4.37,3.89,1,0,0.0,0.0,0,0,0.02,low,0
STU-2026-0257,-0.0771,0.2895,4.13,3.64,0,0,0.0,0.0,0,0,0.02,low,0
STU-2026-0258,-0.2231,-0.9157,2.61,2.24,7,0,0.1537,0.2006,0,0,0.6015,medium,0
STU-2026-0259,-0.0074,0.7487,4.06,4.57,1,1,0.0,0.0,0,0,0.0216,low,0
STU-2026-0260,-0.0251,0.7206,4.82,4.47,1,0,0.0,0.0,0,0,0.02,low,0
STU-2026-0261,-0.0052,-0.1177,3.84,3.88,1,0,0.0,0.0,0,0,0.02,low,0
STU-2026-0262,-0.0701,-0.9125,3.05,3.37,5,1,0.2113,0.2127,0,0,0.5623,medium,0
STU-2026-0263,-0.4882,-1.7078,1.16,1.46,8,4,0.3966,0.343,2,0,0.9662,high,1
STU-2026-0264,0.1504,0.7339,3.98,4.41,1,1,0.0,0.0,0,0,0.02,low,0
STU-2026-0265,-0.0101,0.5897,3.97,4.61,0,0,0.0,0.0,0,0,0.02,low,0
STU-2026-0266,0.0465,0.4157,3.76,4.24,1,1,0.0,0.0,0,0,0.0281,low,0
STU-2026-0267,-0.0418,0.1404,3.8,4.23,2,0,0.0,0.0,0,0,0.0221,low,0
STU-2026-0268,-0.0884,-0.679,2.61,2.84,2,1,0.1571,0.1849,0,1,0.5816,medium,0
STU-2026-0269,0.0497,0.453,3.67,4.14,0,0,0.0,0.0,0,0,0.02,low,0
STU-2026-0270,0.0021,0.8962,4.34,4.32,1,1,0.0,0.0,1,0,0.0583,low,0
STU-2026-0271,0.0646,-0.1347,4.85,5.0,0,0,0.0,0.0,0,0,0.02,low,0
STU-2026-0272,-0.2269,-0.9025,2.53,2.43,4,0,0.1982,0.1708,0,0,0.5776,medium,0
STU-2026-0273,-0.0408,0.4262,5.0,4.59,0,0,0.0,0.0,0,0,0.02,low,0
STU-2026-0274,0.1312,0.4334,4.13,4.47,3,0,0.0,0.0,0,1,0.02,low,0
STU-2026-0275,-0.1303,-0.6791,2.93,3.33,7,1,0.1956,0.2503,1,1,0.5974,medium,0
STU-2026-0276,-0.2455,-0.5792,2.95,2.64,5,1,0.1562,0.2573,1,0,0.5496,medium,0
STU-2026-0277,-0.0377,-0.1393,4.3,4.36,0,2,0.0,0.0,0,0,0.02,low,0
STU-2026-0278,0.0752,0.3859,4.1,3.76,0,0,0.0,0.0,0,0,0.02,low,0
STU-2026-0279,-0.3429,-1.7181,1.19,1.36,11,4,0.347,0.4007,2,2,0.9257,high,1
STU-2026-0280,0.0256,0.2812,3.88,3.88,0,1,0.0,0.0,0,0,0.02,low,0
STU-2026-0281,0.018,-0.0337,4.59,4.62,0,0,0.0,0.0,0,0,0.02,low,0
STU-2026-0282,0.009,0.3009,4.44,4.14,1,1,0.0,0.0,0,0,0.0465,low,0
STU-2026-0283,-0.1255,-0.8217,3.02,3.06,3,1,0.1515,0.1844,0,0,0.6065,medium,0
STU-2026-0284,-0.2359,-0.5701,2.62,2.55,3,0,0.1412,0.1872,0,0,0.5442,medium,0
STU-2026-0285,-0.4243,-2.5796,1.5,2.02,7,3,0.3561,0.4096,2,1,0.9503,high,1
STU-2026-0286,0.016,0.1791,5.0,4.4,0,0,0.0,0.0,0,1,0.0237,low,0
STU-2026-0287,-0.0301,-0.2313,4.34,4.24,1,1,0.0,0.0,0,0,0.0735,low,0
STU-2026-0288,-0.4885,-2.1643,1.34,1.32,10,4,0.3154,0.4149,2,0,0.98,high,1
STU-2026-0289,-0.0235,0.2267,3.48,3.8,1,0,0.0,0.0,0,0,0.02,low,0
STU-2026-0290,0.0156,0.0475,3.63,3.86,1,0,0.0,0.0,0,0,0.0244,low,0
STU-2026-0291,-0.2596,-0.9369,2.8,2.76,5,3,0.1626,0.2459,0,0,0.6225,medium,0
STU-2026-0292,-0.3053,-1.9579,1.0,1.24,7,2,0.3345,0.4315,3,0,0.98,high,1
STU-2026-0293,-0.2949,-0.8814,3.31,3.49,3,1,0.1806,0.2014,0,0,0.5479,medium,0
STU-2026-0294,0.0083,0.1714,4.08,4.21,0,0,0.0,0.0,0,0,0.02,low,0
STU-2026-0295,0.0121,0.3464,4.49,4.39,2,0,0.0,0.0,0,0,0.0612,low,0
STU-2026-0296,-0.0267,-0.0174,3.39,3.97,0,0,0.0,0.0,0,0,0.0294,low,0
STU-2026-0297,0.025,0.3165,4.26,3.46,1,0,0.0,0.0,0,0,0.02,low,0
STU-2026-0298,0.0446,0.745,3.92,3.97,0,0,0.0,0.0,0,0,0.0246,low,0
STU-2026-0299,-0.0043,-0.1068,3.28,3.6,0,0,0.0,0.0,0,0,0.0417,low,0
STU-2026-0300,-0.5808,-2.1481,1.28,1.59,10,2,0.3598,0.3786,1,0,0.9642,high,1
STU-2026-0301,-0.0001,0.1265,4.89,4.58,0,0,0.0,0.0,0,0,0.02,low,0
STU-2026-0302,-0.171,-0.7677,3.52,3.53,3,0,0.1535,0.1947,0,1,0.5082,medium,0
STU-2026-0303,-0.1419,-1.1035,2.8,2.92,2,1,0.1874,0.2415,1,0,0.5435,medium,0
STU-2026-0304,-0.1235,0.463,4.3,4.13,1,1,0.0,0.0,0,1,0.02,low,0
STU-2026-0305,-0.329,-2.1353,1.26,1.49,8,3,0.4019,0.361,2,2,0.9781,high,1
STU-2026-0306,-0.6455,-2.6725,1.14,1.15,8,5,0.2599,0.4281,2,0,0.9561,high,1
STU-2026-0307,0.0332,0.2933,4.46,3.86,1,1,0.0,0.0,0,0,0.02,low,0
STU-2026-0308,-0.0078,0.1739,4.77,4.78,0,0,0.0,0.0,0,0,0.02,low,0
STU-2026-0309,-0.1899,-0.2184,3.3,3.26,2,3,0.1621,0.2275,0,1,0.5173,medium,0
STU-2026-0310,-0.4832,-2.0022,1.29,1.72,14,2,0.3403,0.4144,1,0,0.98,high,1
STU-2026-0311,0.0284,0.2946,4.49,4.21,1,0,0.0,0.0,0,0,0.02,low,0
STU-2026-0312,0.0256,0.2507,4.53,4.83,0,0,0.0,0.0,0,0,0.02,low,0
STU-2026-0313,0.0181,-0.1563,4.08,4.59,1,1,0.0,0.0,0,0,0.02,low,0
STU-2026-0314,0.0198,0.4247,5.0,4.69,0,0,0.0,0.0,0,0,0.02,low,0
STU-2026-0315,0.0412,0.9505,4.29,4.45,0,0,0.0,0.0,0,0,0.0531,low,0
STU-2026-0316,-0.6666,-2.285,1.85,1.97,4,3,0.3521,0.3367,2,2,0.8843,high,1
STU-2026-0317,-0.0174,0.2017,4.5,4.56,0,0,0.0,0.0,0,0,0.02,low,0
STU-2026-0318,0.108,0.4312,4.18,4.16,1,0,0.0,0.0,0,0,0.0539,low,0
STU-2026-0319,-0.1951,-0.7634,2.48,2.67,2,1,0.1151,0.2124,1,1,0.5628,medium,0
STU-2026-0320,-0.688,-2.0046,1.48,1.51,4,8,0.3275,0.4442,2,1,0.873,high,1
STU-2026-0321,-0.0288,-0.2847,3.91,3.67,0,1,0.0,0.0,0,0,0.02,low,0
STU-2026-0322,0.0196,-0.1118,4.1,3.82,0,1,0.0,0.0,0,1,0.02,low,0
STU-2026-0323,0.0792,-0.098,4.94,5.0,0,1,0.0,0.0,0,0,0.02,low,0
STU-2026-0324,0.0706,0.0915,4.06,3.79,0,0,0.0,0.0,0,0,0.02,low,0
STU-2026-0325,0.0514,0.0173,4.45,4.43,0,0,0.0,0.0,0,0,0.02,low,0
STU-2026-0326,0.0314,-0.2038,3.93,4.28,0,0,0.0,0.0,0,0,0.0245,low,0
STU-2026-0327,0.0527,-0.0534,3.83,4.04,0,1,0.0,0.0,0,0,0.02,low,0
STU-2026-0328,0.0753,0.3102,4.28,3.9,0,0,0.0,0.0,0,0,0.02,low,0
STU-2026-0329,0.0511,0.2105,4.95,4.35,0,0,0.0,0.0,1,0,0.02,low,0
STU-2026-0330,0.0904,0.1555,5.0,5.0,0,0,0.0,0.0,0,1,0.02,low,0
STU-2026-0331,0.0414,0.5493,4.49,4.38,0,0,0.0,0.0,0,0,0.0773,low,0
STU-2026-0332,0.0512,0.4696,3.78,3.95,1,0,0.0,0.0,0,0,0.064,low,0
STU-2026-0333,-0.0566,-0.7991,3.27,3.38,1,1,0.1225,0.1515,0,0,0.5814,medium,0
STU-2026-0334,-0.03,0.5117,4.85,4.87,0,0,0.0,0.0,0,0,0.02,low,0
STU-2026-0335,-0.0228,0.3243,4.69,4.55,0,0,0.0,0.0,0,0,0.02,low,0
STU-2026-0336,0.0501,0.2086,3.84,3.9,0,0,0.0,0.0,0,0,0.0388,low,0
STU-2026-0337,0.0409,0.6207,4.07,4.07,1,0,0.0,0.0,0,0,0.0326,low,0
STU-2026-0338,0.0373,-0.0346,4.31,4.35,1,1,0.0,0.0,0,0,0.02,low,0
STU-2026-0339,-0.117,-1.0776,3.27,3.56,6,1,0.1928,0.2076,1,0,0.5415,medium,0
STU-2026-0340,-0.2215,-0.6818,2.6,2.74,7,1,0.1937,0.2942,1,0,0.5827,medium,0
STU-2026-0341,-0.0109,-1.2204,2.71,2.07,1,1,0.1576,0.2367,2,0,0.5794,medium,0
STU-2026-0342,-0.0535,-0.447,3.89,4.37,0,0,0.0,0.0,0,0,0.02,low,0
STU-2026-0343,-0.6826,-2.257,1.66,2.18,4,3,0.3786,0.3917,3,1,0.9155,high,1
STU-2026-0344,-0.0827,0.3365,3.49,3.55,0,0,0.0,0.0,0,0,0.02,low,0
STU-2026-0345,-0.0759,0.5533,4.92,4.78,3,0,0.0,0.0,0,0,0.02,low,0
STU-2026-0346,0.0004,0.4191,4.23,4.37,1,0,0.0,0.0,0,0,0.0336,low,0
STU-2026-0347,0.0024,-0.2099,4.31,4.5,0,0,0.0,0.0,0,0,0.02,low,0
STU-2026-0348,0.1075,0.4315,4.72,4.48,2,0,0.0,0.0,0,0,0.02,low,0
STU-2026-0349,-0.0533,-0.1238,3.73,4.03,2,1,0.0,0.0,0,0,0.0698,low,0
STU-2026-0350,-0.2195,-0.8479,2.96,3.45,5,1,0.1747,0.1833,0,0,0.5437,medium,0
STU-2026-0351,-0.0075,0.4332,4.71,4.73,0,0,0.0,0.0,0,0,0.02,low,0
STU-2026-0352,-0.0145,0.0061,4.02,4.84,0,1,0.0,0.0,0,0,0.02,low,0
STU-2026-0353,0.0909,0.3437,4.29,4.3,1,1,0.0,0.0,0,0,0.02,low,0
STU-2026-0354,-0.0368,0.1404,5.0,4.42,2,1,0.0,0.0,0,0,0.02,low,0
STU-2026-0355,-0.5657,-2.9248,1.44,1.74,11,4,0.4396,0.3243,2,0,0.98,high,1
STU-2026-0356,-0.0105,0.8131,4.32,4.45,0,0,0.0,0.0,0,0,0.042,low,0
STU-2026-0357,0.0568,0.6506,4.24,4.21,0,0,0.0,0.0,0,0,0.02,low,0
STU-2026-0358,0.0824,0.024,3.28,3.58,1,0,0.0,0.0,0,0,0.02,low,0
STU-2026-0359,0.0823,0.7689,4.06,4.13,0,0,0.0,0.0,0,0,0.0372,low,0
STU-2026-0360,0.0958,-0.1916,4.22,4.16,1,1,0.0,0.0,0,0,0.0319,low,0
STU-2026-0361,0.0182,0.4282,4.62,4.85,1,0,0.0,0.0,0,0,0.02,low,0
STU-2026-0362,0.0889,-0.1329,3.97,3.51,0,0,0.0,0.0,0,0,0.02,low,0
STU-2026-0363,-0.0933,-1.5147,2.41,2.89,1,0,0.1555,0.1933,0,0,0.5604,medium,0
STU-2026-0364,-0.2116,-1.0594,3.08,3.17,1,2,0.161,0.2369,0,0,0.5418,medium,0
STU-2026-0365,-0.055,-0.2851,4.33,4.6,0,0,0.0,0.0,0,0,0.02,low,0
STU-2026-0366,0.0476,0.332,4.92,4.87,1,0,0.0,0.0,0,0,0.0266,low,0
STU-2026-0367,0.0527,0.2523,4.09,4.01,2,1,0.0,0.0,0,0,0.049,low,0
STU-2026-0368,-0.1221,-0.674,2.16,2.66,0,2,0.1658,0.2099,0,0,0.4848,medium,0
STU-2026-0369,0.0943,0.1934,3.82,4.38,0,0,0.0,0.0,0,0,0.02,low,0
STU-2026-0370,0.0177,-0.1194,4.09,4.04,0,0,0.0,0.0,0,0,0.0469,low,0
STU-2026-0371,-0.1353,-0.8256,3.09,3.33,1,1,0.1797,0.1865,0,0,0.5266,medium,0
STU-2026-0372,0.0352,0.2322,4.12,4.52,1,0,0.0,0.0,0,0,0.02,low,0
STU-2026-0373,0.1067,0.2748,4.01,3.97,0,0,0.0,0.0,1,0,0.0352,low,0
STU-2026-0374,-0.0079,-0.0127,4.08,5.0,2,0,0.0,0.0,0,0,0.0384,low,0
STU-2026-0375,0.055,0.06,4.07,4.1,2,0,0.0,0.0,0,0,0.02,low,0
STU-2026-0376,0.0301,0.6414,4.02,4.18,0,0,0.0,0.0,0,0,0.02,low,0
STU-2026-0377,-0.5496,-1.9378,2.04,1.76,7,3,0.3978,0.4378,1,0,0.9737,high,1
STU-2026-0378,-0.2665,-2.1321,1.3,1.44,11,6,0.2522,0.3607,4,1,0.9465,high,1
STU-2026-0379,0.0254,0.3415,3.18,3.04,0,1,0.0,0.0,0,0,0.0238,low,0
STU-2026-0380,0.0667,0.0929,4.23,4.58,1,0,0.0,0.0,0,0,0.0259,low,0
STU-2026-0381,0.0061,0.5785,4.09,3.98,1,0,0.0,0.0,0,0,0.02,low,0
STU-2026-0382,0.0271,0.389,4.14,4.47,0,0,0.0,0.0,0,0,0.02,low,0
STU-2026-0383,0.096,0.0956,4.11,4.65,0,0,0.0,0.0,0,0,0.02,low,0
STU-2026-0384,0.0405,-0.1417,4.25,4.25,0,0,0.0,0.0,0,0,0.02,low,0
STU-2026-0385,0.1761,0.0739,3.91,3.92,0,0,0.0,0.0,0,0,0.0686,low,0
STU-2026-0386,-0.461,-2.5663,1.37,1.32,4,4,0.2744,0.4181,2,2,0.943,high,1
STU-2026-0387,-0.5672,-2.4289,1.06,1.58,7,6,0.4084,0.3954,2,0,0.9457,high,1
STU-2026-0388,-0.0065,-0.0191,4.05,4.12,0,0,0.0,0.0,0,0,0.02,low,0
STU-2026-0389,0.1267,0.3652,4.9,4.24,0,0,0.0,0.0,0,0,0.0552,low,0
STU-2026-0390,-0.2129,-0.4395,2.52,2.23,6,2,0.1433,0.2133,0,0,0.5588,medium,0
STU-2026-0391,-0.0058,-0.0842,4.32,4.14,1,0,0.0,0.0,0,0,0.02,low,0
STU-2026-0392,0.0022,0.6269,4.26,4.28,0,0,0.0,0.0,0,0,0.02,low,0
STU-2026-0393,-0.2051,-0.7387,1.76,2.12,1,2,0.246,0.1793,0,0,0.5178,medium,0
STU-2026-0394,0.0301,0.5654,4.15,4.48,0,1,0.0,0.0,0,0,0.02,low,0
STU-2026-0395,0.0018,0.283,4.67,4.56,0,0,0.0,0.0,0,0,0.02,low,0
STU-2026-0396,0.0257,0.0529,4.6,4.28,2,0,0.0,0.0,0,0,0.02,low,0
STU-2026-0397,-0.5907,-2.728,1.21,1.0,6,1,0.3008,0.4589,2,1,0.9702,high,1
STU-2026-0398,0.0799,0.0657,4.01,4.29,0,0,0.0,0.0,0,0,0.0514,low,0
STU-2026-0399,-0.038,-0.2808,4.44,4.25,0,0,0.0,0.0,0,0,0.0707,low,0
STU-2026-0400,0.0098,0.3232,4.43,4.55,0,0,0.0,0.0,0,0,0.02,low,0
STU-2026-0401,0.1261,0.1924,3.3,3.64,1,0,0.0,0.0,0,0,0.02,low,0
STU-2026-0402,0.0831,-0.4731,4.49,4.74,0,0,0.0,0.0,0,0,0.0259,low,0
STU-2026-0403,-0.0515,0.311,4.59,3.95,1,0,0.0,0.0,0,0,0.02,low,0
STU-2026-0404,-0.0051,-0.1391,3.95,4.35,1,0,0.0,0.0,1,0,0.02,low,0
STU-2026-0405,-0.0042,0.3787,4.25,4.23,0,0,0.0,0.0,0,0,0.02,low,0
STU-2026-0406,-0.004,0.0829,4.01,4.26,0,0,0.0,0.0,0,0,0.02,low,0
STU-2026-0407,-0.094,-0.4882,3.66,3.64,3,1,0.2078,0.2059,1,1,0.5286,medium,0
STU-2026-0408,0.0419,0.3484,3.69,3.54,0,0,0.0,0.0,0,0,0.02,low,0
STU-2026-0409,-0.0343,-0.3352,3.87,4.19,1,0,0.0,0.0,0,0,0.0234,low,0
STU-2026-0410,-0.1912,-0.934,2.2,2.47,4,0,0.2018,0.2112,0,1,0.6265,medium,0
STU-2026-0411,-0.0081,0.4825,4.01,3.88,1,0,0.0,0.0,0,0,0.02,low,0
STU-2026-0412,-0.2075,-1.0579,3.39,2.94,2,1,0.1566,0.2086,0,0,0.5442,medium,0
STU-2026-0413,0.12,0.4102,4.27,4.06,0,0,0.0,0.0,0,0,0.02,low,0
STU-2026-0414,0.1065,0.4257,4.8,5.0,0,0,0.0,0.0,0,0,0.02,low,0
STU-2026-0415,0.0635,0.3107,4.27,4.17,0,0,0.0,0.0,0,0,0.02,low,0
STU-2026-0416,-0.0939,-0.4045,3.34,3.53,4,0,0.1406,0.223,0,0,0.5012,medium,0
STU-2026-0417,0.0242,0.5502,4.67,4.62,1,0,0.0,0.0,1,0,0.0422,low,0
STU-2026-0418,0.0645,0.1768,4.74,4.48,0,0,0.0,0.0,0,0,0.02,low,0
STU-2026-0419,0.0454,0.3601,4.02,4.09,1,0,0.0,0.0,0,0,0.02,low,0
STU-2026-0420,-0.0257,-0.0944,3.93,3.65,1,1,0.0,0.0,0,0,0.0247,low,0
STU-2026-0421,0.031,0.2353,4.31,3.8,1,0,0.0,0.0,0,0,0.02,low,0
STU-2026-0422,-0.0089,0.2774,3.76,3.91,0,0,0.0,0.0,0,0,0.02,low,0
STU-2026-0423,0.0852,0.2909,4.39,4.0,0,0,0.0,0.0,0,0,0.02,low,0
STU-2026-0424,-0.1314,-1.2752,2.71,3.03,7,2,0.1758,0.2072,2,0,0.6047,medium,0
STU-2026-0425,-0.0348,-0.0504,4.41,4.6,1,0,0.0,0.0,0,0,0.02,low,0
STU-2026-0426,-0.0113,-0.1331,3.75,4.01,1,0,0.0,0.0,0,0,0.0446,low,0
STU-2026-0427,-0.1497,-0.6893,2.76,2.76,3,1,0.1452,0.2058,0,0,0.557,medium,0
STU-2026-0428,0.1249,0.3784,3.61,3.17,0,1,0.0,0.0,0,0,0.02,low,0
STU-2026-0429,-0.011,0.1802,4.03,4.38,0,0,0.0,0.0,0,0,0.02,low,0
STU-2026-0430,-0.0002,0.0897,3.5,3.42,0,0,0.0,0.0,0,0,0.02,low,0
STU-2026-0431,0.0235,0.3327,4.11,4.16,1,0,0.0,0.0,0,0,0.0245,low,0
STU-2026-0432,-0.0029,-0.0994,3.83,4.28,2,0,0.0,0.0,0,0,0.0399,low,0
STU-2026-0433,-0.0149,0.3828,4.59,4.41,0,0,0.0,0.0,0,0,0.02,low,0
STU-2026-0434,-0.0562,-0.0729,4.18,3.86,0,0,0.0,0.0,0,0,0.02,low,0
STU-2026-0435,-0.0812,-0.6215,2.63,2.88,2,1,0.1949,0.1837,0,0,0.4806,medium,0
STU-2026-0436,-0.0053,0.4429,4.41,4.2,0,0,0.0,0.0,0,0,0.02,low,0
STU-2026-0437,-0.06,0.1771,3.7,3.7,0,0,0.0,0.0,0,0,0.02,low,0
STU-2026-0438,-0.5854,-2.6618,2.25,2.26,7,1,0.3479,0.438,1,0,0.98,high,1
STU-2026-0439,0.0156,-0.0771,3.91,3.59,0,0,0.0,0.0,0,0,0.02,low,0
STU-2026-0440,0.0248,0.1452,4.5,4.12,2,1,0.0,0.0,0,0,0.0289,low,0
STU-2026-0441,-0.0017,0.0687,4.14,4.13,0,0,0.0,0.0,0,0,0.0252,low,0
STU-2026-0442,0.067,0.1886,4.85,4.57,0,0,0.0,0.0,0,0,0.02,low,0
STU-2026-0443,-0.006,-0.351,4.28,4.68,0,0,0.0,0.0,1,0,0.02,low,0
STU-2026-0444,0.0151,0.0527,4.34,3.96,1,0,0.0,0.0,0,0,0.061,low,0
STU-2026-0445,-0.3871,-2.061,1.89,1.89,9,8,0.3078,0.3569,2,1,0.98,high,1
STU-2026-0446,0.0554,0.0373,3.67,3.98,0,1,0.0,0.0,0,0,0.02,low,0
STU-2026-0447,0.037,0.4126,4.84,4.74,0,0,0.0,0.0,0,0,0.02,low,0
STU-2026-0448,-0.2069,-1.2234,2.58,2.78,4,0,0.1805,0.2093,0,0,0.5843,medium,0
STU-2026-0449,0.03,0.3659,3.47,3.61,0,0,0.0,0.0,0,0,0.02,low,0
STU-2026-0450,-0.3264,-2.7962,1.09,1.2,10,3,0.2726,0.3767,1,0,0.9276,high,1
STU-2026-0451,-0.2226,-0.789,2.85,2.76,6,1,0.2169,0.2181,0,0,0.6322,medium,0
STU-2026-0452,-0.1843,-1.1338,3.04,3.0,1,2,0.2088,0.1231,0,1,0.5683,medium,0
STU-2026-0453,-0.013,0.3307,4.48,4.13,1,0,0.0,0.0,0,1,0.02,low,0
STU-2026-0454,-0.0087,0.1226,3.66,3.91,0,0,0.0,0.0,0,0,0.02,low,0
STU-2026-0455,0.0186,-0.3928,4.14,3.88,0,0,0.0,0.0,0,0,0.05,low,0
STU-2026-0456,0.0815,-0.1844,4.87,4.96,2,0,0.0,0.0,0,0,0.031,low,0
STU-2026-0457,-0.0346,0.3715,3.72,3.58,1,0,0.0,0.0,0,0,0.0256,low,0
STU-2026-0458,0.0294,-0.2107,4.23,4.38,0,0,0.0,0.0,0,0,0.02,low,0
STU-2026-0459,0.0339,0.0669,4.44,4.64,0,0,0.0,0.0,0,0,0.02,low,0
STU-2026-0460,-0.7964,-1.8049,1.98,2.02,5,5,0.2745,0.4413,3,0,0.9184,high,1
STU-2026-0461,0.019,-0.0864,4.15,4.25,0,0,0.0,0.0,0,0,0.0302,low,0
STU-2026-0462,-0.1765,-0.9466,2.89,2.87,5,0,0.1712,0.2312,2,0,0.5835,medium,0
STU-2026-0463,0.0228,-0.1921,4.4,4.49,1,0,0.0,0.0,0,0,0.02,low,0
STU-2026-0464,-0.1334,-0.5616,2.68,3.1,3,1,0.1822,0.2305,0,0,0.497,medium,0
STU-2026-0465,0.0383,0.0868,4.7,4.68,2,0,0.0,0.0,0,0,0.02,low,0
STU-2026-0466,-0.0034,0.3269,4.03,4.19,0,0,0.0,0.0,0,0,0.02,low,0
STU-2026-0467,-0.1452,-0.6862,3.37,3.18,1,0,0.1315,0.2677,0,0,0.5576,medium,0
STU-2026-0468,-0.0518,-0.6864,3.24,3.4,3,0,0.2044,0.2258,2,1,0.5989,medium,0
STU-2026-0469,-0.0156,0.7077,4.54,4.9,1,1,0.0,0.0,0,0,0.0757,low,0
STU-2026-0470,-0.0576,-0.6624,1.87,2.15,4,1,0.2012,0.266,0,0,0.5671,medium,0
STU-2026-0471,0.0354,0.9555,4.58,4.63,1,0,0.0,0.0,0,0,0.0425,low,0
STU-2026-0472,-0.3312,-2.162,1.09,1.22,10,4,0.3028,0.4212,3,1,0.98,high,1
STU-2026-0473,-0.2252,-0.5277,2.72,2.49,5,2,0.149,0.2484,0,0,0.5606,medium,0
STU-2026-0474,0.0733,0.7394,4.26,4.06,0,0,0.0,0.0,0,0,0.04,low,0
STU-2026-0475,-0.0853,0.5178,4.66,4.32,0,0,0.0,0.0,1,0,0.02,low,0
STU-2026-0476,-0.1859,-1.4345,2.79,3.12,6,2,0.1635,0.2254,2,0,0.607,medium,0
STU-2026-0477,-0.1677,-0.8593,3.32,3.61,2,0,0.2065,0.1912,0,0,0.5387,medium,0
STU-2026-0478,-0.4449,-2.1231,1.82,2.0,13,8,0.393,0.4274,1,1,0.98,high,1
STU-2026-0479,0.1096,0.34,3.6,4.05,1,1,0.0,0.0,0,0,0.02,low,0
STU-2026-0480,0.0436,-0.1878,3.57,4.12,1,2,0.0,0.0,0,0,0.02,low,0
STU-2026-0481,0.0827,0.2201,4.58,5.0,0,0,0.0,0.0,0,0,0.02,low,0
STU-2026-0482,0.0851,0.1197,3.91,4.2,0,1,0.0,0.0,0,0,0.02,low,0
STU-2026-0483,-0.563,-2.5442,1.0,1.29,6,3,0.3471,0.4031,2,0,0.98,high,1
STU-2026-0484,-0.0533,0.3074,4.03,4.21,1,0,0.0,0.0,0,0,0.0331,low,0
STU-2026-0485,-0.0464,0.1529,4.34,4.55,1,0,0.0,0.0,0,0,0.0585,low,0
STU-2026-0486,-0.2715,-0.7431,2.73,3.26,1,3,0.1695,0.1534,1,0,0.5609,medium,0
STU-2026-0487,0.0696,0.5774,3.93,4.05,1,0,0.0,0.0,0,0,0.02,low,0
STU-2026-0488,0.0771,0.4446,4.47,4.18,2,0,0.0,0.0,0,0,0.0214,low,0
STU-2026-0489,0.0936,0.0696,4.22,4.13,0,0,0.0,0.0,0,0,0.02,low,0
STU-2026-0490,0.017,0.4562,3.78,3.76,0,0,0.0,0.0,0,0,0.0409,low,0
STU-2026-0491,-0.0628,0.3038,4.01,3.68,0,0,0.0,0.0,0,0,0.02,low,0
STU-2026-0492,0.0169,-0.2686,3.84,3.24,1,0,0.0,0.0,0,0,0.0438,low,0
STU-2026-0493,-0.0475,0.0302,4.06,4.32,0,0,0.0,0.0,0,0,0.02,low,0
STU-2026-0494,0.0513,0.4934,3.81,4.01,0,0,0.0,0.0,0,0,0.0261,low,0
STU-2026-0495,-0.0267,0.5157,3.93,3.95,0,0,0.0,0.0,0,0,0.02,low,0
STU-2026-0496,-0.618,-2.5445,1.15,1.49,6,1,0.2993,0.3248,1,1,0.9056,high,1
STU-2026-0497,-0.4989,-2.2554,2.16,2.19,8,4,0.432,0.3622,3,1,0.98,high,1
STU-2026-0498,-0.2205,-1.2746,2.96,3.44,7,3,0.2162,0.2304,1,0,0.6529,high,1
STU-2026-0499,-0.4819,-1.9559,1.0,1.45,7,4,0.2767,0.3709,1,1,0.9201,high,1
STU-2026-0500,-0.405,-2.5452,1.0,1.3,2,3,0.3024,0.3741,1,1,0.8899,high,1
STU-2026-0501,0.0177,0.3419,3.9,4.16,0,0,0.0,0.0,0,0,0.02,low,0
STU-2026-0502,-0.0077,0.2173,4.34,4.09,0,2,0.0,0.0,0,0,0.02,low,0
STU-2026-0503,0.0215,0.3987,3.57,3.44,1,0,0.0,0.0,0,0,0.02,low,0
STU-2026-0504,0.0029,0.2925,4.59,5.0,0,2,0.0,0.0,0,0,0.0305,low,0
STU-2026-0505,0.1126,0.3986,4.3,3.77,1,0,0.0,0.0,0,0,0.02,low,0
STU-2026-0506,-0.1241,0.2979,3.43,2.98,0,0,0.0,0.0,0,0,0.0309,low,0
STU-2026-0507,-0.028,-0.168,3.89,3.7,0,1,0.0,0.0,0,0,0.02,low,0
STU-2026-0508,0.015,0.3967,3.87,3.82,1,0,0.0,0.0,0,0,0.0715,low,0
STU-2026-0509,-0.1927,-0.7852,1.91,2.2,3,1,0.1482,0.2268,1,0,0.5911,medium,0
STU-2026-0510,-0.2048,-0.7082,2.66,2.86,3,0,0.1789,0.2387,1,0,0.5129,medium,0
STU-2026-0511,-0.2676,-0.4718,2.7,2.96,5,0,0.131,0.1914,1,0,0.5085,medium,0
STU-2026-0512,-0.1281,-0.8358,2.14,1.84,1,4,0.1807,0.2355,0,0,0.5259,medium,0
STU-2026-0513,-0.0954,-0.3423,3.51,3.59,7,0,0.2265,0.2233,0,1,0.5941,medium,0
STU-2026-0514,0.0189,0.5717,4.2,4.04,1,0,0.0,0.0,0,0,0.02,low,0
STU-2026-0515,0.0573,0.1277,3.94,3.97,0,0,0.0,0.0,0,0,0.0311,low,0
STU-2026-0516,-0.3267,-2.4764,1.42,1.7,14,3,0.3782,0.4303,2,1,0.98,high,1
STU-2026-0517,-0.1996,-0.7549,2.44,2.93,4,0,0.2115,0.2205,0,1,0.6051,medium,0
STU-2026-0518,-0.51,-1.8753,1.0,1.8,7,5,0.2268,0.4059,3,0,0.9738,high,1
STU-2026-0519,0.0114,-0.2237,4.26,4.36,0,0,0.0,0.0,0,0,0.02,low,0
STU-2026-0520,0.0638,0.3792,3.94,3.8,0,1,0.0,0.0,0,0,0.02,low,0
STU-2026-0521,0.0035,0.3863,4.29,4.68,0,1,0.0,0.0,0,1,0.02,low,0
STU-2026-0522,0.0409,0.6954,4.16,4.17,0,0,0.0,0.0,0,0,0.0284,low,0
STU-2026-0523,0.019,0.2192,4.26,4.64,0,0,0.0,0.0,0,0,0.0235,low,0
STU-2026-0524,-0.0495,0.074,4.43,4.55,0,0,0.0,0.0,0,0,0.02,low,0
STU-2026-0525,-0.4661,-2.1056,1.06,1.05,9,8,0.2983,0.4225,2,0,0.98,high,1
STU-2026-0526,-0.0143,-0.0542,3.97,4.12,1,0,0.0,0.0,0,0,0.02,low,0
STU-2026-0527,0.0807,0.0752,3.79,4.08,0,0,0.0,0.0,0,0,0.02,low,0
STU-2026-0528,-0.0001,0.2156,3.82,4.3,0,0,0.0,0.0,0,0,0.02,low,0
STU-2026-0529,0.0331,-0.0626,3.9,4.35,1,0,0.0,0.0,0,0,0.0302,low,0
STU-2026-0530,-0.0372,0.2003,4.12,3.96,2,0,0.0,0.0,1,0,0.061,low,0
STU-2026-0531,0.1504,0.2094,4.09,4.35,0,0,0.0,0.0,0,0,0.02,low,0
STU-2026-0532,0.0473,0.4054,4.19,4.34,0,0,0.0,0.0,0,0,0.022,low,0
STU-2026-0533,0.066,0.3049,3.0,3.38,0,0,0.0,0.0,0,0,0.02,low,0
STU-2026-0534,-0.0277,0.3575,4.55,4.05,0,1,0.0,0.0,0,0,0.0311,low,0
STU-2026-0535,-0.0047,0.608,4.5,4.54,1,1,0.0,0.0,0,0,0.02,low,0
STU-2026-0536,0.0575,0.1398,5.0,4.85,0,0,0.0,0.0,0,0,0.02,low,0
STU-2026-0537,-0.0592,0.2156,3.84,4.02,0,0,0.0,0.0,0,0,0.02,low,0
STU-2026-0538,-0.0047,0.3404,3.8,4.03,1,0,0.0,0.0,0,0,0.0306,low,0
STU-2026-0539,-0.6032,-1.9013,1.14,1.38,3,2,0.3091,0.4049,2,1,0.8559,high,1
STU-2026-0540,0.0352,-0.0566,4.54,4.47,0,1,0.0,0.0,0,0,0.02,low,0
STU-2026-0541,0.0565,-0.1955,3.32,3.19,1,0,0.0,0.0,0,0,0.02,low,0
STU-2026-0542,0.0219,-0.0023,3.48,3.77,0,0,0.0,0.0,0,0,0.02,low,0
STU-2026-0543,-0.0578,0.3559,3.53,3.15,0,1,0.0,0.0,0,0,0.02,low,0
STU-2026-0544,0.0482,-0.1991,4.31,4.13,0,0,0.0,0.0,0,0,0.02,low,0
STU-2026-0545,0.0175,0.6513,3.7,3.67,0,0,0.0,0.0,0,0,0.02,low,0
STU-2026-0546,-0.008,0.1078,4.36,4.3,0,0,0.0,0.0,0,1,0.0202,low,0
STU-2026-0547,0.0253,0.0979,4.11,4.3,0,1,0.0,0.0,0,0,0.02,low,0
STU-2026-0548,0.0622,0.3173,4.26,4.1,1,0,0.0,0.0,1,0,0.02,low,0
STU-2026-0549,-0.0094,0.0801,4.28,4.31,2,0,0.0,0.0,0,0,0.02,low,0
STU-2026-0550,-0.0278,0.5641,4.08,4.19,0,0,0.0,0.0,0,0,0.02,low,0
STU-2026-0551,-0.3966,-2.3737,2.23,2.68,5,3,0.4154,0.3491,2,0,0.9472,high,1
STU-2026-0552,-0.4429,-2.7019,1.58,1.8,4,1,0.2881,0.3956,2,0,0.912,high,1
STU-2026-0553,0.0019,0.0531,4.06,4.28,0,0,0.0,0.0,0,0,0.02,low,0
STU-2026-0554,-0.0706,-0.1695,4.16,4.09,1,1,0.0,0.0,0,0,0.04,low,0
STU-2026-0555,-0.1794,-0.6187,2.09,2.28,2,1,0.2632,0.1669,0,0,0.5539,medium,0
STU-2026-0556,0.019,0.4134,4.3,4.07,0,0,0.0,0.0,0,0,0.02,low,0
STU-2026-0557,0.1454,0.2839,3.84,3.3,0,0,0.0,0.0,0,0,0.02,low,0
STU-2026-0558,0.0278,-0.0622,4.26,4.59,0,0,0.0,0.0,0,0,0.02,low,0
STU-2026-0559,0.005,0.3022,4.49,4.73,1,0,0.0,0.0,0,0,0.02,low,0
STU-2026-0560,0.0604,-0.0349,4.46,4.68,2,0,0.0,0.0,0,0,0.04,low,0
STU-2026-0561,-0.0295,0.463,4.6,4.31,0,1,0.0,0.0,0,0,0.02,low,0
STU-2026-0562,0.0812,0.4215,3.53,4.43,0,0,0.0,0.0,0,0,0.02,low,0
STU-2026-0563,-0.135,-1.0724,3.3,3.06,5,3,0.2175,0.2118,0,1,0.6018,medium,0
STU-2026-0564,-0.0317,-0.0789,4.5,4.09,0,0,0.0,0.0,1,0,0.02,low,0
STU-2026-0565,0.0663,0.6843,4.33,4.14,0,0,0.0,0.0,0,0,0.0257,low,0
STU-2026-0566,-0.0323,-0.0486,4.5,3.98,0,0,0.0,0.0,0,0,0.0241,low,0
STU-2026-0567,0.0809,-0.2482,4.66,4.1,0,1,0.0,0.0,1,0,0.02,low,0
STU-2026-0568,0.097,0.1347,4.04,3.81,0,0,0.0,0.0,0,0,0.02,low,0
STU-2026-0569,0.0306,0.3812,5.0,5.0,1,0,0.0,0.0,0,0,0.0326,low,0
STU-2026-0570,-0.2472,-0.716,2.81,3.05,2,3,0.2028,0.2486,0,0,0.5187,medium,0
STU-2026-0571,0.0139,0.4034,4.12,3.95,2,0,0.0,0.0,0,0,0.02,low,0
STU-2026-0572,0.0,0.1317,4.59,4.45,0,0,0.0,0.0,0,0,0.0222,low,0
STU-2026-0573,0.0356,0.2285,3.82,3.67,0,0,0.0,0.0,0,0,0.0362,low,0
STU-2026-0574,-0.2236,-2.0238,1.54,1.31,8,2,0.3405,0.3726,3,1,0.9297,high,1
STU-2026-0575,0.0437,0.3931,3.99,3.81,0,0,0.0,0.0,0,0,0.02,low,0
STU-2026-0576,-0.1002,0.1504,4.4,3.94,0,0,0.0,0.0,0,0,0.0468,low,0
STU-2026-0577,-0.0363,0.0026,3.46,3.79,0,0,0.0,0.0,0,0,0.02,low,0
STU-2026-0578,-0.0407,0.2563,4.11,4.2,0,0,0.0,0.0,0,0,0.02,low,0
STU-2026-0579,-0.1608,-0.62,2.74,2.96,3,3,0.2233,0.197,0,0,0.5273,medium,0
STU-2026-0580,0.0488,-0.1761,3.99,4.23,0,0,0.0,0.0,0,0,0.098,low,0
STU-2026-0581,0.101,0.1666,4.56,4.45,2,0,0.0,0.0,0,0,0.0697,low,0
STU-2026-0582,-0.5294,-1.9795,2.97,2.58,7,1,0.3298,0.417,2,2,0.9591,high,1
STU-2026-0583,0.0984,0.1703,4.19,4.66,1,0,0.0,0.0,0,0,0.02,low,0
STU-2026-0584,-0.0021,-0.0617,4.52,4.57,0,0,0.0,0.0,0,1,0.02,low,0
STU-2026-0585,0.0538,-0.0444,4.05,4.6,2,0,0.0,0.0,0,0,0.02,low,0
STU-2026-0586,-0.2712,-0.7802,2.84,3.11,1,1,0.1582,0.2309,2,0,0.5361,medium,0
STU-2026-0587,0.0007,-0.0609,3.54,3.91,0,0,0.0,0.0,0,0,0.02,low,0
STU-2026-0588,-0.3205,-2.2828,1.0,1.0,7,1,0.4148,0.3555,2,0,0.9775,high,1
STU-2026-0589,0.0156,0.4643,3.54,3.35,0,0,0.0,0.0,0,0,0.0364,low,0
STU-2026-0590,-0.5955,-2.2476,1.26,1.43,7,6,0.3258,0.3886,2,2,0.9577,high,1
STU-2026-0591,0.015,0.4034,4.7,4.7,0,0,0.0,0.0,0,0,0.024,low,0
STU-2026-0592,-0.0437,0.4996,4.46,4.9,0,0,0.0,0.0,1,0,0.0388,low,0
STU-2026-0593,0.0141,0.8647,4.66,4.62,0,1,0.0,0.0,0,0,0.02,low,0
STU-2026-0594,-0.0144,0.0682,3.89,4.3,0,1,0.0,0.0,0,0,0.02,low,0
STU-2026-0595,-0.1802,-0.2097,3.47,3.4,5,1,0.1942,0.1806,2,0,0.6034,medium,0
STU-2026-0596,0.0179,0.0409,3.99,3.95,3,0,0.0,0.0,0,0,0.02,low,0
STU-2026-0597,0.0836,-0.1325,4.16,4.32,1,0,0.0,0.0,0,0,0.0455,low,0
STU-2026-0598,0.0209,0.2671,4.56,4.67,1,0,0.0,0.0,0,0,0.02,low,0
STU-2026-0599,-0.3231,-1.8303,1.6,2.09,14,2,0.2346,0.4721,3,1,0.98,high,1
STU-2026-0600,-0.0825,-0.484,2.32,2.4,3,3,0.2301,0.2441,0,0,0.5375,medium,0
STU-2026-0001,0.076,0.1563,4.12,4.09,0,1,0.0,0.0,0,0,0.02,low,0
STU-2026-0002,-0.1133,0.2899,3.78,4.22,0,0,0.0,0.0,0,0,0.02,low,0
STU-2026-0003,0.0645,0.486,4.32,4.69,0,0,0.0,0.0,0,0,0.0253,low,0
STU-2026-0004,-0.4183,-2.2888,1.48,2.03,9,6,0.2524,0.3354,1,1,0.9191,high,1
STU-2026-0005,0.0116,-0.0815,3.32,3.28,0,1,0.0,0.0,0,0,0.0595,low,0
STU-2026-0006,0.061,0.2298,3.7,4.11,0,0,0.0,0.0,0,0,0.02,low,0
STU-2026-0007,-0.0594,0.2142,4.58,4.24,0,0,0.0,0.0,0,0,0.02,low,0
STU-2026-0008,-0.5941,-2.6217,2.44,2.65,7,4,0.3586,0.4532,1,1,0.98,high,1
STU-2026-0009,-0.1876,-0.4633,3.42,3.52,4,2,0.1639,0.1962,1,0,0.5234,medium,0
STU-2026-0010,-0.2542,-0.9366,3.49,3.29,4,3,0.1984,0.1732,0,0,0.5521,medium,0
STU-2026-0011,0.0673,-0.2559,4.85,4.67,0,0,0.0,0.0,0,0,0.0248,low,0
STU-2026-0012,-0.0306,0.1758,3.65,3.43,0,0,0.0,0.0,0,0,0.02,low,0
STU-2026-0013,0.0092,0.0702,4.66,4.31,0,0,0.0,0.0,0,0,0.02,low,0
STU-2026-0014,-0.2003,-0.9292,2.74,2.99,7,1,0.1222,0.2247,0,0,0.5455,medium,0
STU-2026-0015,0.038,0.4227,4.07,4.23,0,1,0.0,0.0,0,0,0.02,low,0
STU-2026-0016,-0.1358,-0.8544,2.33,2.17,0,0,0.228,0.1948,1,0,0.5319,medium,0
STU-2026-0017,0.0028,0.0161,4.48,4.3,2,0,0.0,0.0,0,0,0.02,low,0
STU-2026-0018,0.0146,-0.24,3.88,4.66,1,0,0.0,0.0,0,0,0.02,low,0
STU-2026-0019,-0.1938,-1.2203,3.62,3.18,1,0,0.1481,0.2453,1,0,0.5415,medium,0
STU-2026-0020,-0.0603,0.0873,3.45,3.48,0,0,0.0,0.0,0,0,0.02,low,0
STU-2026-0021,-0.5956,-2.2592,1.4,1.42,6,2,0.4327,0.4241,1,0,0.9604,high,1
STU-2026-0022,0.0646,0.1939,4.1,3.74,1,1,0.0,0.0,0,0,0.0516,low,0
STU-2026-0023,0.0399,0.0782,4.45,4.41,0,0,0.0,0.0,0,0,0.0464,low,0
STU-2026-0024,-0.0335,0.2784,4.12,4.16,0,0,0.0,0.0,0,0,0.02,low,0
STU-2026-0025,0.0534,0.423,3.92,3.84,0,0,0.0,0.0,0,0,0.02,low,0
STU-2026-0026,0.0495,0.6912,4.23,4.36,0,2,0.0,0.0,0,0,0.02,low,0
STU-2026-0027,0.0067,0.3968,4.36,3.88,2,0,0.0,0.0,0,0,0.0391,low,0
STU-2026-0028,-0.0119,0.3992,4.45,4.26,0,0,0.0,0.0,0,0,0.0262,low,0
STU-2026-0029,-0.0822,0.5472,3.91,4.34,0,0,0.0,0.0,0,0,0.02,low,0
STU-2026-0030,0.0133,0.3937,4.48,4.67,0,0,0.0,0.0,0,0,0.02,low,0
STU-2026-0031,0.0251,0.3546,4.29,4.84,1,1,0.0,0.0,0,0,0.02,low,0
STU-2026-0032,0.0633,-0.0626,4.25,4.48,0,0,0.0,0.0,1,0,0.0291,low,0
STU-2026-0033,0.0111,-0.1105,4.62,4.69,0,0,0.0,0.0,0,0,0.02,low,0
STU-2026-0034,0.0196,0.4347,4.28,4.69,0,2,0.0,0.0,0,0,0.02,low,0
STU-2026-0035,-0.0075,-0.0873,3.95,4.31,2,0,0.0,0.0,0,0,0.0307,low,0
STU-2026-0036,-0.0291,0.4827,4.57,3.86,1,0,0.0,0.0,0,0,0.027,low,0
STU-2026-0037,-0.1905,-1.0371,2.72,3.05,4,0,0.201,0.2213,2,0,0.6055,medium,0
STU-2026-0038,-0.0528,-0.1431,4.98,5.0,0,0,0.0,0.0,0,0,0.02,low,0
STU-2026-0039,-0.2206,-0.8854,3.03,3.16,1,1,0.173,0.2301,0,0,0.5856,medium,0
STU-2026-0040,-0.501,-2.6424,2.28,2.26,9,8,0.3416,0.3773,1,2,0.9643,high,1
STU-2026-0041,0.0221,0.6946,4.82,4.63,1,0,0.0,0.0,0,0,0.02,low,0
STU-2026-0042,0.032,0.7814,4.47,4.67,0,0,0.0,0.0,0,0,0.02,low,0
STU-2026-0043,0.1177,0.1543,3.59,3.94,0,0,0.0,0.0,0,0,0.0247,low,0
STU-2026-0044,-0.7333,-2.7012,1.59,1.53,7,4,0.4049,0.3851,4,0,0.9735,high,1
STU-2026-0045,-0.1749,-0.6499,3.18,3.34,1,3,0.2149,0.2118,0,0,0.5193,medium,0
STU-2026-0046,0.0449,0.272,4.51,4.36,0,0,0.0,0.0,0,0,0.02,low,0
STU-2026-0047,0.1355,-0.0141,3.44,3.24,0,0,0.0,0.0,0,0,0.02,low,0
STU-2026-0048,0.0446,0.3076,4.29,4.29,0,1,0.0,0.0,0,0,0.02,low,0
STU-2026-0049,0.0819,0.6344,3.74,3.7,1,0,0.0,0.0,0,0,0.02,low,0
STU-2026-0050,0.0952,-0.652,4.35,3.64,0,0,0.0,0.0,0,0,0.086,low,0
STU-2026-0051,0.001,0.3626,4.32,4.31,0,1,0.0,0.0,0,0,0.02,low,0
STU-2026-0052,-0.0488,-0.2654,4.72,4.54,0,0,0.0,0.0,0,0,0.0225,low,0
STU-2026-0053,-0.0272,0.206,3.86,4.27,0,0,0.0,0.0,0,0,0.02,low,0
STU-2026-0054,-0.5976,-2.5108,1.0,1.3,4,2,0.4148,0.4049,2,0,0.9649,high,1
STU-2026-0055,-0.0707,0.3689,3.89,3.57,0,0,0.0,0.0,0,0,0.02,low,0
STU-2026-0056,0.0531,0.2516,3.54,3.82,0,0,0.0,0.0,0,0,0.02,low,0
STU-2026-0057,-0.0269,-0.2452,4.32,4.01,1,0,0.0,0.0,0,0,0.02,low,0
STU-2026-0058,-0.0024,0.1404,4.56,4.21,0,0,0.0,0.0,0,0,0.02,low,0
STU-2026-0059,-0.2367,-0.7367,2.96,2.93,4,2,0.1363,0.2128,0,0,0.5798,medium,0
STU-2026-0060,0.0837,0.2362,2.96,3.64,1,0,0.0,0.0,0,0,0.02,low,0
STU-2026-0061,0.0396,-0.0039,3.89,3.87,1,0,0.0,0.0,0,0,0.02,low,0
STU-2026-0062,0.0117,0.446,4.4,4.22,0,0,0.0,0.0,0,0,0.02,low,0
STU-2026-0063,0.1462,1.0792,3.91,3.82,0,0,0.0,0.0,1,0,0.02,low,0
STU-2026-0064,0.0816,-0.1116,4.66,4.86,0,0,0.0,0.0,0,0,0.02,low,0
STU-2026-0065,-0.1668,-0.8887,1.98,2.1,4,1,0.1665,0.2411,0,0,0.5691,medium,0
STU-2026-0066,-0.13,-1.0526,2.76,2.46,5,0,0.1706,0.2289,0,0,0.6219,medium,0
STU-2026-0067,-0.5135,-1.8304,1.26,1.24,12,4,0.3984,0.3068,1,2,0.9788,high,1
STU-2026-0068,0.0545,0.2071,3.63,3.62,0,0,0.0,0.0,0,0,0.02,low,0
STU-2026-0069,-0.0977,-1.1167,3.37,3.36,2,1,0.1659,0.1966,0,0,0.6167,medium,0
STU-2026-0070,0.091,-0.0175,3.58,3.57,1,2,0.0,0.0,0,0,0.02,low,0
STU-2026-0071,-0.2462,-0.7083,3.32,3.76,4,1,0.2353,0.2639,1,0,0.6138,medium,0
STU-2026-0072,0.0696,-0.0357,4.56,5.0,1,0,0.0,0.0,0,0,0.02,low,0
STU-2026-0073,-0.0896,0.2159,4.55,4.67,1,1,0.0,0.0,0,0,0.02,low,0
STU-2026-0074,0.0929,0.1922,4.19,4.31,1,0,0.0,0.0,0,0,0.02,low,0
STU-2026-0075,0.1138,0.613,3.32,3.59,0,1,0.0,0.0,1,0,0.02,low,0
STU-2026-0076,-0.2626,-0.6717,3.64,3.35,2,0,0.2023,0.15,0,0,0.5401,medium,0
STU-2026-0077,0.0473,0.3722,4.2,3.95,1,0,0.0,0.0,0,0,0.02,low,0
STU-2026-0078,0.0864,0.2867,3.73,3.39,0,1,0.0,0.0,0,0,0.02,low,0
STU-2026-0079,-0.1608,-0.5945,3.46,3.37,4,1,0.1499,0.2011,0,0,0.558,medium,0
STU-2026-0080,0.0269,0.3326,4.02,3.91,0,0,0.0,0.0,1,0,0.02,low,0
STU-2026-0081,0.0348,0.2153,5.0,4.84,0,0,0.0,0.0,0,0,0.02,low,0
STU-2026-0082,0.0125,-0.2635,4.23,4.31,0,0,0.0,0.0,0,0,0.0291,low,0
STU-2026-0083,0.0151,0.1325,3.34,3.78,1,0,0.0,0.0,0,0,0.02,low,0
STU-2026-0084,0.026,0.5375,4.45,4.69,1,1,0.0,0.0,0,0,0.02,low,0
STU-2026-0085,-0.0284,0.4405,4.15,4.58,1,0,0.0,0.0,0,0,0.02,low,0
STU-2026-0086,-0.1479,-0.8537,3.34,2.74,3,1,0.1836,0.2595,0,0,0.5445,medium,0
STU-2026-0087,-0.0493,0.1008,4.28,3.98,0,0,0.0,0.0,0,0,0.0742,low,0
STU-2026-0088,-0.187,-0.764,1.83,2.6,5,3,0.2205,0.2507,2,0,0.5814,medium,0
STU-2026-0089,0.0247,0.2902,4.35,3.79,1,0,0.0,0.0,0,0,0.0399,low,0
STU-2026-0090,0.0822,0.3362,4.87,4.99,0,0,0.0,0.0,0,0,0.03,low,0
STU-2026-0091,0.0357,0.3893,4.41,4.41,0,2,0.0,0.0,0,0,0.02,low,0
STU-2026-0092,-0.0666,-0.8766,2.37,2.53,1,4,0.1439,0.2061,0,0,0.503,medium,0
STU-2026-0093,-0.007,0.4394,4.42,4.12,0,0,0.0,0.0,0,0,0.02,low,0
STU-2026-0094,0.0654,0.1676,4.55,4.76,0,0,0.0,0.0,0,0,0.02,low,0
STU-2026-0095,-0.1873,-0.647,2.92,3.12,2,2,0.1539,0.255,0,0,0.5525,medium,0
STU-2026-0096,-0.0109,0.1221,3.49,3.68,0,0,0.0,0.0,0,0,0.02,low,0
STU-2026-0097,-0.4741,-2.1081,1.55,1.5,9,3,0.3939,0.5124,2,0,0.98,high,1
STU-2026-0098,0.0394,0.4821,4.19,4.5,0,0,0.0,0.0,0,0,0.02,low,0
STU-2026-0099,0.0128,0.0731,4.31,4.33,1,1,0.0,0.0,0,0,0.02,low,0
STU-2026-0100,-0.1735,-0.9478,3.49,3.18,4,1,0.195,0.239,0,0,0.5551,medium,0
STU-2026-0101,0.076,-0.0212,4.37,4.95,1,1,0.0,0.0,0,0,0.02,low,0
STU-2026-0102,0.035,0.2591,4.34,4.18,0,0,0.0,0.0,0,0,0.02,low,0
STU-2026-0103,0.071,0.1021,4.39,4.65,0,0,0.0,0.0,0,0,0.02,low,0
STU-2026-0104,-0.1466,-0.793,2.77,2.6,4,1,0.1929,0.2392,0,0,0.5784,medium,0
STU-2026-0105,-0.0658,-0.987,3.85,3.18,5,1,0.1203,0.1868,0,0,0.5974,medium,0
STU-2026-0106,-0.1211,-1.1537,2.93,2.41,4,1,0.1722,0.2278,0,0,0.5896,medium,0
STU-2026-0107,-0.1289,-0.6238,2.63,3.22,5,0,0.2248,0.2407,1,0,0.5554,medium,0
STU-2026-0108,0.0033,-0.0216,4.33,4.22,0,0,0.0,0.0,0,0,0.02,low,0
STU-2026-0109,0.1012,0.5339,4.61,4.59,0,0,0.0,0.0,0,0,0.02,low,0
STU-2026-0110,-0.2489,-2.5519,1.21,1.36,10,4,0.2716,0.4778,2,2,0.98,high,1
STU-2026-0111,-0.085,-0.9802,2.4,2.6,3,1,0.2047,0.2682,1,0,0.5642,medium,0
STU-2026-0112,-0.0861,-0.7419,2.46,2.72,5,1,0.2422,0.2713,2,1,0.5889,medium,0
STU-2026-0113,-0.1152,0.3324,4.3,4.39,1,0,0.0,0.0,0,0,0.023,low,0
STU-2026-0114,-0.0329,0.1081,4.38,4.44,0,0,0.0,0.0,0,0,0.02,low,0
STU-2026-0115,-0.0978,-0.8227,2.77,2.39,4,1,0.1483,0.2225,1,0,0.5283,medium,0
STU-2026-0116,0.0461,0.4812,4.92,4.8,0,0,0.0,0.0,0,0,0.02,low,0
STU-2026-0117,-0.2034,-0.494,2.6,2.43,7,1,0.1876,0.2141,1,0,0.5349,medium,0
STU-2026-0118,-0.0921,0.5206,5.0,5.0,0,0,0.0,0.0,0,0,0.02,low,0
STU-2026-0119,0.0256,0.346,3.58,3.64,0,2,0.0,0.0,0,0,0.0245,low,0
STU-2026-0120,-0.3883,-2.4139,1.78,1.44,8,4,0.3627,0.4203,2,1,0.9593,high,1
STU-2026-0121,0.0884,0.1171,4.52,4.06,1,2,0.0,0.0,0,0,0.02,low,0
STU-2026-0122,-0.1183,0.7034,3.63,4.45,2,0,0.0,0.0,0,0,0.0785,low,0
STU-2026-0123,0.0016,-0.0757,3.85,3.95,0,0,0.0,0.0,0,0,0.02,low,0
STU-2026-0124,0.0105,0.0669,4.9,4.57,1,0,0.0,0.0,0,0,0.02,low,0
STU-2026-0125,0.0711,0.2858,4.31,3.84,1,1,0.0,0.0,1,0,0.02,low,0
STU-2026-0126,0.0024,0.2422,4.75,4.23,0,1,0.0,0.0,0,0,0.033,low,0
STU-2026-0127,0.0531,0.1427,3.89,4.1,0,0,0.0,0.0,0,0,0.02,low,0
STU-2026-0128,-0.4866,-2.0643,1.19,1.46,6,2,0.3361,0.3911,1,2,0.9402,high,1
STU-2026-0129,0.0347,-0.0351,4.25,4.09,0,0,0.0,0.0,0,0,0.0603,low,0
STU-2026-0130,-0.1758,-0.8204,3.63,3.04,4,4,0.1789,0.1969,0,0,0.5211,medium,0
STU-2026-0131,0.0589,0.8887,4.86,4.15,0,0,0.0,0.0,0,0,0.02,low,0
STU-2026-0132,0.0149,0.2488,5.0,4.77,0,0,0.0,0.0,0,0,0.0888,low,0
STU-2026-0133,-0.0152,-0.1786,3.98,4.23,1,0,0.0,0.0,0,0,0.0218,low,0
STU-2026-0134,0.0317,0.9662,5.0,4.93,0,0,0.0,0.0,0,0,0.02,low,0
STU-2026-0135,-0.0582,-0.2755,3.84,4.05,0,0,0.0,0.0,0,0,0.0338,low,0
STU-2026-0136,0.1025,-0.0042,4.36,4.42,0,0,0.0,0.0,0,0,0.02,low,0
STU-2026-0137,-0.1211,-0.7214,2.73,2.47,4,1,0.1679,0.2427,0,0,0.5882,medium,0
STU-2026-0138,0.0079,0.5735,4.34,4.32,2,0,0.0,0.0,0,0,0.0313,low,0
STU-2026-0139,-0.0282,-0.1437,4.18,3.73,0,0,0.0,0.0,0,0,0.02,low,0
STU-2026-0140,-0.0457,0.2046,4.11,3.73,0,0,0.0,0.0,0,0,0.02,low,0
STU-2026-0141,0.032,-0.2219,3.72,3.03,0,0,0.0,0.0,0,0,0.0615,low,0
STU-2026-0142,-0.1329,-0.9969,2.93,3.51,5,1,0.1815,0.2289,1,1,0.61,medium,0
STU-2026-0143,0.0392,0.6117,4.0,3.48,0,1,0.0,0.0,0,0,0.02,low,0
STU-2026-0144,0.1123,0.2827,4.09,4.16,0,0,0.0,0.0,0,0,0.02,low,0
STU-2026-0145,-0.0581,0.0857,4.45,4.52,1,1,0.0,0.0,0,0,0.02,low,0
STU-2026-0146,-0.4786,-2.1985,1.0,1.26,8,3,0.3403,0.3496,4,1,0.9258,high,1
STU-2026-0147,0.0478,0.5203,3.57,3.75,0,0,0.0,0.0,0,0,0.02,low,0
STU-2026-0148,0.0873,0.2169,4.45,4.5,1,0,0.0,0.0,0,0,0.02,low,0
STU-2026-0149,0.0527,0.2891,4.65,5.0,0,0,0.0,0.0,0,0,0.02,low,0
STU-2026-0150,-0.0338,0.3136,4.52,4.32,1,1,0.0,0.0,0,0,0.021,low,0
STU-2026-0151,0.0748,0.581,3.81,3.65,0,0,0.0,0.0,0,0,0.02,low,0
STU-2026-0152,0.0631,0.0841,4.08,4.3,1,2,0.0,0.0,0,0,0.0252,low,0
STU-2026-0153,-0.1363,-1.2165,3.14,3.08,2,3,0.1732,0.2348,0,0,0.5635,medium,0
STU-2026-0154,-0.0315,0.5954,3.98,4.21,0,0,0.0,0.0,1,0,0.02,low,0
STU-2026-0155,0.0259,0.0281,3.56,3.69,0,0,0.0,0.0,0,0,0.02,low,0
STU-2026-0156,-0.2652,-1.005,3.02,3.02,2,2,0.2108,0.217,1,0,0.5575,medium,0
STU-2026-0157,-0.2596,-1.3806,3.88,3.57,2,2,0.1944,0.2171,1,0,0.6258,medium,0
STU-2026-0158,0.0333,0.8365,4.24,4.01,0,0,0.0,0.0,0,0,0.0412,low,0
STU-2026-0159,0.0171,-0.0693,4.05,4.28,0,0,0.0,0.0,0,0,0.02,low,0
STU-2026-0160,-0.1844,-1.0584,2.79,3.17,2,3,0.2145,0.2179,1,0,0.5857,medium,0
STU-2026-0161,0.1152,-0.0184,4.8,4.32,0,0,0.0,0.0,0,0,0.02,low,0
STU-2026-0162,-0.0275,0.1537,4.38,4.85,0,0,0.0,0.0,0,0,0.02,low,0
STU-2026-0163,-0.0402,-0.1071,4.86,4.74,1,0,0.0,0.0,0,0,0.02,low,0
STU-2026-0164,-0.0246,-0.1528,4.13,4.45,1,0,0.0,0.0,0,0,0.0332,low,0
STU-2026-0165,-0.2307,-0.7741,2.76,2.97,3,1,0.2078,0.2016,1,0,0.5826,medium,0
STU-2026-0166,-0.0654,-0.8944,3.08,2.81,3,1,0.1794,0.2376,0,0,0.6256,medium,0
STU-2026-0167,0.0119,0.1877,4.75,4.92,0,1,0.0,0.0,0,0,0.02,low,0
STU-2026-0168,0.0309,0.2342,3.48,4.14,0,0,0.0,0.0,0,0,0.0352,low,0
STU-2026-0169,0.0739,-0.1536,4.07,3.84,0,0,0.0,0.0,0,0,0.0819,low,0
STU-2026-0170,0.0571,0.3142,4.68,4.39,1,0,0.0,0.0,0,0,0.02,low,0
STU-2026-0171,-0.0446,0.1228,4.28,4.09,0,0,0.0,0.0,0,0,0.02,low,0
STU-2026-0172,-0.0203,0.2964,3.87,3.69,0,0,0.0,0.0,0,0,0.02,low,0
STU-2026-0173,0.1339,0.3758,4.2,4.37,2,0,0.0,0.0,0,0,0.02,low,0
STU-2026-0174,0.0566,0.3401,4.67,4.7,0,0,0.0,0.0,1,0,0.02,low,0
STU-2026-0175,-0.0159,0.0139,4.34,4.47,0,0,0.0,0.0,0,0,0.02,low,0
STU-2026-0176,-0.042,-0.0283,3.81,3.47,3,0,0.0,0.0,1,0,0.02,low,0
STU-2026-0177,0.0381,-0.1474,3.32,3.73,0,0,0.0,0.0,0,0,0.0481,low,0
STU-2026-0178,-0.0612,0.2434,4.21,4.16,1,0,0.0,0.0,0,0,0.02,low,0
STU-2026-0179,0.0256,0.4186,4.68,4.45,0,0,0.0,0.0,0,0,0.02,low,0
STU-2026-0180,0.0454,0.1841,4.18,4.44,0,0,0.0,0.0,0,0,0.02,low,0
STU-2026-0181,0.0987,0.1701,3.28,3.8,0,0,0.0,0.0,0,0,0.02,low,0
STU-2026-0182,0.0316,0.4221,3.65,3.77,1,0,0.0,0.0,0,0,0.0688,low,0
STU-2026-0183,0.0601,0.2339,3.54,3.6,0,1,0.0,0.0,0,0,0.02,low,0
STU-2026-0184,-0.02,0.16,4.25,4.13,0,0,0.0,0.0,0,0,0.02,low,0
STU-2026-0185,-0.0107,-0.9717,3.14,2.87,2,3,0.1831,0.1781,1,1,0.5875,medium,0
STU-2026-0186,-0.4443,-2.3015,2.31,2.2,10,4,0.3635,0.4389,1,0,0.9733,high,1
STU-2026-0187,0.0314,0.3905,4.37,4.67,0,0,0.0,0.0,0,0,0.02,low,0
STU-2026-0188,-0.1453,-0.9405,2.91,2.39,2,2,0.2043,0.1924,1,1,0.5729,medium,0
STU-2026-0189,0.0554,0.1784,4.31,3.91,2,0,0.0,0.0,0,0,0.0357,low,0
STU-2026-0190,-0.0221,0.0612,4.47,4.12,0,0,0.0,0.0,0,0,0.02,low,0
STU-2026-0191,0.0176,0.223,4.32,3.63,1,0,0.0,0.0,0,0,0.02,low,0
STU-2026-0192,0.0398,0.358,3.98,3.87,0,0,0.0,0.0,0,0,0.02,low,0
STU-2026-0193,0.0709,-0.1959,4.04,4.56,1,1,0.0,0.0,0,0,0.02,low,0
STU-2026-0194,0.0074,0.1117,4.59,4.01,0,1,0.0,0.0,0,0,0.02,low,0
STU-2026-0195,-0.0332,0.3907,5.0,5.0,1,0,0.0,0.0,0,0,0.02,low,0
STU-2026-0196,-0.0929,-0.9223,3.62,3.56,5,1,0.1457,0.2192,0,0,0.5429,medium,0
STU-2026-0197,-0.0413,0.3116,4.27,4.03,0,0,0.0,0.0,0,0,0.02,low,0
STU-2026-0198,-0.0063,0.4971,3.85,3.55,0,1,0.0,0.0,0,0,0.02,low,0
STU-2026-0199,-0.0496,0.3606,4.75,4.35,0,0,0.0,0.0,0,0,0.02,low,0
STU-2026-0200,0.0092,-0.0317,5.0,5.0,0,0,0.0,0.0,0,0,0.02,low,0
STU-2026-0201,0.0428,-0.1891,4.46,4.58,1,0,0.0,0.0,0,0,0.02,low,0
STU-2026-0202,0.0511,0.084,4.03,3.94,0,0,0.0,0.0,0,0,0.02,low,0
STU-2026-0203,0.038,-0.2548,3.86,4.3,0,1,0.0,0.0,0,0,0.0232,low,0
STU-2026-0204,0.025,0.2854,3.63,4.15,0,0,0.0,0.0,1,0,0.02,low,0
STU-2026-0205,0.0854,0.1522,4.47,4.66,0,0,0.0,0.0,0,0,0.02,low,0
STU-2026-0206,-0.246,-0.6065,3.08,3.27,2,2,0.2185,0.1943,0,0,0.5511,medium,0
STU-2026-0207,-0.0346,0.1006,4.21,4.18,0,0,0.0,0.0,0,0,0.0244,low,0
STU-2026-0208,0.0339,0.2654,4.52,4.7,0,0,0.0,0.0,0,0,0.0594,low,0
STU-2026-0209,0.068,0.3854,4.05,4.11,0,0,0.0,0.0,0,0,0.0592,low,0
STU-2026-0210,-0.4902,-2.5401,1.91,1.74,4,2,0.3433,0.4289,1,1,0.9402,high,1
STU-2026-0211,0.1006,0.8149,5.0,4.92,0,0,0.0,0.0,0,0,0.02,low,0
STU-2026-0212,0.0487,0.2855,4.29,4.37,1,0,0.0,0.0,0,0,0.02,low,0
STU-2026-0213,-0.1773,-0.7613,2.88,2.84,1,1,0.238,0.2085,0,0,0.5253,medium,0
STU-2026-0214,0.0082,-0.1507,3.88,3.77,0,0,0.0,0.0,1,0,0.02,low,0
STU-2026-0215,0.0267,0.2,3.77,3.74,0,0,0.0,0.0,0,0,0.02,low,0
STU-2026-0216,0.0454,0.4319,4.75,4.38,0,0,0.0,0.0,0,0,0.02,low,0
STU-2026-0217,-0.0026,0.2421,4.42,4.29,0,1,0.0,0.0,0,0,0.02,low,0
STU-2026-0218,-0.0147,0.1879,4.12,4.22,0,0,0.0,0.0,0,0,0.0333,low,0
STU-2026-0219,0.0006,0.3052,4.36,4.49,0,0,0.0,0.0,0,0,0.02,low,0
STU-2026-0220,0.0518,-0.2577,4.88,4.07,0,2,0.0,0.0,0,0,0.0567,low,0
STU-2026-0221,-0.432,-2.6599,1.51,1.69,6,5,0.2545,0.4005,4,0,0.9333,high,1
STU-2026-0222,0.1124,0.1281,4.11,3.74,1,0,0.0,0.0,1,0,0.02,low,0
STU-2026-0223,-0.1252,-0.6383,2.99,2.94,5,4,0.2011,0.2109,0,0,0.5738,medium,0
STU-2026-0224,-0.2149,-0.8061,2.58,2.84,3,1,0.1979,0.2229,0,0,0.4877,medium,0
STU-2026-0225,0.0918,0.3451,4.17,4.85,0,0,0.0,0.0,1,1,0.0306,low,0
STU-2026-0226,-0.0219,0.4206,4.26,4.69,0,0,0.0,0.0,0,0,0.0399,low,0
STU-2026-0227,-0.0604,0.5929,4.08,4.24,0,0,0.0,0.0,0,0,0.02,low,0
STU-2026-0228,0.0911,0.172,4.19,3.77,0,0,0.0,0.0,0,0,0.051,low,0
STU-2026-0229,-0.032,0.4789,4.7,4.78,0,0,0.0,0.0,0,0,0.02,low,0
STU-2026-0230,-0.7452,-2.1831,1.41,1.41,13,1,0.386,0.4196,1,0,0.98,high,1
STU-2026-0231,-0.2129,-0.359,2.68,2.66,6,2,0.1934,0.2056,0,0,0.5987,medium,0
STU-2026-0232,-0.0084,-0.056,4.11,4.0,0,0,0.0,0.0,0,0,0.02,low,0
STU-2026-0233,-0.0163,0.4855,4.57,4.5,1,1,0.0,0.0,0,0,0.02,low,0
STU-2026-0234,-0.1083,-1.0317,3.06,2.56,2,1,0.2197,0.1789,0,0,0.5429,medium,0
STU-2026-0235,-0.0014,-0.4972,5.0,4.26,0,1,0.0,0.0,0,0,0.02,low,0
STU-2026-0236,0.0441,0.5594,4.04,3.87,0,0,0.0,0.0,1,0,0.02,low,0
STU-2026-0237,0.1489,0.1839,3.82,3.9,0,0,0.0,0.0,0,0,0.02,low,0
STU-2026-0238,-0.1937,-1.0559,3.05,2.92,1,4,0.2469,0.2723,1,1,0.5983,medium,0
STU-2026-0239,0.0285,0.0385,4.4,4.47,1,0,0.0,0.0,0,0,0.02,low,0
STU-2026-0240,0.0311,0.3027,3.16,3.6,0,0,0.0,0.0,0,0,0.0214,low,0
STU-2026-0241,0.0286,0.2543,4.21,4.09,1,0,0.0,0.0,0,0,0.0223,low,0
STU-2026-0242,0.0235,0.1262,3.61,3.71,1,0,0.0,0.0,0,0,0.02,low,0
STU-2026-0243,-0.206,-1.2955,2.58,2.38,2,1,0.2205,0.2285,0,1,0.604,medium,0
STU-2026-0244,-0.0336,0.2617,4.18,3.84,0,0,0.0,0.0,0,0,0.02,low,0
STU-2026-0245,-0.4105,-2.2179,1.37,1.32,6,2,0.42,0.4104,2,0,0.8884,high,1
STU-2026-0246,-0.1699,-2.0289,1.0,1.0,7,5,0.3526,0.4176,2,0,0.9705,high,1
STU-2026-0247,-0.0256,0.0045,4.05,4.01,0,0,0.0,0.0,0,0,0.0244,low,0
STU-2026-0248,-0.1686,-1.4964,2.39,2.32,5,0,0.2655,0.1971,1,0,0.6213,medium,0
STU-2026-0249,-0.7216,-2.4634,1.31,1.57,8,1,0.3932,0.3521,1,1,0.98,high,1
STU-2026-0250,0.0534,-0.0883,3.7,3.88,0,0,0.0,0.0,0,0,0.02,low,0
STU-2026-0251,-0.4878,-2.2836,1.54,1.84,9,5,0.3028,0.3732,2,0,0.98,high,1
STU-2026-0252,0.0598,0.3583,4.29,4.53,0,0,0.0,0.0,0,0,0.0346,low,0
STU-2026-0253,-0.4196,-2.2625,1.68,1.6,12,1,0.3157,0.4209,3,0,0.98,high,1
STU-2026-0254,-0.0316,0.4333,3.8,3.9,0,0,0.0,0.0,0,0,0.02,low,0
STU-2026-0255,0.0023,0.0221,4.33,4.25,0,0,0.0,0.0,0,0,0.02,low,0
STU-2026-0256,0.0752,0.3939,4.18,4.41,1,0,0.0,0.0,0,0,0.0366,low,0
STU-2026-0257,0.0112,0.0083,4.41,4.22,0,1,0.0,0.0,1,0,0.02,low,0
STU-2026-0258,-0.2801,-0.8853,2.46,2.76,3,1,0.246,0.2146,2,0,0.5808,medium,0
STU-2026-0259,-0.0301,0.0105,4.28,4.36,1,0,0.0,0.0,0,0,0.02,low,0
STU-2026-0260,-0.0146,0.0876,4.86,4.64,0,0,0.0,0.0,1,0,0.02,low,0
STU-2026-0261,0.0643,0.3394,4.02,3.87,1,1,0.0,0.0,0,0,0.02,low,0
STU-2026-0262,-0.1153,-0.6312,3.07,3.28,1,2,0.2037,0.2117,0,0,0.519,medium,0
STU-2026-0263,-0.3912,-2.5953,1.14,1.53,9,6,0.3603,0.4535,1,2,0.98,high,1
STU-2026-0264,0.0629,0.1776,3.99,4.12,0,0,0.0,0.0,0,0,0.0355,low,0
STU-2026-0265,0.0591,-0.2263,4.05,4.49,1,0,0.0,0.0,0,0,0.0356,low,0
STU-2026-0266,0.0201,0.1262,4.1,4.12,2,0,0.0,0.0,0,0,0.0653,low,0
STU-2026-0267,0.0579,-0.1025,4.48,4.48,0,0,0.0,0.0,0,0,0.02,low,0
STU-2026-0268,-0.134,-1.0482,2.75,2.83,4,4,0.2149,0.2659,0,0,0.6399,medium,0
STU-2026-0269,-0.0391,0.4555,3.57,3.68,2,1,0.0,0.0,0,0,0.039,low,0
STU-2026-0270,-0.0167,-0.4146,4.71,4.41,1,2,0.0,0.0,0,0,0.0524,low,0
STU-2026-0271,-0.0264,0.4224,5.0,5.0,1,1,0.0,0.0,1,0,0.02,low,0
STU-2026-0272,-0.1388,-1.063,2.92,2.61,6,1,0.2156,0.2679,0,0,0.6268,medium,0
STU-2026-0273,0.0336,0.1956,4.68,4.42,0,0,0.0,0.0,0,0,0.02,low,0
STU-2026-0274,0.0818,-0.0195,4.19,4.33,0,0,0.0,0.0,0,0,0.02,low,0
STU-2026-0275,-0.1891,-0.7962,2.93,3.29,2,1,0.1868,0.216,2,0,0.6025,medium,0
STU-2026-0276,-0.1706,-0.7215,2.44,2.34,2,2,0.1574,0.212,0,0,0.5212,medium,0
STU-2026-0277,0.0148,0.0315,4.11,4.22,0,0,0.0,0.0,0,0,0.02,low,0
STU-2026-0278,0.0475,0.0706,3.89,3.83,1,0,0.0,0.0,0,0,0.02,low,0
STU-2026-0279,-0.6492,-2.3327,1.08,1.53,7,1,0.3452,0.4963,1,2,0.98,high,1
STU-2026-0280,0.0924,0.0584,3.52,3.85,0,0,0.0,0.0,0,0,0.02,low,0
STU-2026-0281,0.1265,0.2437,4.33,4.21,0,0,0.0,0.0,0,0,0.081,low,0
STU-2026-0282,-0.0001,0.46,4.08,4.58,0,1,0.0,0.0,0,0,0.02,low,0
STU-2026-0283,-0.1673,-0.832,2.91,3.24,3,1,0.1824,0.2175,0,0,0.5195,medium,0
STU-2026-0284,-0.1763,-0.754,2.66,2.68,7,1,0.1984,0.264,1,0,0.6583,high,1
STU-2026-0285,-0.5192,-1.9929,1.46,1.54,7,1,0.4075,0.4313,2,0,0.9634,high,1
STU-2026-0286,0.0244,0.319,5.0,4.88,1,0,0.0,0.0,0,0,0.02,low,0
STU-2026-0287,0.0342,0.3252,3.79,4.52,1,0,0.0,0.0,0,0,0.0232,low,0
STU-2026-0288,-0.4499,-2.3492,1.39,1.12,9,4,0.3647,0.3215,1,0,0.9706,high,1
STU-2026-0289,0.058,-0.2077,3.66,3.89,0,0,0.0,0.0,0,0,0.02,low,0
STU-2026-0290,0.0893,0.6332,4.11,4.03,0,1,0.0,0.0,0,0,0.0408,low,0
STU-2026-0291,-0.1743,-0.9685,2.65,3.14,3,1,0.1892,0.2524,2,0,0.6281,medium,0
STU-2026-0292,-0.6333,-1.6576,1.0,1.18,5,2,0.3687,0.3371,4,2,0.8747,high,1
STU-2026-0293,-0.0788,-0.8944,3.0,2.78,6,2,0.226,0.1735,1,0,0.6143,medium,0
STU-2026-0294,0.0563,0.367,3.68,3.96,0,0,0.0,0.0,0,1,0.02,low,0
STU-2026-0295,0.1054,0.26,4.99,4.92,0,0,0.0,0.0,0,0,0.02,low,0
STU-2026-0296,-0.0068,0.6089,4.03,4.41,0,0,0.0,0.0,0,0,0.02,low,0
STU-2026-0297,-0.0429,0.4442,3.83,3.66,1,0,0.0,0.0,0,0,0.0603,low,0
STU-2026-0298,-0.0063,0.1303,3.88,4.0,1,0,0.0,0.0,0,0,0.044,low,0
STU-2026-0299,0.0494,0.0823,3.37,3.67,1,0,0.0,0.0,0,0,0.02,low,0
STU-2026-0300,-0.5207,-1.6048,1.81,1.37,10,2,0.2957,0.3765,2,0,0.98,high,1
STU-2026-0301,0.024,0.8158,4.74,4.76,0,0,0.0,0.0,0,0,0.02,low,0
STU-2026-0302,-0.1522,-0.7118,3.43,3.54,3,0,0.2206,0.2182,1,1,0.5631,medium,0
STU-2026-0303,-0.1602,-1.3844,2.84,2.71,2,2,0.1976,0.2075,0,0,0.5733,medium,0
STU-2026-0304,-0.0476,-0.1525,4.4,4.21,2,0,0.0,0.0,0,0,0.0814,low,0
STU-2026-0305,-0.1782,-2.1039,1.09,1.54,6,1,0.3497,0.3658,2,0,0.9376,high,1
STU-2026-0306,-0.567,-2.2517,1.11,1.67,9,6,0.5209,0.4169,2,1,0.98,high,1
STU-2026-0307,0.0555,0.7524,4.07,4.27,0,0,0.0,0.0,0,0,0.02,low,0
STU-2026-0308,-0.0268,0.1857,4.79,4.86,1,0,0.0,0.0,0,0,0.02,low,0
STU-2026-0309,-0.128,-1.0563,2.88,2.9,2,0,0.2104,0.1862,1,0,0.558,medium,0
STU-2026-0310,-0.4401,-1.7872,1.06,1.66,6,3,0.3671,0.3817,1,1,0.9472,high,1
STU-2026-0311,-0.0267,0.1113,4.26,4.36,0,0,0.0,0.0,0,0,0.02,low,0
STU-2026-0312,0.0126,0.3982,4.77,4.78,0,0,0.0,0.0,0,0,0.0434,low,0
STU-2026-0313,0.0145,0.397,4.29,4.53,0,0,0.0,0.0,0,0,0.02,low,0
STU-2026-0314,-0.0969,0.5545,5.0,5.0,0,0,0.0,0.0,0,0,0.02,low,0
STU-2026-0315,0.0367,0.3321,3.8,4.41,0,0,0.0,0.0,0,0,0.02,low,0
STU-2026-0316,-0.4045,-2.0838,1.9,1.71,7,5,0.3355,0.3764,2,1,0.917,high,1
STU-2026-0317,0.0097,0.3349,5.0,4.96,0,0,0.0,0.0,1,0,0.02,low,0
STU-2026-0318,0.0128,0.0465,3.63,4.15,0,0,0.0,0.0,0,0,0.02,low,0
STU-2026-0319,-0.1224,-1.08,2.65,2.59,3,2,0.1656,0.2278,0,0,0.5805,medium,0
STU-2026-0320,-0.5646,-2.2031,1.54,1.9,4,4,0.3853,0.4173,1,0,0.9637,high,1
STU-2026-0321,0.0755,0.3014,3.26,3.82,1,0,0.0,0.0,1,0,0.02,low,0
STU-2026-0322,0.0875,0.0092,3.46,3.54,0,0,0.0,0.0,0,0,0.02,low,0
STU-2026-0323,0.0085,0.1786,4.9,4.67,1,0,0.0,0.0,0,0,0.0285,low,0
STU-2026-0324,0.0645,0.3414,3.58,3.84,0,0,0.0,0.0,0,0,0.02,low,0
STU-2026-0325,0.0491,0.0813,4.04,4.24,0,0,0.0,0.0,0,0,0.028,low,0
STU-2026-0326,0.0123,0.7524,4.12,3.99,0,1,0.0,0.0,0,0,0.02,low,0
STU-2026-0327,0.0363,0.2201,4.32,4.78,0,0,0.0,0.0,0,0,0.02,low,0
STU-2026-0328,0.0041,0.1309,3.87,4.0,0,0,0.0,0.0,0,0,0.02,low,0
STU-2026-0329,0.0249,-0.3985,4.49,4.28,1,1,0.0,0.0,1,0,0.02,low,0
STU-2026-0330,0.0554,0.1872,5.0,4.84,1,0,0.0,0.0,0,0,0.0341,low,0
STU-2026-0331,-0.002,0.3225,4.41,4.5,0,0,0.0,0.0,0,0,0.02,low,0
STU-2026-0332,0.0793,0.2544,3.65,3.92,0,1,0.0,0.0,0,0,0.02,low,0
STU-2026-0333,-0.1735,-0.947,3.01,3.51,3,2,0.2109,0.1595,2,0,0.5773,medium,0
STU-2026-0334,0.06,0.0126,5.0,4.73,0,1,0.0,0.0,1,0,0.02,low,0
STU-2026-0335,0.026,-0.1868,4.1,4.55,1,0,0.0,0.0,0,0,0.08,low,0
STU-2026-0336,0.032,-0.0038,3.58,3.81,0,0,0.0,0.0,0,0,0.02,low,0
STU-2026-0337,0.0712,-0.0475,3.82,4.18,0,1,0.0,0.0,0,0,0.02,low,0
STU-2026-0338,0.1496,0.2448,4.7,4.16,0,0,0.0,0.0,0,1,0.02,low,0
STU-2026-0339,-0.1977,-1.0041,3.24,3.1,5,1,0.1713,0.2581,0,0,0.5767,medium,0
STU-2026-0340,-0.2394,-0.6389,2.85,2.66,7,3,0.1991,0.2289,0,0,0.5582,medium,0
STU-2026-0341,-0.1278,-1.1953,2.42,2.38,6,1,0.1686,0.1819,0,0,0.594,medium,0
STU-2026-0342,0.0142,-0.1092,3.85,4.18,0,0,0.0,0.0,0,0,0.0255,low,0
STU-2026-0343,-0.513,-1.9823,1.38,2.03,9,3,0.2877,0.3625,1,0,0.9205,high,1
STU-2026-0344,0.0097,0.4702,3.78,3.21,1,0,0.0,0.0,0,0,0.02,low,0
STU-2026-0345,0.0013,0.3882,4.78,4.96,2,0,0.0,0.0,1,0,0.02,low,0
STU-2026-0346,0.0347,0.1038,4.22,4.58,0,1,0.0,0.0,0,0,0.02,low,0
STU-2026-0347,0.0514,0.2457,4.34,4.29,0,0,0.0,0.0,0,0,0.02,low,0
STU-2026-0348,-0.0292,-0.0943,4.2,4.77,1,0,0.0,0.0,1,0,0.0525,low,0
STU-2026-0349,-0.0016,0.5175,4.1,4.06,0,0,0.0,0.0,0,0,0.02,low,0
STU-2026-0350,-0.108,-0.2032,2.79,2.85,3,3,0.151,0.1571,1,0,0.5208,medium,0
STU-2026-0351,0.0562,-0.0187,4.71,4.29,1,0,0.0,0.0,0,0,0.0411,low,0
STU-2026-0352,-0.0644,0.2363,3.81,4.0,1,0,0.0,0.0,0,0,0.02,low,0
STU-2026-0353,-0.0352,0.7406,4.57,4.26,1,0,0.0,0.0,0,0,0.02,low,0
STU-2026-0354,-0.0566,0.488,5.0,4.88,1,0,0.0,0.0,0,0,0.02,low,0
STU-2026-0355,-0.6049,-2.2337,1.7,1.69,8,4,0.3238,0.3879,1,2,0.957,high,1
STU-2026-0356,0.1393,0.1142,4.65,4.41,0,0,0.0,0.0,0,0,0.02,low,0
STU-2026-0357,-0.0016,0.7575,4.34,4.57,0,0,0.0,0.0,0,0,0.02,low,0
STU-2026-0358,0.0216,0.0598,4.05,3.61,0,0,0.0,0.0,0,0,0.02,low,0
STU-2026-0359,-0.0661,-0.0111,4.38,4.29,0,0,0.0,0.0,0,0,0.02,low,0
STU-2026-0360,0.0717,-0.0631,4.65,4.36,1,0,0.0,0.0,0,0,0.02,low,0
STU-2026-0361,0.0093,-0.0951,4.69,4.67,0,0,0.0,0.0,0,0,0.02,low,0
STU-2026-0362,-0.0341,0.1161,3.72,3.56,0,2,0.0,0.0,0,0,0.0362,low,0
STU-2026-0363,-0.2358,-1.054,3.06,3.06,1,1,0.177,0.2256,0,0,0.5712,medium,0
STU-2026-0364,-0.1761,-1.0986,3.51,3.19,3,4,0.1823,0.2013,0,0,0.6608,high,1
STU-2026-0365,0.0724,0.4066,4.29,4.66,0,0,0.0,0.0,0,0,0.0516,low,0
STU-2026-0366,-0.0094,0.3791,4.71,4.76,0,0,0.0,0.0,0,0,0.02,low,0
STU-2026-0367,-0.0012,0.0824,4.2,3.75,0,0,0.0,0.0,0,0,0.02,low,0
STU-2026-0368,-0.1556,-1.0509,2.75,2.59,3,2,0.2054,0.2381,0,1,0.573,medium,0
STU-2026-0369,0.0758,0.4647,3.99,4.21,3,0,0.0,0.0,0,0,0.0905,low,0
STU-2026-0370,0.1264,-0.1507,3.73,3.94,0,0,0.0,0.0,0,0,0.02,low,0
STU-2026-0371,-0.1092,-0.5676,3.45,3.12,1,2,0.1647,0.2205,1,1,0.5217,medium,0
STU-2026-0372,0.0297,0.0607,4.57,4.49,2,0,0.0,0.0,0,0,0.0262,low,0
STU-2026-0373,-0.0165,0.2492,4.21,4.3,0,0,0.0,0.0,0,0,0.02,low,0
STU-2026-0374,-0.0634,-0.0267,4.82,5.0,1,0,0.0,0.0,0,0,0.0287,low,0
STU-2026-0375,-0.0118,0.5644,4.67,4.34,0,1,0.0,0.0,0,0,0.02,low,0
STU-2026-0376,-0.0023,0.2407,4.01,3.99,0,0,0.0,0.0,0,0,0.02,low,0
STU-2026-0377,-0.404,-2.6176,2.07,1.97,4,4,0.3111,0.4178,3,0,0.9514,high,1
STU-2026-0378,-0.6506,-2.0057,1.85,1.6,11,7,0.3677,0.4305,2,1,0.98,high,1
STU-2026-0379,0.0275,-0.1841,3.3,3.19,1,0,0.0,0.0,1,0,0.0355,low,0
STU-2026-0380,0.0192,-0.1073,4.48,4.44,1,1,0.0,0.0,0,0,0.0244,low,0
STU-2026-0381,0.1051,-0.106,4.31,4.22,1,1,0.0,0.0,1,0,0.02,low,0
STU-2026-0382,-0.0699,-0.0274,4.83,4.14,0,1,0.0,0.0,0,0,0.02,low,0
STU-2026-0383,0.0601,0.3365,3.88,4.03,1,0,0.0,0.0,0,0,0.0287,low,0
STU-2026-0384,0.0409,0.1415,4.38,4.37,1,0,0.0,0.0,0,0,0.02,low,0
STU-2026-0385,-0.057,0.4868,3.54,3.72,0,0,0.0,0.0,0,0,0.02,low,0
STU-2026-0386,-0.2301,-2.2414,1.23,1.37,7,6,0.4307,0.4936,2,0,0.98,high,1
STU-2026-0387,-0.4506,-2.5633,1.29,1.71,8,2,0.3005,0.3143,1,0,0.9698,high,1
STU-2026-0388,-0.042,-0.1975,3.96,4.05,0,0,0.0,0.0,0,0,0.02,low,0
STU-2026-0389,-0.1076,0.1567,4.42,4.46,0,0,0.0,0.0,0,0,0.02,low,0
STU-2026-0390,-0.2366,-0.8002,2.27,2.27,1,2,0.2205,0.2056,0,0,0.5393,medium,0
STU-2026-0391,-0.0366,0.1442,3.48,4.28,0,1,0.0,0.0,1,0,0.02,low,0
STU-2026-0392,-0.0199,-0.0068,4.15,4.25,0,0,0.0,0.0,1,0,0.02,low,0
STU-2026-0393,-0.2374,-1.0408,1.9,2.52,6,0,0.1995,0.1876,0,0,0.6995,high,1
STU-2026-0394,0.0333,-0.1708,4.21,4.3,0,0,0.0,0.0,0,0,0.02,low,0
STU-2026-0395,0.0222,0.0397,4.93,4.37,0,0,0.0,0.0,0,0,0.0368,low,0
STU-2026-0396,-0.01,0.0903,4.47,4.37,0,0,0.0,0.0,0,0,0.02,low,0
STU-2026-0397,-0.5993,-2.3996,1.0,1.0,12,4,0.3235,0.3316,3,2,0.98,high,1
STU-2026-0398,0.1455,0.1066,4.57,4.3,1,0,0.0,0.0,0,0,0.02,low,0
STU-2026-0399,0.0243,0.123,4.1,4.65,0,1,0.0,0.0,0,0,0.02,low,0
STU-2026-0400,0.0092,0.5554,4.91,4.52,0,1,0.0,0.0,0,0,0.02,low,0
STU-2026-0401,-0.0023,-0.0754,3.18,3.59,0,0,0.0,0.0,0,0,0.0626,low,0
STU-2026-0402,0.0242,0.1862,4.2,4.6,0,0,0.0,0.0,0,0,0.02,low,0
STU-2026-0403,0.0756,0.466,4.49,4.44,0,0,0.0,0.0,0,0,0.02,low,0
STU-2026-0404,0.0689,0.0643,4.43,4.17,0,0,0.0,0.0,0,0,0.02,low,0
STU-2026-0405,0.1119,-0.0898,4.35,4.09,0,0,0.0,0.0,0,0,0.02,low,0
STU-2026-0406,0.0523,0.2913,4.42,4.13,1,1,0.0,0.0,0,0,0.02,low,0
STU-2026-0407,-0.165,-1.0555,2.87,3.25,4,1,0.1799,0.1976,1,0,0.5716,medium,0
STU-2026-0408,0.0785,0.2693,3.98,3.94,0,0,0.0,0.0,0,0,0.02,low,0
STU-2026-0409,0.0271,0.5977,4.18,4.21,0,0,0.0,0.0,0,0,0.02,low,0
STU-2026-0410,-0.1688,-0.324,2.38,2.56,5,2,0.2149,0.2194,0,0,0.5163,medium,0
STU-2026-0411,0.0762,0.3417,4.5,3.97,1,0,0.0,0.0,0,0,0.02,low,0
STU-2026-0412,-0.2257,-0.8171,3.31,2.98,4,2,0.1541,0.2022,0,0,0.5116,medium,0
STU-2026-0413,0.1058,0.5616,3.98,4.33,0,0,0.0,0.0,0,0,0.0427,low,0
STU-2026-0414,-0.0406,-0.1734,4.32,4.81,0,0,0.0,0.0,0,0,0.02,low,0
STU-2026-0415,-0.0496,0.4837,4.1,4.37,0,0,0.0,0.0,0,0,0.02,low,0
STU-2026-0416,-0.1362,-1.0685,3.11,3.21,1,1,0.1951,0.214,0,0,0.5073,medium,0
STU-2026-0417,0.0132,0.2411,4.65,4.21,0,0,0.0,0.0,0,0,0.02,low,0
STU-2026-0418,-0.0823,0.3606,4.6,4.33,1,1,0.0,0.0,0,0,0.0261,low,0
STU-2026-0419,0.0066,-0.3987,3.77,4.04,1,0,0.0,0.0,0,0,0.02,low,0
STU-2026-0420,-0.0384,0.1067,3.44,3.77,0,0,0.0,0.0,0,0,0.02,low,0
STU-2026-0421,0.0418,-0.1086,4.09,4.67,0,1,0.0,0.0,1,0,0.02,low,0
STU-2026-0422,-0.0215,0.4606,4.12,3.93,2,0,0.0,0.0,0,0,0.02,low,0
STU-2026-0423,-0.0838,0.1985,4.41,4.5,0,1,0.0,0.0,0,0,0.02,low,0
STU-2026-0424,-0.1359,-0.6861,2.85,2.96,5,0,0.1968,0.2195,0,0,0.5957,medium,0
STU-2026-0425,-0.0541,0.3702,4.13,4.43,0,0,0.0,0.0,0,0,0.02,low,0
STU-2026-0426,0.0166,0.4222,3.93,3.92,1,1,0.0,0.0,1,0,0.032,low,0
STU-2026-0427,-0.1511,-0.6642,2.91,3.12,3,2,0.19,0.2362,0,0,0.572,medium,0
STU-2026-0428,-0.0937,0.4565,3.52,3.56,0,0,0.0,0.0,0,0,0.02,low,0
STU-2026-0429,0.0491,0.3132,4.53,4.46,0,0,0.0,0.0,0,0,0.02,low,0
STU-2026-0430,0.0534,0.0069,3.8,3.65,0,0,0.0,0.0,0,0,0.0487,low,0
STU-2026-0431,-0.0526,0.0638,4.0,4.53,0,0,0.0,0.0,0,0,0.02,low,0
STU-2026-0432,0.018,0.0848,3.96,4.08,1,0,0.0,0.0,0,0,0.0536,low,0
STU-2026-0433,0.0083,0.3346,4.53,4.68,0,1,0.0,0.0,0,0,0.02,low,0
STU-2026-0434,0.0429,0.1035,4.45,4.55,1,0,0.0,0.0,0,0,0.02,low,0
STU-2026-0435,-0.2215,-0.5315,3.44,2.94,2,4,0.2234,0.2094,1,0,0.5538,medium,0
STU-2026-0436,0.0771,0.0817,4.49,4.34,0,0,0.0,0.0,0,0,0.02,low,0
STU-2026-0437,0.0596,0.1216,4.0,4.18,1,0,0.0,0.0,0,0,0.02,low,0
STU-2026-0438,-0.3847,-2.9977,1.92,2.24,6,3,0.4252,0.3891,3,1,0.98,high,1
STU-2026-0439,0.0267,0.1323,3.69,3.85,0,2,0.0,0.0,0,0,0.02,low,0
STU-2026-0440,0.0545,-0.0976,4.62,4.57,1,0,0.0,0.0,0,0,0.02,low,0
STU-2026-0441,-0.0142,0.0933,3.55,4.06,0,2,0.0,0.0,0,0,0.02,low,0
STU-2026-0442,0.0483,0.1904,4.62,4.37,0,0,0.0,0.0,0,0,0.02,low,0
STU-2026-0443,0.0116,0.6298,4.14,4.46,0,0,0.0,0.0,0,0,0.02,low,0
STU-2026-0444,-0.0679,0.8184,4.57,4.36,0,1,0.0,0.0,1,0,0.02,low,0
STU-2026-0445,-0.5891,-2.2159,2.06,1.96,2,4,0.3116,0.4178,2,2,0.876,high,1
STU-2026-0446,0.0708,0.4421,3.52,3.63,2,0,0.0,0.0,0,0,0.02,low,0
STU-2026-0447,0.0032,0.2995,4.68,4.38,0,0,0.0,0.0,0,0,0.02,low,0
STU-2026-0448,-0.1407,-0.9767,2.12,2.63,7,1,0.1911,0.207,0,0,0.5827,medium,0
STU-2026-0449,0.0156,0.5759,2.87,3.31,0,0,0.0,0.0,0,0,0.02,low,0
STU-2026-0450,-0.5658,-1.7294,1.0,1.33,4,4,0.3719,0.46,1,1,0.9708,high,1
STU-2026-0451,-0.0938,-1.0141,2.92,2.83,7,1,0.1514,0.2127,0,1,0.6178,medium,0
STU-2026-0452,-0.1144,-0.9828,3.08,3.17,4,1,0.1655,0.2398,1,0,0.6043,medium,0
STU-2026-0453,0.0248,-0.1448,3.79,4.05,1,0,0.0,0.0,0,0,0.02,low,0
STU-2026-0454,-0.014,-0.0481,4.02,4.06,0,0,0.0,0.0,0,0,0.02,low,0
STU-2026-0455,0.0072,0.3602,4.42,4.37,0,0,0.0,0.0,0,0,0.02,low,0
STU-2026-0456,0.1022,0.1459,4.68,4.96,1,1,0.0,0.0,0,0,0.0422,low,0
STU-2026-0457,0.1333,0.7411,3.17,3.51,0,0,0.0,0.0,0,0,0.02,low,0
STU-2026-0458,0.0146,0.0463,4.06,4.11,2,0,0.0,0.0,0,0,0.0652,low,0
STU-2026-0459,0.0653,0.2982,4.63,4.63,0,0,0.0,0.0,0,0,0.02,low,0
STU-2026-0460,-0.4381,-2.4858,1.71,1.78,6,5,0.4681,0.4624,2,0,0.98,high,1
STU-2026-0461,0.0519,0.4755,4.52,4.54,0,1,0.0,0.0,0,0,0.021,low,0
STU-2026-0462,-0.1257,-0.8296,2.93,3.22,5,0,0.1802,0.1766,0,0,0.5975,medium,0
STU-2026-0463,-0.0206,0.1501,4.62,4.32,0,0,0.0,0.0,0,0,0.02,low,0
STU-2026-0464,-0.1223,-0.4228,3.33,2.65,4,0,0.2192,0.241,0,0,0.5092,medium,0
STU-2026-0465,0.0977,-0.2204,4.59,4.7,0,0,0.0,0.0,0,0,0.02,low,0
STU-2026-0466,-0.0266,-0.1574,3.71,3.68,1,0,0.0,0.0,1,0,0.02,low,0
STU-2026-0467,-0.1498,-0.8905,3.49,3.67,3,2,0.1431,0.2476,1,1,0.5889,medium,0
STU-2026-0468,-0.0976,-0.746,3.49,3.6,3,1,0.1397,0.1923,0,0,0.5553,medium,0
STU-2026-0469,-0.0034,0.2172,4.81,4.86,0,0,0.0,0.0,1,0,0.061,low,0
STU-2026-0470,-0.1533,-1.1959,2.04,1.82,1,1,0.1745,0.2271,1,0,0.5061,medium,0
STU-2026-0471,-0.041,0.1512,4.63,5.0,1,0,0.0,0.0,1,0,0.0717,low,0
STU-2026-0472,-0.4307,-2.1574,1.0,1.25,11,3,0.3892,0.4699,4,1,0.98,high,1
STU-2026-0473,-0.1475,-1.3238,1.95,2.68,4,4,0.221,0.2338,1,0,0.6167,medium,0
STU-2026-0474,0.0683,-0.1319,3.97,3.98,1,0,0.0,0.0,0,0,0.02,low,0
STU-2026-0475,-0.0051,0.1952,4.28,4.43,0,0,0.0,0.0,1,0,0.02,low,0
STU-2026-0476,-0.1607,-1.0401,3.27,2.59,4,2,0.192,0.2589,1,0,0.6296,medium,0
STU-2026-0477,-0.1083,-0.7361,3.55,3.65,0,1,0.2326,0.1905,0,0,0.5014,medium,0
STU-2026-0478,-0.6058,-2.1926,1.7,2.31,5,1,0.2903,0.5104,4,0,0.9497,high,1
STU-2026-0479,0.0796,0.3313,3.72,3.68,1,0,0.0,0.0,0,0,0.02,low,0
STU-2026-0480,0.0106,0.4408,3.99,4.2,0,0,0.0,0.0,0,0,0.0446,low,0
STU-2026-0481,0.0184,0.3443,4.94,5.0,1,2,0.0,0.0,0,0,0.02,low,0
STU-2026-0482,0.0076,0.0411,4.29,4.23,0,1,0.0,0.0,0,0,0.02,low,0
STU-2026-0483,-0.6669,-2.3784,1.0,1.21,8,3,0.3748,0.4136,2,0,0.9466,high,1
STU-2026-0484,0.0354,0.3366,4.33,4.22,1,1,0.0,0.0,0,0,0.0447,low,0
STU-2026-0485,-0.0138,0.1953,4.27,4.03,0,0,0.0,0.0,0,0,0.02,low,0
STU-2026-0486,-0.0846,-1.0283,2.74,2.95,6,2,0.1793,0.2271,1,1,0.5843,medium,0
STU-2026-0487,-0.0389,0.3396,3.74,3.92,0,0,0.0,0.0,0,0,0.02,low,0
STU-2026-0488,0.0353,0.2112,3.99,4.57,0,0,0.0,0.0,0,0,0.02,low,0
STU-2026-0489,0.0304,0.0174,4.77,4.13,0,0,0.0,0.0,0,0,0.0259,low,0
STU-2026-0490,0.0336,0.4263,3.63,3.74,0,0,0.0,0.0,0,0,0.0569,low,0
STU-2026-0491,0.0746,0.2733,4.1,4.33,0,0,0.0,0.0,0,0,0.0516,low,0
STU-2026-0492,-0.0259,-0.0041,3.46,3.02,0,0,0.0,0.0,0,0,0.02,low,0
STU-2026-0493,0.0428,0.273,4.04,4.18,0,0,0.0,0.0,0,1,0.02,low,0
STU-2026-0494,-0.0214,0.2766,3.94,4.17,0,1,0.0,0.0,0,0,0.02,low,0
STU-2026-0495,0.0663,0.1289,3.41,3.85,0,0,0.0,0.0,0,0,0.02,low,0
STU-2026-0496,-0.6057,-2.1846,1.06,1.39,12,4,0.3424,0.4643,1,0,0.98,high,1
STU-2026-0497,-0.4636,-1.9194,2.1,2.11,5,3,0.4486,0.2993,1,1,0.9178,high,1
STU-2026-0498,-0.1982,-0.7169,3.29,3.28,5,1,0.1837,0.2303,0,0,0.6036,medium,0
STU-2026-0499,-0.5356,-2.2095,1.41,1.51,13,7,0.2633,0.4385,1,0,0.98,high,1
STU-2026-0500,-0.4947,-2.3463,1.05,1.0,5,2,0.3884,0.4241,2,0,0.9721,high,1
STU-2026-0501,-0.0046,0.2851,3.81,3.72,0,0,0.0,0.0,0,0,0.02,low,0
STU-2026-0502,-0.0579,0.1391,4.01,4.02,0,1,0.0,0.0,0,0,0.0206,low,0
STU-2026-0503,0.05,0.0046,3.61,3.63,0,0,0.0,0.0,0,0,0.02,low,0
STU-2026-0504,-0.0295,0.0169,4.17,4.81,0,0,0.0,0.0,0,0,0.02,low,0
STU-2026-0505,-0.046,0.0321,3.58,3.66,0,0,0.0,0.0,0,0,0.02,low,0
STU-2026-0506,-0.0524,-0.1078,4.05,3.06,0,1,0.0,0.0,0,0,0.02,low,0
STU-2026-0507,0.0555,0.1013,4.03,3.74,0,1,0.0,0.0,0,0,0.02,low,0
STU-2026-0508,0.0362,0.1668,4.49,4.33,0,1,0.0,0.0,1,0,0.02,low,0
STU-2026-0509,-0.0912,-0.8321,1.98,2.06,4,2,0.1565,0.2465,0,0,0.5804,medium,0
STU-2026-0510,-0.165,-1.2601,2.57,2.89,3,1,0.1103,0.2316,0,0,0.5842,medium,0
STU-2026-0511,-0.1193,-0.2286,2.78,3.16,2,0,0.1431,0.1595,0,0,0.5287,medium,0
STU-2026-0512,-0.1945,-0.8683,2.35,2.32,4,1,0.1865,0.2168,0,0,0.5851,medium,0
STU-2026-0513,-0.2173,-1.2213,3.57,3.83,7,0,0.2133,0.1897,0,0,0.5946,medium,0
STU-2026-0514,0.0636,0.1646,4.45,4.37,1,0,0.0,0.0,1,0,0.0231,low,0
STU-2026-0515,0.0772,-0.1984,3.87,3.73,0,0,0.0,0.0,0,0,0.02,low,0
STU-2026-0516,-0.4408,-2.7069,1.42,1.42,13,4,0.2882,0.3623,1,0,0.98,high,1
STU-2026-0517,-0.1221,-1.2382,3.46,3.1,5,3,0.1855,0.2451,0,0,0.603,medium,0
STU-2026-0518,-0.6294,-2.0905,1.0,1.38,11,3,0.3132,0.4902,2,0,0.98,high,1
STU-2026-0519,0.0702,0.1396,4.12,4.48,0,0,0.0,0.0,0,0,0.02,low,0
STU-2026-0520,0.0491,0.3043,3.92,3.9,0,1,0.0,0.0,0,0,0.02,low,0
STU-2026-0521,0.0628,0.1936,4.0,4.4,0,0,0.0,0.0,0,0,0.02,low,0
STU-2026-0522,-0.0788,-0.2134,3.84,3.81,0,0,0.0,0.0,1,0,0.02,low,0
STU-2026-0523,0.0393,-0.1373,4.21,4.52,0,0,0.0,0.0,1,1,0.02,low,0
STU-2026-0524,0.0001,0.239,4.51,4.74,1,0,0.0,0.0,0,0,0.02,low,0
STU-2026-0525,-0.3377,-2.6663,1.0,1.0,10,5,0.3741,0.3812,4,0,0.9632,high,1
STU-2026-0526,-0.0156,0.4212,4.29,4.1,0,0,0.0,0.0,0,0,0.02,low,0
STU-2026-0527,-0.0319,0.0677,4.11,3.95,0,0,0.0,0.0,0,0,0.02,low,0
STU-2026-0528,-0.0476,0.2859,4.21,4.0,0,0,0.0,0.0,0,0,0.02,low,0
STU-2026-0529,0.0358,0.1076,3.86,4.03,1,1,0.0,0.0,0,0,0.02,low,0
STU-2026-0530,0.0495,0.1725,4.08,4.02,1,1,0.0,0.0,0,0,0.02,low,0
STU-2026-0531,0.1177,0.2213,3.79,3.94,0,0,0.0,0.0,0,0,0.0326,low,0
STU-2026-0532,0.1414,-0.0965,4.01,4.7,1,1,0.0,0.0,0,0,0.02,low,0
STU-2026-0533,0.0453,0.7253,3.72,3.11,3,1,0.0,0.0,0,0,0.0455,low,0
STU-2026-0534,0.0172,0.2918,4.46,4.48,0,1,0.0,0.0,0,0,0.02,low,0
STU-2026-0535,0.0533,-0.0179,4.43,3.92,0,1,0.0,0.0,0,0,0.0283,low,0
STU-2026-0536,0.0159,0.5952,4.98,4.78,0,0,0.0,0.0,0,0,0.02,low,0
STU-2026-0537,0.047,0.3517,3.98,4.05,1,0,0.0,0.0,0,0,0.02,low,0
STU-2026-0538,0.0739,0.4352,3.59,3.8,0,0,0.0,0.0,0,0,0.0305,low,0
STU-2026-0539,-0.3806,-2.7714,1.43,1.3,5,3,0.3339,0.4128,2,0,0.943,high,1
STU-2026-0540,0.0187,0.2957,3.93,4.13,0,0,0.0,0.0,0,0,0.0324,low,0
STU-2026-0541,-0.0076,-0.1697,3.69,3.7,0,2,0.0,0.0,0,0,0.02,low,0
STU-2026-0542,0.0364,0.2133,3.73,3.84,0,0,0.0,0.0,1,0,0.02,low,0
STU-2026-0543,0.0164,0.3161,3.64,3.04,0,0,0.0,0.0,0,0,0.02,low,0
STU-2026-0544,0.0455,0.2173,4.3,4.0,0,0,0.0,0.0,0,0,0.02,low,0
STU-2026-0545,0.0402,-0.1904,3.3,3.52,0,1,0.0,0.0,0,0,0.0286,low,0
STU-2026-0546,0.0055,0.4052,4.87,4.8,0,0,0.0,0.0,0,0,0.02,low,0
STU-2026-0547,0.043,0.4428,4.32,4.33,0,0,0.0,0.0,0,0,0.02,low,0
STU-2026-0548,0.0679,0.3349,4.5,4.24,1,0,0.0,0.0,0,0,0.02,low,0
STU-2026-0549,0.0248,0.7374,4.32,4.37,0,0,0.0,0.0,0,0,0.02,low,0
STU-2026-0550,-0.0031,0.2731,4.23,4.26,1,1,0.0,0.0,0,0,0.02,low,0
STU-2026-0551,-0.3228,-1.8657,1.92,2.41,6,1,0.2885,0.4934,4,0,0.923,high,1
STU-2026-0552,-0.4049,-1.9523,1.37,1.65,6,5,0.3502,0.3838,3,1,0.874,high,1
STU-2026-0553,0.0651,0.4897,3.91,3.97,0,0,0.0,0.0,0,0,0.02,low,0
STU-2026-0554,0.0203,0.8899,3.96,4.16,1,0,0.0,0.0,0,0,0.02,low,0
STU-2026-0555,-0.2768,-0.6765,2.01,2.09,4,0,0.2474,0.2227,1,0,0.5771,medium,0
STU-2026-0556,0.0912,0.4672,4.32,4.63,1,0,0.0,0.0,0,0,0.021,low,0
STU-2026-0557,-0.0036,0.3698,3.79,3.85,0,1,0.0,0.0,0,0,0.02,low,0
STU-2026-0558,0.0591,0.0355,4.87,4.44,0,1,0.0,0.0,0,0,0.02,low,0
STU-2026-0559,0.0432,0.0732,4.55,4.76,1,0,0.0,0.0,0,0,0.0644,low,0
STU-2026-0560,-0.0345,0.2794,3.87,4.46,0,1,0.0,0.0,0,0,0.0614,low,0
STU-2026-0561,0.1127,-0.0522,4.23,4.29,0,1,0.0,0.0,0,0,0.02,low,0
STU-2026-0562,0.0643,0.2555,4.34,4.17,0,0,0.0,0.0,0,0,0.02,low,0
STU-2026-0563,-0.1511,-1.2952,3.43,2.89,2,2,0.1908,0.2148,0,0,0.5535,medium,0
STU-2026-0564,0.0177,-0.2904,4.36,4.47,0,0,0.0,0.0,0,0,0.02,low,0
STU-2026-0565,0.0886,0.1306,4.05,4.27,1,0,0.0,0.0,0,0,0.0223,low,0
STU-2026-0566,-0.006,0.1234,4.0,4.19,0,0,0.0,0.0,0,0,0.02,low,0
STU-2026-0567,0.0336,0.2942,3.49,4.0,0,0,0.0,0.0,0,0,0.02,low,0
STU-2026-0568,0.0128,0.6491,3.9,3.86,1,0,0.0,0.0,0,0,0.02,low,0
STU-2026-0569,0.0013,0.1381,5.0,5.0,0,1,0.0,0.0,0,0,0.02,low,0
STU-2026-0570,-0.1883,-0.4797,3.08,3.01,2,2,0.1733,0.1875,0,1,0.5009,medium,0
STU-2026-0571,0.0226,0.2465,3.96,4.0,0,0,0.0,0.0,0,0,0.02,low,0
STU-2026-0572,0.0018,0.3804,4.71,4.43,0,0,0.0,0.0,0,0,0.0505,low,0
STU-2026-0573,0.0858,-0.0505,3.67,3.97,0,1,0.0,0.0,0,0,0.0496,low,0
STU-2026-0574,-0.5537,-2.5239,1.0,1.36,6,5,0.3579,0.4487,3,0,0.9482,high,1
STU-2026-0575,0.012,0.308,4.35,3.93,1,0,0.0,0.0,1,0,0.0238,low,0
STU-2026-0576,-0.0385,-0.1697,4.36,4.08,0,0,0.0,0.0,0,0,0.0249,low,0
STU-2026-0577,-0.0116,0.0227,3.96,3.58,1,0,0.0,0.0,0,0,0.0524,low,0
STU-2026-0578,-0.0188,0.3685,4.09,4.04,0,0,0.0,0.0,0,0,0.0223,low,0
STU-2026-0579,-0.1885,-0.8296,2.69,2.94,3,3,0.1855,0.1553,1,1,0.5419,medium,0
STU-2026-0580,-0.0422,0.4004,4.47,4.29,0,0,0.0,0.0,0,0,0.02,low,0
STU-2026-0581,0.0279,0.1913,4.65,4.72,0,0,0.0,0.0,0,0,0.02,low,0
STU-2026-0582,-0.4805,-2.1253,2.41,2.7,9,2,0.2736,0.3297,4,1,0.9464,high,1
STU-2026-0583,0.1254,0.2099,4.6,4.35,0,0,0.0,0.0,0,0,0.0409,low,0
STU-2026-0584,0.0543,0.6167,4.68,4.37,0,0,0.0,0.0,0,0,0.0327,low,0
STU-2026-0585,-0.0126,-0.0015,4.4,4.59,0,0,0.0,0.0,0,0,0.02,low,0
STU-2026-0586,-0.0582,-1.1623,2.72,2.75,0,0,0.1539,0.1945,0,0,0.5424,medium,0
STU-2026-0587,-0.1002,0.3845,3.78,3.64,0,0,0.0,0.0,0,0,0.02,low,0
STU-2026-0588,-0.3892,-2.1712,1.0,1.0,9,3,0.3685,0.3525,2,0,0.9602,high,1
STU-2026-0589,-0.0512,0.1279,2.98,3.64,2,0,0.0,0.0,0,0,0.02,low,0
STU-2026-0590,-0.3469,-2.0019,1.29,1.1,10,6,0.399,0.3856,1,0,0.9722,high,1
STU-2026-0591,-0.0745,-0.2647,4.81,4.78,0,0,0.0,0.0,0,0,0.02,low,0
STU-2026-0592,0.0519,0.1628,4.63,4.55,0,0,0.0,0.0,0,0,0.02,low,0
STU-2026-0593,0.1154,-0.0922,4.62,4.52,1,0,0.0,0.0,0,0,0.02,low,0
STU-2026-0594,-0.0257,-0.3613,3.96,4.7,1,1,0.0,0.0,0,0,0.0366,low,0
STU-2026-0595,-0.3065,-1.1205,3.48,3.85,0,1,0.2567,0.1748,1,0,0.5475,medium,0
STU-2026-0596,0.046,0.5418,3.98,4.01,1,0,0.0,0.0,0,0,0.0567,low,0
STU-2026-0597,-0.062,0.2067,3.85,4.39,0,0,0.0,0.0,0,0,0.02,low,0
STU-2026-0598,0.0379,0.1365,4.58,4.4,0,0,0.0,0.0,0,0,0.0237,low,0
STU-2026-0599,-0.4765,-2.3434,1.71,1.76,14,1,0.3187,0.4825,1,0,0.9753,high,1
STU-2026-0600,-0.2029,-0.9652,2.89,2.47,3,0,0.1388,0.1987,1,0,0.5724,medium,0
STU-2026-0001,0.0631,0.177,4.47,4.09,0,0,0.0,0.0,0,0,0.02,low,0
STU-2026-0002,-0.0415,0.1308,3.91,4.07,1,0,0.0,0.0,0,0,0.0301,low,0
STU-2026-0003,0.07,-0.0611,4.67,4.29,0,0,0.0,0.0,0,0,0.02,low,0
STU-2026-0004,-0.32,-1.8003,1.59,1.65,6,5,0.4054,0.3681,2,0,0.8835,high,1
STU-2026-0005,0.0359,0.1155,3.71,3.42,2,1,0.0,0.0,0,0,0.0436,low,0
STU-2026-0006,0.0399,0.3502,3.85,4.18,0,0,0.0,0.0,0,0,0.02,low,0
STU-2026-0007,-0.0441,-0.268,4.3,4.09,1,0,0.0,0.0,0,0,0.0466,low,0
STU-2026-0008,-0.4473,-1.8304,2.22,2.4,10,3,0.3536,0.4872,2,1,0.98,high,1
STU-2026-0009,-0.1016,-0.5134,3.52,3.24,4,0,0.2,0.2465,0,0,0.5496,medium,0
STU-2026-0010,-0.1874,-1.1696,3.11,3.28,3,4,0.2068,0.2198,0,0,0.6103,medium,0
STU-2026-0011,0.036,0.081,4.63,4.36,0,0,0.0,0.0,0,0,0.02,low,0
STU-2026-0012,0.0219,0.1099,3.68,3.4,0,0,0.0,0.0,0,0,0.0314,low,0
STU-2026-0013,0.0128,-0.1957,3.97,4.2,0,0,0.0,0.0,0,0,0.02,low,0
STU-2026-0014,-0.2186,-0.7815,3.05,2.52,1,4,0.1512,0.2072,0,1,0.5111,medium,0
STU-2026-0015,-0.0125,0.1534,4.64,4.13,1,0,0.0,0.0,0,0,0.02,low,0
STU-2026-0016,-0.1364,-0.5437,2.55,2.66,1,1,0.2119,0.2252,0,1,0.539,medium,0
STU-2026-0017,0.0455,-0.0237,4.02,4.32,0,0,0.0,0.0,0,0,0.02,low,0
STU-2026-0018,0.0401,-0.1935,4.67,4.56,0,0,0.0,0.0,0,0,0.02,low,0
STU-2026-0019,-0.1067,-0.9886,3.18,3.11,5,3,0.1827,0.2028,0,0,0.5685,medium,0
STU-2026-0020,0.0187,0.0029,3.68,3.88,0,0,0.0,0.0,1,0,0.02,low,0
STU-2026-0021,-0.5057,-2.0261,1.2,1.49,8,3,0.2918,0.5182,4,2,0.98,high,1
STU-2026-0022,0.0568,0.4047,4.11,4.1,0,0,0.0,0.0,0,0,0.0739,low,0
STU-2026-0023,0.0644,0.0126,4.68,4.26,0,0,0.0,0.0,1,0,0.0244,low,0
STU-2026-0024,0.1063,0.3348,4.11,4.28,0,0,0.0,0.0,0,0,0.02,low,0
STU-2026-0025,0.0371,0.273,4.26,4.38,0,1,0.0,0.0,0,0,0.02,low,0
STU-2026-0026,0.0157,-0.1344,4.6,4.41,0,0,0.0,0.0,0,1,0.0538,low,0
STU-2026-0027,0.0322,0.3417,3.53,3.46,0,0,0.0,0.0,0,1,0.02,low,0
STU-2026-0028,0.0866,0.0381,4.04,4.23,0,0,0.0,0.0,0,0,0.02,low,0
STU-2026-0029,0.0131,0.0468,4.06,4.25,0,0,0.0,0.0,0,0,0.02,low,0
STU-2026-0030,0.0006,-0.0307,4.89,4.43,0,0,0.0,0.0,1,0,0.02,low,0
STU-2026-0031,0.0285,-0.2165,4.38,4.45,1,0,0.0,0.0,0,0,0.0329,low,0
STU-2026-0032,0.0755,0.3474,3.66,4.0,0,0,0.0,0.0,0,0,0.0368,low,0
STU-2026-0033,0.0273,-0.0439,4.49,4.6,0,1,0.0,0.0,0,0,0.0604,low,0
STU-2026-0034,-0.0426,0.1615,4.74,4.36,1,0,0.0,0.0,0,0,0.0284,low,0
STU-2026-0035,-0.0059,0.4697,3.85,4.04,0,0,0.0,0.0,0,0,0.02,low,0
STU-2026-0036,0.0346,0.2146,4.38,4.02,1,2,0.0,0.0,0,0,0.02,low,0
STU-2026-0037,-0.1718,-0.7617,3.07,3.01,2,2,0.2487,0.2168,0,0,0.5282,medium,0
STU-2026-0038,-0.0538,0.1832,5.0,4.57,0,0,0.0,0.0,0,0,0.02,low,0
STU-2026-0039,-0.0566,-1.2162,3.23,3.0,2,1,0.1594,0.2362,1,0,0.5649,medium,0
STU-2026-0040,-0.4402,-2.3547,2.16,2.29,9,4,0.2445,0.395,4,0,0.9651,high,1
STU-2026-0041,-0.0034,0.1792,4.32,4.5,1,1,0.0,0.0,0,0,0.02,low,0
STU-2026-0042,0.0149,-0.133,4.32,4.56,1,0,0.0,0.0,1,0,0.02,low,0
STU-2026-0043,-0.0253,-0.0305,4.48,3.76,0,0,0.0,0.0,0,0,0.02,low,0
STU-2026-0044,-0.3886,-1.9725,1.71,1.71,2,4,0.3267,0.3218,2,0,0.851,high,1
STU-2026-0045,-0.0649,-1.0278,3.56,3.07,5,4,0.1788,0.1702,2,0,0.5336,medium,0
STU-2026-0046,0.0181,0.3125,4.11,4.36,0,0,0.0,0.0,0,0,0.02,low,0
STU-2026-0047,-0.0633,0.2259,3.27,3.74,0,0,0.0,0.0,0,0,0.02,low,0
STU-2026-0048,0.0745,0.307,4.38,4.58,0,0,0.0,0.0,0,0,0.02,low,0
STU-2026-0049,0.0123,0.0094,3.52,3.78,0,0,0.0,0.0,0,0,0.02,low,0
STU-2026-0050,-0.0093,0.5761,3.97,3.91,1,0,0.0,0.0,0,0,0.0558,low,0
STU-2026-0051,0.0499,0.1802,4.36,4.27,0,0,0.0,0.0,0,0,0.02,low,0
STU-2026-0052,0.0361,0.2672,4.98,4.4,1,0,0.0,0.0,0,0,0.02,low,0
STU-2026-0053,0.028,-0.0031,4.12,4.18,1,0,0.0,0.0,0,0,0.0444,low,0
STU-2026-0054,-0.3794,-1.8947,1.2,1.68,9,2,0.4015,0.3619,2,0,0.98,high,1
STU-2026-0055,0.0865,0.0228,4.08,3.53,1,0,0.0,0.0,0,0,0.02,low,0
STU-2026-0056,0.0863,0.1392,3.69,3.84,1,1,0.0,0.0,0,0,0.0395,low,0
STU-2026-0057,0.043,0.5802,4.02,3.87,1,0,0.0,0.0,0,0,0.02,low,0
STU-2026-0058,-0.0203,-0.1968,4.79,4.55,0,0,0.0,0.0,0,0,0.02,low,0
STU-2026-0059,-0.2843,-0.8379,2.99,2.95,2,1,0.162,0.2375,0,1,0.5932,medium,0
STU-2026-0060,0.1011,0.4459,3.31,3.45,1,0,0.0,0.0,0,0,0.02,low,0
STU-2026-0061,0.0382,0.2304,3.76,4.16,3,0,0.0,0.0,0,0,0.02,low,0
STU-2026-0062,-0.0465,-0.139,4.18,4.24,1,0,0.0,0.0,0,0,0.0224,low,0
STU-2026-0063,-0.0629,-0.0373,3.74,4.27,0,0,0.0,0.0,0,0,0.02,low,0
STU-2026-0064,-0.0464,0.1945,4.69,4.68,1,0,0.0,0.0,0,0,0.0485,low,0
STU-2026-0065,-0.2096,-1.4706,1.86,2.03,2,4,0.179,0.2836,0,0,0.6302,medium,0
STU-2026-0066,-0.0721,-0.2553,2.24,2.69,3,0,0.1608,0.1613,0,0,0.5194,medium,0
STU-2026-0067,-0.4696,-2.5279,1.03,1.59,13,4,0.343,0.4142,2,1,0.98,high,1
STU-2026-0068,-0.0331,0.1738,4.06,4.1,0,0,0.0,0.0,0,0,0.0294,low,0
STU-2026-0069,-0.1905,-0.8662,3.24,3.43,3,1,0.1585,0.2222,1,0,0.5697,medium,0
STU-2026-0070,-0.01,-0.2489,3.58,3.46,0,0,0.0,0.0,0,0,0.02,low,0
STU-2026-0071,-0.2724,-0.4871,3.4,3.39,2,2,0.2255,0.2046,0,0,0.5458,medium,0
STU-2026-0072,0.0144,-0.1358,4.59,4.85,0,0,0.0,0.0,0,0,0.0414,low,0
STU-2026-0073,-0.0244,0.3932,4.22,4.2,0,1,0.0,0.0,0,0,0.0314,low,0
STU-2026-0074,0.0133,0.0385,4.48,3.74,0,0,0.0,0.0,0,0,0.02,low,0
STU-2026-0075,-0.0265,-0.1148,3.43,3.62,1,0,0.0,0.0,0,0,0.02,low,0
STU-2026-0076,-0.2276,-0.7572,2.97,3.26,2,3,0.2116,0.2273,1,0,0.5717,medium,0
STU-2026-0077,-0.0118,0.2179,4.06,4.2,2,0,0.0,0.0,0,0,0.02,low,0
STU-2026-0078,0.0275,0.8819,3.71,3.51,0,1,0.0,0.0,0,0,0.0544,low,0
STU-2026-0079,-0.0747,-1.0836,3.72,3.3,7,1,0.2165,0.2351,0,1,0.6546,high,1
STU-2026-0080,-0.0245,0.1579,3.63,4.15,0,0,0.0,0.0,1,0,0.02,low,0
STU-2026-0081,0.023,0.2395,4.21,5.0,1,0,0.0,0.0,0,0,0.02,low,0
STU-2026-0082,0.0435,0.0358,4.83,4.53,0,0,0.0,0.0,0,0,0.02,low,0
STU-2026-0083,0.024,0.003,3.09,3.79,0,0,0.0,0.0,0,0,0.02,low,0
STU-2026-0084,0.0027,0.5217,5.0,4.62,0,0,0.0,0.0,1,0,0.0298,low,0
STU-2026-0085,0.0047,0.4347,4.09,4.58,0,0,0.0,0.0,0,0,0.02,low,0
STU-2026-0086,-0.1171,-0.5286,2.63,2.65,1,0,0.2029,0.2494,0,0,0.5726,medium,0
STU-2026-0087,0.0287,0.6787,4.22,3.77,0,0,0.0,0.0,0,0,0.02,low,0
STU-2026-0088,-0.1831,-0.5372,2.19,1.83,2,1,0.2006,0.2658,0,1,0.5355,medium,0
STU-2026-0089,0.0141,0.1624,3.4,3.95,0,0,0.0,0.0,0,0,0.02,low,0
STU-2026-0090,0.0662,-0.1953,4.96,4.48,0,0,0.0,0.0,1,0,0.02,low,0
STU-2026-0091,-0.0202,0.4827,4.2,4.25,1,0,0.0,0.0,0,0,0.02,low,0
STU-2026-0092,-0.2419,-0.8579,2.06,2.15,5,2,0.1793,0.1832,0,1,0.5573,medium,0
STU-2026-0093,-0.0046,0.0776,4.58,3.85,0,0,0.0,0.0,0,0,0.02,low,0
STU-2026-0094,-0.0421,-0.0406,4.61,4.29,1,0,0.0,0.0,0,0,0.0491,low,0
STU-2026-0095,-0.2712,-1.04,3.04,2.95,4,1,0.2111,0.2228,0,0,0.6451,medium,0
STU-2026-0096,0.079,0.1692,3.77,3.64,0,0,0.0,0.0,0,0,0.02,low,0
STU-2026-0097,-0.4022,-2.2716,1.17,1.3,12,1,0.435,0.4348,1,2,0.98,high,1
STU-2026-0098,0.0138,0.4715,4.86,4.49,0,0,0.0,0.0,1,0,0.02,low,0
STU-2026-0099,-0.0057,0.5257,4.12,4.01,1,0,0.0,0.0,0,1,0.02,low,0
STU-2026-0100,-0.0824,-0.7861,3.31,2.88,0,3,0.1697,0.2404,1,0,0.5167,medium,0
STU-2026-0101,0.0032,-0.0321,4.26,4.27,0,0,0.0,0.0,0,0,0.0331,low,0
STU-2026-0102,0.0757,-0.1796,3.9,4.18,0,0,0.0,0.0,0,0,0.02,low,0
STU-2026-0103,-0.0712,0.4924,4.55,4.5,0,0,0.0,0.0,0,0,0.02,low,0
STU-2026-0104,-0.1264,-0.3857,2.5,2.83,2,1,0.1889,0.1774,0,0,0.5771,medium,0
STU-2026-0105,-0.0597,-0.8279,3.71,3.9,0,1,0.2479,0.2148,0,0,0.5953,medium,0
STU-2026-0106,-0.1816,-0.5936,2.63,2.99,4,1,0.229,0.2304,0,0,0.6125,medium,0
STU-2026-0107,-0.1559,-1.2788,2.44,2.42,4,4,0.1393,0.2653,2,0,0.5709,medium,0
STU-2026-0108,0.0458,0.3864,4.23,3.94,0,0,0.0,0.0,0,0,0.02,low,0
STU-2026-0109,0.04,-0.1081,4.41,4.22,0,0,0.0,0.0,0,0,0.02,low,0
STU-2026-0110,-0.4522,-2.328,1.0,1.16,6,4,0.3921,0.4422,1,0,0.974,high,1
STU-2026-0111,-0.1663,-0.6268,3.07,2.77,4,1,0.1922,0.188,0,0,0.5573,medium,0
STU-2026-0112,-0.1889,-1.1667,2.08,2.21,3,2,0.1671,0.2071,1,0,0.5818,medium,0
STU-2026-0113,0.0256,0.1016,4.5,4.72,1,0,0.0,0.0,1,0,0.02,low,0
STU-2026-0114,0.0018,0.2259,4.72,4.89,0,0,0.0,0.0,0,0,0.02,low,0
STU-2026-0115,-0.1784,-0.7499,2.28,2.55,2,2,0.165,0.1832,1,0,0.5424,medium,0
STU-2026-0116,-0.0607,0.222,3.89,4.27,0,1,0.0,0.0,0,1,0.02,low,0
STU-2026-0117,-0.2005,-1.0709,2.28,2.77,6,2,0.1753,0.2563,0,0,0.6526,high,1
STU-2026-0118,0.1355,0.021,4.92,4.94,0,0,0.0,0.0,0,0,0.02,low,0
STU-2026-0119,-0.0172,-0.2506,3.56,3.82,1,1,0.0,0.0,0,0,0.02,low,0
STU-2026-0120,-0.426,-2.3512,1.33,1.33,5,2,0.4028,0.4114,1,0,0.9764,high,1
STU-2026-0121,0.0815,0.3752,4.22,4.48,1,0,0.0,0.0,0,0,0.02,low,0
STU-2026-0122,0.0423,0.2542,4.32,4.5,0,0,0.0,0.0,0,0,0.02,low,0
STU-2026-0123,0.0709,-0.3715,4.02,3.77,1,0,0.0,0.0,0,0,0.0384,low,0
STU-2026-0124,-0.0486,0.4199,4.59,4.79,0,0,0.0,0.0,0,0,0.0322,low,0
STU-2026-0125,-0.0716,0.4153,3.73,4.13,1,0,0.0,0.0,0,1,0.02,low,0
STU-2026-0126,-0.0253,-0.1533,4.54,4.26,0,0,0.0,0.0,0,0,0.0533,low,0
STU-2026-0127,-0.0015,1.0005,3.71,3.88,0,0,0.0,0.0,1,0,0.02,low,0
STU-2026-0128,-0.4244,-1.9009,1.19,1.18,9,2,0.3419,0.4658,4,1,0.98,high,1
STU-2026-0129,0.0674,0.2006,3.8,4.32,0,0,0.0,0.0,0,0,0.0462,low,0
STU-2026-0130,-0.0759,-1.2706,3.38,3.25,4,0,0.1912,0.2283,1,1,0.6036,medium,0
STU-2026-0131,0.0194,0.0976,4.6,4.42,0,0,0.0,0.0,0,0,0.02,low,0
STU-2026-0132,-0.0341,0.0538,5.0,4.97,1,0,0.0,0.0,0,0,0.02,low,0
STU-2026-0133,-0.0566,-0.1254,3.8,4.3,0,0,0.0,0.0,0,0,0.02,low,0
STU-2026-0134,-0.0038,0.4039,5.0,5.0,0,0,0.0,0.0,0,0,0.0453,low,0
STU-2026-0135,-0.0436,-0.0123,4.56,4.24,0,0,0.0,0.0,0,0,0.02,low,0
STU-2026-0136,0.0589,0.1586,3.92,4.22,0,0,0.0,0.0,0,0,0.02,low,0
STU-2026-0137,-0.0289,-1.1875,2.37,2.98,4,1,0.213,0.2352,0,0,0.5947,medium,0
STU-2026-0138,0.0549,0.0458,3.89,4.17,0,0,0.0,0.0,0,0,0.02,low,0
STU-2026-0139,-0.0467,0.2063,3.67,3.98,1,0,0.0,0.0,0,0,0.02,low,0
STU-2026-0140,0.0018,0.5718,3.55,3.59,1,1,0.0,0.0,0,0,0.0606,low,0
STU-2026-0141,0.0389,0.5093,3.3,3.57,1,0,0.0,0.0,0,0,0.02,low,0
STU-2026-0142,-0.2062,-1.0552,3.5,3.2,3,0,0.219,0.2065,0,0,0.6254,medium,0
STU-2026-0143,0.0046,0.2976,4.04,3.53,0,2,0.0,0.0,0,0,0.0365,low,0
STU-2026-0144,0.023,-0.219,3.62,4.11,0,0,0.0,0.0,0,0,0.02,low,0
STU-2026-0145,0.1102,-0.1853,4.51,4.32,0,0,0.0,0.0,0,0,0.0663,low,0
STU-2026-0146,-0.668,-1.3371,1.37,1.41,9,4,0.3865,0.4254,4,1,0.9498,high,1
STU-2026-0147,-0.0408,-0.0733,4.23,3.96,1,0,0.0,0.0,0,0,0.02,low,0
STU-2026-0148,0.0333,0.363,4.1,4.49,0,0,0.0,0.0,0,0,0.02,low,0
STU-2026-0149,-0.0622,0.2392,4.5,4.86,0,0,0.0,0.0,0,0,0.02,low,0
STU-2026-0150,0.0754,0.5185,4.53,4.38,0,0,0.0,0.0,0,0,0.0274,low,0
STU-2026-0151,-0.0099,-0.0931,3.53,4.08,0,0,0.0,0.0,0,0,0.0361,low,0
STU-2026-0152,0.0464,0.3128,4.25,4.1,0,0,0.0,0.0,0,0,0.02,low,0
STU-2026-0153,-0.1656,-0.7104,2.86,2.86,2,1,0.2028,0.2005,1,0,0.5538,medium,0
STU-2026-0154,-0.0608,0.322,4.01,4.49,0,1,0.0,0.0,0,1,0.0313,low,0
STU-2026-0155,0.0234,-0.5505,3.29,3.63,2,0,0.0,0.0,0,0,0.02,low,0
STU-2026-0156,-0.1867,-1.0878,2.76,2.76,4,3,0.1074,0.1847,1,0,0.5507,medium,0
STU-2026-0157,0.0021,-0.8633,3.6,3.54,3,0,0.2015,0.2809,0,0,0.5824,medium,0
STU-2026-0158,0.1075,0.031,4.18,3.94,0,0,0.0,0.0,0,0,0.0351,low,0
STU-2026-0159,-0.0287,0.143,4.14,4.04,0,0,0.0,0.0,0,0,0.02,low,0
STU-2026-0160,-0.162,-0.5931,3.24,2.95,2,2,0.184,0.2263,0,0,0.5514,medium,0
STU-2026-0161,0.0532,0.3435,4.7,4.19,2,0,0.0,0.0,0,0,0.02,low,0
STU-2026-0162,-0.0096,0.1682,4.52,4.39,2,0,0.0,0.0,0,0,0.0434,low,0
STU-2026-0163,0.0422,-0.3824,4.69,4.87,0,0,0.0,0.0,0,0,0.0524,low,0
STU-2026-0164,-0.0363,0.3294,4.54,4.51,0,1,0.0,0.0,0,0,0.02,low,0
STU-2026-0165,-0.208,-0.5301,2.87,2.81,7,2,0.1754,0.242,0,1,0.6346,medium,0
STU-2026-0166,-0.1574,-0.9644,3.09,2.97,5,0,0.2593,0.2054,1,0,0.5887,medium,0
STU-2026-0167,0.0393,0.3545,5.0,4.76,0,0,0.0,0.0,0,0,0.02,low,0
STU-2026-0168,0.068,0.1873,3.72,4.05,1,0,0.0,0.0,0,0,0.02,low,0
STU-2026-0169,-0.0305,0.0636,4.51,3.88,1,0,0.0,0.0,0,0,0.02,low,0
STU-2026-0170,0.0453,0.1877,4.03,4.04,0,0,0.0,0.0,0,0,0.02,low,0
STU-2026-0171,-0.0177,-0.0085,3.82,4.16,2,0,0.0,0.0,0,0,0.0445,low,0
STU-2026-0172,0.0309,0.2617,3.71,3.57,1,0,0.0,0.0,0,0,0.02,low,0
STU-2026-0173,0.0373,0.4069,4.3,4.38,0,0,0.0,0.0,1,0,0.02,low,0
STU-2026-0174,0.0604,0.3825,4.81,4.75,0,0,0.0,0.0,0,0,0.02,low,0
STU-2026-0175,0.0206,0.7072,4.67,4.67,0,1,0.0,0.0,0,0,0.02,low,0
STU-2026-0176,-0.0268,0.688,3.95,3.88,0,0,0.0,0.0,0,0,0.02,low,0
STU-2026-0177,0.0029,0.0105,4.31,3.22,0,0,0.0,0.0,1,0,0.0204,low,0
STU-2026-0178,-0.0235,0.2803,4.42,4.72,1,0,0.0,0.0,0,0,0.02,low,0
STU-2026-0179,0.0777,0.2957,4.69,4.9,0,0,0.0,0.0,0,0,0.0349,low,0
STU-2026-0180,0.088,0.4699,4.36,4.46,1,0,0.0,0.0,0,0,0.02,low,0
STU-2026-0181,0.0028,0.2755,3.51,3.6,0,0,0.0,0.0,0,0,0.0505,low,0
STU-2026-0182,0.0438,0.1275,3.91,4.19,1,0,0.0,0.0,0,0,0.0215,low,0
STU-2026-0183,-0.0099,0.2367,3.26,3.53,0,1,0.0,0.0,0,0,0.02,low,0
STU-2026-0184,0.0143,0.2843,3.96,3.97,0,1,0.0,0.0,0,0,0.02,low,0
STU-2026-0185,-0.1459,-1.3264,2.75,3.09,3,0,0.2054,0.1778,1,1,0.6012,medium,0
STU-2026-0186,-0.6622,-2.6293,1.58,2.38,11,2,0.2838,0.404,2,0,0.98,high,1
STU-2026-0187,0.0543,0.0558,4.71,4.58,1,0,0.0,0.0,0,0,0.02,low,0
STU-2026-0188,-0.254,-1.3051,2.51,2.93,3,2,0.1617,0.2554,0,0,0.6162,medium,0
STU-2026-0189,-0.0235,0.3361,3.87,3.96,0,0,0.0,0.0,0,0,0.02,low,0
STU-2026-0190,0.074,0.3204,4.06,4.15,1,0,0.0,0.0,0,0,0.0234,low,0
STU-2026-0191,0.0609,0.225,3.91,4.23,1,0,0.0,0.0,0,0,0.0444,low,0
STU-2026-0192,0.0229,0.1737,4.17,4.22,0,1,0.0,0.0,0,0,0.02,low,0
STU-2026-0193,0.0207,-0.1999,4.3,4.06,0,2,0.0,0.0,0,0,0.02,low,0
STU-2026-0194,-0.0104,-0.0809,3.85,4.07,0,0,0.0,0.0,0,0,0.0501,low,0
STU-2026-0195,-0.0126,0.7467,4.63,4.99,0,2,0.0,0.0,0,0,0.02,low,0
STU-2026-0196,-0.1348,-0.9423,3.61,3.75,5,0,0.1918,0.2427,0,0,0.5653,medium,0
STU-2026-0197,0.0383,0.2179,3.91,4.06,0,0,0.0,0.0,0,0,0.0235,low,0
STU-2026-0198,-0.0023,0.0378,3.94,4.05,0,1,0.0,0.0,0,0,0.02,low,0
STU-2026-0199,0.0399,-0.1666,4.0,3.84,0,0,0.0,0.0,0,0,0.035,low,0
STU-2026-0200,0.0634,0.6679,5.0,5.0,0,0,0.0,0.0,0,0,0.02,low,0
STU-2026-0201,-0.0317,-0.0995,4.27,4.26,0,0,0.0,0.0,0,0,0.0341,low,0
STU-2026-0202,0.0264,0.2022,4.07,3.84,0,0,0.0,0.0,1,0,0.02,low,0
STU-2026-0203,0.0465,0.3406,4.51,4.0,0,0,0.0,0.0,0,0,0.0321,low,0
STU-2026-0204,0.0331,-0.0505,4.05,4.42,0,0,0.0,0.0,0,0,0.0211,low,0
STU-2026-0205,-0.039,0.1364,4.84,4.79,0,0,0.0,0.0,0,0,0.02,low,0
STU-2026-0206,-0.267,-1.1232,3.08,3.31,4,4,0.1881,0.2066,0,1,0.6807,high,1
STU-2026-0207,-0.0295,-0.006,3.96,3.97,0,0,0.0,0.0,0,0,0.02,low,0
STU-2026-0208,0.0241,0.0405,5.0,4.93,0,0,0.0,0.0,1,0,0.02,low,0
STU-2026-0209,-0.043,-0.2117,4.06,3.74,2,0,0.0,0.0,1,0,0.0208,low,0
STU-2026-0210,-0.3268,-2.3174,1.98,2.08,8,2,0.4225,0.4123,3,0,0.98,high,1
STU-2026-0211,0.0611,-0.0135,5.0,4.77,1,0,0.0,0.0,0,1,0.0299,low,0
STU-2026-0212,-0.0226,0.2407,4.61,4.38,0,0,0.0,0.0,0,0,0.02,low,0
STU-2026-0213,-0.2169,-0.6216,2.56,2.66,3,1,0.2017,0.2327,0,1,0.5707,medium,0
STU-2026-0214,0.0204,-0.0855,3.51,4.07,0,0,0.0,0.0,0,0,0.02,low,0
STU-2026-0215,0.0633,-0.0116,3.92,3.9,0,0,0.0,0.0,0,0,0.02,low,0
STU-2026-0216,0.0245,0.0796,4.52,4.59,0,1,0.0,0.0,0,0,0.02,low,0
STU-2026-0217,0.0989,0.124,4.11,4.16,1,0,0.0,0.0,0,0,0.02,low,0
STU-2026-0218,-0.0008,0.2724,4.15,4.19,1,1,0.0,0.0,0,0,0.0225,low,0
STU-2026-0219,-0.015,0.0792,4.42,4.2,0,0,0.0,0.0,0,0,0.02,low,0
STU-2026-0220,0.1072,0.4143,4.47,4.56,1,0,0.0,0.0,0,0,0.0413,low,0
STU-2026-0221,-0.4095,-2.3309,1.43,1.47,10,4,0.3351,0.3419,1,1,0.9499,high,1
STU-2026-0222,0.1141,0.0393,3.99,3.55,0,0,0.0,0.0,0,0,0.02,low,0
STU-2026-0223,-0.1465,-0.7467,2.89,2.97,4,1,0.2072,0.2471,0,1,0.5839,medium,0
STU-2026-0224,-0.2407,-0.9804,2.67,2.97,7,0,0.2314,0.2245,0,0,0.6555,high,1
STU-2026-0225,0.0732,0.4408,4.85,4.47,0,0,0.0,0.0,0,0,0.02,low,0
STU-2026-0226,0.0544,0.2999,4.75,4.91,0,0,0.0,0.0,0,0,0.02,low,0
STU-2026-0227,0.0166,0.0597,4.01,4.01,0,0,0.0,0.0,0,0,0.02,low,0
STU-2026-0228,0.0311,0.3065,4.29,3.81,0,0,0.0,0.0,0,0,0.02,low,0
STU-2026-0229,0.1044,0.5688,5.0,4.66,1,0,0.0,0.0,0,0,0.02,low,0
STU-2026-0230,-0.441,-2.7835,1.31,1.15,10,3,0.4364,0.4563,1,0,0.98,high,1
STU-2026-0231,-0.235,-1.1671,2.61,2.74,2,1,0.214,0.253,1,0,0.5843,medium,0
STU-2026-0232,0.0809,0.2549,3.51,3.8,0,1,0.0,0.0,0,0,0.02,low,0
STU-2026-0233,0.0498,0.0019,4.18,4.85,0,0,0.0,0.0,1,0,0.02,low,0
STU-2026-0234,-0.2078,-0.7754,2.76,2.74,2,2,0.1607,0.2309,0,0,0.5206,medium,0
STU-2026-0235,-0.0252,0.0775,4.46,4.06,0,0,0.0,0.0,0,0,0.02,low,0
STU-2026-0236,0.0209,-0.1397,4.4,4.26,0,1,0.0,0.0,0,0,0.02,low,0
STU-2026-0237,-0.003,0.1868,4.33,4.66,0,0,0.0,0.0,0,0,0.02,low,0
STU-2026-0238,-0.2355,-0.9533,2.77,3.03,3,0,0.2273,0.242,0,0,0.5755,medium,0
STU-2026-0239,-0.0469,0.1058,4.68,4.39,0,0,0.0,0.0,0,0,0.0266,low,0
STU-2026-0240,-0.0648,0.1124,3.45,3.28,0,0,0.0,0.0,0,0,0.02,low,0
STU-2026-0241,-0.0199,0.7708,3.93,4.35,1,0,0.0,0.0,0,0,0.0304,low,0
STU-2026-0242,0.0335,0.113,3.4,3.53,0,0,0.0,0.0,0,0,0.02,low,0
STU-2026-0243,-0.0908,-1.0552,2.5,2.44,4,1,0.1839,0.1989,1,1,0.5383,medium,0
STU-2026-0244,0.028,0.5523,4.08,3.8,0,1,0.0,0.0,1,0,0.0226,low,0
STU-2026-0245,-0.4549,-2.1071,1.01,1.2,14,2,0.3248,0.3784,3,0,0.98,high,1
STU-2026-0246,-0.6108,-1.9008,1.03,1.27,7,2,0.3701,0.4465,2,0,0.9793,high,1
STU-2026-0247,0.0287,0.4266,3.74,3.96,1,0,0.0,0.0,0,0,0.02,low,0
STU-2026-0248,-0.1023,-0.5646,2.35,2.28,3,2,0.1574,0.1914,0,0,0.5301,medium,0
STU-2026-0249,-0.4794,-2.0248,1.45,1.84,13,5,0.4212,0.3815,2,0,0.98,high,1
STU-2026-0250,0.0032,0.4079,4.35,4.1,0,0,0.0,0.0,0,0,0.02,low,0
STU-2026-0251,-0.492,-2.3673,1.79,1.88,8,6,0.3577,0.4809,3,1,0.98,high,1
STU-2026-0252,-0.0056,0.5015,4.09,4.14,1,0,0.0,0.0,0,0,0.02,low,0
STU-2026-0253,-0.382,-2.3834,1.24,1.87,9,6,0.3513,0.5083,3,2,0.98,high,1
STU-2026-0254,0.0511,0.3854,3.77,3.6,0,0,0.0,0.0,0,0,0.02,low,0
STU-2026-0255,0.0234,-0.3325,4.35,4.73,1,0,0.0,0.0,0,0,0.02,low,0
STU-2026-0256,0.0063,0.0368,4.53,4.03,1,0,0.0,0.0,1,0,0.02,low,0
STU-2026-0257,-0.036,0.0058,4.01,3.84,1,0,0.0,0.0,0,0,0.0328,low,0
STU-2026-0258,-0.1525,-0.4038,2.38,2.84,2,2,0.1949,0.1533,0,0,0.5421,medium,0
STU-2026-0259,0.0074,0.5893,4.26,4.18,0,2,0.0,0.0,0,0,0.02,low,0
STU-2026-0260,0.1316,0.3294,4.62,4.88,1,0,0.0,0.0,1,0,0.02,low,0
STU-2026-0261,-0.0024,0.0081,3.96,4.34,1,0,0.0,0.0,0,0,0.0235,low,0
STU-2026-0262,-0.2097,-0.7666,3.04,3.2,5,3,0.1916,0.1507,2,0,0.5981,medium,0
STU-2026-0263,-0.3991,-2.3627,1.38,1.0,8,3,0.3633,0.4816,1,0,0.9675,high,1
STU-2026-0264,-0.0404,-0.1555,4.33,4.01,1,0,0.0,0.0,0,0,0.0202,low,0
STU-2026-0265,0.0267,0.3515,4.38,4.61,1,0,0.0,0.0,0,0,0.02,low,0
STU-2026-0266,0.0203,0.3639,4.37,3.77,1,0,0.0,0.0,0,0,0.02,low,0
STU-2026-0267,0.033,-0.1457,4.01,4.76,1,0,0.0,0.0,0,0,0.02,low,0
STU-2026-0268,-0.1327,-0.9001,2.87,2.68,2,2,0.2465,0.2388,2,0,0.5482,medium,0
STU-2026-0269,-0.0243,0.4058,3.33,4.02,0,0,0.0,0.0,0,0,0.0579,low,0
STU-2026-0270,0.1074,0.2778,4.82,4.72,0,0,0.0,0.0,0,0,0.0416,low,0
STU-2026-0271,0.0308,0.2896,4.69,4.98,1,0,0.0,0.0,0,0,0.0436,low,0
STU-2026-0272,-0.0979,-1.3861,2.78,3.06,1,0,0.1882,0.252,0,0,0.6088,medium,0
STU-2026-0273,-0.0433,-0.0937,4.71,5.0,1,0,0.0,0.0,0,0,0.02,low,0
STU-2026-0274,-0.0164,0.0294,4.45,4.11,1,0,0.0,0.0,0,0,0.02,low,0
STU-2026-0275,-0.1832,-0.8915,2.97,3.25,5,3,0.1594,0.2386,0,0,0.6013,medium,0
STU-2026-0276,-0.0756,-0.7904,1.95,2.38,3,1,0.184,0.2024,1,1,0.5106,medium,0
STU-2026-0277,0.087,0.195,4.0,3.9,0,0,0.0,0.0,0,0,0.02,low,0
STU-2026-0278,-0.0233,0.2831,3.47,3.77,3,0,0.0,0.0,0,0,0.06,low,0
STU-2026-0279,-0.5402,-2.4122,1.03,1.31,9,5,0.3348,0.3416,2,1,0.98,high,1
STU-2026-0280,0.0187,0.2566,4.2,3.58,0,0,0.0,0.0,0,0,0.02,low,0
STU-2026-0281,-0.0182,0.7074,4.49,4.02,0,0,0.0,0.0,0,0,0.023,low,0
STU-2026-0282,-0.0873,0.0696,4.64,4.29,2,0,0.0,0.0,0,0,0.0565,low,0
STU-2026-0283,-0.0937,-1.0454,3.39,3.06,2,0,0.2011,0.2213,0,0,0.5632,medium,0
STU-2026-0284,-0.0841,-0.9775,3.01,2.63,3,0,0.1723,0.2008,0,0,0.5628,medium,0
STU-2026-0285,-0.5254,-2.6659,1.3,1.1,7,2,0.4174,0.435,4,0,0.98,high,1
STU-2026-0286,0.0592,0.3097,4.54,4.96,0,0,0.0,0.0,1,0,0.0204,low,0
STU-2026-0287,0.0364,0.5724,4.25,4.06,1,0,0.0,0.0,0,0,0.0481,low,0
STU-2026-0288,-0.6868,-2.4968,1.05,1.24,9,3,0.3744,0.3886,4,0,0.98,high,1
STU-2026-0289,0.0177,0.4332,3.77,3.56,0,0,0.0,0.0,0,0,0.02,low,0
STU-2026-0290,0.057,-0.0187,4.02,3.84,1,2,0.0,0.0,0,0,0.02,low,0
STU-2026-0291,-0.1735,-1.3787,2.61,2.95,6,0,0.1707,0.1915,1,0,0.5686,medium,0
STU-2026-0292,-0.6061,-2.4977,1.0,1.0,7,5,0.3184,0.4701,1,0,0.98,high,1
STU-2026-0293,-0.1417,-1.2238,3.7,3.41,3,3,0.1688,0.2663,0,0,0.5218,medium,0
STU-2026-0294,-0.0275,0.3542,4.35,4.15,0,0,0.0,0.0,0,0,0.02,low,0
STU-2026-0295,-0.05,0.6152,4.23,4.55,1,2,0.0,0.0,0,0,0.02,low,0
STU-2026-0296,-0.0118,0.2502,4.35,4.08,0,0,0.0,0.0,0,0,0.02,low,0
STU-2026-0297,0.0776,0.2852,4.29,3.8,0,0,0.0,0.0,0,0,0.02,low,0
STU-2026-0298,0.0266,0.6714,3.8,4.24,0,1,0.0,0.0,0,0,0.02,low,0
STU-2026-0299,0.0298,0.5194,4.27,3.6,0,0,0.0,0.0,0,0,0.02,low,0
STU-2026-0300,-0.5023,-2.5501,1.01,1.14,7,7,0.3385,0.3381,2,2,0.9479,high,1
STU-2026-0301,0.0604,-0.0913,4.71,4.9,0,0,0.0,0.0,0,0,0.0394,low,0
STU-2026-0302,-0.2419,-1.209,3.38,3.08,3,2,0.2266,0.249,0,0,0.6276,medium,0
STU-2026-0303,-0.1287,-0.544,2.55,2.72,5,1,0.192,0.2507,0,0,0.5482,medium,0
STU-2026-0304,0.0405,0.1277,4.08,4.18,2,0,0.0,0.0,0,0,0.051,low,0
STU-2026-0305,-0.4024,-2.8705,1.5,1.33,13,5,0.4307,0.4495,3,0,0.98,high,1
STU-2026-0306,-0.4993,-2.1139,1.0,1.29,5,1,0.3816,0.4611,3,0,0.9524,high,1
STU-2026-0307,-0.0646,0.2305,3.99,3.43,0,0,0.0,0.0,0,0,0.02,low,0
STU-2026-0308,0.0936,0.2947,5.0,4.82,0,0,0.0,0.0,1,0,0.02,low,0
STU-2026-0309,-0.2641,-1.023,3.04,3.61,6,1,0.259,0.2454,1,0,0.6794,high,1
STU-2026-0310,-0.4702,-2.115,1.43,1.61,8,1,0.406,0.5623,2,2,0.98,high,1
STU-2026-0311,-0.0379,0.6179,4.68,4.63,0,0,0.0,0.0,0,0,0.0362,low,0
STU-2026-0312,-0.011,-0.1547,4.8,4.54,0,1,0.0,0.0,0,1,0.0463,low,0
STU-2026-0313,0.0185,0.1167,4.55,4.45,0,0,0.0,0.0,0,0,0.0505,low,0
STU-2026-0314,-0.0395,0.1287,4.55,5.0,0,0,0.0,0.0,0,0,0.02,low,0
STU-2026-0315,0.0399,0.3646,4.01,4.4,0,0,0.0,0.0,0,0,0.02,low,0
STU-2026-0316,-0.5077,-2.7694,2.43,1.79,5,7,0.324,0.4388,3,0,0.9356,high,1
STU-2026-0317,0.0354,0.1454,4.56,4.74,0,1,0.0,0.0,0,0,0.02,low,0
STU-2026-0318,0.0187,0.7975,4.65,4.1,1,0,0.0,0.0,0,0,0.0412,low,0
STU-2026-0319,-0.208,-1.1048,2.53,2.75,4,1,0.1925,0.2408,1,0,0.5647,medium,0
STU-2026-0320,-0.6162,-2.0721,1.35,1.63,7,2,0.3108,0.5056,1,0,0.9268,high,1
STU-2026-0321,0.047,0.541,3.68,3.82,0,0,0.0,0.0,0,0,0.0313,low,0
STU-2026-0322,0.0678,0.6146,4.24,3.84,0,0,0.0,0.0,1,0,0.02,low,0
STU-2026-0323,-0.0237,0.0874,5.0,5.0,1,0,0.0,0.0,1,0,0.02,low,0
STU-2026-0324,-0.041,-0.114,4.17,4.03,0,0,0.0,0.0,0,0,0.02,low,0
STU-2026-0325,0.0977,0.2626,3.83,4.03,0,0,0.0,0.0,0,0,0.02,low,0
STU-2026-0326,0.0626,0.0129,4.01,4.59,0,1,0.0,0.0,0,0,0.0404,low,0
STU-2026-0327,-0.0679,0.4652,4.43,4.71,0,0,0.0,0.0,0,0,0.02,low,0
STU-2026-0328,-0.0414,-0.0485,3.83,3.61,0,0,0.0,0.0,0,0,0.0256,low,0
STU-2026-0329,0.0198,0.0621,4.36,4.18,1,0,0.0,0.0,0,0,0.0345,low,0
STU-2026-0330,0.0333,0.625,5.0,4.93,1,0,0.0,0.0,0,0,0.02,low,0
STU-2026-0331,-0.0062,0.4464,4.34,4.41,0,0,0.0,0.0,0,0,0.02,low,0
STU-2026-0332,-0.0723,-0.1481,3.91,3.67,0,0,0.0,0.0,0,0,0.02,low,0
STU-2026-0333,-0.1295,-0.8336,3.18,3.19,3,3,0.2125,0.222,1,1,0.5956,medium,0
STU-2026-0334,-0.0286,0.4858,4.6,4.57,1,0,0.0,0.0,0,0,0.02,low,0
STU-2026-0335,-0.0035,0.0703,4.3,4.75,0,0,0.0,0.0,0,0,0.02,low,0
STU-2026-0336,-0.0227,0.2802,4.21,3.77,0,0,0.0,0.0,0,0,0.02,low,0
STU-2026-0337,0.0592,0.4323,4.25,3.94,1,1,0.0,0.0,0,0,0.02,low,0
STU-2026-0338,-0.0477,0.2657,4.69,4.27,0,1,0.0,0.0,0,0,0.027,low,0
STU-2026-0339,-0.2099,-1.0988,3.0,3.31,3,1,0.1813,0.2476,0,0,0.5624,medium,0
STU-2026-0340,-0.0761,-0.7679,2.64,2.89,2,1,0.1785,0.1892,1,0,0.5442,medium,0
STU-2026-0341,-0.1902,-1.4282,2.52,2.32,7,1,0.2201,0.2285,0,0,0.6042,medium,0
STU-2026-0342,0.0122,0.2465,4.38,3.78,0,0,0.0,0.0,0,0,0.02,low,0
STU-2026-0343,-0.4254,-1.6718,1.61,2.23,3,4,0.3044,0.3599,3,1,0.8555,high,1
STU-2026-0344,0.0837,0.1849,3.73,3.3,0,0,0.0,0.0,0,0,0.02,low,0
STU-2026-0345,0.0889,0.2763,4.76,4.69,0,0,0.0,0.0,0,0,0.02,low,0
STU-2026-0346,0.0353,0.4252,4.43,4.15,3,0,0.0,0.0,0,0,0.02,low,0
STU-2026-0347,0.0116,0.3675,4.3,4.2,2,0,0.0,0.0,0,0,0.0313,low,0
STU-2026-0348,-0.0039,0.4029,4.48,4.68,0,0,0.0,0.0,0,0,0.02,low,0
STU-2026-0349,0.0142,0.5285,4.03,3.76,0,0,0.0,0.0,0,0,0.02,low,0
STU-2026-0350,-0.202,-0.9132,2.61,3.14,3,0,0.2093,0.2249,0,0,0.5517,medium,0
STU-2026-0351,0.1168,0.0523,4.77,4.35,0,0,0.0,0.0,0,0,0.02,low,0
STU-2026-0352,0.0172,0.1273,4.4,4.12,0,0,0.0,0.0,0,0,0.0714,low,0
STU-2026-0353,-0.065,0.24,4.14,4.4,0,0,0.0,0.0,0,0,0.02,low,0
STU-2026-0354,0.1475,-0.1337,4.85,5.0,1,0,0.0,0.0,0,0,0.02,low,0
STU-2026-0355,-0.5754,-2.4443,2.19,1.46,7,4,0.3246,0.5001,4,1,0.98,high,1
STU-2026-0356,-0.0097,0.0658,4.51,4.32,0,0,0.0,0.0,0,0,0.02,low,0
STU-2026-0357,0.0335,-0.1384,4.22,4.21,0,0,0.0,0.0,0,0,0.02,low,0
STU-2026-0358,-0.0698,0.0814,3.39,3.56,0,1,0.0,0.0,0,0,0.0282,low,0
STU-2026-0359,-0.0432,0.0148,4.44,4.49,1,0,0.0,0.0,1,0,0.02,low,0
STU-2026-0360,0.0642,0.6257,4.35,4.31,1,0,0.0,0.0,0,1,0.033,low,0
STU-2026-0361,0.0181,0.0392,4.36,4.14,0,0,0.0,0.0,0,0,0.02,low,0
STU-2026-0362,0.0394,0.7741,3.91,3.59,0,0,0.0,0.0,0,0,0.02,low,0
STU-2026-0363,-0.1054,-0.8557,2.41,2.55,2,2,0.1753,0.2043,0,0,0.5214,medium,0
STU-2026-0364,-0.1653,-0.6547,2.8,3.02,4,2,0.2527,0.1898,0,0,0.5858,medium,0
STU-2026-0365,0.0485,0.4353,4.05,4.25,0,0,0.0,0.0,0,0,0.02,low,0
STU-2026-0366,-0.0465,-0.309,5.0,4.5,0,0,0.0,0.0,0,0,0.076,low,0
STU-2026-0367,-0.035,0.5514,3.76,4.21,1,0,0.0,0.0,0,0,0.02,low,0
STU-2026-0368,-0.1832,-0.7604,2.21,2.94,4,1,0.1476,0.2153,0,0,0.5875,medium,0
STU-2026-0369,0.0095,0.2139,3.84,4.29,0,0,0.0,0.0,0,0,0.02,low,0
STU-2026-0370,0.0069,-0.1503,3.66,3.68,0,0,0.0,0.0,0,0,0.02,low,0
STU-2026-0371,-0.1737,-1.1276,3.44,2.78,6,2,0.2534,0.2184,1,0,0.5691,medium,0
STU-2026-0372,0.0588,0.0788,4.29,4.51,1,0,0.0,0.0,0,0,0.0453,low,0
STU-2026-0373,-0.0312,0.4427,4.17,4.09,0,0,0.0,0.0,0,0,0.02,low,0
STU-2026-0374,0.0721,-0.1083,4.57,4.86,0,1,0.0,0.0,0,0,0.02,low,0
STU-2026-0375,0.0271,0.0409,3.76,4.39,1,0,0.0,0.0,1,0,0.02,low,0
STU-2026-0376,0.0461,0.1253,4.32,3.87,2,0,0.0,0.0,0,0,0.0448,low,0
STU-2026-0377,-0.3133,-2.6417,1.78,1.97,7,3,0.3792,0.4035,3,2,0.98,high,1
STU-2026-0378,-0.3546,-2.0729,1.6,1.71,9,3,0.31,0.3671,1,1,0.98,high,1
STU-2026-0379,0.0388,0.3215,3.52,3.27,0,0,0.0,0.0,0,0,0.02,low,0
STU-2026-0380,0.0731,-0.0899,4.43,4.3,0,0,0.0,0.0,0,0,0.02,low,0
STU-2026-0381,0.0155,-0.2676,3.95,3.76,0,0,0.0,0.0,0,0,0.02,low,0
STU-2026-0382,-0.0115,0.4262,4.26,4.4,0,0,0.0,0.0,0,0,0.02,low,0
STU-2026-0383,0.0998,0.4326,4.66,4.43,0,0,0.0,0.0,0,0,0.02,low,0
STU-2026-0384,0.0504,0.2027,4.16,4.12,0,1,0.0,0.0,0,0,0.032,low,0
STU-2026-0385,0.0198,0.1482,4.26,3.94,0,0,0.0,0.0,0,0,0.0506,low,0
STU-2026-0386,-0.534,-2.129,1.0,1.39,9,3,0.3486,0.4479,3,1,0.98,high,1
STU-2026-0387,-0.3678,-2.3836,1.0,1.08,9,5,0.3151,0.3977,1,0,0.9464,high,1
STU-2026-0388,0.0759,0.1569,4.22,4.24,2,0,0.0,0.0,0,0,0.0617,low,0
STU-2026-0389,0.0944,0.012,4.09,4.29,1,0,0.0,0.0,0,0,0.02,low,0
STU-2026-0390,-0.0453,-1.0713,2.5,2.66,2,1,0.2105,0.2075,0,1,0.5676,medium,0
STU-2026-0391,-0.1018,-0.4318,4.4,4.14,0,0,0.0,0.0,0,0,0.0267,low,0
STU-2026-0392,-0.0135,0.6425,3.79,4.02,3,0,0.0,0.0,0,0,0.02,low,0
STU-2026-0393,-0.2157,-1.1129,1.94,1.91,7,1,0.2047,0.2845,1,1,0.6071,medium,0
STU-2026-0394,0.1186,-0.1956,4.38,4.54,0,0,0.0,0.0,0,0,0.02,low,0
STU-2026-0395,0.0063,0.2668,4.16,4.45,0,0,0.0,0.0,0,0,0.02,low,0
STU-2026-0396,0.0636,0.2796,4.39,4.33,0,0,0.0,0.0,0,0,0.02,low,0
STU-2026-0397,-0.271,-2.252,1.0,1.15,13,2,0.3426,0.3689,2,1,0.98,high,1
STU-2026-0398,0.0305,0.2319,4.17,4.48,0,0,0.0,0.0,0,0,0.02,low,0
STU-2026-0399,-0.0562,0.0718,4.47,4.33,0,2,0.0,0.0,1,0,0.02,low,0
STU-2026-0400,0.0209,0.4805,4.51,4.41,0,1,0.0,0.0,0,0,0.02,low,0
STU-2026-0401,0.0094,-0.2507,3.33,3.73,0,0,0.0,0.0,0,0,0.02,low,0
STU-2026-0402,0.0646,0.4562,4.26,4.69,0,0,0.0,0.0,0,0,0.02,low,0
STU-2026-0403,0.0151,-0.1328,4.55,4.28,0,2,0.0,0.0,0,0,0.02,low,0
STU-2026-0404,0.0605,0.4102,4.12,4.04,0,0,0.0,0.0,0,0,0.02,low,0
STU-2026-0405,0.0374,0.3937,4.3,4.08,0,0,0.0,0.0,0,0,0.02,low,0
STU-2026-0406,-0.0017,0.174,4.11,4.27,0,2,0.0,0.0,0,0,0.02,low,0
STU-2026-0407,-0.2473,-0.7012,3.1,3.17,5,2,0.2002,0.2574,0,0,0.5927,medium,0
STU-2026-0408,0.0515,-0.1229,3.98,3.62,1,0,0.0,0.0,0,0,0.02,low,0
STU-2026-0409,0.0582,0.2258,4.31,4.12,1,1,0.0,0.0,0,0,0.03,low,0
STU-2026-0410,-0.117,-0.8992,2.78,2.59,6,1,0.176,0.2331,1,0,0.5945,medium,0
STU-2026-0411,0.0793,0.1325,4.23,4.35,0,0,0.0,0.0,1,0,0.02,low,0
STU-2026-0412,-0.161,-0.7535,2.83,3.09,5,1,0.165,0.2214,0,0,0.6158,medium,0
STU-2026-0413,0.0732,0.5191,4.53,4.12,0,0,0.0,0.0,0,0,0.0244,low,0
STU-2026-0414,0.0228,-0.051,4.76,4.54,1,0,0.0,0.0,0,0,0.0328,low,0
STU-2026-0415,-0.0184,-0.117,3.93,4.4,0,0,0.0,0.0,0,0,0.0575,low,0
STU-2026-0416,-0.2391,-0.8968,3.34,3.75,3,0,0.2237,0.2466,1,0,0.6076,medium,0
STU-2026-0417,0.0452,0.3209,4.4,4.66,2,0,0.0,0.0,0,0,0.062,low,0
STU-2026-0418,0.0656,0.0103,4.3,4.72,0,0,0.0,0.0,0,0,0.02,low,0
STU-2026-0419,0.0517,0.3246,4.15,4.04,1,1,0.0,0.0,1,0,0.02,low,0
STU-2026-0420,-0.0179,0.0454,3.49,3.61,0,0,0.0,0.0,0,1,0.02,low,0
STU-2026-0421,0.1463,0.426,4.41,4.27,1,0,0.0,0.0,0,0,0.02,low,0
STU-2026-0422,-0.0458,0.3622,3.77,3.67,0,0,0.0,0.0,0,0,0.02,low,0
STU-2026-0423,0.0763,0.1856,4.54,4.18,1,0,0.0,0.0,0,0,0.02,low,0
STU-2026-0424,-0.1227,-0.8989,3.05,2.99,5,1,0.1832,0.2778,0,0,0.5943,medium,0
STU-2026-0425,-0.0098,0.7058,4.67,4.03,0,0,0.0,0.0,0,0,0.02,low,0
STU-2026-0426,0.0206,0.5687,4.18,4.35,0,0,0.0,0.0,0,0,0.02,low,0
STU-2026-0427,-0.167,-0.7854,3.29,3.1,3,0,0.1743,0.2357,0,0,0.5328,medium,0
STU-2026-0428,0.0308,0.2402,3.54,3.62,0,0,0.0,0.0,0,0,0.02,low,0
STU-2026-0429,-0.098,0.3367,4.35,4.35,0,0,0.0,0.0,0,0,0.02,low,0
STU-2026-0430,-0.0292,0.5023,3.79,3.73,0,1,0.0,0.0,0,0,0.02,low,0
STU-2026-0431,-0.0125,0.4986,4.24,4.22,0,0,0.0,0.0,0,0,0.02,low,0
STU-2026-0432,-0.0076,-0.1303,4.51,3.93,0,0,0.0,0.0,0,0,0.02,low,0
STU-2026-0433,-0.0008,0.282,4.12,4.6,0,0,0.0,0.0,0,0,0.02,low,0
STU-2026-0434,-0.0216,0.5824,4.54,4.23,0,0,0.0,0.0,0,0,0.02,low,0
STU-2026-0435,-0.1625,-1.1439,3.01,2.8,5,2,0.2083,0.2207,0,1,0.5838,medium,0
STU-2026-0436,0.0037,0.3462,4.18,4.2,0,0,0.0,0.0,0,0,0.0239,low,0
STU-2026-0437,0.0366,0.2243,4.0,3.57,0,1,0.0,0.0,1,0,0.02,low,0
STU-2026-0438,-0.742,-2.1092,2.13,2.17,6,4,0.3913,0.3733,2,1,0.9788,high,1
STU-2026-0439,0.0469,0.0411,3.76,4.1,0,0,0.0,0.0,0,0,0.02,low,0
STU-2026-0440,0.0016,0.0797,4.27,4.4,0,0,0.0,0.0,0,0,0.0512,low,0
STU-2026-0441,0.0208,-0.0982,3.9,3.9,0,0,0.0,0.0,0,0,0.0345,low,0
STU-2026-0442,0.0548,0.4735,4.76,4.48,0,0,0.0,0.0,0,0,0.02,low,0
STU-2026-0443,-0.0475,0.3564,4.0,4.44,1,0,0.0,0.0,0,0,0.02,low,0
STU-2026-0444,-0.0038,-0.1323,4.65,4.45,1,0,0.0,0.0,0,0,0.0363,low,0
STU-2026-0445,-0.2349,-2.0763,1.97,1.94,8,3,0.3301,0.3511,1,1,0.98,high,1
STU-2026-0446,-0.0494,-0.188,3.98,3.96,0,0,0.0,0.0,0,0,0.02,low,0
STU-2026-0447,0.0131,0.2114,4.73,4.99,0,1,0.0,0.0,0,0,0.02,low,0
STU-2026-0448,-0.1054,-1.223,2.29,2.47,1,0,0.1744,0.2545,0,0,0.5353,medium,0
STU-2026-0449,0.0484,0.2187,3.2,3.59,0,0,0.0,0.0,0,0,0.02,low,0
STU-2026-0450,-0.6214,-1.6876,1.0,1.0,7,6,0.3693,0.4409,1,1,0.98,high,1
STU-2026-0451,-0.1704,-1.0803,3.29,2.83,4,1,0.2085,0.181,1,0,0.6533,high,1
STU-2026-0452,-0.1132,-0.8857,2.71,3.53,1,0,0.1796,0.1729,0,0,0.5089,medium,0
STU-2026-0453,-0.008,0.5281,3.9,4.29,0,0,0.0,0.0,1,0,0.02,low,0
STU-2026-0454,0.0499,0.0494,4.31,4.22,0,1,0.0,0.0,0,0,0.02,low,0
STU-2026-0455,0.0987,0.2054,4.37,4.37,2,1,0.0,0.0,0,0,0.0485,low,0
STU-2026-0456,0.0131,-0.3178,4.82,5.0,0,0,0.0,0.0,0,0,0.0489,low,0
STU-2026-0457,0.0414,0.3319,3.94,3.5,0,0,0.0,0.0,0,0,0.02,low,0
STU-2026-0458,-0.0028,0.3409,3.83,4.32,1,0,0.0,0.0,0,0,0.02,low,0
STU-2026-0459,-0.0354,0.3962,5.0,4.72,0,0,0.0,0.0,0,0,0.02,low,0
STU-2026-0460,-0.2846,-2.7138,1.72,1.94,14,2,0.3191,0.4025,1,0,0.98,high,1
STU-2026-0461,0.0053,0.1848,4.46,4.6,0,1,0.0,0.0,0,0,0.02,low,0
STU-2026-0462,-0.1949,-1.1192,2.6,2.94,3,1,0.1961,0.1988,0,0,0.5886,medium,0
STU-2026-0463,0.0894,0.4052,4.6,4.74,0,1,0.0,0.0,0,0,0.02,low,0
STU-2026-0464,-0.1996,-1.3977,2.93,2.89,5,4,0.2138,0.2682,1,0,0.5782,medium,0
STU-2026-0465,-0.005,0.2658,4.57,4.79,1,1,0.0,0.0,0,0,0.0308,low,0
STU-2026-0466,-0.0431,-0.2912,4.25,3.85,1,0,0.0,0.0,0,0,0.02,low,0
STU-2026-0467,-0.1768,-1.085,3.35,3.68,2,3,0.2343,0.2204,0,0,0.6662,high,1
STU-2026-0468,-0.118,-1.1195,2.93,3.6,6,1,0.2054,0.2157,0,0,0.656,high,1
STU-2026-0469,0.0319,0.2171,4.65,4.7,0,0,0.0,0.0,0,0,0.0315,low,0
STU-2026-0470,0.0292,-0.9511,2.25,2.32,3,0,0.1928,0.1997,1,0,0.6318,medium,0
STU-2026-0471,0.1012,-0.1142,4.97,4.84,1,0,0.0,0.0,0,0,0.02,low,0
STU-2026-0472,-0.609,-2.4503,1.15,1.13,11,1,0.3709,0.3669,2,1,0.98,high,1
STU-2026-0473,-0.2254,-0.8363,2.81,2.67,2,2,0.1767,0.2416,0,1,0.4998,medium,0
STU-2026-0474,0.0025,0.3928,3.88,3.87,0,0,0.0,0.0,0,0,0.02,low,0
STU-2026-0475,0.037,0.2703,4.08,4.19,1,0,0.0,0.0,1,0,0.02,low,0
STU-2026-0476,-0.1673,-0.9526,2.95,2.88,5,3,0.2115,0.2537,0,0,0.5852,medium,0
STU-2026-0477,-0.2735,-0.9002,3.83,3.24,1,2,0.1704,0.227,2,0,0.6188,medium,0
STU-2026-0478,-0.5417,-2.1674,2.03,2.29,12,6,0.3195,0.483,2,1,0.98,high,1
STU-2026-0479,0.0308,0.2028,3.56,3.76,2,0,0.0,0.0,0,0,0.02,low,0
STU-2026-0480,-0.0004,0.3001,3.92,4.0,0,0,0.0,0.0,0,0,0.02,low,0
STU-2026-0481,0.0011,-0.0213,5.0,4.99,0,0,0.0,0.0,0,0,0.02,low,0
STU-2026-0482,0.0115,0.0423,3.78,4.32,0,0,0.0,0.0,0,0,0.02,low,0
STU-2026-0483,-0.4435,-2.1963,1.08,1.1,9,1,0.3624,0.4499,4,0,0.98,high,1
STU-2026-0484,0.002,0.055,4.16,4.31,0,0,0.0,0.0,0,0,0.02,low,0
STU-2026-0485,-0.0283,0.4908,3.85,4.32,0,0,0.0,0.0,0,0,0.02,low,0
STU-2026-0486,-0.2783,-1.3677,3.16,2.89,6,1,0.234,0.2572,2,0,0.6653,high,1
STU-2026-0487,0.0479,0.2516,4.0,4.04,2,0,0.0,0.0,0,0,0.0303,low,0
STU-2026-0488,0.1044,-0.0459,4.24,4.45,0,1,0.0,0.0,0,0,0.02,low,0
STU-2026-0489,0.1757,0.1538,4.23,3.79,0,0,0.0,0.0,0,0,0.02,low,0
STU-2026-0490,0.0521,0.4209,3.64,3.91,0,0,0.0,0.0,0,0,0.02,low,0
STU-2026-0491,-0.0426,0.0347,4.52,4.69,0,0,0.0,0.0,0,0,0.02,low,0
STU-2026-0492,-0.0473,0.0087,3.74,3.18,1,1,0.0,0.0,0,0,0.02,low,0
STU-2026-0493,0.0881,0.775,4.39,4.35,2,0,0.0,0.0,1,0,0.0276,low,0
STU-2026-0494,0.0503,0.3426,3.98,3.64,0,1,0.0,0.0,0,0,0.02,low,0
STU-2026-0495,0.0447,0.1229,4.01,4.2,0,0,0.0,0.0,1,0,0.02,low,0
STU-2026-0496,-0.3518,-2.8973,1.0,1.01,9,1,0.3963,0.5112,1,1,0.98,high,1
STU-2026-0497,-0.3627,-2.7253,2.06,1.91,6,2,0.34,0.4407,2,0,0.9525,high,1
STU-2026-0498,-0.1989,-0.4323,3.12,3.24,2,1,0.1564,0.237,0,0,0.5804,medium,0
STU-2026-0499,-0.4038,-2.3997,1.0,1.35,9,1,0.3339,0.4135,3,1,0.98,high,1
STU-2026-0500,-0.4047,-2.4282,1.0,1.05,7,6,0.4003,0.4261,3,2,0.98,high,1
STU-2026-0501,0.0182,-0.0246,3.87,3.75,0,0,0.0,0.0,1,0,0.02,low,0
STU-2026-0502,0.089,0.4314,3.88,4.25,0,0,0.0,0.0,0,0,0.02,low,0
STU-2026-0503,0.0034,0.3395,3.83,3.84,1,0,0.0,0.0,0,0,0.027,low,0
STU-2026-0504,0.0594,0.395,4.76,4.76,0,0,0.0,0.0,0,0,0.02,low,0
STU-2026-0505,0.1018,0.3887,3.72,4.01,2,0,0.0,0.0,0,0,0.02,low,0
STU-2026-0506,-0.0006,0.1386,3.1,3.59,0,1,0.0,0.0,0,0,0.0315,low,0
STU-2026-0507,-0.0312,0.6592,3.96,4.06,0,0,0.0,0.0,0,0,0.0449,low,0
STU-2026-0508,0.0605,0.2702,4.53,4.24,0,0,0.0,0.0,1,0,0.02,low,0
STU-2026-0509,-0.1266,-0.8833,1.67,1.94,4,0,0.1449,0.2256,0,0,0.5415,medium,0
STU-2026-0510,-0.1253,-1.4644,2.9,2.7,7,1,0.2118,0.184,1,0,0.653,high,1
STU-2026-0511,-0.1635,-0.6673,2.8,2.9,4,2,0.2097,0.2471,2,0,0.5802,medium,0
STU-2026-0512,-0.093,-0.9366,1.91,2.16,2,1,0.2111,0.2238,1,0,0.5441,medium,0
STU-2026-0513,-0.092,-0.9402,3.51,3.67,1,1,0.2469,0.2354,0,0,0.5804,medium,0
STU-2026-0514,0.0718,0.2296,4.42,4.67,0,0,0.0,0.0,0,0,0.0649,low,0
STU-2026-0515,0.0691,0.007,3.68,3.79,0,0,0.0,0.0,0,0,0.02,low,0
STU-2026-0516,-0.35,-2.1896,1.36,1.3,8,7,0.4364,0.379,1,1,0.9693,high,1
STU-2026-0517,-0.1188,-0.9687,3.31,3.44,2,1,0.2143,0.2308,0,0,0.648,medium,0
STU-2026-0518,-0.5058,-2.6679,1.17,1.01,4,2,0.3733,0.4169,4,0,0.9756,high,1
STU-2026-0519,-0.0353,0.2472,4.58,4.53,0,1,0.0,0.0,0,0,0.02,low,0
STU-2026-0520,-0.0009,0.3104,3.73,3.55,0,0,0.0,0.0,0,1,0.02,low,0
STU-2026-0521,0.0147,0.6492,4.4,4.22,1,0,0.0,0.0,0,0,0.05,low,0
STU-2026-0522,0.0723,0.3966,3.74,3.89,0,0,0.0,0.0,0,0,0.02,low,0
STU-2026-0523,-0.0671,0.457,4.49,4.31,0,0,0.0,0.0,1,0,0.02,low,0
STU-2026-0524,-0.0892,0.4286,4.59,4.45,0,0,0.0,0.0,0,0,0.02,low,0
STU-2026-0525,-0.5737,-1.8057,1.0,1.03,8,1,0.3142,0.4356,1,0,0.9701,high,1
STU-2026-0526,0.0822,-0.3554,4.24,4.09,0,0,0.0,0.0,0,0,0.087,low,0
STU-2026-0527,0.068,0.1437,4.28,3.95,0,0,0.0,0.0,0,0,0.02,low,0
STU-2026-0528,-0.0104,0.2692,4.21,4.41,0,0,0.0,0.0,1,0,0.02,low,0
STU-2026-0529,-0.0153,0.2252,4.34,4.03,0,0,0.0,0.0,0,0,0.02,low,0
STU-2026-0530,0.0203,-0.1116,4.66,4.17,0,0,0.0,0.0,0,0,0.02,low,0
STU-2026-0531,0.0887,0.0675,4.06,4.15,0,0,0.0,0.0,0,0,0.042,low,0
STU-2026-0532,0.0765,0.4707,4.59,4.56,0,0,0.0,0.0,0,0,0.02,low,0
STU-2026-0533,0.0204,-0.0026,3.06,3.3,0,0,0.0,0.0,0,0,0.02,low,0
STU-2026-0534,-0.0321,0.111,4.41,4.14,0,0,0.0,0.0,0,1,0.02,low,0
STU-2026-0535,0.0631,0.0927,4.17,4.19,0,0,0.0,0.0,1,0,0.02,low,0
STU-2026-0536,0.0471,0.1615,4.76,4.78,2,0,0.0,0.0,0,0,0.0423,low,0
STU-2026-0537,0.0755,0.5168,4.14,4.41,0,0,0.0,0.0,0,0,0.0239,low,0
STU-2026-0538,-0.0066,0.1451,3.63,3.7,0,0,0.0,0.0,0,0,0.02,low,0
STU-2026-0539,-0.395,-2.4126,1.0,1.33,4,3,0.3387,0.4452,1,2,0.9199,high,1
STU-2026-0540,0.0167,0.3781,4.22,4.47,1,1,0.0,0.0,0,1,0.02,low,0
STU-2026-0541,0.0536,0.1077,3.46,3.56,0,0,0.0,0.0,0,1,0.02,low,0
STU-2026-0542,-0.0084,0.4992,3.5,3.64,0,0,0.0,0.0,1,0,0.02,low,0
STU-2026-0543,0.0494,0.0514,3.45,3.7,0,0,0.0,0.0,0,0,0.024,low,0
STU-2026-0544,0.0772,0.0833,4.08,4.56,0,1,0.0,0.0,0,0,0.02,low,0
STU-2026-0545,-0.0211,0.4975,3.48,3.44,1,0,0.0,0.0,0,0,0.02,low,0
STU-2026-0546,0.0029,0.136,4.77,4.27,0,1,0.0,0.0,1,0,0.02,low,0
STU-2026-0547,0.1254,0.2754,3.91,4.11,1,0,0.0,0.0,0,0,0.02,low,0
STU-2026-0548,0.0253,0.3369,4.17,4.06,0,0,0.0,0.0,0,0,0.0527,low,0
STU-2026-0549,0.0825,0.0998,4.22,4.27,0,0,0.0,0.0,0,0,0.02,low,0
STU-2026-0550,0.045,0.5751,4.41,4.5,1,0,0.0,0.0,0,0,0.02,low,0
STU-2026-0551,-0.3267,-2.2387,2.12,2.59,13,1,0.4692,0.4673,2,1,0.98,high,1
STU-2026-0552,-0.4592,-2.045,2.16,2.16,5,2,0.2937,0.5224,2,1,0.9401,high,1
STU-2026-0553,0.0853,0.3346,3.81,3.74,1,0,0.0,0.0,0,0,0.0272,low,0
STU-2026-0554,0.0026,-0.0037,4.2,3.78,0,1,0.0,0.0,0,0,0.02,low,0
STU-2026-0555,-0.157,-0.3606,2.37,2.2,2,2,0.1571,0.1449,2,0,0.4965,medium,0
STU-2026-0556,-0.0575,0.2993,4.3,4.51,0,0,0.0,0.0,0,0,0.0627,low,0
STU-2026-0557,-0.0399,0.481,3.79,3.33,0,0,0.0,0.0,0,0,0.02,low,0
STU-2026-0558,0.0045,-0.2711,4.36,4.95,0,0,0.0,0.0,0,0,0.0504,low,0
STU-2026-0559,0.0642,-0.3035,4.55,4.7,0,0,0.0,0.0,0,1,0.02,low,0
STU-2026-0560,-0.0215,0.296,4.35,4.73,0,0,0.0,0.0,0,0,0.02,low,0
STU-2026-0561,-0.0031,0.4018,4.47,3.78,1,0,0.0,0.0,0,0,0.0451,low,0
STU-2026-0562,-0.0769,0.0417,4.11,4.2,0,0,0.0,0.0,0,0,0.02,low,0
STU-2026-0563,-0.1461,-0.3382,3.13,3.34,5,0,0.2049,0.2252,0,0,0.5863,medium,0
STU-2026-0564,-0.0265,0.7141,4.49,4.28,0,0,0.0,0.0,0,0,0.02,low,0
STU-2026-0565,0.0157,0.1483,4.15,4.14,0,0,0.0,0.0,0,0,0.0321,low,0
STU-2026-0566,0.0684,-0.0986,4.29,4.23,0,0,0.0,0.0,0,0,0.02,low,0
STU-2026-0567,-0.006,0.1317,4.7,4.1,0,0,0.0,0.0,0,0,0.02,low,0
STU-2026-0568,0.1137,0.0668,4.0,3.99,0,0,0.0,0.0,0,0,0.0413,low,0
STU-2026-0569,-0.0675,0.6242,4.65,4.91,0,1,0.0,0.0,1,0,0.0324,low,0
STU-2026-0570,-0.1975,-1.0128,2.8,2.87,4,1,0.1379,0.2559,0,0,0.5477,medium,0
STU-2026-0571,-0.0047,0.3416,4.28,3.9,1,1,0.0,0.0,0,0,0.0711,low,0
STU-2026-0572,0.0803,-0.0685,4.5,4.22,1,0,0.0,0.0,0,0,0.02,low,0
STU-2026-0573,-0.024,0.1252,3.38,3.88,0,0,0.0,0.0,0,0,0.02,low,0
STU-2026-0574,-0.6468,-2.5559,1.0,1.22,10,3,0.3613,0.4203,2,1,0.98,high,1
STU-2026-0575,0.0669,0.2236,3.91,4.16,0,0,0.0,0.0,0,0,0.02,low,0
STU-2026-0576,0.0662,0.1448,3.9,3.9,0,1,0.0,0.0,0,0,0.0233,low,0
STU-2026-0577,0.1175,0.2756,3.86,3.98,0,1,0.0,0.0,0,0,0.02,low,0
STU-2026-0578,0.0592,-0.1357,4.1,3.64,1,0,0.0,0.0,0,0,0.0356,low,0
STU-2026-0579,-0.0882,-1.1557,2.53,2.86,2,1,0.2231,0.2201,1,0,0.5701,medium,0
STU-2026-0580,0.089,0.1474,4.24,3.97,0,0,0.0,0.0,0,0,0.02,low,0
STU-2026-0581,-0.001,0.4227,4.84,4.3,0,1,0.0,0.0,0,1,0.0386,low,0
STU-2026-0582,-0.6516,-2.4505,2.34,2.69,10,5,0.3832,0.4598,2,0,0.98,high,1
STU-2026-0583,-0.0324,0.5251,4.24,4.48,1,0,0.0,0.0,0,0,0.02,low,0
STU-2026-0584,-0.0028,0.4924,4.58,4.72,0,0,0.0,0.0,0,0,0.02,low,0
STU-2026-0585,0.0726,0.4191,4.7,4.45,2,0,0.0,0.0,0,0,0.0618,low,0
STU-2026-0586,-0.1308,-0.5106,3.03,2.83,3,1,0.2171,0.2063,2,0,0.5453,medium,0
STU-2026-0587,0.0729,-0.5289,3.68,4.23,0,0,0.0,0.0,0,0,0.0557,low,0
STU-2026-0588,-0.6006,-2.6645,1.0,1.12,7,5,0.3205,0.2854,4,1,0.98,high,1
STU-2026-0589,0.0192,0.591,3.25,3.34,1,0,0.0,0.0,0,0,0.0231,low,0
STU-2026-0590,-0.4805,-2.0458,1.02,1.47,7,4,0.3865,0.4992,3,1,0.98,high,1
STU-2026-0591,-0.0219,0.3247,4.7,4.85,0,2,0.0,0.0,0,0,0.02,low,0
STU-2026-0592,0.0324,0.5052,4.72,4.88,0,0,0.0,0.0,0,0,0.02,low,0
STU-2026-0593,0.0459,0.0143,4.36,4.78,0,0,0.0,0.0,0,0,0.02,low,0
STU-2026-0594,0.0628,0.0154,4.22,4.31,1,0,0.0,0.0,0,0,0.0317,low,0
STU-2026-0595,-0.2298,-0.9016,3.63,3.69,3,0,0.1499,0.2141,0,0,0.5758,medium,0
STU-2026-0596,0.0237,-0.1592,3.58,3.82,0,1,0.0,0.0,0,0,0.0543,low,0
STU-2026-0597,0.0499,0.2008,3.99,4.28,1,1,0.0,0.0,0,0,0.02,low,0
STU-2026-0598,0.0441,0.4822,4.5,4.09,0,0,0.0,0.0,0,0,0.02,low,0
STU-2026-0599,-0.4407,-1.8515,2.0,1.65,6,5,0.3416,0.4287,3,2,0.9006,high,1
STU-2026-0600,-0.1983,-0.7229,3.13,2.5,2,4,0.1751,0.2487,0,0,0.5329,medium,0
STU-2026-0001,0.1121,0.3984,4.37,4.25,1,1,0.0,0.0,0,0,0.02,low,0
STU-2026-0002,0.0436,0.2458,4.17,4.26,0,0,0.0,0.0,0,0,0.02,low,0
STU-2026-0003,0.0382,0.7605,4.24,4.71,0,0,0.0,0.0,0,0,0.02,low,0
STU-2026-0004,-0.4717,-2.4297,1.66,1.76,9,3,0.2837,0.466,3,0,0.98,high,1
STU-2026-0005,-0.086,-0.1805,3.6,3.36,0,1,0.0,0.0,0,0,0.0302,low,0
STU-2026-0006,-0.026,0.1845,3.93,4.25,0,0,0.0,0.0,0,0,0.02,low,0
STU-2026-0007,0.0721,0.1933,3.97,4.17,0,0,0.0,0.0,0,0,0.0267,low,0
STU-2026-0008,-0.5753,-2.569,2.22,2.43,9,2,0.3867,0.3953,2,2,0.98,high,1
STU-2026-0009,-0.3083,-0.7039,3.28,3.62,3,1,0.211,0.2229,0,0,0.6108,medium,0
STU-2026-0010,-0.15,-0.8498,3.51,2.9,3,2,0.2506,0.2068,0,0,0.5882,medium,0
STU-2026-0011,0.0552,0.2474,4.33,4.19,0,0,0.0,0.0,0,0,0.02,low,0
STU-2026-0012,0.0166,0.2504,3.93,3.78,0,0,0.0,0.0,0,0,0.0315,low,0
STU-2026-0013,-0.0418,0.1018,4.68,4.22,0,0,0.0,0.0,0,0,0.02,low,0
STU-2026-0014,-0.2175,-1.1258,2.85,2.96,2,0,0.2004,0.2117,2,0,0.5765,medium,0
STU-2026-0015,0.0307,0.0144,4.01,3.96,2,0,0.0,0.0,0,0,0.02,low,0
STU-2026-0016,-0.2737,-1.0672,2.83,2.46,2,2,0.2802,0.2056,0,0,0.6331,medium,0
STU-2026-0017,0.0159,-0.2015,4.16,4.41,0,0,0.0,0.0,0,0,0.02,low,0
STU-2026-0018,0.02,-0.2189,4.11,4.58,0,1,0.0,0.0,0,1,0.0329,low,0
STU-2026-0019,-0.2585,-0.7442,3.41,3.32,2,1,0.1821,0.2091,0,0,0.5407,medium,0
STU-2026-0020,-0.0552,0.2753,3.68,3.82,0,0,0.0,0.0,0,0,0.02,low,0
STU-2026-0021,-0.4152,-2.5424,1.53,1.34,6,1,0.408,0.5124,2,1,0.98,high,1
STU-2026-0022,0.1425,-0.0181,3.88,4.02,1,0,0.0,0.0,0,0,0.02,low,0
STU-2026-0023,-0.0121,0.1542,4.77,4.54,2,0,0.0,0.0,0,0,0.0406,low,0
STU-2026-0024,-0.0028,0.3117,3.98,4.25,0,0,0.0,0.0,0,0,0.0715,low,0
STU-2026-0025,0.0288,0.2708,4.04,4.27,1,1,0.0,0.0,0,0,0.0622,low,0
STU-2026-0026,0.0501,0.299,4.2,4.33,0,0,0.0,0.0,0,0,0.02,low,0
STU-2026-0027,0.0802,0.2823,4.02,3.41,0,0,0.0,0.0,0,0,0.0226,low,0
STU-2026-0028,0.1175,0.2864,4.08,4.21,0,0,0.0,0.0,0,0,0.02,low,0
STU-2026-0029,-0.0342,0.4415,4.37,3.8,0,0,0.0,0.0,0,0,0.02,low,0
STU-2026-0030,0.0286,0.4532,4.54,4.41,0,0,0.0,0.0,0,0,0.02,low,0
STU-2026-0031,-0.007,-0.0796,4.57,4.34,0,0,0.0,0.0,0,0,0.02,low,0
STU-2026-0032,-0.0031,-0.3032,4.04,3.79,1,0,0.0,0.0,0,0,0.065,low,0
STU-2026-0033,-0.0258,0.675,4.41,4.53,0,0,0.0,0.0,0,0,0.02,low,0
STU-2026-0034,-0.0604,0.5925,4.49,4.9,1,0,0.0,0.0,0,0,0.02,low,0
STU-2026-0035,0.0363,-0.2121,4.05,3.72,1,0,0.0,0.0,0,0,0.02,low,0
STU-2026-0036,0.0612,0.2377,4.24,4.01,0,0,0.0,0.0,0,0,0.0371,low,0
STU-2026-0037,-0.2373,-0.6897,3.17,2.64,3,0,0.2443,0.2635,0,0,0.6094,medium,0
STU-2026-0038,-0.0333,0.8245,4.72,4.79,0,0,0.0,0.0,0,0,0.02,low,0
STU-2026-0039,-0.2468,-0.3086,3.2,2.89,3,2,0.1812,0.2348,0,1,0.5415,medium,0
STU-2026-0040,-0.7359,-2.1967,1.65,1.98,10,4,0.3755,0.4141,2,2,0.98,high,1
STU-2026-0041,-0.0275,0.4752,4.75,4.61,0,0,0.0,0.0,0,0,0.02,low,0
STU-2026-0042,0.0412,0.193,4.36,4.21,0,0,0.0,0.0,0,0,0.02,low,0
STU-2026-0043,0.0526,0.2376,4.01,3.82,0,0,0.0,0.0,0,0,0.02,low,0
STU-2026-0044,-0.5017,-2.191,1.52,1.58,7,5,0.412,0.4457,2,1,0.9641,high,1
STU-2026-0045,-0.1045,-0.6448,3.11,3.06,4,0,0.1483,0.2024,0,0,0.5692,medium,0
STU-2026-0046,0.0943,0.4564,4.22,4.32,0,0,0.0,0.0,0,0,0.02,low,0
STU-2026-0047,0.0564,0.1608,3.36,3.55,0,0,0.0,0.0,1,0,0.05,low,0
STU-2026-0048,0.0287,0.1482,4.54,4.7,1,1,0.0,0.0,0,0,0.02,low,0
STU-2026-0049,0.0561,0.2878,3.94,4.04,0,1,0.0,0.0,0,0,0.0503,low,0
STU-2026-0050,0.0093,0.027,4.68,4.05,3,0,0.0,0.0,0,0,0.02,low,0
STU-2026-0051,0.0043,0.1932,5.0,4.59,0,0,0.0,0.0,0,0,0.0462,low,0
STU-2026-0052,-0.0219,0.5595,4.39,4.48,0,0,0.0,0.0,0,0,0.02,low,0
STU-2026-0053,0.0926,0.5247,4.81,4.25,0,0,0.0,0.0,0,0,0.02,low,0
STU-2026-0054,-0.2886,-1.8043,1.01,1.53,7,6,0.3859,0.405,3,0,0.9622,high,1
STU-2026-0055,0.0135,0.3712,3.94,3.87,1,0,0.0,0.0,0,0,0.02,low,0
STU-2026-0056,0.0809,0.6355,4.2,4.22,0,0,0.0,0.0,0,0,0.02,low,0
STU-2026-0057,-0.0696,0.4133,3.63,4.18,0,0,0.0,0.0,1,1,0.02,low,0
STU-2026-0058,0.0655,0.4369,3.69,4.27,0,0,0.0,0.0,0,0,0.02,low,0
STU-2026-0059,-0.2608,-1.2275,2.64,2.97,7,0,0.2063,0.1887,0,0,0.5976,medium,0
STU-2026-0060,0.0968,-0.2396,3.27,3.25,0,0,0.0,0.0,0,0,0.02,low,0
STU-2026-0061,-0.0102,0.0631,3.7,4.09,0,1,0.0,0.0,0,0,0.0499,low,0
STU-2026-0062,0.0108,0.1939,3.8,4.15,1,2,0.0,0.0,0,0,0.0281,low,0
STU-2026-0063,-0.0015,0.1598,3.62,3.5,1,0,0.0,0.0,0,0,0.0545,low,0
STU-2026-0064,0.0895,-0.1367,4.33,4.74,1,0,0.0,0.0,0,0,0.02,low,0
STU-2026-0065,-0.1475,-0.7438,2.41,2.26,4,3,0.1787,0.2279,0,0,0.6106,medium,0
STU-2026-0066,-0.2855,-1.191,2.63,2.58,2,1,0.2172,0.2277,0,0,0.5732,medium,0
STU-2026-0067,-0.5958,-2.3283,1.0,1.08,6,1,0.3877,0.4331,1,1,0.98,high,1
STU-2026-0068,0.0125,0.5481,3.96,4.14,1,0,0.0,0.0,0,0,0.0402,low,0
STU-2026-0069,-0.3571,-1.1221,3.1,3.22,2,0,0.1671,0.2439,1,0,0.5781,medium,0
STU-2026-0070,0.0955,0.1505,3.78,3.68,1,0,0.0,0.0,0,0,0.02,low,0
STU-2026-0071,-0.1095,-1.3709,3.38,3.46,7,1,0.1848,0.1878,0,0,0.6961,high,1
STU-2026-0072,-0.0964,0.2881,5.0,5.0,0,0,0.0,0.0,0,0,0.02,low,0
STU-2026-0073,0.0119,-0.1145,4.2,4.44,1,1,0.0,0.0,0,0,0.02,low,0
STU-2026-0074,0.0048,0.2891,4.18,4.1,0,1,0.0,0.0,0,0,0.02,low,0
STU-2026-0075,0.0341,0.0697,3.65,3.43,0,0,0.0,0.0,0,1,0.02,low,0
STU-2026-0076,-0.1688,-1.4513,3.59,3.19,5,2,0.1973,0.2096,0,0,0.5698,medium,0
STU-2026-0077,0.0604,0.1726,3.84,3.94,0,0,0.0,0.0,0,0,0.02,low,0
STU-2026-0078,-0.0314,0.1808,4.08,3.64,0,0,0.0,0.0,0,0,0.0325,low,0
STU-2026-0079,-0.1404,-1.0094,2.94,3.12,3,2,0.2201,0.271,1,0,0.6445,medium,0
STU-2026-0080,0.0373,0.0659,3.92,3.87,1,0,0.0,0.0,0,0,0.02,low,0
STU-2026-0081,0.0722,-0.0654,4.93,4.72,1,0,0.0,0.0,0,1,0.0277,low,0
STU-2026-0082,-0.012,0.4533,4.33,4.65,1,0,0.0,0.0,0,0,0.02,low,0
STU-2026-0083,-0.0439,-0.0351,3.48,3.58,0,1,0.0,0.0,0,0,0.02,low,0
STU-2026-0084,-0.0908,0.0467,4.78,4.93,1,0,0.0,0.0,0,0,0.02,low,0
STU-2026-0085,-0.029,-0.105,4.72,4.97,0,0,0.0,0.0,0,0,0.02,low,0
STU-2026-0086,-0.148,-1.3799,2.56,2.7,1,2,0.1893,0.211,0,0,0.6379,medium,0
STU-2026-0087,0.0176,-0.0139,4.4,3.99,0,0,0.0,0.0,0,0,0.0376,low,0
STU-2026-0088,-0.304,-1.2848,1.77,1.93,6,1,0.1987,0.1586,1,0,0.6607,high,1
STU-2026-0089,-0.0397,0.4091,4.06,3.53,0,0,0.0,0.0,0,0,0.02,low,0
STU-2026-0090,-0.0286,0.0175,4.35,4.85,0,0,0.0,0.0,0,0,0.02,low,0
STU-2026-0091,0.0374,-0.0358,4.3,4.44,2,0,0.0,0.0,0,0,0.02,low,0
STU-2026-0092,-0.0748,-0.8709,2.32,2.38,5,0,0.2372,0.2538,1,0,0.6353,medium,0
STU-2026-0093,-0.0137,0.014,4.15,4.08,0,1,0.0,0.0,0,0,0.02,low,0
STU-2026-0094,0.1298,0.1047,4.46,4.43,0,1,0.0,0.0,0,0,0.02,low,0
STU-2026-0095,-0.2389,-1.3152,2.63,2.73,3,0,0.2091,0.2766,0,0,0.5793,medium,0
STU-2026-0096,-0.027,0.1478,3.88,3.42,1,0,0.0,0.0,0,0,0.0581,low,0
STU-2026-0097,-0.3582,-2.1625,1.3,1.24,8,2,0.3961,0.3478,2,1,0.98,high,1
STU-2026-0098,0.0336,0.5648,4.17,4.59,1,0,0.0,0.0,0,0,0.02,low,0
STU-2026-0099,-0.0024,-0.049,4.26,4.42,1,2,0.0,0.0,0,0,0.02,low,0
STU-2026-0100,-0.1668,-1.2337,3.33,3.05,2,1,0.1799,0.27,1,0,0.6,medium,0
STU-2026-0101,-0.0919,0.2948,4.05,4.44,0,0,0.0,0.0,0,0,0.02,low,0
STU-2026-0102,-0.0,0.0431,3.85,4.19,1,1,0.0,0.0,0,0,0.02,low,0
STU-2026-0103,-0.0028,0.0983,4.37,4.48,0,0,0.0,0.0,0,0,0.02,low,0
STU-2026-0104,-0.1838,-0.568,2.9,2.26,5,2,0.1398,0.2208,0,0,0.5556,medium,0
STU-2026-0105,-0.1223,-0.6706,3.38,3.91,2,2,0.2144,0.2146,2,0,0.5608,medium,0
STU-2026-0106,-0.2209,-1.3625,2.42,2.35,3,1,0.2638,0.2259,1,1,0.5886,medium,0
STU-2026-0107,-0.2225,-0.5534,2.81,2.42,5,4,0.1588,0.2381,0,0,0.5669,medium,0
STU-2026-0108,0.0507,0.2703,4.13,3.69,0,0,0.0,0.0,0,0,0.0462,low,0
STU-2026-0109,0.0192,-0.0198,4.75,4.25,0,0,0.0,0.0,0,0,0.02,low,0
STU-2026-0110,-0.413,-2.3658,1.34,1.27,14,3,0.3649,0.4388,2,0,0.98,high,1
STU-2026-0111,-0.2117,-0.7446,2.92,2.54,1,1,0.2572,0.2495,1,0,0.5199,medium,0
STU-2026-0112,-0.1996,-0.9253,1.98,2.44,5,3,0.2531,0.2044,1,0,0.5868,medium,0
STU-2026-0113,-0.0452,0.6392,4.16,4.67,0,0,0.0,0.0,0,0,0.02,low,0
STU-2026-0114,0.014,0.1397,4.43,4.89,0,1,0.0,0.0,0,0,0.0369,low,0
STU-2026-0115,-0.0641,-1.2903,2.57,2.28,2,2,0.2284,0.208,1,0,0.5692,medium,0
STU-2026-0116,-0.0103,-0.0471,4.43,4.18,0,0,0.0,0.0,0,0,0.02,low,0
STU-2026-0117,-0.1241,-0.7072,2.76,2.74,4,2,0.1898,0.1853,0,0,0.6105,medium,0
STU-2026-0118,0.058,0.2993,4.66,5.0,0,0,0.0,0.0,0,0,0.0557,low,0
STU-2026-0119,-0.0221,0.1373,3.62,3.73,0,2,0.0,0.0,0,0,0.02,low,0
STU-2026-0120,-0.4236,-2.8086,1.17,1.58,10,4,0.4,0.4677,4,0,0.98,high,1
STU-2026-0121,-0.0053,0.07,4.2,4.23,2,0,0.0,0.0,0,0,0.0306,low,0
STU-2026-0122,-0.0068,0.6144,4.06,4.58,1,0,0.0,0.0,0,0,0.02,low,0
STU-2026-0123,0.0098,0.1727,3.55,4.4,0,0,0.0,0.0,0,0,0.063,low,0
STU-2026-0124,-0.0839,0.2245,4.91,5.0,0,0,0.0,0.0,0,0,0.0235,low,0
STU-2026-0125,0.0315,-0.2003,4.12,3.62,1,0,0.0,0.0,0,0,0.0581,low,0
STU-2026-0126,0.0446,0.3227,4.52,4.36,0,0,0.0,0.0,0,0,0.023,low,0
STU-2026-0127,0.0077,0.1811,4.18,3.83,2,0,0.0,0.0,0,0,0.0557,low,0
STU-2026-0128,-0.4504,-2.8991,1.09,1.62,7,8,0.3492,0.4791,2,0,0.98,high,1
STU-2026-0129,0.1429,0.7025,4.01,4.29,2,1,0.0,0.0,0,0,0.02,low,0
STU-2026-0130,-0.1921,-1.1891,3.6,3.24,2,3,0.2339,0.1718,2,1,0.5547,medium,0
STU-2026-0131,0.0687,0.1908,4.35,4.37,1,0,0.0,0.0,0,0,0.02,low,0
STU-2026-0132,0.0917,0.1732,4.77,4.75,0,2,0.0,0.0,0,0,0.02,low,0
STU-2026-0133,0.0567,0.3534,3.8,4.35,0,0,0.0,0.0,0,0,0.02,low,0
STU-2026-0134,0.0712,0.1909,5.0,5.0,0,1,0.0,0.0,0,0,0.02,low,0
STU-2026-0135,0.0361,0.4342,4.31,4.2,1,0,0.0,0.0,0,0,0.02,low,0
STU-2026-0136,0.0017,0.5681,4.14,4.42,0,1,0.0,0.0,0,0,0.02,low,0
STU-2026-0137,-0.122,-0.9556,2.5,2.7,4,2,0.2069,0.2645,0,0,0.5843,medium,0
STU-2026-0138,0.1178,0.0372,4.54,4.95,0,0,0.0,0.0,0,0,0.0299,low,0
STU-2026-0139,0.0397,0.4106,4.13,3.88,1,0,0.0,0.0,0,0,0.02,low,0
STU-2026-0140,0.0252,0.4582,4.04,3.78,0,0,0.0,0.0,0,0,0.02,low,0
STU-2026-0141,0.0348,0.7018,3.57,3.11,0,0,0.0,0.0,0,0,0.02,low,0
STU-2026-0142,-0.1225,-0.6601,2.84,3.43,3,2,0.1861,0.2547,0,0,0.5232,medium,0
STU-2026-0143,0.0256,0.236,3.79,3.79,0,0,0.0,0.0,0,0,0.02,low,0
STU-2026-0144,-0.0216,-0.1785,4.13,4.02,0,1,0.0,0.0,0,0,0.0556,low,0
STU-2026-0145,0.0403,0.1391,4.43,4.34,0,0,0.0,0.0,0,0,0.02,low,0
STU-2026-0146,-0.5709,-1.8203,1.0,1.36,8,7,0.3591,0.4802,1,1,0.9135,high,1
STU-2026-0147,-0.0704,0.0986,3.76,3.39,1,0,0.0,0.0,0,0,0.02,low,0
STU-2026-0148,-0.0074,0.0814,4.32,4.11,1,0,0.0,0.0,0,0,0.02,low,0
STU-2026-0149,0.0997,0.0871,4.61,4.71,0,0,0.0,0.0,0,0,0.02,low,0
STU-2026-0150,0.0125,0.1804,4.1,4.2,0,1,0.0,0.0,0,0,0.02,low,0
STU-2026-0151,-0.0159,0.3451,4.11,3.92,0,0,0.0,0.0,0,0,0.0494,low,0
STU-2026-0152,0.0347,-0.1135,4.15,3.82,0,1,0.0,0.0,0,0,0.0358,low,0
STU-2026-0153,-0.2416,-1.2238,2.86,3.01,1,1,0.179,0.2704,0,0,0.5887,medium,0
STU-2026-0154,-0.0286,0.0186,4.21,4.05,0,0,0.0,0.0,0,0,0.02,low,0
STU-2026-0155,0.0141,0.2494,3.88,3.33,0,2,0.0,0.0,0,0,0.02,low,0
STU-2026-0156,-0.1191,-1.1707,3.07,2.7,3,3,0.2174,0.2191,0,0,0.6423,medium,0
STU-2026-0157,-0.0864,-1.2049,3.26,3.41,4,1,0.2059,0.2252,1,1,0.5726,medium,0
STU-2026-0158,0.0239,0.2317,4.62,4.02,0,0,0.0,0.0,0,0,0.0234,low,0
STU-2026-0159,0.0049,0.3201,4.12,3.55,1,0,0.0,0.0,0,0,0.02,low,0
STU-2026-0160,-0.2054,-0.6322,3.24,3.26,7,2,0.2521,0.2597,1,0,0.614,medium,0
STU-2026-0161,0.0779,0.0157,4.64,4.43,0,0,0.0,0.0,0,0,0.02,low,0
STU-2026-0162,0.0661,-0.336,4.52,4.12,1,0,0.0,0.0,0,0,0.0289,low,0
STU-2026-0163,-0.0277,0.273,4.97,4.24,0,0,0.0,0.0,0,1,0.0306,low,0
STU-2026-0164,0.0507,-0.0884,4.63,4.47,0,0,0.0,0.0,0,0,0.0305,low,0
STU-2026-0165,-0.2004,-0.8692,3.02,2.84,2,0,0.1935,0.1579,1,0,0.4838,medium,0
STU-2026-0166,-0.1512,-1.4316,2.96,2.46,4,1,0.2329,0.1961,0,0,0.579,medium,0
STU-2026-0167,0.1,-0.1505,4.62,4.76,0,0,0.0,0.0,0,0,0.02,low,0
STU-2026-0168,0.0063,0.1982,4.14,3.94,0,0,0.0,0.0,0,0,0.02,low,0
STU-2026-0169,0.036,0.2784,3.97,4.39,0,0,0.0,0.0,0,0,0.02,low,0
STU-2026-0170,0.0267,-0.0199,4.36,4.95,0,1,0.0,0.0,0,0,0.02,low,0
STU-2026-0171,0.0011,0.3175,4.3,3.83,1,0,0.0,0.0,0,0,0.02,low,0
STU-2026-0172,0.0048,0.4251,3.74,3.38,1,0,0.0,0.0,0,0,0.0367,low,0
STU-2026-0173,0.0637,0.3247,4.53,4.36,0,0,0.0,0.0,0,0,0.0268,low,0
STU-2026-0174,-0.1306,-0.1404,4.42,4.85,0,0,0.0,0.0,0,0,0.02,low,0
STU-2026-0175,0.0045,0.2785,4.3,4.14,0,0,0.0,0.0,0,0,0.02,low,0
STU-2026-0176,-0.0283,0.3357,3.77,3.64,0,0,0.0,0.0,0,1,0.0243,low,0
STU-2026-0177,0.0849,-0.1237,3.36,3.79,0,0,0.0,0.0,0,0,0.02,low,0
STU-2026-0178,-0.077,0.235,4.41,4.45,0,0,0.0,0.0,0,0,0.02,low,0
STU-2026-0179,-0.0048,0.1914,4.92,4.54,0,0,0.0,0.0,0,0,0.02,low,0
STU-2026-0180,-0.0069,0.194,3.65,4.29,2,0,0.0,0.0,0,0,0.0334,low,0
STU-2026-0181,-0.0516,-0.0467,3.37,3.38,0,0,0.0,0.0,0,0,0.02,low,0
STU-2026-0182,-0.0036,-0.058,3.83,3.58,1,0,0.0,0.0,0,0,0.0234,low,0
STU-2026-0183,0.0131,-0.2376,3.64,3.7,1,0,0.0,0.0,0,0,0.02,low,0
STU-2026-0184,0.0351,-0.003,4.41,4.12,2,0,0.0,0.0,0,0,0.026,low,0
STU-2026-0185,-0.1216,-0.9286,2.8,3.42,2,2,0.2346,0.2479,0,0,0.5947,medium,0
STU-2026-0186,-0.4548,-2.7026,1.96,1.84,14,8,0.473,0.4638,2,1,0.98,high,1
STU-2026-0187,0.0521,0.1347,4.58,4.83,1,1,0.0,0.0,0,0,0.02,low,0
STU-2026-0188,-0.1191,-1.3366,2.7,2.83,5,2,0.2007,0.1697,1,1,0.6839,high,1
STU-2026-0189,-0.0046,-0.0099,4.13,4.24,1,0,0.0,0.0,0,0,0.0329,low,0
STU-2026-0190,0.0435,0.5508,4.52,4.01,0,0,0.0,0.0,0,0,0.02,low,0
STU-2026-0191,-0.0299,-0.0816,4.06,3.9,0,0,0.0,0.0,0,0,0.0423,low,0
STU-2026-0192,0.0009,0.0459,4.31,4.01,0,0,0.0,0.0,0,0,0.02,low,0
STU-2026-0193,0.0733,0.1876,4.42,4.44,1,0,0.0,0.0,0,0,0.02,low,0
STU-2026-0194,0.0427,0.1424,4.55,3.96,1,0,0.0,0.0,0,0,0.0514,low,0
STU-2026-0195,0.076,0.4489,5.0,5.0,0,1,0.0,0.0,1,0,0.02,low,0
STU-2026-0196,-0.2177,-1.0964,3.32,3.97,2,1,0.192,0.2086,1,0,0.5576,medium,0
STU-2026-0197,-0.0116,0.2863,4.26,3.98,1,0,0.0,0.0,0,0,0.0528,low,0
STU-2026-0198,0.0425,0.3548,3.88,3.66,0,0,0.0,0.0,0,0,0.027,low,0
STU-2026-0199,0.0317,-0.0051,4.13,4.41,0,0,0.0,0.0,0,0,0.02,low,0
STU-2026-0200,0.0245,0.1824,4.7,4.89,0,0,0.0,0.0,0,0,0.02,low,0
STU-2026-0201,-0.0495,0.4679,4.22,4.07,1,0,0.0,0.0,1,0,0.0385,low,0
STU-2026-0202,0.0094,0.7545,4.31,4.2,2,1,0.0,0.0,0,0,0.0331,low,0
STU-2026-0203,0.0046,0.2401,4.85,4.3,0,0,0.0,0.0,0,0,0.0244,low,0
STU-2026-0204,0.0228,0.4014,4.4,4.36,0,0,0.0,0.0,0,0,0.02,low,0
STU-2026-0205,0.0019,-0.2319,5.0,4.65,0,0,0.0,0.0,0,0,0.02,low,0
STU-2026-0206,-0.2594,-0.8076,2.69,3.11,7,0,0.2006,0.2317,0,0,0.6452,medium,0
STU-2026-0207,-0.0221,0.1795,4.31,4.21,0,0,0.0,0.0,0,0,0.02,low,0
STU-2026-0208,0.0512,-0.1033,4.6,4.9,0,1,0.0,0.0,0,0,0.042,low,0
STU-2026-0209,-0.0435,0.192,3.53,3.9,1,1,0.0,0.0,0,0,0.02,low,0
STU-2026-0210,-0.3126,-2.2872,1.61,2.07,10,2,0.4309,0.355,1,0,0.98,high,1
STU-2026-0211,0.054,0.4784,5.0,4.83,0,0,0.0,0.0,0,0,0.02,low,0
STU-2026-0212,-0.0078,-0.0528,4.33,4.56,1,0,0.0,0.0,0,0,0.02,low,0
STU-2026-0213,-0.1333,-1.1452,2.85,2.87,4,0,0.1808,0.277,0,0,0.5762,medium,0
STU-2026-0214,0.0498,0.1447,3.88,3.92,1,0,0.0,0.0,0,0,0.02,low,0
STU-2026-0215,0.0199,-0.1765,3.72,3.78,0,0,0.0,0.0,0,0,0.02,low,0
STU-2026-0216,-0.0431,-0.1795,3.89,4.65,0,0,0.0,0.0,0,0,0.0319,low,0
STU-2026-0217,-0.0461,-0.0516,4.56,4.44,1,0,0.0,0.0,0,0,0.02,low,0
STU-2026-0218,-0.0106,0.3641,3.64,4.3,0,0,0.0,0.0,0,0,0.02,low,0
STU-2026-0219,0.0341,-0.0817,3.51,4.0,0,1,0.0,0.0,0,0,0.02,low,0
STU-2026-0220,0.0994,0.3055,4.45,4.19,0,0,0.0,0.0,0,0,0.0274,low,0
STU-2026-0221,-0.2366,-2.3726,1.23,1.63,10,3,0.448,0.5937,1,0,0.98,high,1
STU-2026-0222,0.0395,0.6313,3.82,3.76,0,0,0.0,0.0,1,0,0.039,low,0
STU-2026-0223,-0.1118,-0.96,3.03,2.97,4,0,0.2177,0.2372,1,0,0.6032,medium,0
STU-2026-0224,-0.0606,-0.784,3.18,2.82,2,2,0.1846,0.2397,2,0,0.572,medium,0
STU-2026-0225,0.0269,0.0542,4.63,4.5,0,0,0.0,0.0,0,0,0.02,low,0
STU-2026-0226,0.0282,0.468,4.84,4.67,1,0,0.0,0.0,0,0,0.062,low,0
STU-2026-0227,-0.0497,0.3745,3.96,4.26,0,0,0.0,0.0,0,0,0.0317,low,0
STU-2026-0228,0.0259,0.0488,3.85,4.49,0,0,0.0,0.0,0,0,0.02,low,0
STU-2026-0229,0.0018,-0.1998,4.8,4.92,1,0,0.0,0.0,0,0,0.0534,low,0
STU-2026-0230,-0.3724,-2.4176,1.0,1.34,6,4,0.4427,0.4708,1,1,0.98,high,1
STU-2026-0231,-0.1999,-1.1338,2.5,2.74,1,4,0.1722,0.2523,0,0,0.6037,medium,0
STU-2026-0232,-0.0756,0.071,3.4,3.95,0,2,0.0,0.0,0,0,0.02,low,0
STU-2026-0233,0.0024,0.1596,4.33,4.6,1,0,0.0,0.0,0,0,0.02,low,0
STU-2026-0234,-0.1898,-0.9007,2.34,2.53,3,2,0.2086,0.1964,0,1,0.5741,medium,0
STU-2026-0235,0.0994,0.1547,4.01,4.38,0,0,0.0,0.0,0,0,0.02,low,0
STU-2026-0236,0.0547,0.5093,4.19,3.93,0,0,0.0,0.0,0,0,0.02,low,0
STU-2026-0237,-0.0119,0.1024,4.62,4.27,0,0,0.0,0.0,0,0,0.02,low,0
STU-2026-0238,-0.246,-0.9198,2.78,2.72,2,3,0.2199,0.2077,1,0,0.5406,medium,0
STU-2026-0239,0.085,0.5328,4.29,4.38,0,0,0.0,0.0,0,0,0.0257,low,0
STU-2026-0240,0.0034,-0.0204,3.39,3.46,1,0,0.0,0.0,0,0,0.02,low,0
STU-2026-0241,0.0111,0.0408,4.24,4.27,0,0,0.0,0.0,0,0,0.02,low,0
STU-2026-0242,0.053,-0.0248,4.49,3.67,0,1,0.0,0.0,0,0,0.02,low,0
STU-2026-0243,-0.2284,-1.183,2.42,2.38,5,1,0.1637,0.2578,0,0,0.5981,medium,0
STU-2026-0244,0.0079,0.0464,4.37,4.16,1,0,0.0,0.0,0,0,0.02,low,0
STU-2026-0245,-0.7086,-2.1281,1.09,1.11,9,5,0.3964,0.5089,4,0,0.98,high,1
STU-2026-0246,-0.4342,-2.6143,1.13,1.09,8,4,0.4248,0.3962,3,0,0.98,high,1
STU-2026-0247,0.0534,-0.0807,3.7,3.99,0,0,0.0,0.0,0,0,0.02,low,0
STU-2026-0248,0.0255,-0.8796,2.05,2.31,6,4,0.1746,0.1878,0,0,0.5555,medium,0
STU-2026-0249,-0.3007,-2.2979,1.0,1.44,5,4,0.3853,0.4406,1,2,0.9523,high,1
STU-2026-0250,0.019,0.5252,3.8,3.77,0,0,0.0,0.0,0,0,0.0596,low,0
STU-2026-0251,-0.5142,-2.2811,1.2,1.43,13,8,0.4867,0.4896,2,1,0.98,high,1
STU-2026-0252,0.0414,0.0075,4.42,4.3,1,1,0.0,0.0,0,0,0.0216,low,0
STU-2026-0253,-0.553,-2.0826,1.95,2.33,10,1,0.4255,0.4814,2,0,0.9688,high,1
STU-2026-0254,0.0631,0.3447,3.82,3.76,0,0,0.0,0.0,0,0,0.02,low,0
STU-2026-0255,0.0821,0.4637,4.27,4.64,2,1,0.0,0.0,0,0,0.0308,low,0
STU-2026-0256,0.0496,0.2591,3.31,4.0,1,0,0.0,0.0,0,0,0.02,low,0
STU-2026-0257,0.0984,0.5706,4.43,4.31,0,0,0.0,0.0,0,0,0.02,low,0
STU-2026-0258,-0.204,-0.644,1.95,2.77,7,0,0.2504,0.1373,0,0,0.5786,medium,0
STU-2026-0259,-0.0283,0.0192,4.33,4.25,0,0,0.0,0.0,0,0,0.02,low,0
STU-2026-0260,0.0418,0.1042,5.0,4.84,0,1,0.0,0.0,0,0,0.02,low,0
STU-2026-0261,-0.0712,0.5259,4.15,4.15,0,0,0.0,0.0,0,0,0.02,low,0
STU-2026-0262,-0.1945,-1.2962,3.22,2.75,2,0,0.1963,0.2499,1,1,0.5642,medium,0
STU-2026-0263,-0.4473,-2.3354,1.0,1.21,7,4,0.3211,0.5405,2,1,0.98,high,1
STU-2026-0264,0.0249,0.0659,4.04,4.12,0,0,0.0,0.0,0,0,0.02,low,0
STU-2026-0265,0.0146,0.3414,4.36,4.09,1,0,0.0,0.0,0,0,0.0351,low,0
STU-2026-0266,0.0705,0.5645,3.93,4.1,1,0,0.0,0.0,0,0,0.02,low,0
STU-2026-0267,-0.0103,0.0469,4.07,4.48,0,0,0.0,0.0,0,0,0.02,low,0
STU-2026-0268,-0.1488,-0.6884,2.72,2.72,4,1,0.1872,0.2063,0,0,0.5409,medium,0
STU-2026-0269,-0.0009,-0.3148,3.8,3.72,0,0,0.0,0.0,0,0,0.083,low,0
STU-2026-0270,0.0166,0.328,4.52,4.63,2,1,0.0,0.0,0,0,0.0206,low,0
STU-2026-0271,-0.0594,-0.0458,5.0,5.0,0,1,0.0,0.0,0,0,0.02,low,0
STU-2026-0272,-0.2479,-0.5054,2.73,3.21,6,1,0.1872,0.2753,0,0,0.623,medium,0
STU-2026-0273,-0.031,-0.1241,4.85,4.67,0,0,0.0,0.0,0,0,0.0397,low,0
STU-2026-0274,0.0186,0.655,4.1,3.99,0,0,0.0,0.0,0,0,0.02,low,0
STU-2026-0275,-0.1588,-0.3723,3.53,3.58,5,0,0.1607,0.1902,0,0,0.5148,medium,0
STU-2026-0276,-0.2247,-0.9614,2.74,2.45,2,1,0.1739,0.2512,0,0,0.552,medium,0
STU-2026-0277,0.0088,0.1259,3.99,4.02,0,0,0.0,0.0,0,0,0.02,low,0
STU-2026-0278,0.0357,0.1239,3.71,4.1,1,0,0.0,0.0,0,0,0.02,low,0
STU-2026-0279,-0.4954,-1.9949,1.22,1.44,6,5,0.3958,0.3912,1,2,0.98,high,1
STU-2026-0280,0.0578,0.3054,3.89,4.01,0,0,0.0,0.0,0,0,0.02,low,0
STU-2026-0281,0.055,-0.1466,4.4,4.52,0,0,0.0,0.0,0,0,0.02,low,0
STU-2026-0282,-0.0371,0.4875,3.87,4.24,0,0,0.0,0.0,0,0,0.02,low,0
STU-2026-0283,-0.2022,-1.0434,3.04,2.98,2,2,0.1661,0.2813,1,0,0.5671,medium,0
STU-2026-0284,-0.2339,-1.0212,2.14,2.23,5,0,0.1919,0.2519,0,0,0.5582,medium,0
STU-2026-0285,-0.2518,-2.8076,1.0,1.23,14,2,0.4044,0.4092,1,1,0.98,high,1
STU-2026-0286,-0.0348,0.2824,5.0,4.92,1,0,0.0,0.0,0,0,0.02,low,0
STU-2026-0287,-0.0658,0.2056,3.98,4.1,0,0,0.0,0.0,0,0,0.02,low,0
STU-2026-0288,-0.3746,-2.4832,1.0,1.28,8,3,0.3608,0.4208,1,1,0.98,high,1
STU-2026-0289,-0.017,0.279,3.56,4.04,0,0,0.0,0.0,0,0,0.02,low,0
STU-2026-0290,0.0099,0.3445,3.56,4.02,2,0,0.0,0.0,0,0,0.0317,low,0
STU-2026-0291,-0.1676,-0.7611,2.95,2.98,4,1,0.1701,0.2164,2,1,0.5991,medium,0
STU-2026-0292,-0.3552,-2.6388,1.0,1.0,7,5,0.3971,0.4661,2,0,0.98,high,1
STU-2026-0293,-0.209,-0.9269,3.37,3.66,1,0,0.1862,0.1928,2,0,0.5457,medium,0
STU-2026-0294,0.041,-0.2969,4.41,3.9,0,1,0.0,0.0,0,0,0.0317,low,0
STU-2026-0295,0.0431,-0.0746,4.56,4.18,0,0,0.0,0.0,0,0,0.02,low,0
STU-2026-0296,-0.0406,0.2028,3.99,4.12,0,0,0.0,0.0,0,0,0.02,low,0
STU-2026-0297,0.0747,0.0645,4.04,4.02,1,1,0.0,0.0,0,0,0.02,low,0
STU-2026-0298,0.0403,0.1825,4.46,4.43,0,1,0.0,0.0,0,0,0.02,low,0
STU-2026-0299,-0.0329,-0.1788,3.86,3.58,1,0,0.0,0.0,0,0,0.02,low,0
STU-2026-0300,-0.6713,-2.6051,1.22,1.27,7,5,0.4794,0.4209,2,1,0.98,high,1
STU-2026-0301,-0.0152,0.1981,4.83,4.76,1,1,0.0,0.0,0,0,0.02,low,0
STU-2026-0302,-0.2047,-1.0287,3.53,3.45,3,2,0.1898,0.2232,1,1,0.5716,medium,0
STU-2026-0303,-0.0162,-1.3412,2.45,2.61,7,0,0.2037,0.1989,0,0,0.575,medium,0
STU-2026-0304,-0.0262,0.729,4.09,4.06,0,1,0.0,0.0,0,0,0.02,low,0
STU-2026-0305,-0.2222,-2.6737,1.0,1.25,12,8,0.3829,0.4096,2,0,0.98,high,1
STU-2026-0306,-0.5157,-2.3411,1.19,1.3,11,2,0.3739,0.3853,2,1,0.98,high,1
STU-2026-0307,0.0008,0.4165,4.09,3.71,0,1,0.0,0.0,1,0,0.02,low,0
STU-2026-0308,0.0248,0.0796,5.0,4.85,1,0,0.0,0.0,0,0,0.0349,low,0
STU-2026-0309,-0.0837,-1.1952,3.4,2.92,2,0,0.2401,0.2635,1,0,0.5749,medium,0
STU-2026-0310,-0.6065,-2.7537,1.37,1.47,6,7,0.3402,0.4322,4,1,0.9692,high,1
STU-2026-0311,0.0345,-0.174,4.62,4.1,1,0,0.0,0.0,0,0,0.0317,low,0
STU-2026-0312,0.0736,0.2473,4.85,5.0,2,0,0.0,0.0,1,0,0.0383,low,0
STU-2026-0313,-0.0943,0.157,4.58,4.41,0,2,0.0,0.0,0,0,0.0201,low,0
STU-2026-0314,0.0429,0.049,4.88,5.0,1,1,0.0,0.0,0,0,0.02,low,0
STU-2026-0315,-0.0383,0.3871,4.19,4.42,3,2,0.0,0.0,0,0,0.0923,low,0
STU-2026-0316,-0.6844,-2.3946,1.3,1.4,10,3,0.3772,0.4086,4,0,0.98,high,1
STU-2026-0317,0.1298,0.3704,4.85,5.0,0,0,0.0,0.0,0,0,0.02,low,0
STU-2026-0318,0.0523,0.1461,3.95,4.0,0,1,0.0,0.0,0,0,0.02,low,0
STU-2026-0319,-0.0863,-0.7411,2.26,2.78,4,0,0.2415,0.224,0,0,0.6137,medium,0
STU-2026-0320,-0.4382,-2.6146,1.52,1.06,6,4,0.4452,0.4235,1,2,0.98,high,1
STU-2026-0321,-0.0162,0.4348,3.91,3.36,0,0,0.0,0.0,0,0,0.02,low,0
STU-2026-0322,0.0311,0.4997,3.89,4.01,1,0,0.0,0.0,0,0,0.02,low,0
STU-2026-0323,0.0564,-0.0184,4.58,4.86,1,0,0.0,0.0,0,0,0.02,low,0
STU-2026-0324,0.0245,0.2672,3.84,3.5,0,0,0.0,0.0,0,0,0.02,low,0
STU-2026-0325,0.0358,-0.021,4.13,4.38,1,0,0.0,0.0,0,0,0.02,low,0
STU-2026-0326,-0.0344,0.0407,4.18,4.05,0,0,0.0,0.0,0,0,0.0305,low,0
STU-2026-0327,0.138,0.0666,4.45,4.79,0,0,0.0,0.0,0,0,0.02,low,0
STU-2026-0328,-0.0252,0.46,3.69,3.96,0,0,0.0,0.0,0,0,0.02,low,0
STU-2026-0329,0.0666,0.1744,4.6,4.23,1,1,0.0,0.0,1,0,0.02,low,0
STU-2026-0330,0.0523,-0.0741,5.0,4.81,0,1,0.0,0.0,0,0,0.02,low,0
STU-2026-0331,0.0103,0.0022,4.2,4.12,1,1,0.0,0.0,0,0,0.02,low,0
STU-2026-0332,-0.0313,0.4057,3.75,3.94,1,0,0.0,0.0,0,0,0.0418,low,0
STU-2026-0333,-0.2419,-0.9115,3.06,3.38,4,0,0.1453,0.2985,0,0,0.5816,medium,0
STU-2026-0334,0.0041,0.009,4.71,4.87,0,1,0.0,0.0,0,0,0.043,low,0
STU-2026-0335,0.0166,0.1016,4.62,4.42,1,0,0.0,0.0,0,0,0.02,low,0
STU-2026-0336,0.0667,0.2695,4.0,4.08,0,0,0.0,0.0,0,0,0.02,low,0
STU-2026-0337,-0.0417,-0.3357,4.15,4.23,2,0,0.0,0.0,0,0,0.02,low,0
STU-2026-0338,0.0549,0.4004,4.82,4.75,0,0,0.0,0.0,0,0,0.02,low,0
STU-2026-0339,-0.1674,-1.2941,2.99,2.96,6,3,0.2474,0.2722,0,0,0.6698,high,1
STU-2026-0340,-0.2053,-1.1024,2.79,2.81,3,0,0.1891,0.2474,0,1,0.5843,medium,0
STU-2026-0341,-0.1646,-0.9049,2.22,2.53,6,1,0.1627,0.2077,1,0,0.6557,high,1
STU-2026-0342,0.0748,0.313,4.32,3.95,0,0,0.0,0.0,1,0,0.0288,low,0
STU-2026-0343,-0.3585,-2.6416,1.2,1.64,10,5,0.4097,0.5373,2,1,0.98,high,1
STU-2026-0344,-0.0767,0.3027,3.74,3.69,0,0,0.0,0.0,0,0,0.02,low,0
STU-2026-0345,0.0288,0.3126,4.42,5.0,0,0,0.0,0.0,0,0,0.02,low,0
STU-2026-0346,0.0179,0.0024,4.3,4.53,0,0,0.0,0.0,1,0,0.02,low,0
STU-2026-0347,0.0517,0.2199,4.25,4.34,0,0,0.0,0.0,0,0,0.0399,low,0
STU-2026-0348,0.0264,0.614,4.3,4.84,2,0,0.0,0.0,0,0,0.0271,low,0
STU-2026-0349,-0.0241,0.3585,3.68,4.04,1,0,0.0,0.0,1,0,0.02,low,0
STU-2026-0350,-0.1775,-0.8172,2.58,3.04,1,1,0.2119,0.2777,0,0,0.6295,medium,0
STU-2026-0351,0.0301,0.4058,4.82,4.66,1,0,0.0,0.0,0,0,0.02,low,0
STU-2026-0352,-0.0601,0.2644,4.3,4.3,2,0,0.0,0.0,0,0,0.0555,low,0
STU-2026-0353,0.0648,0.0418,3.95,3.98,0,1,0.0,0.0,0,0,0.02,low,0
STU-2026-0354,-0.0241,0.5755,5.0,4.6,0,0,0.0,0.0,0,0,0.021,low,0
STU-2026-0355,-0.5865,-2.4704,1.48,1.89,11,6,0.4064,0.4224,3,1,0.9781,high,1
STU-2026-0356,-0.0305,-0.0944,4.27,4.36,1,0,0.0,0.0,0,0,0.0299,low,0
STU-2026-0357,-0.1021,0.4639,4.29,4.28,0,0,0.0,0.0,0,0,0.0246,low,0
STU-2026-0358,0.0714,0.3549,3.3,3.53,0,0,0.0,0.0,0,0,0.0319,low,0
STU-2026-0359,0.0154,0.2096,4.23,4.23,1,0,0.0,0.0,0,0,0.02,low,0
STU-2026-0360,0.0063,0.2798,4.44,3.64,0,0,0.0,0.0,1,0,0.02,low,0
STU-2026-0361,0.0175,0.4852,4.81,4.67,0,1,0.0,0.0,0,0,0.02,low,0
STU-2026-0362,-0.0341,0.0427,3.9,3.87,0,0,0.0,0.0,0,0,0.02,low,0
STU-2026-0363,-0.168,-0.207,2.91,3.09,2,0,0.2105,0.2707,1,0,0.49,medium,0
STU-2026-0364,-0.1884,-0.8175,3.84,3.3,7,1,0.2496,0.2405,1,0,0.614,medium,0
STU-2026-0365,0.0478,0.2825,4.5,4.55,0,1,0.0,0.0,0,0,0.02,low,0
STU-2026-0366,0.0919,0.5616,4.98,4.79,0,0,0.0,0.0,0,0,0.02,low,0
STU-2026-0367,0.0224,0.3515,4.31,4.31,0,0,0.0,0.0,0,0,0.02,low,0
STU-2026-0368,-0.0992,-0.8183,2.42,2.42,2,2,0.2318,0.2286,2,0,0.5842,medium,0
STU-2026-0369,0.07,0.3284,3.66,4.74,0,0,0.0,0.0,0,0,0.02,low,0
STU-2026-0370,0.0944,0.2143,3.65,3.95,0,0,0.0,0.0,0,0,0.02,low,0
STU-2026-0371,-0.1828,-1.05,2.95,2.88,3,0,0.1601,0.253,0,0,0.5899,medium,0
STU-2026-0372,0.0288,-0.1528,4.33,4.53,0,0,0.0,0.0,0,0,0.02,low,0
STU-2026-0373,0.0007,0.1911,3.99,4.07,0,0,0.0,0.0,0,0,0.02,low,0
STU-2026-0374,-0.0234,0.545,4.54,4.67,1,0,0.0,0.0,0,0,0.0547,low,0
STU-2026-0375,-0.0275,0.5025,4.05,4.43,0,0,0.0,0.0,0,0,0.02,low,0
STU-2026-0376,0.0525,0.3789,4.01,4.38,0,0,0.0,0.0,0,0,0.0719,low,0
STU-2026-0377,-0.4836,-2.8858,1.32,1.61,6,6,0.3065,0.395,2,1,0.9591,high,1
STU-2026-0378,-0.2614,-2.0654,1.07,1.31,13,1,0.4007,0.5173,3,1,0.98,high,1
STU-2026-0379,0.0014,0.3964,3.33,3.26,0,1,0.0,0.0,0,0,0.02,low,0
STU-2026-0380,-0.0923,-0.01,4.75,4.46,1,1,0.0,0.0,0,0,0.0281,low,0
STU-2026-0381,0.0056,0.2249,4.01,4.02,2,0,0.0,0.0,0,0,0.02,low,0
STU-2026-0382,0.075,0.2702,4.43,4.07,0,0,0.0,0.0,0,0,0.0232,low,0
STU-2026-0383,-0.0403,-0.0908,4.43,4.14,0,0,0.0,0.0,0,0,0.02,low,0
STU-2026-0384,0.116,0.1009,4.03,4.36,0,1,0.0,0.0,0,0,0.0453,low,0
STU-2026-0385,0.0565,0.2417,4.01,3.9,0,2,0.0,0.0,0,0,0.0225,low,0
STU-2026-0386,-0.3244,-2.3991,1.0,1.51,12,4,0.3369,0.4791,1,0,0.98,high,1
STU-2026-0387,-0.4029,-2.5041,1.73,1.53,11,2,0.5163,0.4378,2,0,0.98,high,1
STU-2026-0388,-0.0235,0.147,3.97,3.99,0,0,0.0,0.0,0,0,0.02,low,0
STU-2026-0389,0.1279,-0.0637,4.67,4.28,2,0,0.0,0.0,0,0,0.02,low,0
STU-2026-0390,-0.1544,-1.0338,2.83,2.41,1,1,0.1592,0.2254,1,0,0.5255,medium,0
STU-2026-0391,0.0199,0.1279,4.01,3.78,1,0,0.0,0.0,0,0,0.02,low,0
STU-2026-0392,0.0159,0.5311,3.81,4.2,0,0,0.0,0.0,0,0,0.0264,low,0
STU-2026-0393,-0.2295,-0.7427,1.83,2.0,4,2,0.2043,0.2239,0,0,0.6402,medium,0
STU-2026-0394,0.0363,0.3368,4.52,4.49,0,0,0.0,0.0,0,0,0.02,low,0
STU-2026-0395,-0.0557,0.1046,4.42,4.35,0,0,0.0,0.0,0,0,0.031,low,0
STU-2026-0396,0.0185,0.2565,4.61,4.46,0,0,0.0,0.0,0,0,0.02,low,0
STU-2026-0397,-0.4642,-1.9188,1.0,1.0,13,2,0.3572,0.4496,3,0,0.98,high,1
STU-2026-0398,0.0461,0.2579,4.36,4.59,0,0,0.0,0.0,0,0,0.02,low,0
STU-2026-0399,0.066,0.0941,4.38,4.35,0,1,0.0,0.0,0,0,0.0234,low,0
STU-2026-0400,0.044,0.0618,4.91,4.4,1,0,0.0,0.0,0,0,0.02,low,0
STU-2026-0401,-0.0274,-0.2222,3.38,3.25,0,0,0.0,0.0,0,0,0.02,low,0
STU-2026-0402,0.0308,0.1254,4.4,4.42,0,0,0.0,0.0,0,0,0.02,low,0
STU-2026-0403,0.067,0.3343,4.48,4.63,0,1,0.0,0.0,0,0,0.02,low,0
STU-2026-0404,0.0564,0.3872,4.24,4.14,1,0,0.0,0.0,0,0,0.02,low,0
STU-2026-0405,-0.0165,0.1471,4.29,4.06,0,0,0.0,0.0,0,0,0.02,low,0
STU-2026-0406,0.0646,-0.2955,4.5,4.2,1,1,0.0,0.0,0,0,0.0388,low,0
STU-2026-0407,-0.1723,-1.1072,3.31,3.67,3,3,0.1788,0.1463,2,0,0.5128,medium,0
STU-2026-0408,0.0519,0.173,3.7,3.89,0,0,0.0,0.0,0,0,0.02,low,0
STU-2026-0409,0.0768,0.3251,4.55,4.06,0,0,0.0,0.0,0,0,0.02,low,0
STU-2026-0410,-0.1817,-1.0639,2.08,2.63,2,2,0.1779,0.2878,0,0,0.5645,medium,0
STU-2026-0411,0.0195,0.1562,3.84,4.63,0,1,0.0,0.0,0,0,0.0641,low,0
STU-2026-0412,-0.0371,-0.8219,2.84,3.21,3,0,0.2532,0.2783,0,0,0.6035,medium,0
STU-2026-0413,0.0818,-0.079,4.82,4.4,0,1,0.0,0.0,0,0,0.0279,low,0
STU-2026-0414,-0.0119,0.3842,5.0,4.63,0,0,0.0,0.0,0,0,0.054,low,0
STU-2026-0415,0.0375,0.2726,4.07,4.34,1,0,0.0,0.0,0,0,0.02,low,0
STU-2026-0416,-0.0783,-1.1585,3.66,3.91,2,2,0.2481,0.2049,1,0,0.6174,medium,0
STU-2026-0417,0.05,-0.1176,4.71,4.41,0,0,0.0,0.0,0,0,0.02,low,0
STU-2026-0418,0.0954,0.0074,4.96,4.74,1,0,0.0,0.0,0,0,0.0484,low,0
STU-2026-0419,0.0039,-0.0727,3.78,4.18,0,0,0.0,0.0,0,0,0.02,low,0
STU-2026-0420,-0.0291,0.3582,3.64,3.87,0,0,0.0,0.0,0,0,0.02,low,0
STU-2026-0421,0.0563,0.0072,3.98,4.49,0,0,0.0,0.0,0,0,0.02,low,0
STU-2026-0422,0.0135,0.1579,3.39,3.87,0,1,0.0,0.0,0,0,0.0285,low,0
STU-2026-0423,0.0374,0.5014,4.38,4.39,1,0,0.0,0.0,0,0,0.02,low,0
STU-2026-0424,-0.25,-0.7512,2.65,2.93,2,0,0.2455,0.2692,0,0,0.6392,medium,0
STU-2026-0425,-0.0675,-0.3368,4.24,4.38,0,0,0.0,0.0,0,0,0.0324,low,0
STU-2026-0426,-0.0145,0.2342,3.83,4.1,1,0,0.0,0.0,0,0,0.02,low,0
STU-2026-0427,-0.2741,-1.0562,2.73,3.19,1,2,0.1825,0.1743,0,0,0.5736,medium,0
STU-2026-0428,0.0584,0.1009,3.86,3.52,0,0,0.0,0.0,0,0,0.02,low,0
STU-2026-0429,0.0431,-0.0396,4.52,3.94,0,0,0.0,0.0,0,0,0.02,low,0
STU-2026-0430,-0.0444,0.29,3.57,3.24,1,0,0.0,0.0,0,0,0.02,low,0
STU-2026-0431,0.0215,-0.3509,4.62,4.65,0,2,0.0,0.0,0,0,0.02,low,0
STU-2026-0432,0.0232,-0.355,4.06,3.98,0,0,0.0,0.0,0,0,0.0287,low,0
STU-2026-0433,0.0164,0.003,4.26,4.48,1,0,0.0,0.0,0,0,0.02,low,0
STU-2026-0434,0.0106,0.1457,4.46,4.05,0,1,0.0,0.0,1,1,0.02,low,0
STU-2026-0435,-0.148,-0.7015,3.26,3.06,2,4,0.2061,0.2292,0,1,0.5462,medium,0
STU-2026-0436,0.059,-0.234,4.57,3.91,0,0,0.0,0.0,0,0,0.02,low,0
STU-2026-0437,0.1031,-0.1242,3.96,3.77,1,0,0.0,0.0,1,0,0.02,low,0
STU-2026-0438,-0.586,-3.2196,1.87,2.24,12,4,0.4783,0.4475,2,0,0.98,high,1
STU-2026-0439,0.0422,0.1374,4.12,4.16,0,0,0.0,0.0,1,0,0.063,low,0
STU-2026-0440,-0.0494,0.2194,4.3,4.2,0,1,0.0,0.0,0,0,0.02,low,0
STU-2026-0441,0.0277,0.5592,4.0,4.13,0,0,0.0,0.0,0,0,0.0467,low,0
STU-2026-0442,0.0934,0.2495,4.95,4.6,1,0,0.0,0.0,0,0,0.02,low,0
STU-2026-0443,0.0261,-0.0367,4.46,4.65,1,0,0.0,0.0,0,0,0.0451,low,0
STU-2026-0444,-0.0004,-0.1126,4.56,4.36,2,0,0.0,0.0,0,0,0.0341,low,0
STU-2026-0445,-0.4278,-2.8328,2.2,2.24,9,2,0.4199,0.5934,2,1,0.98,high,1
STU-2026-0446,0.0802,0.2723,3.8,3.48,2,0,0.0,0.0,1,0,0.02,low,0
STU-2026-0447,-0.0082,-0.3661,4.49,4.34,3,0,0.0,0.0,0,0,0.0664,low,0
STU-2026-0448,-0.0953,-0.3417,2.46,2.65,3,0,0.1807,0.2229,0,0,0.582,medium,0
STU-2026-0449,0.012,0.3122,3.37,3.48,0,0,0.0,0.0,0,0,0.0248,low,0
STU-2026-0450,-0.6158,-1.962,1.0,1.0,6,4,0.3412,0.4664,2,0,0.9645,high,1
STU-2026-0451,-0.1688,-1.1022,3.52,3.12,3,2,0.1883,0.2139,0,0,0.5331,medium,0
STU-2026-0452,-0.2037,-1.0939,3.43,3.22,3,2,0.2092,0.2132,1,0,0.5817,medium,0
STU-2026-0453,0.0189,-0.0347,3.46,4.09,0,1,0.0,0.0,0,0,0.02,low,0
STU-2026-0454,0.0243,0.8803,3.76,4.2,1,0,0.0,0.0,0,0,0.02,low,0
STU-2026-0455,0.0427,0.5355,4.28,4.22,2,0,0.0,0.0,0,0,0.02,low,0
STU-2026-0456,0.03,0.2776,4.91,4.76,0,1,0.0,0.0,0,0,0.02,low,0
STU-2026-0457,-0.0614,-0.0078,3.84,3.34,1,0,0.0,0.0,0,0,0.02,low,0
STU-2026-0458,0.074,0.1285,4.18,4.31,1,0,0.0,0.0,0,0,0.0212,low,0
STU-2026-0459,0.0299,0.3255,4.45,4.55,1,2,0.0,0.0,0,0,0.02,low,0
STU-2026-0460,-0.4752,-3.0367,1.39,1.97,9,3,0.3701,0.4276,1,0,0.98,high,1
STU-2026-0461,-0.0332,0.0889,4.44,4.43,0,0,0.0,0.0,0,0,0.0454,low,0
STU-2026-0462,-0.191,-0.7527,3.1,3.13,5,1,0.1965,0.189,0,0,0.6276,medium,0
STU-2026-0463,-0.0388,0.0708,4.44,4.48,2,0,0.0,0.0,1,0,0.02,low,0
STU-2026-0464,-0.1704,-0.7555,2.82,3.08,4,0,0.1859,0.2051,0,0,0.5948,medium,0
STU-2026-0465,-0.1234,0.2797,4.92,4.69,0,1,0.0,0.0,0,0,0.02,low,0
STU-2026-0466,-0.0393,0.2326,3.97,4.27,0,1,0.0,0.0,0,0,0.02,low,0
STU-2026-0467,-0.1336,-0.8886,3.48,3.12,2,0,0.1897,0.2625,0,0,0.5536,medium,0
STU-2026-0468,-0.1837,-1.2404,3.28,3.26,2,1,0.2403,0.2534,0,0,0.5927,medium,0
STU-2026-0469,-0.0702,-0.1011,4.48,4.66,0,0,0.0,0.0,0,1,0.02,low,0
STU-2026-0470,-0.1917,-1.2366,1.96,2.07,2,1,0.1814,0.2354,2,0,0.5707,medium,0
STU-2026-0471,0.0287,0.0192,5.0,4.88,1,1,0.0,0.0,0,0,0.02,low,0
STU-2026-0472,-0.6474,-2.359,1.0,1.02,8,5,0.3218,0.4725,2,2,0.98,high,1
STU-2026-0473,-0.1821,-0.91,2.66,2.46,4,1,0.1949,0.2728,0,0,0.5511,medium,0
STU-2026-0474,0.0295,0.3525,4.32,3.8,1,0,0.0,0.0,0,0,0.02,low,0
STU-2026-0475,-0.0047,0.3635,4.59,4.13,0,2,0.0,0.0,0,0,0.02,low,0
STU-2026-0476,-0.0276,-0.9697,3.08,3.28,3,2,0.2234,0.171,0,0,0.5563,medium,0
STU-2026-0477,-0.1294,-1.1992,3.79,3.52,7,0,0.1711,0.2401,2,1,0.6549,high,1
STU-2026-0478,-0.2564,-2.8423,1.8,1.83,8,7,0.3834,0.5906,1,0,0.98,high,1
STU-2026-0479,-0.001,-0.2085,3.99,3.53,1,2,0.0,0.0,0,0,0.02,low,0
STU-2026-0480,0.0159,0.2703,4.07,4.09,0,0,0.0,0.0,0,0,0.0484,low,0
STU-2026-0481,0.0569,0.0989,4.76,5.0,3,0,0.0,0.0,0,0,0.0652,low,0
STU-2026-0482,0.0694,0.0084,3.88,4.05,2,0,0.0,0.0,0,0,0.02,low,0
STU-2026-0483,-0.5845,-2.4638,1.0,1.08,10,8,0.3014,0.4797,4,1,0.98,high,1
STU-2026-0484,-0.0364,0.1316,4.41,4.0,1,0,0.0,0.0,1,0,0.02,low,0
STU-2026-0485,-0.0015,0.3034,4.21,3.86,0,0,0.0,0.0,0,0,0.02,low,0
STU-2026-0486,-0.1734,-1.2044,2.89,2.9,3,0,0.2347,0.2256,0,0,0.5683,medium,0
STU-2026-0487,-0.0433,0.1035,4.13,3.7,0,0,0.0,0.0,0,0,0.02,low,0
STU-2026-0488,0.057,0.0499,4.0,4.6,1,0,0.0,0.0,0,0,0.046,low,0
STU-2026-0489,0.0071,-0.0214,4.34,4.3,0,0,0.0,0.0,0,0,0.02,low,0
STU-2026-0490,0.0009,0.4008,3.8,3.82,0,1,0.0,0.0,0,0,0.0241,low,0
STU-2026-0491,0.1533,0.2161,3.93,4.21,1,0,0.0,0.0,0,0,0.0252,low,0
STU-2026-0492,0.0258,0.2768,3.46,3.55,0,0,0.0,0.0,0,0,0.02,low,0
STU-2026-0493,-0.001,-0.0914,4.21,3.92,1,0,0.0,0.0,0,0,0.02,low,0
STU-2026-0494,-0.0101,0.1653,3.42,3.79,2,0,0.0,0.0,0,0,0.0488,low,0
STU-2026-0495,0.0107,0.2039,4.07,4.21,0,0,0.0,0.0,0,0,0.02,low,0
STU-2026-0496,-0.4234,-2.2301,1.13,1.47,9,5,0.3795,0.4649,1,0,0.98,high,1
STU-2026-0497,-0.7218,-2.6042,2.18,2.4,10,5,0.3941,0.426,2,0,0.98,high,1
STU-2026-0498,-0.1816,-1.1157,3.17,3.24,2,1,0.1858,0.2305,0,0,0.5506,medium,0
STU-2026-0499,-0.5932,-2.4755,1.12,1.08,11,3,0.3843,0.4378,2,0,0.9693,high,1
STU-2026-0500,-0.2715,-2.5193,1.0,1.0,8,5,0.4956,0.4609,2,0,0.98,high,1
STU-2026-0501,0.028,0.289,3.94,3.96,0,0,0.0,0.0,0,0,0.02,low,0
STU-2026-0502,0.0537,0.4682,4.03,4.07,3,0,0.0,0.0,0,0,0.0597,low,0
STU-2026-0503,0.0605,-0.1624,3.87,3.77,0,0,0.0,0.0,1,0,0.0482,low,0
STU-2026-0504,-0.0814,0.1827,4.67,4.81,0,1,0.0,0.0,1,1,0.02,low,0
STU-2026-0505,-0.0559,0.0636,4.08,3.62,0,0,0.0,0.0,0,0,0.037,low,0
STU-2026-0506,0.0173,-0.1806,3.71,3.28,0,0,0.0,0.0,0,0,0.02,low,0
STU-2026-0507,0.0295,-0.127,4.01,4.08,0,0,0.0,0.0,1,0,0.02,low,0
STU-2026-0508,0.0275,0.2728,4.12,4.21,0,0,0.0,0.0,0,0,0.02,low,0
STU-2026-0509,-0.126,-1.2098,1.55,1.64,2,2,0.212,0.2407,0,0,0.5636,medium,0
STU-2026-0510,-0.1505,-0.9434,2.68,2.91,5,2,0.209,0.261,0,0,0.5769,medium,0
STU-2026-0511,-0.1655,-0.896,2.54,2.51,3,2,0.1696,0.233,0,0,0.5957,medium,0
STU-2026-0512,-0.1657,-1.0508,2.05,1.86,5,0,0.2464,0.2264,1,1,0.6338,medium,0
STU-2026-0513,-0.1048,-1.0102,3.78,3.7,7,0,0.2126,0.2678,0,0,0.5918,medium,0
STU-2026-0514,0.0054,0.1473,4.37,4.58,0,0,0.0,0.0,0,0,0.02,low,0
STU-2026-0515,-0.0367,0.1187,3.99,4.02,0,0,0.0,0.0,0,0,0.02,low,0
STU-2026-0516,-0.5411,-2.2154,1.49,1.43,12,8,0.3674,0.5162,2,0,0.98,high,1
STU-2026-0517,-0.2331,-0.7334,3.11,3.01,4,0,0.204,0.2377,0,0,0.5661,medium,0
STU-2026-0518,-0.3828,-2.2158,1.14,1.32,7,6,0.3321,0.4704,4,1,0.98,high,1
STU-2026-0519,0.0887,0.2962,3.94,4.42,1,0,0.0,0.0,0,0,0.02,low,0
STU-2026-0520,0.0283,0.3459,3.67,3.64,0,1,0.0,0.0,0,0,0.0216,low,0
STU-2026-0521,-0.0017,0.5414,4.51,4.38,0,1,0.0,0.0,0,0,0.02,low,0
STU-2026-0522,0.0469,0.5212,4.35,4.41,0,0,0.0,0.0,0,0,0.0276,low,0
STU-2026-0523,0.0346,0.7072,4.63,4.44,0,0,0.0,0.0,0,0,0.02,low,0
STU-2026-0524,0.0564,0.3319,4.89,4.31,0,0,0.0,0.0,0,0,0.02,low,0
STU-2026-0525,-0.4447,-2.2111,1.0,1.14,11,1,0.3565,0.4124,2,2,0.98,high,1
STU-2026-0526,0.0217,0.1712,4.2,3.88,1,0,0.0,0.0,0,0,0.0307,low,0
STU-2026-0527,0.0904,0.2451,4.29,4.18,0,0,0.0,0.0,0,0,0.02,low,0
STU-2026-0528,-0.0036,0.4628,4.5,4.48,1,1,0.0,0.0,0,0,0.02,low,0
STU-2026-0529,-0.0527,0.6078,3.99,4.27,0,1,0.0,0.0,0,0,0.02,low,0
STU-2026-0530,-0.0189,0.2107,4.09,4.26,1,0,0.0,0.0,0,0,0.02,low,0
STU-2026-0531,0.0912,0.0265,4.3,4.14,0,1,0.0,0.0,0,0,0.02,low,0
STU-2026-0532,0.0689,0.6659,4.29,4.66,1,0,0.0,0.0,0,0,0.0689,low,0
STU-2026-0533,0.101,0.1806,2.91,3.26,1,0,0.0,0.0,0,0,0.02,low,0
STU-2026-0534,-0.0286,0.662,4.13,4.22,1,0,0.0,0.0,0,0,0.0411,low,0
STU-2026-0535,0.0215,0.1104,4.7,4.31,0,0,0.0,0.0,0,0,0.0353,low,0
STU-2026-0536,-0.021,-0.0562,5.0,4.89,0,0,0.0,0.0,1,0,0.02,low,0
STU-2026-0537,-0.0092,0.5024,3.84,3.93,0,0,0.0,0.0,0,0,0.02,low,0
STU-2026-0538,0.0819,0.2551,4.32,3.94,0,0,0.0,0.0,0,0,0.02,low,0
STU-2026-0539,-0.525,-2.0276,1.0,1.16,13,4,0.3569,0.4983,2,0,0.98,high,1
STU-2026-0540,0.0476,0.3637,4.38,4.48,2,0,0.0,0.0,0,0,0.0453,low,0
STU-2026-0541,0.0887,-0.0057,3.95,3.87,0,1,0.0,0.0,0,0,0.02,low,0
STU-2026-0542,0.0464,-0.2551,3.62,3.74,1,0,0.0,0.0,0,0,0.02,low,0
STU-2026-0543,0.0431,-0.0573,3.51,3.64,0,0,0.0,0.0,0,0,0.0323,low,0
STU-2026-0544,0.111,0.1873,4.39,4.04,0,0,0.0,0.0,0,0,0.02,low,0
STU-2026-0545,0.0915,0.3255,3.61,3.69,0,1,0.0,0.0,0,0,0.02,low,0
STU-2026-0546,0.1483,0.4317,4.68,4.52,0,0,0.0,0.0,0,0,0.02,low,0
STU-2026-0547,0.0861,0.4944,4.14,4.14,0,0,0.0,0.0,0,0,0.0382,low,0
STU-2026-0548,0.0377,0.2899,4.03,4.53,0,0,0.0,0.0,0,0,0.02,low,0
STU-2026-0549,0.042,-0.0774,4.18,4.78,0,0,0.0,0.0,0,0,0.02,low,0
STU-2026-0550,-0.0428,0.5688,3.98,4.22,1,1,0.0,0.0,0,0,0.02,low,0
STU-2026-0551,-0.406,-2.7041,2.25,1.5,14,2,0.3772,0.4943,4,1,0.98,high,1
STU-2026-0552,-0.4074,-2.2107,1.53,1.5,5,2,0.3597,0.4518,3,0,0.9183,high,1
STU-2026-0553,0.0338,0.4853,4.2,3.86,1,2,0.0,0.0,0,0,0.02,low,0
STU-2026-0554,0.0643,-0.1027,3.67,3.7,0,0,0.0,0.0,0,0,0.02,low,0
STU-2026-0555,-0.1629,-1.0339,2.58,2.38,6,0,0.207,0.264,1,0,0.6134,medium,0
STU-2026-0556,0.0658,0.2441,3.84,4.36,0,1,0.0,0.0,0,0,0.02,low,0
STU-2026-0557,0.0427,0.2914,3.71,4.01,0,0,0.0,0.0,0,0,0.0463,low,0
STU-2026-0558,-0.0081,0.3499,4.54,4.82,0,0,0.0,0.0,0,0,0.02,low,0
STU-2026-0559,0.0885,-0.0643,4.62,4.81,0,1,0.0,0.0,0,0,0.02,low,0
STU-2026-0560,0.1025,0.5917,4.43,3.91,0,0,0.0,0.0,0,0,0.02,low,0
STU-2026-0561,-0.005,0.265,4.32,4.23,0,0,0.0,0.0,1,0,0.02,low,0
STU-2026-0562,-0.0192,0.1811,4.72,4.0,0,0,0.0,0.0,0,0,0.02,low,0
STU-2026-0563,-0.1824,-1.0684,2.7,3.13,3,2,0.2783,0.2261,0,0,0.6232,medium,0
STU-2026-0564,0.033,0.4249,4.12,4.0,1,1,0.0,0.0,1,0,0.02,low,0
STU-2026-0565,0.028,0.2503,4.34,4.22,0,0,0.0,0.0,0,0,0.02,low,0
STU-2026-0566,0.0005,-0.1206,4.32,4.22,0,0,0.0,0.0,0,0,0.02,low,0
STU-2026-0567,-0.0095,-0.0084,4.37,4.14,0,1,0.0,0.0,0,0,0.0338,low,0
STU-2026-0568,-0.0035,0.285,4.06,4.17,1,0,0.0,0.0,0,0,0.02,low,0
STU-2026-0569,0.003,0.1502,5.0,5.0,0,0,0.0,0.0,0,0,0.02,low,0
STU-2026-0570,-0.1669,-0.6884,2.7,2.85,0,2,0.194,0.2257,1,0,0.5844,medium,0
STU-2026-0571,0.001,0.0849,4.41,4.19,0,0,0.0,0.0,0,0,0.0524,low,0
STU-2026-0572,0.0475,-0.0974,4.36,4.72,1,0,0.0,0.0,0,0,0.056,low,0
STU-2026-0573,-0.005,0.1624,3.25,3.74,1,1,0.0,0.0,0,0,0.0297,low,0
STU-2026-0574,-0.5277,-2.7133,1.4,1.0,6,3,0.4771,0.4487,3,2,0.98,high,1
STU-2026-0575,0.014,0.1274,4.19,3.91,1,1,0.0,0.0,0,0,0.02,low,0
STU-2026-0576,0.1271,0.6043,3.78,3.74,1,0,0.0,0.0,0,0,0.02,low,0
STU-2026-0577,0.0503,-0.097,3.65,3.85,2,0,0.0,0.0,0,0,0.058,low,0
STU-2026-0578,-0.0339,0.0826,4.06,3.77,1,1,0.0,0.0,0,0,0.02,low,0
STU-2026-0579,-0.1446,-0.4953,2.7,2.54,5,1,0.2344,0.1887,0,1,0.5879,medium,0
STU-2026-0580,0.0801,0.3833,4.12,3.82,0,1,0.0,0.0,0,0,0.02,low,0
STU-2026-0581,0.1086,-0.0512,4.4,5.0,0,2,0.0,0.0,0,0,0.02,low,0
STU-2026-0582,-0.4461,-2.3992,2.27,2.31,4,5,0.3706,0.4439,2,0,0.95,high,1
STU-2026-0583,0.0552,0.0838,4.57,4.45,0,2,0.0,0.0,0,0,0.02,low,0
STU-2026-0584,0.0083,0.7705,5.0,4.35,0,0,0.0,0.0,0,0,0.0804,low,0
STU-2026-0585,0.023,0.0371,4.43,4.23,1,0,0.0,0.0,0,0,0.02,low,0
STU-2026-0586,-0.1202,-1.0637,3.17,2.88,2,0,0.2526,0.2407,0,0,0.6371,medium,0
STU-2026-0587,-0.0289,-0.0334,3.68,3.48,0,0,0.0,0.0,0,0,0.02,low,0
STU-2026-0588,-0.4386,-2.8843,1.0,1.0,14,1,0.3699,0.4771,4,1,0.98,high,1
STU-2026-0589,0.0145,0.3693,3.7,3.31,0,0,0.0,0.0,0,0,0.02,low,0
STU-2026-0590,-0.334,-2.3963,1.33,1.2,10,3,0.3684,0.441,3,1,0.98,high,1
STU-2026-0591,0.0391,0.1058,5.0,4.69,0,0,0.0,0.0,0,0,0.0267,low,0
STU-2026-0592,0.0493,0.7962,4.48,4.34,0,0,0.0,0.0,0,0,0.02,low,0
STU-2026-0593,0.0525,0.2064,4.55,4.61,0,0,0.0,0.0,0,0,0.02,low,0
STU-2026-0594,0.0619,0.2352,4.56,4.1,0,1,0.0,0.0,0,0,0.02,low,0
STU-2026-0595,-0.1961,-0.8542,3.66,4.15,5,0,0.1882,0.2047,0,0,0.6124,medium,0
STU-2026-0596,-0.0185,0.4437,3.77,3.96,3,0,0.0,0.0,0,0,0.02,low,0
STU-2026-0597,0.0973,0.2743,4.43,4.61,1,0,0.0,0.0,0,0,0.02,low,0
STU-2026-0598,-0.012,0.4823,4.27,4.53,0,0,0.0,0.0,1,0,0.0346,low,0
STU-2026-0599,-0.454,-2.6327,1.32,1.75,13,8,0.425,0.3776,2,1,0.98,high,1
STU-2026-0600,-0.1898,-1.429,2.38,2.7,3,3,0.1632,0.2523,1,1,0.5651,medium,0
STU-2026-0001,-0.0011,0.421,4.26,4.4,0,0,0.0,0.0,0,0,0.02,low,0
STU-2026-0002,-0.0358,0.1677,3.7,4.27,0,0,0.0,0.0,0,0,0.0505,low,0
STU-2026-0003,-0.0578,0.5691,4.43,4.24,0,0,0.0,0.0,0,0,0.02,low,0
STU-2026-0004,-0.4169,-2.1713,1.52,1.65,9,4,0.389,0.5063,4,0,0.98,high,1
STU-2026-0005,-0.036,0.3419,3.32,3.45,0,0,0.0,0.0,0,0,0.02,low,0
STU-2026-0006,0.0114,0.1061,4.13,3.97,1,0,0.0,0.0,0,1,0.0258,low,0
STU-2026-0007,0.0909,0.5326,4.24,4.16,2,0,0.0,0.0,0,0,0.02,low,0
STU-2026-0008,-0.3451,-2.6339,1.66,2.35,10,1,0.4302,0.5616,1,2,0.98,high,1
STU-2026-0009,-0.1076,-1.024,2.8,3.11,1,1,0.1773,0.2746,0,0,0.5982,medium,0
STU-2026-0010,-0.1127,-1.1818,2.9,2.79,2,1,0.1772,0.2077,1,0,0.5568,medium,0
STU-2026-0011,0.0384,0.4624,4.81,4.56,1,0,0.0,0.0,0,0,0.02,low,0
STU-2026-0012,-0.0103,0.2407,3.85,3.71,0,0,0.0,0.0,0,0,0.02,low,0
STU-2026-0013,0.0023,0.0517,4.61,3.8,2,0,0.0,0.0,0,0,0.0766,low,0
STU-2026-0014,-0.2088,-1.0268,2.72,2.66,2,1,0.2007,0.2448,0,0,0.6043,medium,0
STU-2026-0015,0.0493,0.0586,3.86,4.18,0,0,0.0,0.0,0,0,0.0219,low,0
STU-2026-0016,-0.1822,-0.8483,2.42,2.08,2,1,0.2098,0.2286,0,0,0.5992,medium,0
STU-2026-0017,-0.0843,0.3682,4.41,4.31,0,0,0.0,0.0,0,0,0.02,low,0
STU-2026-0018,-0.011,0.2714,4.05,4.62,0,1,0.0,0.0,0,0,0.02,low,0
STU-2026-0019,-0.0901,-0.8544,3.09,3.16,4,1,0.2019,0.2662,0,0,0.5967,medium,0
STU-2026-0020,0.0774,0.0892,4.06,3.38,1,1,0.0,0.0,0,0,0.02,low,0
STU-2026-0021,-0.2705,-2.2866,1.71,1.87,6,5,0.3445,0.4116,2,1,0.98,high,1
STU-2026-0022,0.0068,0.1147,3.8,3.75,3,0,0.0,0.0,0,0,0.02,low,0
STU-2026-0023,-0.0709,-0.0166,4.57,4.09,0,1,0.0,0.0,0,0,0.0327,low,0
STU-2026-0024,-0.0145,-0.4215,3.63,3.92,0,1,0.0,0.0,0,0,0.0344,low,0
STU-2026-0025,-0.0969,0.3663,4.14,4.0,0,0,0.0,0.0,0,0,0.02,low,0
STU-2026-0026,0.0467,0.3885,4.1,4.05,1,0,0.0,0.0,0,0,0.0231,low,0
STU-2026-0027,0.0663,0.2189,3.74,3.56,1,0,0.0,0.0,0,0,0.02,low,0
STU-2026-0028,0.0394,0.1004,4.02,4.31,0,1,0.0,0.0,0,0,0.02,low,0
STU-2026-0029,-0.0213,0.2533,4.34,3.99,0,0,0.0,0.0,0,0,0.0248,low,0
STU-2026-0030,0.0888,0.1693,4.0,4.53,0,0,0.0,0.0,0,0,0.02,low,0
STU-2026-0031,0.1882,-0.2007,4.16,4.08,0,0,0.0,0.0,0,0,0.0508,low,0
STU-2026-0032,0.0989,0.4826,3.97,4.34,0,0,0.0,0.0,0,0,0.02,low,0
STU-2026-0033,0.0465,0.0746,4.57,4.25,0,0,0.0,0.0,0,0,0.0482,low,0
STU-2026-0034,0.0605,0.5766,4.62,4.58,0,0,0.0,0.0,0,0,0.02,low,0
STU-2026-0035,0.0335,0.6686,4.18,4.17,2,0,0.0,0.0,0,0,0.02,low,0
STU-2026-0036,0.0955,0.1397,3.97,3.93,0,0,0.0,0.0,0,0,0.0386,low,0
STU-2026-0037,-0.2653,-0.8346,2.77,2.64,4,1,0.1996,0.2721,0,0,0.5561,medium,0
STU-2026-0038,0.0439,0.2044,5.0,4.9,0,0,0.0,0.0,1,0,0.0323,low,0
STU-2026-0039,-0.1534,-0.4873,2.89,3.12,5,2,0.1958,0.2545,0,0,0.6228,medium,0
STU-2026-0040,-0.3825,-2.255,1.78,1.85,8,6,0.4295,0.4384,1,1,0.98,high,1
STU-2026-0041,-0.0476,0.2052,4.38,4.06,0,0,0.0,0.0,0,0,0.02,low,0
STU-2026-0042,-0.0004,-0.0013,4.59,4.46,1,1,0.0,0.0,0,0,0.0331,low,0
STU-2026-0043,-0.0025,0.3226,3.7,3.77,0,0,0.0,0.0,0,0,0.0262,low,0
STU-2026-0044,-0.4973,-2.6426,1.07,1.37,7,1,0.4304,0.3588,1,2,0.98,high,1
STU-2026-0045,-0.1533,-1.0159,2.84,2.92,6,1,0.2135,0.2556,0,0,0.5961,medium,0
STU-2026-0046,0.0016,0.2015,4.17,4.51,1,0,0.0,0.0,1,0,0.02,low,0
STU-2026-0047,-0.031,0.4185,3.05,3.02,0,0,0.0,0.0,0,0,0.02,low,0
STU-2026-0048,-0.0287,0.2116,4.14,4.73,0,0,0.0,0.0,0,0,0.02,low,0
STU-2026-0049,0.0532,-0.1193,3.73,3.7,0,0,0.0,0.0,0,0,0.02,low,0
STU-2026-0050,-0.0269,0.3542,4.25,3.87,1,0,0.0,0.0,0,0,0.02,low,0
STU-2026-0051,0.0205,-0.4575,4.75,4.55,0,0,0.0,0.0,0,0,0.0486,low,0
STU-2026-0052,-0.0059,-0.3735,5.0,4.81,1,0,0.0,0.0,0,0,0.02,low,0
STU-2026-0053,0.0139,0.2973,4.36,4.14,1,0,0.0,0.0,0,0,0.02,low,0
STU-2026-0054,-0.3617,-2.7231,1.0,1.1,9,6,0.3721,0.4331,2,0,0.98,high,1
STU-2026-0055,0.0881,0.3126,4.27,3.8,0,0,0.0,0.0,0,0,0.0231,low,0
STU-2026-0056,-0.0406,0.3022,4.37,3.66,0,0,0.0,0.0,0,0,0.02,low,0
STU-2026-0057,0.0891,0.0558,3.92,3.96,0,0,0.0,0.0,0,0,0.037,low,0
STU-2026-0058,0.0164,-0.0043,3.89,4.31,0,0,0.0,0.0,0,0,0.0256,low,0
STU-2026-0059,-0.1109,-1.0338,3.04,2.91,5,2,0.2246,0.2477,2,0,0.6679,high,1
STU-2026-0060,0.0225,0.2767,3.56,3.42,0,0,0.0,0.0,0,0,0.02,low,0
STU-2026-0061,-0.0672,0.3142,4.17,4.05,1,1,0.0,0.0,0,0,0.02,low,0
STU-2026-0062,0.0526,0.1358,4.7,4.46,0,0,0.0,0.0,1,0,0.02,low,0
STU-2026-0063,0.0821,-0.0834,3.77,4.05,0,0,0.0,0.0,0,0,0.0449,low,0
STU-2026-0064,-0.0445,-0.3937,4.89,4.47,1,0,0.0,0.0,0,0,0.0229,low,0
STU-2026-0065,-0.1512,-0.7657,2.5,2.16,4,0,0.2436,0.1999,0,0,0.567,medium,0
STU-2026-0066,-0.1705,-1.2355,2.13,2.49,2,0,0.2271,0.2498,0,0,0.5866,medium,0
STU-2026-0067,-0.5634,-2.6128,1.0,1.07,8,2,0.4236,0.4861,2,2,0.98,high,1
STU-2026-0068,0.08,0.2391,3.69,3.88,1,0,0.0,0.0,0,0,0.0231,low,0
STU-2026-0069,-0.2191,-1.0822,3.06,3.42,5,4,0.2337,0.2158,2,0,0.5595,medium,0
STU-2026-0070,-0.0705,-0.1402,3.82,3.99,1,0,0.0,0.0,0,0,0.02,low,0
STU-2026-0071,-0.1093,-0.967,3.93,3.38,3,1,0.1874,0.2318,1,0,0.5657,medium,0
STU-2026-0072,0.0293,-0.0323,5.0,4.95,1,1,0.0,0.0,0,0,0.02,low,0
STU-2026-0073,0.0252,0.3656,4.45,4.47,3,0,0.0,0.0,0,1,0.0694,low,0
STU-2026-0074,0.007,0.3583,3.67,3.85,0,0,0.0,0.0,1,0,0.023,low,0
STU-2026-0075,0.0033,-0.0993,3.4,3.05,0,0,0.0,0.0,0,0,0.02,low,0
STU-2026-0076,-0.0566,-0.5825,3.38,3.59,4,4,0.2599,0.2,0,1,0.5299,medium,0
STU-2026-0077,0.0899,0.1946,3.83,3.79,2,0,0.0,0.0,0,0,0.0212,low,0
STU-2026-0078,0.0614,0.1305,3.83,3.11,0,0,0.0,0.0,0,0,0.02,low,0
STU-2026-0079,-0.1863,-1.3289,3.28,3.87,1,3,0.1774,0.2325,1,0,0.5876,medium,0
STU-2026-0080,0.1088,0.4357,4.11,3.86,0,0,0.0,0.0,0,0,0.0541,low,0
STU-2026-0081,-0.0,0.7235,4.71,4.7,1,0,0.0,0.0,0,0,0.0574,low,0
STU-2026-0082,-0.0618,0.6287,4.0,4.08,0,0,0.0,0.0,0,0,0.02,low,0
STU-2026-0083,-0.0415,0.1416,3.44,3.5,0,1,0.0,0.0,0,0,0.02,low,0
STU-2026-0084,0.022,0.1222,4.97,4.95,1,0,0.0,0.0,0,0,0.02,low,0
STU-2026-0085,-0.0602,-0.2298,4.78,4.54,0,0,0.0,0.0,0,0,0.02,low,0
STU-2026-0086,-0.1533,-1.2945,2.54,2.57,4,1,0.1964,0.2009,0,0,0.5982,medium,0
STU-2026-0087,-0.0468,0.7353,4.03,4.44,0,0,0.0,0.0,0,0,0.02,low,0
STU-2026-0088,-0.1953,-0.6872,2.16,2.18,5,3,0.2198,0.2083,0,0,0.5834,medium,0
STU-2026-0089,-0.0478,0.318,4.07,3.94,0,0,0.0,0.0,0,0,0.0203,low,0
STU-2026-0090,0.0148,0.4351,4.38,4.88,0,0,0.0,0.0,0,0,0.02,low,0
STU-2026-0091,0.0432,-0.181,4.39,4.33,0,0,0.0,0.0,0,0,0.0368,low,0
STU-2026-0092,-0.143,-1.4052,2.29,2.37,1,0,0.2123,0.2455,1,0,0.6083,medium,0
STU-2026-0093,0.0619,-0.0756,4.14,3.89,0,0,0.0,0.0,0,0,0.0213,low,0
STU-2026-0094,0.0194,0.0224,4.93,4.6,0,0,0.0,0.0,0,0,0.02,low,0
STU-2026-0095,0.028,-1.3599,3.18,3.02,4,0,0.2574,0.3098,2,0,0.6258,medium,0
STU-2026-0096,0.0746,0.216,3.45,3.78,0,1,0.0,0.0,0,0,0.02,low,0
STU-2026-0097,-0.5144,-2.1817,1.61,1.37,5,2,0.4935,0.4871,3,0,0.98,high,1
STU-2026-0098,0.015,0.5637,4.36,4.18,0,1,0.0,0.0,0,0,0.0334,low,0
STU-2026-0099,-0.0121,-0.0856,4.02,4.23,2,0,0.0,0.0,0,0,0.02,low,0
STU-2026-0100,-0.2185,-1.2719,2.97,2.45,3,1,0.2143,0.2811,0,0,0.6229,medium,0
STU-2026-0101,0.0275,0.3649,4.51,4.28,0,0,0.0,0.0,0,0,0.02,low,0
STU-2026-0102,0.1681,0.2803,4.59,4.48,0,0,0.0,0.0,0,0,0.02,low,0
STU-2026-0103,-0.0117,0.6127,4.15,4.45,0,0,0.0,0.0,0,1,0.0454,low,0
STU-2026-0104,-0.273,-0.6573,2.34,2.88,4,1,0.2021,0.2512,0,0,0.5479,medium,0
STU-2026-0105,-0.0563,-1.0065,3.56,3.6,5,0,0.1895,0.2092,0,0,0.6243,medium,0
STU-2026-0106,-0.128,-0.4193,2.81,2.85,2,2,0.1975,0.2188,0,0,0.5085,medium,0
STU-2026-0107,-0.1672,-1.1815,2.73,2.58,6,0,0.1748,0.2329,0,0,0.6075,medium,0
STU-2026-0108,-0.1165,0.0348,4.48,4.52,0,1,0.0,0.0,0,0,0.022,low,0
STU-2026-0109,-0.0065,0.48,4.03,4.14,0,0,0.0,0.0,0,0,0.02,low,0
STU-2026-0110,-0.4998,-2.4585,1.0,1.24,3,6,0.3311,0.4452,2,2,0.9462,high,1
STU-2026-0111,-0.1807,-1.1847,2.66,2.31,3,3,0.154,0.1621,1,0,0.5678,medium,0
STU-2026-0112,-0.1479,-0.3545,2.03,2.14,2,2,0.205,0.2164,2,0,0.5673,medium,0
STU-2026-0113,-0.0273,-0.1555,4.1,4.36,2,2,0.0,0.0,0,0,0.02,low,0
STU-2026-0114,0.1083,0.2724,4.81,4.46,0,0,0.0,0.0,0,0,0.02,low,0
STU-2026-0115,-0.0609,-1.0682,2.62,2.27,2,0,0.1943,0.2418,1,1,0.627,medium,0
STU-2026-0116,0.0116,0.3423,3.67,4.31,0,0,0.0,0.0,0,0,0.02,low,0
STU-2026-0117,-0.1941,-1.2274,2.34,2.58,5,2,0.2102,0.217,0,0,0.6499,medium,0
STU-2026-0118,0.0261,0.4633,4.75,4.58,0,1,0.0,0.0,0,0,0.0275,low,0
STU-2026-0119,0.0469,-0.1875,3.66,3.94,0,0,0.0,0.0,0,0,0.0311,low,0
STU-2026-0120,-0.4441,-2.1564,1.66,1.53,9,1,0.3544,0.4883,1,2,0.98,high,1
STU-2026-0121,0.0644,0.2367,3.98,4.26,0,0,0.0,0.0,0,0,0.02,low,0
STU-2026-0122,0.0255,0.2769,4.45,4.11,0,1,0.0,0.0,0,0,0.02,low,0
STU-2026-0123,0.0526,0.6686,3.69,3.61,0,0,0.0,0.0,0,0,0.02,low,0
STU-2026-0124,0.0124,0.3972,4.83,4.82,0,0,0.0,0.0,0,0,0.02,low,0
STU-2026-0125,0.0386,-0.057,3.81,3.95,1,0,0.0,0.0,0,0,0.0236,low,0
STU-2026-0126,0.0683,0.096,4.5,4.76,0,1,0.0,0.0,0,0,0.0238,low,0
STU-2026-0127,0.0413,0.2634,4.0,4.22,0,0,0.0,0.0,0,0,0.0243,low,0
STU-2026-0128,-0.5395,-2.7546,1.43,1.27,11,1,0.4183,0.4931,2,0,0.98,high,1
STU-2026-0129,-0.0033,0.0508,4.14,4.11,0,0,0.0,0.0,1,0,0.02,low,0
STU-2026-0130,-0.0478,-0.9999,2.92,3.18,5,1,0.2248,0.2179,1,1,0.6583,high,1
STU-2026-0131,0.0052,0.1169,4.57,4.49,0,0,0.0,0.0,0,0,0.02,low,0
STU-2026-0132,0.076,0.3909,4.68,5.0,1,0,0.0,0.0,0,0,0.02,low,0
STU-2026-0133,-0.0012,0.4168,4.1,4.31,1,0,0.0,0.0,0,0,0.0423,low,0
STU-2026-0134,-0.0208,0.0335,4.83,4.92,0,0,0.0,0.0,0,0,0.02,low,0
STU-2026-0135,-0.0318,0.1105,4.21,4.51,0,0,0.0,0.0,0,0,0.02,low,0
STU-2026-0136,-0.0089,-0.3382,4.18,4.33,1,0,0.0,0.0,1,0,0.0647,low,0
STU-2026-0137,-0.253,-1.1536,2.7,2.34,3,1,0.2494,0.2997,0,0,0.5934,medium,0
STU-2026-0138,0.0174,0.2295,3.97,4.02,0,0,0.0,0.0,0,0,0.02,low,0
STU-2026-0139,0.0831,0.2971,4.02,3.9,0,0,0.0,0.0,0,0,0.02,low,0
STU-2026-0140,0.0108,0.384,4.05,3.99,0,1,0.0,0.0,0,0,0.02,low,0
STU-2026-0141,0.0454,-0.0191,3.84,3.33,0,0,0.0,0.0,0,0,0.0315,low,0
STU-2026-0142,-0.1855,-0.6411,3.56,3.37,1,1,0.2502,0.2303,0,0,0.4955,medium,0
STU-2026-0143,0.0364,0.4485,3.5,4.01,0,0,0.0,0.0,0,0,0.02,low,0
STU-2026-0144,-0.0419,0.0389,4.2,4.05,0,0,0.0,0.0,0,0,0.0207,low,0
STU-2026-0145,-0.0029,0.3418,4.12,4.11,1,0,0.0,0.0,0,0,0.0754,low,0
STU-2026-0146,-0.6283,-2.6894,1.0,1.2,4,1,0.3175,0.4146,4,0,0.98,high,1
STU-2026-0147,0.0836,-0.2532,3.84,3.5,1,0,0.0,0.0,0,0,0.0287,low,0
STU-2026-0148,-0.0278,0.2092,4.12,3.92,0,0,0.0,0.0,0,0,0.0321,low,0
STU-2026-0149,0.0153,0.0282,4.43,4.65,0,0,0.0,0.0,0,0,0.02,low,0
STU-2026-0150,-0.0839,0.4719,4.4,4.27,0,0,0.0,0.0,0,0,0.02,low,0
STU-2026-0151,0.0188,0.3649,3.9,4.04,0,0,0.0,0.0,0,0,0.02,low,0
STU-2026-0152,-0.0706,0.2062,3.96,4.02,0,1,0.0,0.0,0,0,0.02,low,0
STU-2026-0153,-0.1987,-1.058,3.54,3.04,4,1,0.2186,0.2761,0,0,0.6013,medium,0
STU-2026-0154,0.0138,0.5497,4.05,4.14,0,0,0.0,0.0,0,0,0.0467,low,0
STU-2026-0155,-0.0636,-0.0141,3.49,3.48,0,0,0.0,0.0,0,0,0.02,low,0
STU-2026-0156,-0.2416,-1.1814,2.97,2.6,5,1,0.1894,0.239,0,0,0.6209,medium,0
STU-2026-0157,-0.0832,-1.4115,3.49,3.42,4,1,0.2605,0.1959,1,0,0.643,medium,0
STU-2026-0158,0.0989,0.7249,4.09,4.2,1,0,0.0,0.0,0,0,0.0497,low,0
STU-2026-0159,-0.0262,0.2781,3.74,3.62,0,0,0.0,0.0,1,0,0.02,low,0
STU-2026-0160,-0.2181,-0.534,3.15,3.1,3,2,0.2351,0.2889,0,0,0.5526,medium,0
STU-2026-0161,0.0524,-0.022,4.51,4.63,0,0,0.0,0.0,0,0,0.02,low,0
STU-2026-0162,0.0027,0.2186,4.34,4.3,0,0,0.0,0.0,0,0,0.02,low,0
STU-2026-0163,0.0437,0.0519,4.49,4.8,1,0,0.0,0.0,0,0,0.02,low,0
STU-2026-0164,0.0667,0.5839,4.04,3.97,0,0,0.0,0.0,0,0,0.044,low,0
STU-2026-0165,-0.1449,-0.8151,2.7,2.74,7,3,0.1939,0.254,0,0,0.6463,medium,0
STU-2026-0166,-0.1431,-0.5309,3.36,2.9,6,0,0.2368,0.2068,1,0,0.6212,medium,0
STU-2026-0167,-0.0462,0.2523,4.08,4.88,0,0,0.0,0.0,0,0,0.02,low,0
STU-2026-0168,-0.0259,0.1686,4.03,3.77,1,0,0.0,0.0,0,0,0.02,low,0
STU-2026-0169,0.0636,0.3566,4.32,3.84,1,0,0.0,0.0,0,0,0.0322,low,0
STU-2026-0170,0.0952,0.5263,4.28,4.53,0,0,0.0,0.0,0,0,0.0276,low,0
STU-2026-0171,0.096,-0.052,4.47,3.7,0,0,0.0,0.0,0,0,0.0248,low,0
STU-2026-0172,0.0073,0.1895,3.52,3.63,0,0,0.0,0.0,0,0,0.049,low,0
STU-2026-0173,0.0756,0.5229,3.8,4.46,0,1,0.0,0.0,0,0,0.0324,low,0
STU-2026-0174,0.005,0.2227,4.84,4.79,0,0,0.0,0.0,0,0,0.02,low,0
STU-2026-0175,-0.0195,0.2364,4.15,4.14,0,0,0.0,0.0,0,0,0.02,low,0
STU-2026-0176,-0.0145,0.6607,4.24,3.77,0,0,0.0,0.0,0,0,0.02,low,0
STU-2026-0177,0.0034,0.0578,3.37,3.88,0,0,0.0,0.0,0,0,0.0628,low,0
STU-2026-0178,0.0449,-0.0299,4.3,4.5,0,0,0.0,0.0,0,0,0.02,low,0
STU-2026-0179,-0.0486,0.643,5.0,4.69,1,2,0.0,0.0,0,0,0.02,low,0
STU-2026-0180,0.0224,0.449,4.4,4.73,1,0,0.0,0.0,0,0,0.0507,low,0
STU-2026-0181,0.0717,-0.265,3.46,3.58,0,0,0.0,0.0,0,0,0.0597,low,0
STU-2026-0182,0.0665,0.0688,4.34,4.15,0,0,0.0,0.0,0,0,0.02,low,0
STU-2026-0183,0.0205,0.1813,3.2,3.41,0,0,0.0,0.0,0,0,0.0363,low,0
STU-2026-0184,0.0057,0.1906,4.34,4.47,0,0,0.0,0.0,0,0,0.02,low,0
STU-2026-0185,-0.1933,-0.8537,2.8,3.08,5,2,0.1664,0.2344,1,0,0.6281,medium,0
STU-2026-0186,-0.2546,-2.848,2.18,1.71,8,4,0.4057,0.5077,3,2,0.98,high,1
STU-2026-0187,-0.0169,0.3764,4.15,4.33,0,0,0.0,0.0,1,0,0.0224,low,0
STU-2026-0188,-0.2411,-1.0257,2.48,2.79,2,4,0.165,0.2465,0,0,0.5905,medium,0
STU-2026-0189,0.1218,0.1546,4.53,4.1,0,0,0.0,0.0,0,0,0.02,low,0
STU-2026-0190,-0.1362,0.2535,4.21,4.24,0,0,0.0,0.0,0,0,0.02,low,0
STU-2026-0191,0.0361,0.0033,3.78,4.25,0,0,0.0,0.0,0,0,0.02,low,0
STU-2026-0192,0.0108,0.0644,3.96,4.34,0,1,0.0,0.0,0,0,0.02,low,0
STU-2026-0193,0.0298,0.3941,4.11,4.05,1,0,0.0,0.0,0,0,0.0756,low,0
STU-2026-0194,-0.0179,-0.1342,4.28,3.94,0,0,0.0,0.0,0,0,0.02,low,0
STU-2026-0195,-0.0059,0.1469,5.0,4.68,1,0,0.0,0.0,0,0,0.02,low,0
STU-2026-0196,-0.0299,-0.9352,3.7,3.57,4,1,0.1905,0.2246,0,0,0.6264,medium,0
STU-2026-0197,-0.0181,0.6443,4.1,4.03,0,0,0.0,0.0,0,0,0.0387,low,0
STU-2026-0198,-0.0569,0.0551,3.78,3.46,0,0,0.0,0.0,0,0,0.0306,low,0
STU-2026-0199,0.0525,0.3331,4.26,4.12,0,0,0.0,0.0,0,0,0.02,low,0
STU-2026-0200,0.0459,0.6965,5.0,4.93,0,0,0.0,0.0,0,0,0.02,low,0
STU-2026-0201,0.0229,0.5627,3.64,4.2,0,0,0.0,0.0,0,0,0.0203,low,0
STU-2026-0202,0.0017,0.0322,4.72,4.42,0,0,0.0,0.0,0,0,0.0214,low,0
STU-2026-0203,0.0814,0.0311,4.37,4.03,0,0,0.0,0.0,0,0,0.0568,low,0
STU-2026-0204,0.0365,0.3567,3.92,4.43,0,0,0.0,0.0,0,0,0.02,low,0
STU-2026-0205,0.0115,0.246,4.98,4.44,0,0,0.0,0.0,0,0,0.02,low,0
STU-2026-0206,-0.2506,-0.3302,3.13,3.05,6,0,0.1845,0.2257,1,1,0.6332,medium,0
STU-2026-0207,0.0895,0.4801,4.55,3.99,0,0,0.0,0.0,0,0,0.02,low,0
STU-2026-0208,0.0096,0.6235,4.66,4.98,0,1,0.0,0.0,0,0,0.0229,low,0
STU-2026-0209,0.0101,-0.0536,4.06,3.83,0,0,0.0,0.0,0,0,0.0632,low,0
STU-2026-0210,-0.4824,-2.6917,1.75,2.02,10,6,0.398,0.5141,3,0,0.98,high,1
STU-2026-0211,0.0022,0.2702,4.71,5.0,1,0,0.0,0.0,0,0,0.0364,low,0
STU-2026-0212,-0.0074,0.1574,4.74,4.12,0,0,0.0,0.0,0,0,0.0474,low,0
STU-2026-0213,-0.2058,-1.4098,2.63,2.77,5,1,0.1952,0.2113,1,0,0.6422,medium,0
STU-2026-0214,0.103,0.2846,3.87,4.2,0,0,0.0,0.0,0,0,0.02,low,0
STU-2026-0215,-0.0831,0.1503,3.41,3.96,0,0,0.0,0.0,0,0,0.02,low,0
STU-2026-0216,-0.0248,0.4022,4.69,4.46,0,0,0.0,0.0,0,1,0.02,low,0
STU-2026-0217,0.0552,0.3876,4.32,4.15,0,0,0.0,0.0,0,0,0.02,low,0
STU-2026-0218,-0.0332,0.3918,4.15,3.79,0,2,0.0,0.0,0,0,0.0457,low,0
STU-2026-0219,0.0756,0.4666,4.17,4.34,0,1,0.0,0.0,0,0,0.02,low,0
STU-2026-0220,0.1046,0.2871,4.78,4.26,0,0,0.0,0.0,0,0,0.02,low,0
STU-2026-0221,-0.6244,-2.3635,1.4,1.17,6,2,0.3933,0.4413,2,2,0.98,high,1
STU-2026-0222,-0.0176,0.5389,4.25,3.79,2,0,0.0,0.0,0,0,0.02,low,0
STU-2026-0223,-0.2194,-0.9552,3.01,2.95,3,3,0.2237,0.2423,1,0,0.5828,medium,0
STU-2026-0224,-0.1521,-0.9133,2.92,3.34,7,0,0.184,0.2247,1,0,0.6264,medium,0
STU-2026-0225,-0.027,0.2058,4.65,4.89,1,1,0.0,0.0,0,0,0.02,low,0
STU-2026-0226,-0.004,0.1944,4.99,4.87,0,0,0.0,0.0,0,0,0.02,low,0
STU-2026-0227,0.0117,-0.1543,3.54,4.21,0,0,0.0,0.0,0,0,0.02,low,0
STU-2026-0228,0.0708,-0.0586,3.88,4.27,2,0,0.0,0.0,0,0,0.02,low,0
STU-2026-0229,-0.0488,-0.0408,4.57,4.08,1,0,0.0,0.0,0,0,0.02,low,0
STU-2026-0230,-0.4168,-2.4425,1.16,1.14,13,3,0.3709,0.438,4,1,0.98,high,1
STU-2026-0231,-0.1951,-0.9281,2.65,2.53,1,0,0.2119,0.2319,1,0,0.6372,medium,0
STU-2026-0232,0.0498,0.0706,3.11,3.89,0,0,0.0,0.0,0,0,0.02,low,0
STU-2026-0233,0.0609,0.1438,4.35,4.54,1,0,0.0,0.0,0,0,0.02,low,0
STU-2026-0234,-0.1664,-1.3221,2.39,2.7,3,0,0.218,0.1776,0,0,0.5912,medium,0
STU-2026-0235,0.1041,0.0166,4.38,4.33,1,0,0.0,0.0,0,0,0.02,low,0
STU-2026-0236,-0.0271,0.2486,4.06,4.17,0,0,0.0,0.0,0,0,0.02,low,0
STU-2026-0237,0.0325,0.2336,4.34,4.0,0,0,0.0,0.0,0,0,0.0265,low,0
STU-2026-0238,-0.0862,-0.9827,2.9,2.97,2,2,0.2035,0.2698,1,0,0.6156,medium,0
STU-2026-0239,0.0086,0.152,5.0,4.46,0,1,0.0,0.0,0,0,0.0305,low,0
STU-2026-0240,-0.0388,0.0581,3.48,3.49,1,0,0.0,0.0,1,0,0.0316,low,0
STU-2026-0241,-0.0518,0.4004,3.98,4.25,0,0,0.0,0.0,0,0,0.0211,low,0
STU-2026-0242,0.02,0.233,3.64,3.65,0,0,0.0,0.0,1,0,0.0598,low,0
STU-2026-0243,-0.1583,-0.9326,2.03,2.23,4,3,0.186,0.2046,0,0,0.539,medium,0
STU-2026-0244,-0.0061,0.4242,4.11,3.91,0,0,0.0,0.0,0,0,0.02,low,0
STU-2026-0245,-0.3834,-2.4947,1.0,1.0,8,1,0.362,0.5406,2,0,0.98,high,1
STU-2026-0246,-0.521,-2.7112,1.18,1.0,8,3,0.3389,0.4691,2,1,0.98,high,1
STU-2026-0247,0.1265,0.3001,4.23,4.11,1,0,0.0,0.0,0,0,0.02,low,0
STU-2026-0248,-0.1625,-1.0027,2.41,2.01,4,3,0.1969,0.2711,0,0,0.5787,medium,0
STU-2026-0249,-0.4806,-2.6979,1.27,1.83,10,3,0.3458,0.4593,3,0,0.98,high,1
STU-2026-0250,0.0537,-0.0074,3.81,3.96,1,0,0.0,0.0,1,0,0.02,low,0
STU-2026-0251,-0.6285,-2.6462,1.36,1.73,4,7,0.4125,0.5165,2,2,0.98,high,1
STU-2026-0252,0.0379,0.1332,4.17,4.11,0,0,0.0,0.0,1,0,0.02,low,0
STU-2026-0253,-0.6774,-2.1376,1.05,1.66,14,3,0.4534,0.4298,4,1,0.98,high,1
STU-2026-0254,0.0147,0.3202,3.95,3.88,0,0,0.0,0.0,0,0,0.02,low,0
STU-2026-0255,0.0033,0.3959,3.99,4.3,0,0,0.0,0.0,0,0,0.0237,low,0
STU-2026-0256,0.0228,0.5855,4.31,4.26,0,0,0.0,0.0,1,0,0.056,low,0
STU-2026-0257,0.0574,0.1366,4.03,4.14,0,1,0.0,0.0,0,0,0.02,low,0
STU-2026-0258,-0.0522,-1.0573,2.39,2.45,3,0,0.2066,0.2779,1,0,0.5982,medium,0
STU-2026-0259,0.0299,0.3609,3.73,4.09,1,0,0.0,0.0,0,0,0.0613,low,0
STU-2026-0260,0.1276,0.2778,4.52,4.55,0,0,0.0,0.0,1,0,0.02,low,0
STU-2026-0261,0.0269,0.6188,4.38,4.32,0,0,0.0,0.0,0,0,0.02,low,0
STU-2026-0262,-0.123,-1.455,3.34,3.1,4,1,0.2108,0.2507,2,0,0.6041,medium,0
STU-2026-0263,-0.6567,-2.536,1.24,1.19,6,8,0.3841,0.4995,2,0,0.98,high,1
STU-2026-0264,0.0254,0.0338,4.2,4.19,0,0,0.0,0.0,0,0,0.02,low,0
STU-2026-0265,-0.0163,0.1613,3.9,4.29,1,0,0.0,0.0,0,0,0.02,low,0
STU-2026-0266,0.0909,0.0309,4.03,4.09,0,0,0.0,0.0,0,0,0.02,low,0
STU-2026-0267,0.1105,0.6773,3.84,4.7,0,1,0.0,0.0,0,0,0.02,low,0
STU-2026-0268,-0.0788,-0.9235,2.61,2.68,7,0,0.2532,0.2843,0,0,0.6121,medium,0
STU-2026-0269,0.0023,0.2134,3.98,3.67,2,1,0.0,0.0,0,0,0.02,low,0
STU-2026-0270,0.0471,0.3594,4.62,4.68,1,0,0.0,0.0,0,0,0.0463,low,0
STU-2026-0271,-0.0349,0.3789,4.78,5.0,0,0,0.0,0.0,0,0,0.02,low,0
STU-2026-0272,-0.0971,-1.3268,2.67,2.71,6,2,0.2074,0.3133,0,0,0.6416,medium,0
STU-2026-0273,-0.1347,0.1481,4.51,4.78,1,0,0.0,0.0,0,0,0.0232,low,0
STU-2026-0274,-0.0019,0.4118,4.21,4.11,1,0,0.0,0.0,0,0,0.02,low,0
STU-2026-0275,-0.1552,-0.7699,2.99,2.96,3,3,0.1917,0.2639,0,0,0.5873,medium,0
STU-2026-0276,-0.096,-0.9531,2.01,2.56,1,1,0.2023,0.2111,0,0,0.536,medium,0
STU-2026-0277,-0.0263,-0.0618,4.07,4.05,1,0,0.0,0.0,1,0,0.02,low,0
STU-2026-0278,0.0335,0.3591,3.3,3.7,0,0,0.0,0.0,0,1,0.0234,low,0
STU-2026-0279,-0.478,-2.6859,1.0,1.3,9,4,0.4299,0.399,2,0,0.98,high,1
STU-2026-0280,-0.0457,-0.1523,3.78,3.97,1,1,0.0,0.0,0,0,0.0756,low,0
STU-2026-0281,-0.0124,0.213,4.69,4.0,0,1,0.0,0.0,0,0,0.02,low,0
STU-2026-0282,-0.0955,-0.1236,4.12,3.97,0,0,0.0,0.0,0,0,0.02,low,0
STU-2026-0283,-0.1899,-1.0138,3.0,3.42,5,2,0.2622,0.2501,0,0,0.651,high,1
STU-2026-0284,-0.2386,-0.6411,2.96,2.33,3,0,0.1995,0.2203,0,0,0.5732,medium,0
STU-2026-0285,-0.2986,-1.9482,1.27,1.15,9,4,0.3538,0.3972,1,0,0.98,high,1
STU-2026-0286,0.033,-0.1183,5.0,4.98,0,0,0.0,0.0,0,0,0.0232,low,0
STU-2026-0287,-0.01,0.4722,3.94,3.98,1,1,0.0,0.0,0,0,0.02,low,0
STU-2026-0288,-0.6669,-1.9826,1.0,1.08,10,2,0.3855,0.4484,2,1,0.98,high,1
STU-2026-0289,0.0142,0.1338,3.97,3.9,0,0,0.0,0.0,0,0,0.0269,low,0
STU-2026-0290,-0.02,0.5139,4.2,3.65,0,0,0.0,0.0,0,1,0.022,low,0
STU-2026-0291,-0.2927,-1.152,2.76,2.6,2,2,0.2388,0.2505,0,0,0.5954,medium,0
STU-2026-0292,-0.5342,-2.6611,1.0,1.0,8,8,0.4268,0.4715,2,1,0.98,high,1
STU-2026-0293,-0.1478,-0.9687,3.47,3.13,0,1,0.1137,0.2111,1,0,0.5561,medium,0
STU-2026-0294,-0.0119,0.3786,3.6,3.76,0,0,0.0,0.0,0,0,0.0405,low,0
STU-2026-0295,0.1308,0.4493,4.93,4.41,0,0,0.0,0.0,0,0,0.0397,low,0
STU-2026-0296,-0.052,0.0176,4.33,4.18,0,1,0.0,0.0,0,0,0.02,low,0
STU-2026-0297,0.0227,0.5928,3.79,3.88,0,1,0.0,0.0,0,0,0.02,low,0
STU-2026-0298,0.0516,0.2587,4.3,3.55,0,0,0.0,0.0,0,0,0.02,low,0
STU-2026-0299,0.0344,0.2864,3.99,3.52,0,1,0.0,0.0,0,0,0.02,low,0
STU-2026-0300,-0.5514,-2.7074,1.0,1.0,10,8,0.4406,0.6204,1,2,0.98,high,1
STU-2026-0301,-0.027,0.2147,5.0,4.83,0,1,0.0,0.0,0,1,0.02,low,0
STU-2026-0302,-0.2374,-0.8807,3.2,3.34,2,1,0.1509,0.2574,0,0,0.5278,medium,0
STU-2026-0303,-0.2098,-1.0078,3.02,2.86,3,0,0.1936,0.2918,0,0,0.5333,medium,0
STU-2026-0304,-0.0285,0.375,3.83,4.07,1,0,0.0,0.0,0,0,0.0311,low,0
STU-2026-0305,-0.4366,-2.1807,1.26,1.21,8,4,0.4226,0.438,2,0,0.98,high,1
STU-2026-0306,-0.4055,-2.6598,1.0,1.33,8,6,0.4181,0.4322,4,0,0.98,high,1
STU-2026-0307,0.0579,0.174,3.78,4.23,1,1,0.0,0.0,0,0,0.02,low,0
STU-2026-0308,0.0292,0.3962,4.69,5.0,0,0,0.0,0.0,0,0,0.02,low,0
STU-2026-0309,-0.1099,-0.8853,3.13,2.8,3,3,0.2309,0.2298,1,0,0.5742,medium,0
STU-2026-0310,-0.7188,-1.9733,1.0,1.23,7,3,0.3962,0.4341,2,1,0.9577,high,1
STU-2026-0311,0.1006,-0.0918,4.63,4.79,0,0,0.0,0.0,0,0,0.02,low,0
STU-2026-0312,0.0393,-0.0101,4.78,4.9,0,0,0.0,0.0,0,0,0.02,low,0
STU-2026-0313,0.0178,0.065,4.21,4.01,1,1,0.0,0.0,0,0,0.02,low,0
STU-2026-0314,0.1021,0.8409,4.82,4.86,0,1,0.0,0.0,0,0,0.02,low,0
STU-2026-0315,0.0073,0.3577,4.78,4.25,1,0,0.0,0.0,1,0,0.02,low,0
STU-2026-0316,-0.7077,-2.5094,1.55,1.88,10,6,0.3318,0.4666,1,1,0.9793,high,1
STU-2026-0317,0.0581,0.0227,4.56,4.8,1,0,0.0,0.0,0,0,0.0257,low,0
STU-2026-0318,0.0745,0.2463,4.12,3.92,1,0,0.0,0.0,0,0,0.02,low,0
STU-2026-0319,-0.0954,-0.9129,2.29,2.15,1,2,0.2599,0.2091,2,0,0.5787,medium,0
STU-2026-0320,-0.4444,-2.2339,1.41,1.42,8,1,0.412,0.4569,2,0,0.98,high,1
STU-2026-0321,0.0155,-0.03,3.77,3.43,0,1,0.0,0.0,0,0,0.02,low,0
STU-2026-0322,0.0595,0.2613,3.88,3.9,0,0,0.0,0.0,0,0,0.02,low,0
STU-2026-0323,0.1071,0.3577,4.83,4.66,0,0,0.0,0.0,1,0,0.02,low,0
STU-2026-0324,0.0086,0.6439,4.23,3.57,2,1,0.0,0.0,0,0,0.02,low,0
STU-2026-0325,0.0607,-0.0936,4.04,4.1,2,0,0.0,0.0,0,0,0.02,low,0
STU-2026-0326,0.0563,0.3743,4.47,4.54,0,1,0.0,0.0,1,0,0.0573,low,0
STU-2026-0327,-0.0197,0.1027,4.15,4.23,1,0,0.0,0.0,0,0,0.0749,low,0
STU-2026-0328,0.0858,-0.3357,3.73,4.0,0,0,0.0,0.0,0,0,0.0791,low,0
STU-2026-0329,0.0716,0.5249,4.49,4.19,0,0,0.0,0.0,1,0,0.02,low,0
STU-2026-0330,0.0029,0.1726,4.93,5.0,1,0,0.0,0.0,0,1,0.0272,low,0
STU-2026-0331,-0.0051,0.5935,4.24,4.2,0,1,0.0,0.0,0,0,0.0326,low,0
STU-2026-0332,-0.0398,0.1748,3.72,3.8,0,0,0.0,0.0,0,0,0.02,low,0
STU-2026-0333,-0.182,-0.7603,3.42,3.34,3,3,0.2632,0.2376,1,0,0.6053,medium,0
STU-2026-0334,0.0001,0.6126,5.0,4.7,0,0,0.0,0.0,0,0,0.02,low,0
STU-2026-0335,0.0072,0.4147,4.33,4.78,0,0,0.0,0.0,0,0,0.0557,low,0
STU-2026-0336,0.0706,0.4734,3.84,4.15,1,0,0.0,0.0,0,0,0.02,low,0
STU-2026-0337,-0.0047,-0.1262,4.3,4.3,1,0,0.0,0.0,0,0,0.0261,low,0
STU-2026-0338,0.0094,-0.1523,4.97,4.41,0,0,0.0,0.0,0,0,0.0587,low,0
STU-2026-0339,-0.0749,-0.9838,3.28,3.06,6,2,0.2139,0.2313,0,0,0.5705,medium,0
STU-2026-0340,-0.2313,-0.6419,3.16,2.6,4,0,0.1971,0.2565,0,0,0.533,medium,0
STU-2026-0341,-0.0909,-0.9662,2.84,2.3,1,0,0.2121,0.2414,0,0,0.6303,medium,0
STU-2026-0342,-0.0347,0.197,4.08,4.24,0,0,0.0,0.0,0,0,0.02,low,0
STU-2026-0343,-0.4831,-2.3727,1.69,1.72,8,5,0.3734,0.4804,3,0,0.98,high,1
STU-2026-0344,0.0349,0.4059,3.52,3.67,0,0,0.0,0.0,0,0,0.0441,low,0
STU-2026-0345,0.0521,0.4409,5.0,4.68,0,0,0.0,0.0,1,0,0.0339,low,0
STU-2026-0346,0.0222,0.346,4.51,4.45,0,0,0.0,0.0,0,0,0.02,low,0
STU-2026-0347,0.0667,-0.0757,3.85,4.25,0,0,0.0,0.0,1,0,0.02,low,0
STU-2026-0348,0.0733,-0.176,4.49,4.41,0,0,0.0,0.0,0,0,0.0252,low,0
STU-2026-0349,0.0121,0.4168,4.14,4.17,0,0,0.0,0.0,0,0,0.02,low,0
STU-2026-0350,-0.227,-0.9323,2.63,2.94,3,1,0.2041,0.221,2,0,0.6152,medium,0
STU-2026-0351,-0.0275,-0.0335,4.87,4.37,0,0,0.0,0.0,0,0,0.02,low,0
STU-2026-0352,0.134,0.169,4.17,4.15,1,0,0.0,0.0,0,0,0.02,low,0
STU-2026-0353,-0.0273,0.3228,4.24,4.27,1,0,0.0,0.0,0,0,0.0322,low,0
STU-2026-0354,-0.0192,0.1064,4.74,5.0,0,1,0.0,0.0,0,1,0.02,low,0
STU-2026-0355,-0.3864,-2.8064,1.1,1.28,8,3,0.3724,0.4302,4,1,0.98,high,1
STU-2026-0356,-0.0074,0.4558,4.53,4.33,2,0,0.0,0.0,0,0,0.02,low,0
STU-2026-0357,0.0039,0.2989,4.04,4.26,1,0,0.0,0.0,0,0,0.02,low,0
STU-2026-0358,-0.1205,-0.0137,3.03,3.53,0,0,0.0,0.0,0,0,0.02,low,0
STU-2026-0359,0.0128,0.1603,3.95,4.3,0,1,0.0,0.0,0,0,0.0216,low,0
STU-2026-0360,0.1066,0.1304,4.1,4.18,0,1,0.0,0.0,0,0,0.0394,low,0
STU-2026-0361,0.0368,0.0592,4.75,4.86,0,0,0.0,0.0,0,0,0.02,low,0
STU-2026-0362,0.036,-0.0211,3.75,3.48,0,0,0.0,0.0,0,0,0.02,low,0
STU-2026-0363,-0.1482,-0.6382,3.0,3.0,4,2,0.2621,0.1718,0,0,0.5808,medium,0
STU-2026-0364,-0.1319,-0.9317,3.17,2.93,1,2,0.2136,0.2659,0,0,0.5716,medium,0
STU-2026-0365,0.0264,0.0332,4.46,4.2,0,0,0.0,0.0,0,0,0.02,low,0
STU-2026-0366,0.0255,0.3513,4.66,4.35,0,0,0.0,0.0,0,0,0.0251,low,0
STU-2026-0367,0.0365,0.197,3.88,3.99,0,2,0.0,0.0,0,0,0.0656,low,0
STU-2026-0368,-0.1825,-1.1379,2.42,2.46,0,1,0.2881,0.2421,0,0,0.5675,medium,0
STU-2026-0369,0.1302,0.1909,4.49,4.04,0,0,0.0,0.0,0,0,0.02,low,0
STU-2026-0370,0.0402,0.0434,3.85,4.0,0,1,0.0,0.0,0,0,0.02,low,0
STU-2026-0371,-0.1373,-1.041,2.75,3.07,2,0,0.202,0.1696,1,1,0.5755,medium,0
STU-2026-0372,-0.0199,-0.0534,4.46,4.49,0,0,0.0,0.0,0,0,0.02,low,0
STU-2026-0373,-0.0034,0.6423,4.53,3.98,2,0,0.0,0.0,0,0,0.02,low,0
STU-2026-0374,-0.0003,0.4505,4.75,4.89,0,1,0.0,0.0,0,0,0.02,low,0
STU-2026-0375,-0.0099,0.059,4.69,4.26,0,0,0.0,0.0,0,0,0.0246,low,0
STU-2026-0376,-0.0107,0.2367,3.68,4.1,0,0,0.0,0.0,0,0,0.02,low,0
STU-2026-0377,-0.4043,-2.6744,1.15,1.79,8,3,0.4188,0.4501,1,0,0.98,high,1
STU-2026-0378,-0.471,-3.1927,1.0,1.33,10,5,0.3762,0.4625,1,0,0.98,high,1
STU-2026-0379,-0.0042,-0.1413,3.1,3.34,0,0,0.0,0.0,0,0,0.02,low,0
STU-2026-0380,0.0283,0.5748,3.97,4.43,0,0,0.0,0.0,0,0,0.02,low,0
STU-2026-0381,-0.0171,0.2908,4.18,4.35,0,1,0.0,0.0,0,0,0.02,low,0
STU-2026-0382,-0.0437,0.1844,4.79,4.63,1,0,0.0,0.0,0,0,0.0452,low,0
STU-2026-0383,-0.0474,-0.0049,4.15,4.37,0,2,0.0,0.0,0,0,0.02,low,0
STU-2026-0384,0.012,0.4075,4.66,4.25,0,0,0.0,0.0,1,0,0.02,low,0
STU-2026-0385,0.0214,-0.0677,4.11,4.09,0,0,0.0,0.0,0,0,0.02,low,0
STU-2026-0386,-0.4307,-2.2988,1.0,1.4,6,3,0.3757,0.4911,2,0,0.9602,high,1
STU-2026-0387,-0.2576,-2.2019,1.0,1.27,13,3,0.418,0.4139,1,1,0.98,high,1
STU-2026-0388,0.037,-0.5395,4.09,4.05,0,0,0.0,0.0,0,0,0.0318,low,0
STU-2026-0389,0.0242,0.2574,4.17,4.33,0,0,0.0,0.0,0,0,0.02,low,0
STU-2026-0390,-0.1011,-1.1481,2.27,2.81,4,2,0.2457,0.2483,1,0,0.5751,medium,0
STU-2026-0391,-0.0628,0.6684,4.1,3.98,3,0,0.0,0.0,0,0,0.11,low,0
STU-2026-0392,0.0387,-0.0025,3.91,3.82,1,0,0.0,0.0,0,0,0.0285,low,0
STU-2026-0393,-0.1654,-0.7251,2.12,2.47,5,2,0.1594,0.2399,0,0,0.5829,medium,0
STU-2026-0394,-0.0304,-0.1531,4.98,4.82,1,0,0.0,0.0,0,0,0.0315,low,0
STU-2026-0395,0.0694,-0.4484,4.03,4.55,1,0,0.0,0.0,0,0,0.0407,low,0
STU-2026-0396,-0.0261,0.4153,4.27,4.1,0,1,0.0,0.0,0,0,0.02,low,0
STU-2026-0397,-0.548,-2.5911,1.0,1.0,12,2,0.4121,0.3767,3,2,0.98,high,1
STU-2026-0398,0.0021,0.1949,4.1,4.39,0,0,0.0,0.0,0,0,0.02,low,0
STU-2026-0399,0.0355,0.1905,4.07,4.42,1,0,0.0,0.0,0,0,0.02,low,0
STU-2026-0400,0.0114,-0.3576,4.25,4.61,1,0,0.0,0.0,0,0,0.0811,low,0
STU-2026-0401,0.126,0.6801,3.26,3.87,1,0,0.0,0.0,0,0,0.02,low,0
STU-2026-0402,-0.0187,-0.083,4.62,4.12,1,1,0.0,0.0,0,0,0.0392,low,0
STU-2026-0403,0.0738,-0.4279,4.39,4.38,0,0,0.0,0.0,1,0,0.02,low,0
STU-2026-0404,-0.0233,0.3954,3.74,4.45,1,0,0.0,0.0,0,0,0.0244,low,0
STU-2026-0405,0.0277,0.683,4.6,4.17,0,0,0.0,0.0,1,0,0.023,low,0
STU-2026-0406,-0.0137,0.4396,4.19,3.85,0,0,0.0,0.0,0,0,0.02,low,0
STU-2026-0407,-0.2526,-0.9216,3.52,3.28,4,0,0.2579,0.241,0,0,0.5984,medium,0
STU-2026-0408,-0.0904,0.2864,3.78,4.0,0,0,0.0,0.0,0,0,0.02,low,0
STU-2026-0409,0.0285,0.0373,3.63,3.63,0,1,0.0,0.0,0,0,0.0567,low,0
STU-2026-0410,-0.1288,-1.1449,2.31,2.57,3,2,0.2196,0.2611,0,0,0.6413,medium,0
STU-2026-0411,-0.0328,-0.0207,4.18,3.98,1,0,0.0,0.0,0,0,0.02,low,0
STU-2026-0412,-0.1596,-0.7889,3.03,2.73,3,0,0.2059,0.2136,1,0,0.6091,medium,0
STU-2026-0413,0.0146,0.4582,4.43,4.48,0,0,0.0,0.0,0,0,0.02,low,0
STU-2026-0414,0.0091,0.1303,5.0,4.44,1,0,0.0,0.0,0,0,0.0329,low,0
STU-2026-0415,0.0891,-0.1816,4.25,4.42,1,0,0.0,0.0,0,0,0.0502,low,0
STU-2026-0416,-0.0818,-0.7535,3.95,3.48,3,1,0.2203,0.2622,2,0,0.5452,medium,0
STU-2026-0417,-0.0829,-0.1048,4.21,4.28,1,0,0.0,0.0,1,0,0.0429,low,0
STU-2026-0418,0.0434,0.1442,5.0,4.78,1,1,0.0,0.0,1,0,0.0402,low,0
STU-2026-0419,0.0094,0.2522,4.11,4.27,0,0,0.0,0.0,0,0,0.02,low,0
STU-2026-0420,0.0467,-0.1589,3.89,3.62,0,0,0.0,0.0,0,1,0.0445,low,0
STU-2026-0421,0.0143,0.0242,4.04,4.49,1,0,0.0,0.0,0,0,0.02,low,0
STU-2026-0422,0.0016,0.4575,3.68,3.94,1,0,0.0,0.0,0,0,0.0326,low,0
STU-2026-0423,0.048,-0.2029,4.2,4.41,2,0,0.0,0.0,0,0,0.0683,low,0
STU-2026-0424,-0.0869,-0.4765,2.9,2.96,2,3,0.2207,0.2264,1,0,0.522,medium,0
STU-2026-0425,0.0476,0.2641,4.05,4.11,0,0,0.0,0.0,0,0,0.02,low,0
STU-2026-0426,0.1002,0.1127,3.63,4.02,0,0,0.0,0.0,0,0,0.0385,low,0
STU-2026-0427,-0.0435,-0.7191,3.04,3.31,6,0,0.1827,0.2247,0,0,0.6183,medium,0
STU-2026-0428,-0.0127,0.4984,3.69,3.86,1,0,0.0,0.0,0,0,0.02,low,0
STU-2026-0429,0.0399,-0.2081,4.53,4.26,1,0,0.0,0.0,0,0,0.02,low,0
STU-2026-0430,0.007,0.292,3.96,3.29,0,1,0.0,0.0,0,0,0.02,low,0
STU-2026-0431,0.0628,0.5562,4.16,4.45,0,0,0.0,0.0,0,0,0.02,low,0
STU-2026-0432,0.0468,-0.0509,4.23,3.9,1,0,0.0,0.0,1,0,0.02,low,0
STU-2026-0433,0.0561,0.2588,4.32,4.52,0,0,0.0,0.0,0,0,0.02,low,0
STU-2026-0434,0.0637,0.4815,4.36,4.29,0,0,0.0,0.0,0,0,0.02,low,0
STU-2026-0435,-0.12,-0.9198,3.01,3.67,3,3,0.2332,0.2378,0,0,0.5685,medium,0
STU-2026-0436,0.0113,0.1566,4.62,4.43,0,0,0.0,0.0,0,0,0.0466,low,0
STU-2026-0437,0.0053,0.3903,3.93,4.02,0,1,0.0,0.0,0,0,0.02,low,0
STU-2026-0438,-0.4266,-3.1467,2.02,2.25,3,3,0.4355,0.4923,1,1,0.98,high,1
STU-2026-0439,-0.1239,0.3236,4.13,4.15,0,0,0.0,0.0,0,0,0.02,low,0
STU-2026-0440,0.0047,0.5348,4.17,4.11,0,1,0.0,0.0,0,0,0.02,low,0
STU-2026-0441,0.0755,-0.1226,4.46,4.18,0,0,0.0,0.0,0,0,0.02,low,0
STU-2026-0442,0.0048,0.4947,4.34,4.46,0,1,0.0,0.0,0,0,0.0647,low,0
STU-2026-0443,-0.0141,-0.0887,4.22,4.09,2,1,0.0,0.0,1,0,0.047,low,0
STU-2026-0444,-0.1411,0.0826,4.57,4.49,0,0,0.0,0.0,0,0,0.0358,low,0
STU-2026-0445,-0.3864,-2.4887,1.71,1.79,6,4,0.3797,0.4741,2,1,0.98,high,1
STU-2026-0446,0.107,0.1224,3.58,3.4,0,0,0.0,0.0,1,0,0.02,low,0
STU-2026-0447,0.1428,-0.2345,4.26,4.49,1,0,0.0,0.0,0,0,0.02,low,0
STU-2026-0448,-0.2636,-0.6884,2.7,2.66,2,0,0.2531,0.2033,0,0,0.57,medium,0
STU-2026-0449,0.0203,0.037,3.53,3.45,0,0,0.0,0.0,0,0,0.02,low,0
STU-2026-0450,-0.5555,-2.57,1.0,1.47,8,3,0.4293,0.4702,1,0,0.98,high,1
STU-2026-0451,-0.1292,-0.5065,2.9,2.98,3,1,0.2207,0.2629,0,0,0.594,medium,0
STU-2026-0452,-0.0775,-0.612,2.85,2.83,2,1,0.2334,0.2515,0,0,0.6189,medium,0
STU-2026-0453,0.1029,0.0612,3.8,3.98,0,0,0.0,0.0,0,0,0.02,low,0
STU-2026-0454,0.0556,-0.1434,4.19,3.9,2,0,0.0,0.0,0,0,0.02,low,0
STU-2026-0455,0.0631,0.1649,4.23,3.97,0,0,0.0,0.0,1,0,0.02,low,0
STU-2026-0456,0.0504,0.7274,4.77,4.88,0,0,0.0,0.0,0,0,0.0305,low,0
STU-2026-0457,-0.0365,0.0335,3.48,3.64,0,0,0.0,0.0,0,1,0.02,low,0
STU-2026-0458,0.0423,0.0819,4.62,4.37,0,1,0.0,0.0,0,0,0.02,low,0
STU-2026-0459,-0.0049,0.0667,4.39,4.77,2,1,0.0,0.0,1,0,0.02,low,0
STU-2026-0460,-0.3174,-2.3352,1.54,1.64,8,6,0.3628,0.4363,1,0,0.98,high,1
STU-2026-0461,0.0289,0.403,4.0,4.27,0,0,0.0,0.0,0,0,0.02,low,0
STU-2026-0462,-0.0804,-0.8279,2.74,2.94,3,1,0.2037,0.2144,0,0,0.5508,medium,0
STU-2026-0463,0.0621,-0.2941,4.24,4.29,0,0,0.0,0.0,0,0,0.02,low,0
STU-2026-0464,-0.2425,-0.5086,2.88,3.05,5,0,0.2202,0.2175,0,0,0.6242,medium,0
STU-2026-0465,0.1191,0.0945,4.89,4.8,2,0,0.0,0.0,0,0,0.02,low,0
STU-2026-0466,0.0193,0.1542,3.8,3.95,2,1,0.0,0.0,0,0,0.031,low,0
STU-2026-0467,-0.2144,-0.8483,3.32,3.25,5,2,0.1541,0.2781,1,0,0.6102,medium,0
STU-2026-0468,-0.1465,-0.9008,3.68,3.48,2,2,0.1601,0.2058,2,0,0.5527,medium,0
STU-2026-0469,0.0881,0.4502,4.39,4.75,1,1,0.0,0.0,0,0,0.06,low,0
STU-2026-0470,-0.1949,-0.7459,2.13,2.12,4,1,0.2414,0.2203,1,0,0.5957,medium,0
STU-2026-0471,0.032,-0.0867,5.0,4.79,0,1,0.0,0.0,0,0,0.0802,low,0
STU-2026-0472,-0.6528,-2.7374,1.03,1.23,14,4,0.4167,0.4149,2,0,0.98,high,1
STU-2026-0473,-0.0813,-1.2188,2.0,2.46,7,2,0.243,0.2416,1,0,0.5926,medium,0
STU-2026-0474,0.0314,0.0922,4.34,4.22,1,0,0.0,0.0,0,0,0.0423,low,0
STU-2026-0475,0.0037,0.0498,4.43,4.11,0,0,0.0,0.0,0,1,0.02,low,0
STU-2026-0476,-0.1466,-0.8108,2.73,3.05,4,0,0.2529,0.2083,1,0,0.629,medium,0
STU-2026-0477,-0.1943,-0.6326,3.47,3.81,4,0,0.2259,0.273,0,1,0.5956,medium,0
STU-2026-0478,-0.5385,-2.7405,1.85,2.08,14,8,0.4041,0.3798,3,1,0.98,high,1
STU-2026-0479,-0.1008,0.1877,3.71,3.99,0,0,0.0,0.0,0,0,0.02,low,0
STU-2026-0480,0.0421,-0.2313,3.85,3.93,2,0,0.0,0.0,0,0,0.0717,low,0
STU-2026-0481,0.038,0.1207,5.0,4.84,1,1,0.0,0.0,0,0,0.02,low,0
STU-2026-0482,0.0415,-0.2127,4.03,4.25,0,0,0.0,0.0,0,0,0.02,low,0
STU-2026-0483,-0.5194,-2.2871,1.0,1.0,10,7,0.4663,0.5466,2,0,0.98,high,1
STU-2026-0484,0.0295,0.4642,4.49,4.2,0,0,0.0,0.0,0,0,0.02,low,0
STU-2026-0485,-0.0145,-0.1316,4.04,4.18,0,1,0.0,0.0,0,0,0.02,low,0
STU-2026-0486,-0.1628,-0.9256,2.71,3.04,3,2,0.2297,0.2743,1,0,0.6077,medium,0
STU-2026-0487,0.0047,0.1408,3.94,3.86,1,0,0.0,0.0,0,0,0.02,low,0
STU-2026-0488,0.1109,0.4228,4.64,4.33,1,0,0.0,0.0,0,0,0.046,low,0
STU-2026-0489,0.0615,0.5839,4.37,4.26,1,0,0.0,0.0,0,0,0.02,low,0
STU-2026-0490,-0.0003,0.6236,4.06,3.48,0,0,0.0,0.0,0,0,0.02,low,0
STU-2026-0491,0.0343,0.3191,4.59,4.75,0,1,0.0,0.0,0,0,0.02,low,0
STU-2026-0492,-0.0448,0.4356,2.92,3.32,0,0,0.0,0.0,0,0,0.02,low,0
STU-2026-0493,0.0016,0.0034,4.11,3.94,2,0,0.0,0.0,0,0,0.0425,low,0
STU-2026-0494,0.1085,0.2918,3.57,3.91,1,0,0.0,0.0,0,0,0.02,low,0
STU-2026-0495,0.0887,0.2425,3.54,3.82,0,0,0.0,0.0,0,1,0.0379,low,0
STU-2026-0496,-0.4386,-2.3323,1.0,1.02,8,3,0.3666,0.5069,4,1,0.98,high,1
STU-2026-0497,-0.5008,-2.5967,1.68,2.16,4,4,0.5216,0.4709,1,1,0.98,high,1
STU-2026-0498,-0.1801,-1.1624,2.79,3.27,7,2,0.1903,0.2819,2,1,0.635,medium,0
STU-2026-0499,-0.373,-2.9296,1.0,1.3,9,3,0.3558,0.5897,3,0,0.98,high,1
STU-2026-0500,-0.5567,-2.698,1.0,1.0,5,7,0.4,0.4382,2,2,0.98,high,1
STU-2026-0501,-0.0445,0.0986,3.71,3.82,1,0,0.0,0.0,0,0,0.02,low,0
STU-2026-0502,0.0027,-0.0374,4.03,4.09,1,0,0.0,0.0,0,0,0.0268,low,0
STU-2026-0503,0.0673,0.3518,3.86,3.61,0,0,0.0,0.0,0,0,0.02,low,0
STU-2026-0504,0.0464,0.3132,5.0,4.62,0,0,0.0,0.0,0,0,0.02,low,0
STU-2026-0505,0.0252,0.0851,4.08,3.84,0,0,0.0,0.0,0,0,0.02,low,0
STU-2026-0506,0.023,0.256,3.42,3.5,0,0,0.0,0.0,0,0,0.02,low,0
STU-2026-0507,-0.0151,0.2716,4.08,4.02,0,0,0.0,0.0,1,0,0.02,low,0
STU-2026-0508,0.1141,-0.1831,4.68,4.53,0,0,0.0,0.0,0,0,0.02,low,0
STU-2026-0509,-0.1422,-0.5495,2.05,1.82,5,3,0.224,0.2412,0,0,0.5918,medium,0
STU-2026-0510,-0.174,-0.8274,2.77,2.59,3,0,0.2195,0.1935,1,1,0.5984,medium,0
STU-2026-0511,-0.1712,-0.9266,2.73,2.85,5,1,0.1702,0.2385,0,0,0.6081,medium,0
STU-2026-0512,-0.0932,-0.486,1.95,1.88,4,1,0.2219,0.2802,1,1,0.5786,medium,0
STU-2026-0513,-0.035,-1.3793,3.77,3.83,4,3,0.1776,0.2068,0,0,0.5724,medium,0
STU-2026-0514,0.0377,-0.3297,4.65,4.12,1,0,0.0,0.0,0,0,0.0346,low,0
STU-2026-0515,0.0568,0.2473,3.08,3.73,1,0,0.0,0.0,0,0,0.0443,low,0
STU-2026-0516,-0.2798,-2.6898,1.1,1.4,11,8,0.2952,0.3791,4,1,0.98,high,1
STU-2026-0517,-0.1846,-0.7689,2.88,3.38,1,1,0.2071,0.2164,0,0,0.559,medium,0
STU-2026-0518,-0.4838,-2.4003,1.0,1.0,9,5,0.4197,0.448,4,0,0.98,high,1
STU-2026-0519,0.0397,0.2429,4.24,4.32,0,1,0.0,0.0,1,0,0.02,low,0
STU-2026-0520,0.0538,-0.0185,4.23,4.08,0,0,0.0,0.0,0,0,0.02,low,0
STU-2026-0521,0.0544,0.3497,3.41,3.85,0,0,0.0,0.0,0,0,0.02,low,0
STU-2026-0522,0.0157,0.293,3.81,3.78,0,0,0.0,0.0,0,0,0.0249,low,0
STU-2026-0523,-0.0738,-0.0216,4.48,4.44,0,0,0.0,0.0,0,0,0.02,low,0
STU-2026-0524,-0.0561,-0.0043,4.72,4.54,1,0,0.0,0.0,0,0,0.02,low,0
STU-2026-0525,-0.5684,-2.3398,1.0,1.0,7,4,0.3989,0.4492,2,0,0.98,high,1
STU-2026-0526,0.0789,0.0639,3.86,3.83,0,1,0.0,0.0,0,0,0.02,low,0
STU-2026-0527,0.0282,0.3735,3.92,4.44,0,1,0.0,0.0,0,0,0.0438,low,0
STU-2026-0528,0.0439,0.39,4.49,4.17,0,0,0.0,0.0,0,0,0.02,low,0
STU-2026-0529,-0.0681,0.3757,4.08,4.3,0,1,0.0,0.0,0,0,0.0371,low,0
STU-2026-0530,-0.104,0.2918,4.18,4.12,1,0,0.0,0.0,0,0,0.076,low,0
STU-2026-0531,0.0701,0.0931,4.35,4.51,0,0,0.0,0.0,0,0,0.0266,low,0
STU-2026-0532,-0.0237,0.1779,4.44,4.57,0,0,0.0,0.0,0,0,0.029,low,0
STU-2026-0533,0.0321,-0.0554,3.28,3.27,0,0,0.0,0.0,0,0,0.02,low,0
STU-2026-0534,0.1095,0.5443,4.26,4.54,0,0,0.0,0.0,0,1,0.02,low,0
STU-2026-0535,0.0656,-0.0326,4.4,3.96,1,0,0.0,0.0,0,0,0.02,low,0
STU-2026-0536,0.0986,0.1289,4.94,4.96,0,0,0.0,0.0,0,0,0.02,low,0
STU-2026-0537,0.0858,0.0444,4.03,3.93,0,0,0.0,0.0,0,0,0.02,low,0
STU-2026-0538,0.0315,0.018,3.89,3.93,0,1,0.0,0.0,0,0,0.02,low,0
STU-2026-0539,-0.5504,-2.7866,1.0,1.24,8,5,0.481,0.5042,2,1,0.98,high,1
STU-2026-0540,0.1075,-0.1309,4.5,4.05,0,0,0.0,0.0,0,0,0.02,low,0
STU-2026-0541,-0.0167,-0.1767,3.86,3.52,0,0,0.0,0.0,0,0,0.02,low,0
STU-2026-0542,0.0407,-0.0289,3.69,3.85,0,0,0.0,0.0,0,0,0.02,low,0
STU-2026-0543,0.0237,0.1485,3.31,3.56,1,0,0.0,0.0,0,0,0.02,low,0
STU-2026-0544,0.0074,0.4123,4.55,4.22,0,0,0.0,0.0,0,0,0.02,low,0
STU-2026-0545,-0.0234,0.5567,3.28,3.77,0,0,0.0,0.0,0,0,0.02,low,0
STU-2026-0546,0.0642,0.3046,4.51,4.5,1,0,0.0,0.0,0,0,0.037,low,0
STU-2026-0547,-0.0329,0.2789,4.58,3.95,1,1,0.0,0.0,0,0,0.02,low,0
STU-2026-0548,-0.0918,0.2859,3.95,4.43,0,0,0.0,0.0,0,0,0.02,low,0
STU-2026-0549,-0.0289,0.4836,4.34,4.09,1,0,0.0,0.0,0,0,0.071,low,0
STU-2026-0550,-0.0309,0.534,4.38,4.44,1,2,0.0,0.0,0,0,0.02,low,0
STU-2026-0551,-0.6196,-2.1741,2.5,2.0,8,3,0.4587,0.3548,2,1,0.98,high,1
STU-2026-0552,-0.5592,-2.0124,1.72,1.55,4,3,0.3293,0.5195,4,0,0.9269,high,1
STU-2026-0553,0.0857,0.4521,4.07,4.03,1,1,0.0,0.0,0,0,0.034,low,0
STU-2026-0554,-0.0071,0.0305,3.63,3.56,0,0,0.0,0.0,0,0,0.02,low,0
STU-2026-0555,-0.0245,-0.79,2.2,2.38,3,3,0.1843,0.195,0,1,0.5396,medium,0
STU-2026-0556,0.0829,0.1444,4.68,4.34,0,0,0.0,0.0,0,0,0.02,low,0
STU-2026-0557,-0.0137,0.2287,3.58,3.34,2,0,0.0,0.0,0,0,0.02,low,0
STU-2026-0558,0.099,0.7242,4.55,4.48,0,2,0.0,0.0,0,0,0.02,low,0
STU-2026-0559,-0.0596,0.4667,4.71,4.59,2,1,0.0,0.0,0,0,0.02,low,0
STU-2026-0560,0.0542,-0.2478,4.5,4.34,1,0,0.0,0.0,0,0,0.02,low,0
STU-2026-0561,0.058,0.0401,4.01,4.1,0,0,0.0,0.0,0,0,0.02,low,0
STU-2026-0562,0.0565,0.2398,3.87,4.71,0,0,0.0,0.0,0,0,0.02,low,0
STU-2026-0563,-0.2347,-1.0538,2.78,3.05,5,4,0.2287,0.251,0,0,0.5683,medium,0
STU-2026-0564,0.002,-0.2185,3.96,4.02,0,0,0.0,0.0,0,0,0.047,low,0
STU-2026-0565,0.18,0.1701,4.62,4.19,0,0,0.0,0.0,0,0,0.0281,low,0
STU-2026-0566,0.0542,0.1386,4.06,3.97,1,0,0.0,0.0,1,0,0.02,low,0
STU-2026-0567,0.0071,0.2462,4.97,3.91,0,0,0.0,0.0,0,0,0.02,low,0
STU-2026-0568,-0.0281,0.184,3.68,4.02,0,1,0.0,0.0,0,0,0.0358,low,0
STU-2026-0569,0.0614,0.6915,4.91,5.0,0,0,0.0,0.0,0,0,0.02,low,0
STU-2026-0570,-0.2228,-0.8127,2.89,3.02,4,2,0.2234,0.2335,0,0,0.5903,medium,0
STU-2026-0571,-0.0116,0.146,3.84,4.18,1,0,0.0,0.0,0,0,0.02,low,0
STU-2026-0572,-0.0454,0.2219,4.22,4.17,1,0,0.0,0.0,0,0,0.0503,low,0
STU-2026-0573,-0.0178,0.4588,3.61,3.77,1,0,0.0,0.0,0,0,0.0202,low,0
STU-2026-0574,-0.3789,-2.4009,1.32,1.0,6,4,0.4453,0.5049,1,1,0.98,high,1
STU-2026-0575,-0.0171,0.324,4.08,3.81,0,0,0.0,0.0,0,0,0.0242,low,0
STU-2026-0576,0.0392,0.2003,4.23,3.46,0,0,0.0,0.0,0,0,0.0295,low,0
STU-2026-0577,0.0288,0.0846,3.79,3.92,0,0,0.0,0.0,0,0,0.02,low,0
STU-2026-0578,-0.0102,0.2559,3.96,3.8,0,1,0.0,0.0,0,0,0.02,low,0
STU-2026-0579,-0.1861,-1.313,2.99,3.04,7,1,0.1928,0.2671,0,0,0.6802,high,1
STU-2026-0580,0.0114,0.0007,4.3,4.3,1,0,0.0,0.0,0,0,0.02,low,0
STU-2026-0581,0.0273,0.3375,5.0,4.67,1,0,0.0,0.0,0,0,0.055,low,0
STU-2026-0582,-0.6082,-2.2458,1.79,2.21,8,3,0.4351,0.4309,4,0,0.98,high,1
STU-2026-0583,0.0489,0.1562,4.88,4.13,0,2,0.0,0.0,0,1,0.0773,low,0
STU-2026-0584,0.0578,0.024,4.37,4.2,0,0,0.0,0.0,0,0,0.02,low,0
STU-2026-0585,0.0188,0.3694,4.65,4.42,0,0,0.0,0.0,0,0,0.0505,low,0
STU-2026-0586,-0.0989,-1.645,2.69,3.18,3,1,0.2352,0.2235,0,0,0.6213,medium,0
STU-2026-0587,0.0695,-0.3611,4.17,4.12,0,0,0.0,0.0,0,0,0.02,low,0
STU-2026-0588,-0.4078,-2.4687,1.0,1.19,6,1,0.383,0.4038,2,2,0.9793,high,1
STU-2026-0589,-0.0162,0.1496,3.4,3.47,0,0,0.0,0.0,0,0,0.02,low,0
STU-2026-0590,-0.7285,-2.5255,1.0,1.11,7,5,0.3641,0.4517,3,0,0.98,high,1
STU-2026-0591,-0.0087,0.1347,5.0,4.65,0,0,0.0,0.0,0,0,0.02,low,0
STU-2026-0592,0.0384,0.0566,4.51,4.44,1,0,0.0,0.0,0,0,0.02,low,0
STU-2026-0593,-0.0015,0.2783,4.46,4.68,0,1,0.0,0.0,0,0,0.02,low,0
STU-2026-0594,-0.0685,0.2176,4.5,4.4,1,0,0.0,0.0,0,0,0.02,low,0
STU-2026-0595,-0.2851,-0.9301,2.96,3.47,4,4,0.2021,0.2798,1,0,0.602,medium,0
STU-2026-0596,0.0565,0.3809,4.14,4.18,0,0,0.0,0.0,0,0,0.02,low,0
STU-2026-0597,0.1017,-0.3105,3.93,4.16,0,0,0.0,0.0,0,0,0.0346,low,0
STU-2026-0598,-0.0251,0.1162,4.28,4.68,0,0,0.0,0.0,0,0,0.02,low,0
STU-2026-0599,-0.6019,-2.7346,1.43,1.77,10,3,0.4317,0.3996,1,1,0.98,high,1
STU-2026-0600,-0.0928,-1.2656,2.18,2.35,2,0,0.204,0.2348,0,1,0.5724,medium,0
STU-2026-0001,0.1039,0.1348,4.06,4.16,1,0,0.0,0.0,0,0,0.02,low,0
STU-2026-0002,0.053,0.2906,3.8,3.95,2,0,0.0,0.0,0,0,0.0758,low,0
STU-2026-0003,0.0989,-0.0225,4.03,4.58,0,0,0.0,0.0,0,0,0.02,low,0
STU-2026-0004,-0.4224,-2.16,1.24,1.6,10,2,0.4138,0.5229,1,0,0.98,high,1
STU-2026-0005,0.065,0.7293,3.45,3.74,1,0,0.0,0.0,0,0,0.02,low,0
STU-2026-0006,0.0325,0.1473,4.13,4.38,0,0,0.0,0.0,0,0,0.0539,low,0
STU-2026-0007,0.0745,0.149,4.48,4.64,0,0,0.0,0.0,0,0,0.02,low,0
STU-2026-0008,-0.5165,-2.402,2.29,2.13,11,7,0.4173,0.4544,3,0,0.98,high,1
STU-2026-0009,-0.2215,-0.7093,3.05,3.09,4,2,0.1945,0.2838,0,0,0.6198,medium,0
STU-2026-0010,-0.2177,-1.1009,2.95,3.25,3,1,0.2002,0.2354,0,0,0.5958,medium,0
STU-2026-0011,0.0239,0.0589,4.8,4.57,0,0,0.0,0.0,0,0,0.02,low,0
STU-2026-0012,0.0281,0.3099,3.66,3.64,0,0,0.0,0.0,1,0,0.02,low,0
STU-2026-0013,0.034,0.1007,4.37,4.32,0,0,0.0,0.0,0,0,0.0386,low,0
STU-2026-0014,-0.1791,-1.1395,2.8,2.48,4,1,0.2014,0.2587,0,0,0.624,medium,0
STU-2026-0015,0.0522,0.0709,3.61,3.97,0,0,0.0,0.0,1,1,0.02,low,0
STU-2026-0016,-0.1133,-1.0278,2.3,2.25,4,0,0.2167,0.2242,1,0,0.618,medium,0
STU-2026-0017,0.0881,0.3358,4.27,4.24,0,0,0.0,0.0,0,0,0.0276,low,0
STU-2026-0018,0.0197,-0.1606,4.58,4.5,0,0,0.0,0.0,1,0,0.02,low,0
STU-2026-0019,-0.0148,-0.8658,3.25,3.62,7,2,0.2056,0.2956,0,0,0.6455,medium,0
STU-2026-0020,0.0524,0.7538,3.58,3.72,0,0,0.0,0.0,0,0,0.02,low,0
STU-2026-0021,-0.5605,-2.571,1.44,1.73,11,1,0.3813,0.4054,2,0,0.98,high,1
STU-2026-0022,-0.0183,0.4301,4.13,3.77,2,0,0.0,0.0,0,0,0.02,low,0
STU-2026-0023,0.0364,0.3862,4.01,4.49,0,1,0.0,0.0,0,0,0.0264,low,0
STU-2026-0024,-0.0348,-0.09,4.42,4.19,1,0,0.0,0.0,0,0,0.0324,low,0
STU-2026-0025,0.0405,0.1616,4.05,3.74,0,0,0.0,0.0,0,0,0.02,low,0
STU-2026-0026,0.1085,0.485,4.28,4.4,0,0,0.0,0.0,0,0,0.0461,low,0
STU-2026-0027,0.0849,0.2006,3.71,3.82,0,0,0.0,0.0,0,0,0.02,low,0
STU-2026-0028,-0.0844,0.0338,4.18,4.24,0,1,0.0,0.0,0,0,0.02,low,0
STU-2026-0029,0.1025,0.2187,4.14,4.02,0,0,0.0,0.0,0,0,0.02,low,0
STU-2026-0030,0.0205,0.2494,4.53,4.59,0,0,0.0,0.0,0,0,0.02,low,0
STU-2026-0031,0.0324,0.2157,4.2,4.12,2,0,0.0,0.0,0,0,0.0577,low,0
STU-2026-0032,-0.0525,-0.0656,4.24,3.76,0,1,0.0,0.0,0,0,0.02,low,0
STU-2026-0033,0.0094,0.2469,4.31,4.76,1,1,0.0,0.0,0,0,0.02,low,0
STU-2026-0034,-0.0043,-0.173,4.01,4.46,0,0,0.0,0.0,0,0,0.02,low,0
STU-2026-0035,0.0573,0.1423,4.26,3.94,0,0,0.0,0.0,0,0,0.02,low,0
STU-2026-0036,0.0032,0.2963,4.33,3.98,0,0,0.0,0.0,0,0,0.02,low,0
STU-2026-0037,-0.1692,-0.7887,2.84,2.54,6,3,0.2617,0.2339,0,0,0.6002,medium,0
STU-2026-0038,-0.0185,-0.2265,5.0,5.0,0,0,0.0,0.0,0,0,0.02,low,0
STU-2026-0039,-0.1843,-0.5743,2.94,3.46,2,1,0.2033,0.2301,1,0,0.6034,medium,0
STU-2026-0040,-0.4619,-2.496,1.62,1.55,8,5,0.381,0.4186,2,2,0.98,high,1
STU-2026-0041,-0.0467,0.1333,4.64,4.46,0,2,0.0,0.0,0,0,0.02,low,0
STU-2026-0042,0.0073,-0.0743,4.59,4.46,0,0,0.0,0.0,1,0,0.02,low,0
STU-2026-0043,-0.0444,-0.0071,4.05,3.9,0,0,0.0,0.0,0,0,0.02,low,0
STU-2026-0044,-0.4959,-1.8212,1.44,1.77,14,5,0.4047,0.4651,2,0,0.98,high,1
STU-2026-0045,-0.1683,-0.5619,2.85,2.82,3,1,0.1686,0.2515,2,0,0.5617,medium,0
STU-2026-0046,0.0265,0.1779,4.64,4.28,0,1,0.0,0.0,0,0,0.0538,low,0
STU-2026-0047,-0.0267,-0.1048,3.46,3.53,0,1,0.0,0.0,1,0,0.02,low,0
STU-2026-0048,0.0793,0.1975,4.42,4.4,1,1,0.0,0.0,0,0,0.02,low,0
STU-2026-0049,0.072,0.5411,3.73,3.87,1,0,0.0,0.0,0,0,0.0458,low,0
STU-2026-0050,0.0388,0.1222,4.35,4.43,0,0,0.0,0.0,0,0,0.0287,low,0
STU-2026-0051,0.069,-0.0405,4.54,4.18,0,0,0.0,0.0,0,0,0.02,low,0
STU-2026-0052,0.0462,0.3997,4.1,4.56,0,0,0.0,0.0,0,0,0.02,low,0
STU-2026-0053,0.0926,0.2007,4.59,3.99,1,0,0.0,0.0,1,0,0.02,low,0
STU-2026-0054,-0.5475,-2.6752,1.56,1.4,7,6,0.4389,0.4977,2,0,0.98,high,1
STU-2026-0055,0.0602,0.1403,4.23,3.98,1,0,0.0,0.0,0,0,0.02,low,0
STU-2026-0056,0.0052,0.4014,4.25,4.04,0,0,0.0,0.0,0,0,0.02,low,0
STU-2026-0057,0.025,0.1795,4.19,4.02,0,1,0.0,0.0,0,0,0.0232,low,0
STU-2026-0058,0.0876,0.199,4.68,4.54,1,0,0.0,0.0,0,0,0.02,low,0
STU-2026-0059,-0.182,-1.1217,2.79,2.78,3,2,0.2558,0.2213,1,0,0.5727,medium,0
STU-2026-0060,-0.059,-0.2835,3.55,3.45,0,0,0.0,0.0,0,0,0.02,low,0
STU-2026-0061,0.0617,0.4428,3.97,3.97,1,0,0.0,0.0,0,0,0.02,low,0
STU-2026-0062,0.0441,-0.1046,4.46,4.39,0,0,0.0,0.0,0,0,0.02,low,0
STU-2026-0063,0.0665,0.3058,4.09,3.68,1,0,0.0,0.0,0,0,0.02,low,0
STU-2026-0064,-0.0474,0.6616,4.48,4.56,0,0,0.0,0.0,0,0,0.0222,low,0
STU-2026-0065,-0.1978,-0.9046,2.05,2.15,2,2,0.2038,0.2649,1,0,0.5433,medium,0
STU-2026-0066,-0.0367,-1.0642,2.48,2.23,6,1,0.2752,0.2339,0,1,0.6696,high,1
STU-2026-0067,-0.4755,-3.2767,1.0,1.11,11,6,0.3929,0.5044,1,1,0.98,high,1
STU-2026-0068,-0.0117,0.4319,3.9,4.58,0,0,0.0,0.0,0,0,0.02,low,0
STU-2026-0069,-0.1135,-0.5573,3.37,3.32,1,1,0.2085,0.2665,0,1,0.6257,medium,0
STU-2026-0070,-0.0406,0.005,4.07,3.78,0,0,0.0,0.0,0,0,0.0214,low,0
STU-2026-0071,-0.143,-1.102,3.73,3.37,6,3,0.2285,0.2646,0,0,0.6532,high,1
STU-2026-0072,0.0902,0.4565,5.0,4.67,0,1,0.0,0.0,0,0,0.0213,low,0
STU-2026-0073,-0.0415,-0.0381,4.3,4.75,1,1,0.0,0.0,0,0,0.02,low,0
STU-2026-0074,-0.0372,-0.0966,3.93,4.45,3,0,0.0,0.0,0,0,0.0674,low,0
STU-2026-0075,0.0195,1.0779,2.78,3.28,1,1,0.0,0.0,0,0,0.02,low,0
STU-2026-0076,-0.0426,-0.996,3.53,3.64,2,0,0.2345,0.2804,0,0,0.5927,medium,0
STU-2026-0077,-0.0085,0.2767,3.98,3.78,1,0,0.0,0.0,0,0,0.02,low,0
STU-2026-0078,0.0567,0.4074,3.0,3.5,1,0,0.0,0.0,0,0,0.0503,low,0
STU-2026-0079,-0.1956,-0.7323,3.03,3.07,4,2,0.2393,0.2706,0,1,0.6099,medium,0
STU-2026-0080,-0.0435,-0.2339,3.8,4.41,0,0,0.0,0.0,1,0,0.02,low,0
STU-2026-0081,0.1041,0.0199,4.71,5.0,1,0,0.0,0.0,0,0,0.0728,low,0
STU-2026-0082,-0.0447,0.4699,4.16,4.04,1,0,0.0,0.0,0,0,0.02,low,0
STU-2026-0083,0.0016,0.2866,3.57,3.58,1,1,0.0,0.0,0,0,0.02,low,0
STU-2026-0084,-0.0362,0.5563,4.94,4.97,0,0,0.0,0.0,0,0,0.02,low,0
STU-2026-0085,-0.0412,0.1517,4.88,4.78,0,1,0.0,0.0,0,0,0.02,low,0
STU-2026-0086,-0.2281,-0.9454,2.77,2.81,5,2,0.2273,0.2488,0,0,0.6613,high,1
STU-2026-0087,0.0419,0.396,4.5,4.14,0,1,0.0,0.0,0,0,0.02,low,0
STU-2026-0088,-0.1008,-1.1479,1.77,2.15,2,3,0.2204,0.2373,0,0,0.6192,medium,0
STU-2026-0089,-0.0387,0.025,3.92,3.67,0,0,0.0,0.0,0,0,0.02,low,0
STU-2026-0090,0.0851,0.0336,4.85,4.41,0,0,0.0,0.0,0,0,0.0567,low,0
STU-2026-0091,-0.0639,-0.0608,4.25,4.74,0,0,0.0,0.0,0,0,0.02,low,0
STU-2026-0092,-0.1541,-0.7187,2.58,2.27,2,0,0.1822,0.275,2,0,0.5913,medium,0
STU-2026-0093,0.0123,-0.0534,3.8,4.44,0,0,0.0,0.0,0,0,0.02,low,0
STU-2026-0094,0.1206,0.1932,4.27,4.83,1,2,0.0,0.0,0,0,0.02,low,0
STU-2026-0095,-0.2471,-0.5997,3.03,2.99,3,0,0.1838,0.241,0,0,0.5527,medium,0
STU-2026-0096,0.0383,0.1592,3.51,3.7,0,0,0.0,0.0,0,0,0.02,low,0
STU-2026-0097,-0.2504,-1.7105,1.25,1.28,13,3,0.4163,0.58,2,1,0.98,high,1
STU-2026-0098,0.0888,0.1821,4.21,4.12,0,1,0.0,0.0,0,0,0.0278,low,0
STU-2026-0099,0.062,-0.1391,4.17,3.89,1,0,0.0,0.0,0,0,0.0484,low,0
STU-2026-0100,-0.2647,-0.7173,3.0,3.05,6,2,0.2516,0.2137,1,0,0.6162,medium,0
STU-2026-0101,0.0029,0.5393,4.58,4.37,0,1,0.0,0.0,1,0,0.02,low,0
STU-2026-0102,0.0443,0.1849,3.79,4.02,0,0,0.0,0.0,0,0,0.02,low,0
STU-2026-0103,-0.0487,0.3931,4.17,4.08,0,0,0.0,0.0,0,0,0.02,low,0
STU-2026-0104,-0.1457,-0.8225,2.53,2.41,5,4,0.1745,0.2705,1,1,0.5909,medium,0
STU-2026-0105,-0.1717,-0.6044,3.35,3.44,6,3,0.2213,0.2797,0,0,0.638,medium,0
STU-2026-0106,-0.1818,-1.0812,2.44,2.7,4,1,0.1877,0.248,0,1,0.6021,medium,0
STU-2026-0107,-0.0591,-0.8152,2.63,2.44,3,3,0.1956,0.2504,0,0,0.5758,medium,0
STU-2026-0108,0.0384,0.3061,4.01,4.05,0,0,0.0,0.0,0,0,0.02,low,0
STU-2026-0109,0.0102,-0.2711,4.58,4.17,1,0,0.0,0.0,0,0,0.0673,low,0
STU-2026-0110,-0.4332,-2.878,1.0,1.06,11,4,0.5184,0.4545,1,1,0.98,high,1
STU-2026-0111,-0.123,-0.9369,2.77,2.62,1,1,0.183,0.249,1,0,0.5659,medium,0
STU-2026-0112,-0.1963,-1.3202,2.27,2.13,1,0,0.1753,0.212,1,1,0.575,medium,0
STU-2026-0113,-0.0121,0.7058,4.33,4.53,0,2,0.0,0.0,0,0,0.0252,low,0
STU-2026-0114,0.0851,0.1835,4.62,4.22,2,0,0.0,0.0,0,0,0.063,low,0
STU-2026-0115,-0.1633,-0.3738,2.27,2.87,3,1,0.2534,0.2672,0,0,0.5966,medium,0
STU-2026-0116,-0.0063,-0.1821,4.21,4.43,1,0,0.0,0.0,1,0,0.0502,low,0
STU-2026-0117,-0.0937,-0.4222,2.65,2.9,4,3,0.2548,0.1998,1,0,0.5609,medium,0
STU-2026-0118,0.0257,0.4452,4.93,5.0,0,0,0.0,0.0,0,0,0.0201,low,0
STU-2026-0119,0.0846,0.2325,3.74,4.04,1,0,0.0,0.0,0,0,0.02,low,0
STU-2026-0120,-0.4825,-2.4662,1.0,1.83,6,3,0.3804,0.4158,3,0,0.9707,high,1
STU-2026-0121,0.0647,0.2796,4.19,4.12,2,0,0.0,0.0,0,0,0.02,low,0
STU-2026-0122,0.1243,0.4233,4.46,4.43,0,0,0.0,0.0,0,0,0.0299,low,0
STU-2026-0123,0.0213,0.0233,3.35,3.64,0,0,0.0,0.0,0,0,0.02,low,0
STU-2026-0124,0.0287,0.6946,4.92,4.8,0,0,0.0,0.0,0,0,0.02,low,0
STU-2026-0125,0.0282,0.0166,4.43,4.35,0,0,0.0,0.0,0,0,0.02,low,0
STU-2026-0126,0.0207,0.2874,4.62,4.4,0,0,0.0,0.0,0,0,0.02,low,0
STU-2026-0127,-0.0761,0.3195,4.08,4.12,1,1,0.0,0.0,0,0,0.02,low,0
STU-2026-0128,-0.591,-2.4336,1.13,1.19,9,5,0.4379,0.4463,3,2,0.98,high,1
STU-2026-0129,0.0361,-0.0775,4.18,4.63,1,0,0.0,0.0,0,0,0.0388,low,0
STU-2026-0130,-0.1126,-0.6362,3.34,3.12,7,2,0.2236,0.2442,1,0,0.5963,medium,0
STU-2026-0131,0.0135,0.1836,4.48,4.45,1,0,0.0,0.0,0,0,0.02,low,0
STU-2026-0132,-0.0678,-0.0172,4.96,4.64,0,0,0.0,0.0,0,0,0.0323,low,0
STU-2026-0133,0.0028,0.035,4.28,4.05,1,0,0.0,0.0,0,0,0.0598,low,0
STU-2026-0134,-0.0097,0.2934,4.95,4.65,0,0,0.0,0.0,0,0,0.02,low,0
STU-2026-0135,0.0178,0.3619,4.11,4.01,0,1,0.0,0.0,0,0,0.02,low,0
STU-2026-0136,0.004,-0.0611,4.19,4.06,3,0,0.0,0.0,0,0,0.0895,low,0
STU-2026-0137,-0.1329,-1.4553,3.16,2.78,2,1,0.2278,0.1897,0,0,0.652,high,1
STU-2026-0138,0.0446,0.1455,4.27,4.15,0,0,0.0,0.0,0,0,0.02,low,0
STU-2026-0139,0.0331,0.3373,3.94,4.2,3,0,0.0,0.0,0,0,0.0325,low,0
STU-2026-0140,0.0384,0.3653,3.96,4.36,0,1,0.0,0.0,0,0,0.02,low,0
STU-2026-0141,0.0728,0.3594,3.72,3.44,0,1,0.0,0.0,0,0,0.02,low,0
STU-2026-0142,-0.2601,-0.9552,3.47,3.11,6,2,0.1895,0.2808,2,0,0.6367,medium,0
STU-2026-0143,0.0102,0.2845,3.79,3.69,1,0,0.0,0.0,0,0,0.02,low,0
STU-2026-0144,-0.0387,0.3227,4.4,3.61,0,1,0.0,0.0,0,0,0.02,low,0
STU-2026-0145,0.0589,-0.0709,4.6,4.49,1,0,0.0,0.0,0,0,0.02,low,0
STU-2026-0146,-0.5425,-2.5915,1.25,1.45,8,8,0.4247,0.5251,3,1,0.98,high,1
STU-2026-0147,0.0733,-0.01,3.61,3.65,0,0,0.0,0.0,0,0,0.02,low,0
STU-2026-0148,0.0124,0.5703,4.05,4.39,3,0,0.0,0.0,0,0,0.0311,low,0
STU-2026-0149,-0.0007,-0.18,4.75,4.95,0,0,0.0,0.0,0,0,0.02,low,0
STU-2026-0150,0.0366,-0.1097,4.37,4.62,0,0,0.0,0.0,0,0,0.02,low,0
STU-2026-0151,0.1249,0.4047,3.67,3.82,0,1,0.0,0.0,0,0,0.055,low,0
STU-2026-0152,0.0549,0.3339,3.89,4.01,0,2,0.0,0.0,0,0,0.0264,low,0
STU-2026-0153,-0.1171,-1.1306,2.83,3.13,3,2,0.2179,0.2069,1,1,0.5777,medium,0
STU-2026-0154,0.0233,0.1398,4.35,4.41,2,0,0.0,0.0,0,0,0.02,low,0
STU-2026-0155,0.0207,0.4829,3.77,3.84,0,0,0.0,0.0,0,0,0.02,low,0
STU-2026-0156,-0.1153,-1.0761,2.71,3.31,7,0,0.2089,0.3356,0,0,0.6855,high,1
STU-2026-0157,-0.1003,-0.9861,3.12,3.41,3,3,0.1942,0.2397,1,0,0.6518,high,1
STU-2026-0158,-0.0432,0.1672,4.25,3.55,0,1,0.0,0.0,0,0,0.02,low,0
STU-2026-0159,0.0085,0.0168,4.13,4.4,1,0,0.0,0.0,0,0,0.02,low,0
STU-2026-0160,-0.146,-0.8487,2.96,2.86,7,1,0.279,0.243,2,1,0.572,medium,0
STU-2026-0161,0.0545,0.0052,4.4,4.36,0,1,0.0,0.0,0,1,0.02,low,0
STU-2026-0162,0.0876,-0.2306,4.15,4.08,0,0,0.0,0.0,1,0,0.0417,low,0
STU-2026-0163,-0.035,-0.1404,4.65,4.49,0,0,0.0,0.0,0,0,0.02,low,0
STU-2026-0164,-0.0374,0.1916,4.62,4.39,1,0,0.0,0.0,0,0,0.0311,low,0
STU-2026-0165,-0.2225,-1.1792,2.91,2.78,3,2,0.2619,0.2029,2,0,0.673,high,1
STU-2026-0166,-0.1996,-0.7545,2.88,2.89,3,2,0.211,0.2731,2,0,0.6103,medium,0
STU-2026-0167,0.0495,-0.0388,5.0,5.0,0,0,0.0,0.0,0,0,0.021,low,0
STU-2026-0168,0.039,0.4579,3.77,3.63,0,0,0.0,0.0,0,0,0.02,low,0
STU-2026-0169,0.0077,0.1239,3.79,3.91,0,0,0.0,0.0,0,0,0.02,low,0
STU-2026-0170,-0.0147,0.6393,4.29,4.25,1,0,0.0,0.0,0,0,0.02,low,0
STU-2026-0171,0.1338,0.468,3.92,3.82,1,0,0.0,0.0,0,0,0.02,low,0
STU-2026-0172,0.005,0.2097,3.71,3.46,0,0,0.0,0.0,0,0,0.0306,low,0
STU-2026-0173,0.0919,0.2408,4.21,4.46,0,0,0.0,0.0,0,0,0.0655,low,0
STU-2026-0174,0.0222,0.1881,4.79,4.54,0,0,0.0,0.0,0,0,0.02,low,0
STU-2026-0175,-0.0429,-0.0305,4.86,4.28,1,0,0.0,0.0,0,0,0.02,low,0
STU-2026-0176,0.0379,-0.0351,3.58,3.71,0,0,0.0,0.0,0,0,0.02,low,0
STU-2026-0177,0.0349,0.2381,3.6,3.6,0,0,0.0,0.0,0,0,0.02,low,0
STU-2026-0178,-0.0118,0.0692,4.54,4.35,0,0,0.0,0.0,1,0,0.02,low,0
STU-2026-0179,0.0182,0.1519,4.7,4.92,0,1,0.0,0.0,0,0,0.0229,low,0
STU-2026-0180,-0.0938,0.5265,4.41,4.89,0,0,0.0,0.0,0,0,0.0478,low,0
STU-2026-0181,0.0245,0.1079,3.27,3.33,2,0,0.0,0.0,1,0,0.0561,low,0
STU-2026-0182,0.0492,0.1837,4.15,4.02,0,1,0.0,0.0,0,0,0.0371,low,0
STU-2026-0183,0.0804,0.4447,3.4,3.33,0,0,0.0,0.0,0,0,0.02,low,0
STU-2026-0184,-0.0274,-0.0838,4.7,4.08,0,1,0.0,0.0,0,0,0.02,low,0
STU-2026-0185,-0.2211,-0.5188,2.78,3.12,3,1,0.2085,0.2809,0,0,0.5889,medium,0
STU-2026-0186,-0.6051,-2.5281,1.82,1.8,10,3,0.3685,0.4647,3,1,0.98,high,1
STU-2026-0187,0.0464,0.2149,4.59,4.29,2,0,0.0,0.0,0,0,0.0613,low,0
STU-2026-0188,-0.1708,-1.193,3.18,2.57,1,3,0.1648,0.2497,0,0,0.5591,medium,0
STU-2026-0189,-0.0382,0.5315,4.6,4.07,0,0,0.0,0.0,0,0,0.02,low,0
STU-2026-0190,0.0941,0.3675,4.35,4.13,0,0,0.0,0.0,0,0,0.02,low,0
STU-2026-0191,0.0359,0.3735,3.9,4.0,0,0,0.0,0.0,0,0,0.02,low,0
STU-2026-0192,-0.0082,0.2097,4.07,4.45,0,0,0.0,0.0,0,0,0.02,low,0
STU-2026-0193,0.0359,-0.035,4.23,4.16,0,0,0.0,0.0,0,0,0.02,low,0
STU-2026-0194,0.0738,0.1714,4.58,4.13,0,0,0.0,0.0,0,0,0.0223,low,0
STU-2026-0195,0.0354,-0.2428,4.77,4.96,1,0,0.0,0.0,0,0,0.0447,low,0
STU-2026-0196,-0.1707,-1.1218,3.41,3.5,2,1,0.2335,0.2111,0,0,0.61,medium,0
STU-2026-0197,-0.0147,0.491,3.84,3.92,1,0,0.0,0.0,0,0,0.02,low,0
STU-2026-0198,-0.0218,-0.145,3.95,3.57,1,1,0.0,0.0,0,0,0.0552,low,0
STU-2026-0199,-0.0366,0.2401,4.63,4.35,1,0,0.0,0.0,0,0,0.02,low,0
STU-2026-0200,0.0779,0.2362,4.95,4.89,0,0,0.0,0.0,0,0,0.02,low,0
STU-2026-0201,0.009,0.4182,3.77,4.34,1,1,0.0,0.0,0,0,0.02,low,0
STU-2026-0202,0.0079,0.2843,4.35,4.4,0,0,0.0,0.0,0,0,0.0313,low,0
STU-2026-0203,0.0046,0.5705,4.01,3.96,0,0,0.0,0.0,0,0,0.02,low,0
STU-2026-0204,0.0695,0.4233,4.41,4.41,0,0,0.0,0.0,0,0,0.02,low,0
STU-2026-0205,0.0017,0.4159,4.79,4.63,0,0,0.0,0.0,0,0,0.0283,low,0
STU-2026-0206,-0.1569,-1.3494,3.42,3.59,4,4,0.2145,0.1844,0,1,0.6113,medium,0
STU-2026-0207,0.0647,0.0992,4.09,4.49,1,0,0.0,0.0,0,0,0.02,low,0
STU-2026-0208,0.0465,0.5388,4.69,4.77,0,1,0.0,0.0,0,0,0.0239,low,0
STU-2026-0209,0.0317,0.242,3.85,3.63,0,1,0.0,0.0,0,0,0.0485,low,0
STU-2026-0210,-0.3064,-2.6184,1.47,1.77,5,5,0.4594,0.4786,1,1,0.98,high,1
STU-2026-0211,-0.0215,0.5268,5.0,5.0,1,0,0.0,0.0,0,0,0.0241,low,0
STU-2026-0212,0.0366,0.2653,4.63,4.09,0,0,0.0,0.0,0,0,0.0667,low,0
STU-2026-0213,-0.1475,-0.6111,2.76,2.96,3,1,0.1888,0.25,1,0,0.5826,medium,0
STU-2026-0214,-0.0636,0.024,3.88,4.42,1,0,0.0,0.0,0,0,0.0421,low,0
STU-2026-0215,0.1202,0.3442,3.74,3.99,0,0,0.0,0.0,0,0,0.0858,low,0
STU-2026-0216,0.0298,0.1143,4.6,4.6,1,1,0.0,0.0,0,0,0.0304,low,0
STU-2026-0217,-0.0209,0.0482,4.33,4.08,0,2,0.0,0.0,0,0,0.0304,low,0
STU-2026-0218,0.0654,-0.1949,4.04,4.06,2,1,0.0,0.0,0,0,0.02,low,0
STU-2026-0219,-0.0134,0.3991,4.09,4.41,0,0,0.0,0.0,0,0,0.02,low,0
STU-2026-0220,0.0983,0.0528,4.79,4.57,0,0,0.0,0.0,0,0,0.02,low,0
STU-2026-0221,-0.3374,-2.9736,1.18,1.74,9,6,0.4364,0.5971,1,2,0.98,high,1
STU-2026-0222,0.0642,-0.0174,3.5,3.65,0,0,0.0,0.0,0,0,0.02,low,0
STU-2026-0223,-0.1145,-0.9709,2.83,3.12,3,1,0.181,0.2494,0,0,0.5331,medium,0
STU-2026-0224,-0.2084,-0.8666,3.11,2.79,2,0,0.1733,0.2508,0,0,0.5949,medium,0
STU-2026-0225,-0.0195,0.6424,4.41,4.38,0,0,0.0,0.0,0,0,0.02,low,0
STU-2026-0226,0.0458,0.005,4.39,4.69,2,0,0.0,0.0,0,0,0.0359,low,0
STU-2026-0227,0.0405,-0.062,4.17,3.77,0,0,0.0,0.0,0,0,0.0459,low,0
STU-2026-0228,-0.0814,0.0325,4.4,4.3,0,0,0.0,0.0,0,1,0.0389,low,0
STU-2026-0229,-0.0562,0.2326,4.5,5.0,0,0,0.0,0.0,0,0,0.02,low,0
STU-2026-0230,-0.4447,-2.6672,1.09,1.16,14,6,0.3903,0.4763,1,0,0.98,high,1
STU-2026-0231,-0.121,-0.8689,2.66,2.61,2,0,0.152,0.2503,0,0,0.5053,medium,0
STU-2026-0232,0.0077,0.3196,3.47,4.43,0,0,0.0,0.0,0,0,0.02,low,0
STU-2026-0233,-0.0699,-0.031,4.32,4.45,1,0,0.0,0.0,0,0,0.02,low,0
STU-2026-0234,-0.1232,-0.8152,2.48,2.95,1,1,0.1823,0.227,1,0,0.5314,medium,0
STU-2026-0235,0.1559,-0.2419,4.56,4.24,2,0,0.0,0.0,0,0,0.0359,low,0
STU-2026-0236,-0.0464,-0.1698,4.22,4.27,0,1,0.0,0.0,0,0,0.0236,low,0
STU-2026-0237,0.0108,0.2708,4.03,4.33,1,0,0.0,0.0,0,0,0.02,low,0
STU-2026-0238,-0.185,-1.0773,3.06,2.95,1,0,0.2717,0.2595,0,0,0.608,medium,0
STU-2026-0239,-0.008,-0.2781,4.8,4.26,1,0,0.0,0.0,0,0,0.02,low,0
STU-2026-0240,-0.0493,0.4042,3.06,3.29,0,0,0.0,0.0,0,0,0.02,low,0
STU-2026-0241,0.0109,0.0923,4.21,4.13,0,0,0.0,0.0,0,0,0.02,low,0
STU-2026-0242,0.1114,0.0095,3.98,3.47,1,0,0.0,0.0,0,0,0.0294,low,0
STU-2026-0243,-0.1479,-0.8401,2.49,2.25,7,1,0.206,0.2754,0,0,0.6304,medium,0
STU-2026-0244,-0.0274,0.1392,3.69,4.0,2,0,0.0,0.0,0,0,0.02,low,0
STU-2026-0245,-0.4341,-2.3078,1.61,1.44,8,3,0.3705,0.4449,4,2,0.98,high,1
STU-2026-0246,-0.3882,-3.0958,1.0,1.06,5,3,0.4567,0.4821,3,0,0.98,high,1
STU-2026-0247,-0.0112,-0.0416,4.07,3.94,0,1,0.0,0.0,0,0,0.02,low,0
STU-2026-0248,-0.1253,-1.4703,2.03,2.32,3,1,0.2383,0.2044,0,0,0.6529,high,1
STU-2026-0249,-0.6659,-2.9902,1.42,1.41,7,3,0.4307,0.5158,4,0,0.98,high,1
STU-2026-0250,0.0308,0.4438,3.6,4.16,1,0,0.0,0.0,0,0,0.0264,low,0
STU-2026-0251,-0.3483,-2.9346,1.07,1.5,11,1,0.3764,0.4664,4,1,0.98,high,1
STU-2026-0252,-0.0468,-0.0414,4.62,4.29,0,0,0.0,0.0,0,0,0.0568,low,0
STU-2026-0253,-0.4341,-2.3212,1.0,1.77,11,5,0.4338,0.5617,1,0,0.98,high,1
STU-2026-0254,0.0934,0.0228,3.92,3.9,0,0,0.0,0.0,0,0,0.02,low,0
STU-2026-0255,0.0236,0.241,4.48,4.38,1,1,0.0,0.0,0,0,0.02,low,0
STU-2026-0256,-0.0113,0.524,3.94,4.13,0,0,0.0,0.0,0,0,0.02,low,0
STU-2026-0257,-0.0091,-0.1632,4.24,3.67,1,0,0.0,0.0,0,0,0.02,low,0
STU-2026-0258,-0.2351,-0.9198,1.93,2.62,4,0,0.1816,0.2824,0,0,0.5802,medium,0
STU-2026-0259,0.0573,-0.0198,4.47,4.32,1,0,0.0,0.0,0,0,0.0256,low,0
STU-2026-0260,0.0396,0.4928,4.49,4.72,0,1,0.0,0.0,0,0,0.02,low,0
STU-2026-0261,0.0251,0.1671,4.03,3.95,1,0,0.0,0.0,0,0,0.0276,low,0
STU-2026-0262,-0.1781,-0.967,2.63,3.19,6,3,0.2001,0.2852,1,0,0.5887,medium,0
STU-2026-0263,-0.4398,-2.3671,1.0,1.17,4,4,0.3581,0.5659,2,0,0.9525,high,1
STU-2026-0264,0.0661,0.0725,4.17,4.14,0,0,0.0,0.0,0,0,0.02,low,0
STU-2026-0265,0.0921,0.4032,4.45,4.15,0,0,0.0,0.0,1,0,0.02,low,0
STU-2026-0266,0.0646,0.3,3.97,3.96,0,0,0.0,0.0,0,0,0.02,low,0
STU-2026-0267,-0.0541,0.4527,4.26,4.74,0,0,0.0,0.0,0,0,0.02,low,0
STU-2026-0268,-0.1874,-1.6256,2.86,2.59,5,1,0.2029,0.2484,1,1,0.6363,medium,0
STU-2026-0269,-0.0995,-0.0264,3.78,3.55,0,0,0.0,0.0,0,0,0.0237,low,0
STU-2026-0270,-0.0901,0.2447,5.0,4.38,0,0,0.0,0.0,0,0,0.02,low,0
STU-2026-0271,0.0868,0.342,5.0,4.97,1,1,0.0,0.0,0,0,0.02,low,0
STU-2026-0272,-0.1325,-1.0314,2.71,2.52,3,2,0.1739,0.2724,0,0,0.5499,medium,0
STU-2026-0273,0.0422,0.2007,4.56,4.81,0,0,0.0,0.0,0,0,0.0241,low,0
STU-2026-0274,-0.0326,0.307,4.15,4.59,0,0,0.0,0.0,0,0,0.0976,low,0
STU-2026-0275,-0.1433,-0.9804,3.42,3.26,2,2,0.1628,0.2242,0,1,0.6136,medium,0
STU-2026-0276,-0.1414,-0.7678,2.25,2.51,5,2,0.2484,0.269,0,0,0.5722,medium,0
STU-2026-0277,-0.0408,0.3037,4.25,4.49,1,1,0.0,0.0,0,0,0.02,low,0
STU-2026-0278,0.0478,0.2433,3.83,3.98,0,0,0.0,0.0,0,0,0.02,low,0
STU-2026-0279,-0.4679,-2.6543,1.39,1.28,5,5,0.4424,0.4142,3,0,0.98,high,1
STU-2026-0280,-0.0109,0.0146,4.13,3.92,0,0,0.0,0.0,0,0,0.02,low,0
STU-2026-0281,0.0652,0.2943,4.14,4.31,0,0,0.0,0.0,0,0,0.02,low,0
STU-2026-0282,0.1367,0.1976,4.18,4.44,0,0,0.0,0.0,0,0,0.0284,low,0
STU-2026-0283,-0.0889,-0.6441,2.81,3.21,2,2,0.2006,0.2611,1,0,0.5308,medium,0
STU-2026-0284,-0.1371,-1.0467,2.37,2.33,2,1,0.2428,0.2337,1,0,0.6083,medium,0
STU-2026-0285,-0.491,-2.6893,1.0,1.19,9,7,0.4186,0.53,3,0,0.98,high,1
STU-2026-0286,0.0265,0.3279,4.85,5.0,1,0,0.0,0.0,0,0,0.0389,low,0
STU-2026-0287,0.104,-0.086,4.03,4.15,1,0,0.0,0.0,0,0,0.02,low,0
STU-2026-0288,-0.5933,-2.7414,1.0,1.51,8,5,0.3744,0.4317,1,0,0.9796,high,1
STU-2026-0289,-0.0016,-0.0982,3.76,3.87,3,0,0.0,0.0,0,0,0.02,low,0
STU-2026-0290,0.0432,0.2116,4.07,4.07,0,1,0.0,0.0,0,0,0.02,low,0
STU-2026-0291,-0.1318,-1.0399,2.63,2.88,5,3,0.1523,0.2897,0,0,0.5879,medium,0
STU-2026-0292,-0.5801,-2.5417,1.0,1.0,11,3,0.4213,0.501,3,1,0.98,high,1
STU-2026-0293,-0.169,-0.6402,3.4,3.29,4,1,0.2635,0.2293,0,0,0.6036,medium,0
STU-2026-0294,-0.0164,0.6031,3.87,4.09,0,0,0.0,0.0,0,0,0.0272,low,0
STU-2026-0295,-0.0376,0.0182,4.28,4.72,1,1,0.0,0.0,0,0,0.02,low,0
STU-2026-0296,-0.0121,0.1472,4.16,4.46,0,0,0.0,0.0,0,0,0.02,low,0
STU-2026-0297,0.0533,-0.042,3.74,3.67,2,0,0.0,0.0,0,1,0.067,low,0
STU-2026-0298,-0.0062,0.4799,3.88,3.81,2,0,0.0,0.0,0,0,0.0376,low,0
STU-2026-0299,-0.0238,0.3289,3.53,3.7,0,0,0.0,0.0,0,0,0.02,low,0
STU-2026-0300,-0.6957,-2.4364,1.3,1.31,8,6,0.3498,0.5004,2,1,0.98,high,1
STU-2026-0301,-0.0401,0.1291,4.87,5.0,0,0,0.0,0.0,0,1,0.02,low,0
STU-2026-0302,-0.0641,-0.7146,3.32,3.22,6,2,0.2012,0.2561,1,0,0.6167,medium,0
STU-2026-0303,-0.2422,-0.8375,2.87,2.61,6,2,0.2141,0.273,0,0,0.662,high,1
STU-2026-0304,-0.0105,-0.0095,4.09,4.05,1,1,0.0,0.0,0,0,0.0512,low,0
STU-2026-0305,-0.6199,-2.5769,1.0,1.56,9,4,0.353,0.4546,3,0,0.98,high,1
STU-2026-0306,-0.54,-2.6909,1.02,1.42,14,3,0.4381,0.5146,4,1,0.98,high,1
STU-2026-0307,-0.0238,-0.0565,3.53,3.95,0,1,0.0,0.0,0,0,0.02,low,0
STU-2026-0308,-0.0274,0.4151,4.82,5.0,2,0,0.0,0.0,0,0,0.0447,low,0
STU-2026-0309,-0.1811,-1.6233,3.2,3.01,4,2,0.2115,0.2547,2,0,0.6378,medium,0
STU-2026-0310,-0.6513,-1.936,1.0,1.4,6,2,0.4103,0.478,2,0,0.98,high,1
STU-2026-0311,0.0711,0.2012,4.32,4.31,2,0,0.0,0.0,0,0,0.0239,low,0
STU-2026-0312,0.1615,-0.0979,4.49,4.59,1,0,0.0,0.0,0,0,0.0732,low,0
STU-2026-0313,-0.0625,0.1272,4.65,4.08,1,1,0.0,0.0,0,0,0.0603,low,0
STU-2026-0314,0.0614,0.167,5.0,5.0,0,0,0.0,0.0,0,0,0.0225,low,0
STU-2026-0315,-0.0496,0.2197,4.42,4.51,0,0,0.0,0.0,0,0,0.02,low,0
STU-2026-0316,-0.3195,-2.4407,1.2,1.59,8,7,0.4238,0.4477,1,2,0.98,high,1
STU-2026-0317,-0.0561,0.3708,4.57,4.68,0,0,0.0,0.0,0,0,0.0201,low,0
STU-2026-0318,0.0811,0.0657,4.36,4.17,2,0,0.0,0.0,0,0,0.02,low,0
STU-2026-0319,-0.1841,-0.5602,2.22,2.41,4,0,0.2494,0.2934,0,0,0.5749,medium,0
STU-2026-0320,-0.3399,-2.8426,1.47,1.23,5,3,0.3201,0.5669,1,0,0.971,high,1
STU-2026-0321,0.0171,0.0317,4.04,3.42,0,0,0.0,0.0,0,0,0.02,low,0
STU-2026-0322,0.0518,0.63,4.01,4.25,0,0,0.0,0.0,0,0,0.02,low,0
STU-2026-0323,-0.0551,0.1131,5.0,4.75,0,0,0.0,0.0,0,0,0.02,low,0
STU-2026-0324,-0.0206,0.2337,4.27,3.89,2,0,0.0,0.0,0,0,0.02,low,0
STU-2026-0325,-0.022,0.5095,4.48,4.27,1,0,0.0,0.0,0,0,0.02,low,0
STU-2026-0326,0.0123,0.7351,4.1,4.09,1,0,0.0,0.0,0,0,0.02,low,0
STU-2026-0327,-0.0546,0.2634,4.86,4.49,0,0,0.0,0.0,0,0,0.02,low,0
STU-2026-0328,0.0345,0.1602,3.69,3.7,0,0,0.0,0.0,0,0,0.02,low,0
STU-2026-0329,-0.0062,0.0001,4.27,4.42,0,0,0.0,0.0,0,0,0.02,low,0
STU-2026-0330,-0.0517,0.5789,4.86,5.0,0,0,0.0,0.0,0,0,0.02,low,0
STU-2026-0331,0.0824,-0.0185,4.03,4.25,2,0,0.0,0.0,0,1,0.0459,low,0
STU-2026-0332,0.0294,0.0623,4.35,4.01,0,0,0.0,0.0,0,0,0.02,low,0
STU-2026-0333,-0.2257,-0.7952,3.2,3.08,2,1,0.2466,0.229,0,0,0.5962,medium,0
STU-2026-0334,-0.0499,0.2308,5.0,4.82,0,0,0.0,0.0,0,0,0.0374,low,0
STU-2026-0335,0.0126,0.4684,4.72,4.82,0,0,0.0,0.0,0,0,0.02,low,0
STU-2026-0336,-0.0494,0.2163,3.96,4.13,0,0,0.0,0.0,0,0,0.02,low,0
STU-2026-0337,-0.0038,-0.1991,4.49,4.41,0,0,0.0,0.0,0,0,0.02,low,0
STU-2026-0338,0.0891,0.0735,4.59,4.54,0,0,0.0,0.0,0,0,0.02,low,0
STU-2026-0339,-0.1748,-0.9718,3.12,3.34,5,1,0.2104,0.2722,0,0,0.6303,medium,0
STU-2026-0340,-0.1605,-1.1478,3.05,2.93,5,2,0.2428,0.2418,0,1,0.7127,high,1
STU-2026-0341,-0.2607,-1.1356,2.5,2.83,4,2,0.2294,0.2563,0,0,0.5711,medium,0
STU-2026-0342,-0.0249,0.5187,4.53,4.12,0,0,0.0,0.0,0,0,0.02,low,0
STU-2026-0343,-0.6082,-2.5862,1.59,1.67,6,4,0.3737,0.461,2,0,0.98,high,1
STU-2026-0344,-0.013,0.183,3.96,3.71,1,1,0.0,0.0,0,0,0.02,low,0
STU-2026-0345,0.0101,0.3561,4.76,4.84,1,0,0.0,0.0,0,0,0.02,low,0
STU-2026-0346,0.101,0.3022,4.28,4.63,0,0,0.0,0.0,0,0,0.02,low,0
STU-2026-0347,0.0532,0.7689,4.0,3.94,0,0,0.0,0.0,0,0,0.02,low,0
STU-2026-0348,0.0245,0.2878,4.38,4.18,0,0,0.0,0.0,0,0,0.02,low,0
STU-2026-0349,-0.015,0.4034,3.81,3.82,1,0,0.0,0.0,0,0,0.02,low,0
STU-2026-0350,-0.088,-1.1103,2.45,2.96,2,0,0.2797,0.259,0,0,0.6675,high,1
STU-2026-0351,-0.046,0.2498,4.99,4.72,0,0,0.0,0.0,0,0,0.0588,low,0
STU-2026-0352,0.0808,0.3792,4.57,4.33,0,0,0.0,0.0,0,0,0.0627,low,0
STU-2026-0353,0.1028,0.1968,4.2,4.03,0,1,0.0,0.0,0,0,0.02,low,0
STU-2026-0354,0.0562,0.2702,5.0,5.0,1,0,0.0,0.0,0,0,0.02,low,0
STU-2026-0355,-0.2054,-2.2262,1.0,1.5,9,4,0.3924,0.4971,2,2,0.98,high,1
STU-2026-0356,0.053,0.1641,4.68,4.51,1,0,0.0,0.0,0,0,0.0602,low,0
STU-2026-0357,0.1457,0.2326,4.52,3.97,0,1,0.0,0.0,0,0,0.02,low,0
STU-2026-0358,0.1032,0.5066,3.64,3.33,0,0,0.0,0.0,0,0,0.021,low,0
STU-2026-0359,-0.0827,0.4879,3.82,3.78,1,0,0.0,0.0,0,0,0.0774,low,0
STU-2026-0360,0.0171,0.0356,4.44,3.95,0,0,0.0,0.0,0,0,0.0351,low,0
STU-2026-0361,0.0285,0.0636,4.88,4.76,0,0,0.0,0.0,0,0,0.02,low,0
STU-2026-0362,0.0113,0.0882,3.73,3.19,0,0,0.0,0.0,0,0,0.02,low,0
STU-2026-0363,-0.1361,-0.3092,2.73,2.56,7,2,0.189,0.2437,0,0,0.6008,medium,0
STU-2026-0364,-0.1522,-0.9871,2.8,3.14,2,0,0.2202,0.2977,0,0,0.6224,medium,0
STU-2026-0365,-0.0023,-0.16,4.38,4.34,0,0,0.0,0.0,0,1,0.02,low,0
STU-2026-0366,0.0347,0.5307,5.0,4.93,0,0,0.0,0.0,0,0,0.02,low,0
STU-2026-0367,0.0386,0.0061,3.65,4.21,0,0,0.0,0.0,0,0,0.02,low,0
STU-2026-0368,-0.1117,-1.2561,2.38,2.19,2,2,0.2222,0.2512,1,1,0.6022,medium,0
STU-2026-0369,-0.0337,-0.0225,3.64,3.94,2,0,0.0,0.0,1,1,0.02,low,0
STU-2026-0370,-0.0281,0.552,3.66,3.64,0,1,0.0,0.0,0,0,0.02,low,0
STU-2026-0371,-0.2359,-0.8594,2.82,2.59,3,1,0.2167,0.2513,0,0,0.5216,medium,0
STU-2026-0372,0.1415,0.2313,4.33,4.48,2,0,0.0,0.0,0,0,0.02,low,0
STU-2026-0373,-0.0285,0.0093,3.55,4.1,1,0,0.0,0.0,0,0,0.02,low,0
STU-2026-0374,-0.0061,0.2243,5.0,4.75,1,0,0.0,0.0,0,0,0.02,low,0
STU-2026-0375,0.0423,0.7474,4.18,4.04,1,0,0.0,0.0,0,0,0.02,low,0
STU-2026-0376,0.0275,-0.3042,4.36,4.21,0,0,0.0,0.0,0,0,0.02,low,0
STU-2026-0377,-0.4614,-2.1977,1.66,1.76,12,4,0.4491,0.4514,1,1,0.98,high,1
STU-2026-0378,-0.7033,-2.749,1.35,1.0,13,1,0.3806,0.5189,2,0,0.98,high,1
STU-2026-0379,0.0276,0.5255,3.01,3.44,1,0,0.0,0.0,0,0,0.02,low,0
STU-2026-0380,-0.099,0.3148,4.31,4.38,1,0,0.0,0.0,0,0,0.02,low,0
STU-2026-0381,-0.0129,0.0959,4.31,4.08,0,0,0.0,0.0,0,0,0.02,low,0
STU-2026-0382,-0.0393,0.1391,4.17,4.29,0,0,0.0,0.0,0,0,0.02,low,0
STU-2026-0383,0.0415,0.31,4.38,4.51,2,0,0.0,0.0,0,0,0.02,low,0
STU-2026-0384,0.0712,-0.2692,4.19,4.36,0,2,0.0,0.0,0,0,0.02,low,0
STU-2026-0385,-0.014,0.2324,4.45,3.53,1,0,0.0,0.0,0,0,0.02,low,0
STU-2026-0386,-0.5422,-2.4498,1.0,1.0,9,4,0.4418,0.5043,1,0,0.98,high,1
STU-2026-0387,-0.5289,-2.9088,1.0,1.17,6,2,0.4067,0.4834,4,0,0.98,high,1
STU-2026-0388,-0.0578,0.3457,4.33,3.85,0,0,0.0,0.0,0,0,0.0426,low,0
STU-2026-0389,0.0527,-0.2994,4.09,3.89,0,0,0.0,0.0,0,0,0.02,low,0
STU-2026-0390,-0.1456,-0.9472,2.63,2.38,6,2,0.1534,0.2601,1,0,0.6353,medium,0
STU-2026-0391,-0.0456,0.2571,4.21,3.88,0,0,0.0,0.0,0,0,0.0577,low,0
STU-2026-0392,0.0555,0.2129,4.07,4.45,0,0,0.0,0.0,0,0,0.02,low,0
STU-2026-0393,-0.2958,-1.0288,1.9,1.83,4,1,0.2377,0.2716,1,0,0.6034,medium,0
STU-2026-0394,-0.0323,0.4617,4.08,4.71,0,0,0.0,0.0,0,0,0.02,low,0
STU-2026-0395,-0.0158,-0.2995,4.08,4.17,0,0,0.0,0.0,0,0,0.0229,low,0
STU-2026-0396,0.0032,0.0013,4.58,4.16,0,0,0.0,0.0,0,0,0.0765,low,0
STU-2026-0397,-0.3379,-2.4806,1.0,1.0,4,5,0.4252,0.4964,1,2,0.9701,high,1
STU-2026-0398,-0.0022,-0.1747,4.27,3.85,0,0,0.0,0.0,0,0,0.025,low,0
STU-2026-0399,-0.0048,0.5964,4.19,4.28,1,0,0.0,0.0,0,0,0.02,low,0
STU-2026-0400,-0.016,0.67,4.87,4.48,0,1,0.0,0.0,0,0,0.0305,low,0
STU-2026-0401,0.0748,0.032,3.54,3.64,0,0,0.0,0.0,0,0,0.02,low,0
STU-2026-0402,0.0681,0.2216,4.57,4.67,1,0,0.0,0.0,0,0,0.0444,low,0
STU-2026-0403,0.0114,0.0412,4.37,4.33,0,1,0.0,0.0,0,0,0.02,low,0
STU-2026-0404,0.0042,0.2032,4.08,4.39,0,0,0.0,0.0,0,0,0.0302,low,0
STU-2026-0405,0.0033,0.0739,3.81,3.92,0,0,0.0,0.0,0,0,0.02,low,0
STU-2026-0406,-0.0255,0.3404,4.32,4.37,3,0,0.0,0.0,0,0,0.0419,low,0
STU-2026-0407,-0.2703,-0.9922,3.16,2.82,6,1,0.2367,0.2334,1,0,0.5986,medium,0
STU-2026-0408,0.1085,0.5035,3.93,4.07,0,0,0.0,0.0,0,0,0.02,low,0
STU-2026-0409,0.0187,-0.0016,4.09,3.88,1,0,0.0,0.0,1,0,0.0222,low,0
STU-2026-0410,-0.1156,-0.9921,2.24,2.45,2,0,0.2616,0.2396,0,0,0.5399,medium,0
STU-2026-0411,-0.0431,0.4124,4.06,3.88,0,0,0.0,0.0,0,0,0.02,low,0
STU-2026-0412,-0.0872,-1.08,3.08,2.83,6,2,0.2738,0.3052,0,1,0.6422,medium,0
STU-2026-0413,0.0224,0.2133,4.26,4.64,0,0,0.0,0.0,0,0,0.02,low,0
STU-2026-0414,0.021,0.0972,4.56,4.69,2,0,0.0,0.0,0,0,0.0328,low,0
STU-2026-0415,0.0835,-0.0079,4.18,4.16,1,0,0.0,0.0,0,0,0.0393,low,0
STU-2026-0416,-0.1333,-0.9656,3.08,3.5,5,4,0.212,0.2224,0,0,0.6182,medium,0
STU-2026-0417,0.0623,-0.1045,4.74,4.74,0,0,0.0,0.0,0,0,0.02,low,0
STU-2026-0418,0.0302,0.0811,4.54,4.42,1,0,0.0,0.0,0,0,0.0418,low,0
STU-2026-0419,0.0506,-0.0119,4.37,4.59,0,0,0.0,0.0,0,0,0.0337,low,0
STU-2026-0420,0.0975,0.1768,4.12,3.54,0,0,0.0,0.0,0,0,0.0462,low,0
STU-2026-0421,0.121,0.3939,4.61,4.57,0,0,0.0,0.0,0,0,0.02,low,0
STU-2026-0422,-0.0072,-0.1225,3.6,3.93,0,0,0.0,0.0,0,0,0.02,low,0
STU-2026-0423,-0.007,0.0315,4.54,4.25,0,0,0.0,0.0,0,0,0.02,low,0
STU-2026-0424,-0.2248,-0.8989,2.71,2.66,3,1,0.1882,0.2183,1,0,0.6113,medium,0
STU-2026-0425,-0.03,-0.011,4.2,4.2,1,1,0.0,0.0,0,0,0.02,low,0
STU-2026-0426,-0.076,-0.319,3.79,3.91,0,0,0.0,0.0,0,0,0.0342,low,0
STU-2026-0427,-0.1274,-0.7614,2.9,3.08,2,0,0.1909,0.2518,0,0,0.5098,medium,0
STU-2026-0428,0.0491,0.3381,3.33,3.8,0,0,0.0,0.0,0,0,0.02,low,0
STU-2026-0429,0.0666,0.3782,4.17,4.12,1,0,0.0,0.0,0,0,0.02,low,0
STU-2026-0430,0.1157,0.0641,3.6,3.41,0,1,0.0,0.0,0,0,0.02,low,0
STU-2026-0431,-0.0309,0.5851,3.89,3.99,1,1,0.0,0.0,0,1,0.02,low,0
STU-2026-0432,-0.0087,0.1954,4.32,4.39,0,0,0.0,0.0,0,0,0.02,low,0
STU-2026-0433,0.0909,0.5386,4.3,4.38,0,0,0.0,0.0,0,0,0.02,low,0
STU-2026-0434,-0.0035,-0.0041,4.26,4.38,1,0,0.0,0.0,0,0,0.02,low,0
STU-2026-0435,-0.1488,-1.2715,2.8,2.94,2,0,0.2194,0.2362,1,0,0.6045,medium,0
STU-2026-0436,-0.0055,0.0683,4.59,4.54,1,0,0.0,0.0,1,0,0.0264,low,0
STU-2026-0437,0.0491,-0.0546,3.68,3.5,0,1,0.0,0.0,0,1,0.02,low,0
STU-2026-0438,-0.3265,-3.0219,1.44,1.81,10,8,0.3942,0.5305,3,2,0.98,high,1
STU-2026-0439,-0.0233,0.0043,3.72,4.15,1,1,0.0,0.0,0,0,0.0212,low,0
STU-2026-0440,0.0869,0.5286,4.93,4.24,0,0,0.0,0.0,0,0,0.0416,low,0
STU-2026-0441,0.0305,0.0465,4.24,4.0,1,0,0.0,0.0,0,0,0.02,low,0
STU-2026-0442,0.0444,0.0515,4.9,4.96,0,0,0.0,0.0,0,0,0.02,low,0
STU-2026-0443,0.1191,-0.0413,4.29,3.81,0,0,0.0,0.0,0,0,0.02,low,0
STU-2026-0444,0.047,0.1276,4.27,4.64,0,0,0.0,0.0,0,0,0.0212,low,0
STU-2026-0445,-0.5036,-2.2245,1.64,1.93,14,6,0.2823,0.4615,4,2,0.98,high,1
STU-2026-0446,-0.0282,-0.3073,3.82,3.67,0,0,0.0,0.0,1,0,0.02,low,0
STU-2026-0447,0.0491,0.0984,4.79,4.67,1,0,0.0,0.0,0,0,0.0502,low,0
STU-2026-0448,-0.0999,-0.4365,2.49,2.24,3,0,0.2174,0.2475,1,0,0.5478,medium,0
STU-2026-0449,-0.0131,-0.1709,3.56,3.3,1,0,0.0,0.0,0,0,0.02,low,0
STU-2026-0450,-0.4502,-2.4207,1.0,1.0,8,5,0.4636,0.5664,2,0,0.98,high,1
STU-2026-0451,-0.2298,-0.9367,3.43,3.01,4,1,0.1817,0.2659,0,1,0.5883,medium,0
STU-2026-0452,-0.1564,-0.8927,3.28,2.84,5,3,0.1936,0.2754,0,0,0.6186,medium,0
STU-2026-0453,-0.0232,0.2755,3.91,3.78,0,0,0.0,0.0,0,0,0.02,low,0
STU-2026-0454,0.0355,0.492,3.52,3.94,0,0,0.0,0.0,0,0,0.02,low,0
STU-2026-0455,0.0246,0.5363,4.25,4.15,0,0,0.0,0.0,0,0,0.02,low,0
STU-2026-0456,0.02,0.1862,5.0,4.69,0,0,0.0,0.0,0,0,0.0245,low,0
STU-2026-0457,0.0473,-0.1782,3.56,3.4,1,0,0.0,0.0,0,0,0.0224,low,0
STU-2026-0458,-0.0362,0.4046,3.83,4.27,0,0,0.0,0.0,0,0,0.02,low,0
STU-2026-0459,0.0368,0.0466,4.92,4.65,0,0,0.0,0.0,0,0,0.02,low,0
STU-2026-0460,-0.3085,-2.7766,1.56,1.42,7,5,0.4121,0.479,2,2,0.98,high,1
STU-2026-0461,-0.057,0.4157,4.34,4.53,1,0,0.0,0.0,0,0,0.0209,low,0
STU-2026-0462,-0.2613,-0.8307,3.23,3.16,0,2,0.1876,0.2348,2,0,0.5444,medium,0
STU-2026-0463,0.1004,0.1371,4.35,4.49,0,0,0.0,0.0,0,0,0.02,low,0
STU-2026-0464,-0.1381,-0.9585,2.86,2.55,1,2,0.2177,0.2519,0,0,0.5647,medium,0
STU-2026-0465,0.0938,-0.0322,4.67,4.76,1,0,0.0,0.0,0,0,0.0236,low,0
STU-2026-0466,0.0706,0.1228,4.15,3.77,1,0,0.0,0.0,0,0,0.02,low,0
STU-2026-0467,-0.2518,-0.6381,3.83,3.76,4,2,0.209,0.2256,0,0,0.6146,medium,0
STU-2026-0468,-0.1789,-0.7731,3.13,2.68,4,1,0.2067,0.2166,1,0,0.5401,medium,0
STU-2026-0469,0.0711,0.0178,4.67,4.5,0,0,0.0,0.0,0,0,0.02,low,0
STU-2026-0470,-0.1531,-1.3385,2.01,1.95,6,1,0.1937,0.2562,0,0,0.6268,medium,0
STU-2026-0471,-0.0582,0.1242,4.78,4.8,1,1,0.0,0.0,0,0,0.02,low,0
STU-2026-0472,-0.4228,-2.3236,1.02,1.4,7,7,0.4215,0.4435,3,0,0.98,high,1
STU-2026-0473,-0.1312,-0.9719,2.32,2.8,5,1,0.2326,0.202,1,0,0.5887,medium,0
STU-2026-0474,0.0186,0.6624,4.57,3.85,1,0,0.0,0.0,1,0,0.0433,low,0
STU-2026-0475,0.0285,0.1913,4.25,4.09,0,0,0.0,0.0,0,0,0.02,low,0
STU-2026-0476,-0.1468,-1.5089,2.66,2.4,1,0,0.1992,0.2644,1,1,0.6304,medium,0
STU-2026-0477,-0.175,-1.0516,3.19,3.58,0,0,0.2075,0.2726,1,0,0.5846,medium,0
STU-2026-0478,-0.4492,-2.2433,2.16,2.38,8,4,0.4079,0.5198,1,1,0.98,high,1
STU-2026-0479,0.0201,-0.0331,4.13,3.56,0,0,0.0,0.0,0,0,0.0487,low,0
STU-2026-0480,0.0322,0.2475,3.76,4.17,0,2,0.0,0.0,0,0,0.02,low,0
STU-2026-0481,-0.0057,-0.0991,4.62,4.98,0,0,0.0,0.0,0,0,0.0411,low,0
STU-2026-0482,0.0777,0.2564,4.11,4.5,1,0,0.0,0.0,0,1,0.0204,low,0
STU-2026-0483,-0.2954,-2.5942,1.0,1.0,12,5,0.3786,0.5034,2,0,0.98,high,1
STU-2026-0484,0.0663,0.6419,4.53,4.31,3,0,0.0,0.0,0,0,0.0985,low,0
STU-2026-0485,0.126,0.3958,3.6,3.85,0,1,0.0,0.0,0,0,0.0374,low,0
STU-2026-0486,-0.159,-1.2922,3.0,2.7,2,4,0.2508,0.2504,1,0,0.6321,medium,0
STU-2026-0487,-0.0256,0.1609,3.73,3.87,0,0,0.0,0.0,0,0,0.02,low,0
STU-2026-0488,-0.0476,-0.0274,4.18,4.2,1,0,0.0,0.0,0,0,0.02,low,0
STU-2026-0489,0.0508,-0.1602,4.27,4.23,0,1,0.0,0.0,0,0,0.0389,low,0
STU-2026-0490,-0.0299,-0.2173,3.55,3.61,1,0,0.0,0.0,0,0,0.02,low,0
STU-2026-0491,0.0253,0.1355,4.09,4.45,1,0,0.0,0.0,0,0,0.0269,low,0
STU-2026-0492,-0.0035,0.4618,3.25,3.3,0,0,0.0,0.0,1,0,0.02,low,0
STU-2026-0493,0.0611,0.3206,4.37,3.92,0,0,0.0,0.0,0,0,0.02,low,0
STU-2026-0494,0.0017,0.4443,3.57,3.85,1,1,0.0,0.0,0,0,0.02,low,0
STU-2026-0495,-0.0048,-0.0961,3.86,3.88,0,0,0.0,0.0,0,0,0.02,low,0
STU-2026-0496,-0.345,-2.4709,1.0,1.21,6,6,0.4296,0.5495,1,1,0.9601,high,1
STU-2026-0497,-0.3571,-2.577,1.9,2.09,8,4,0.3956,0.447,2,2,0.98,high,1
STU-2026-0498,-0.189,-0.7085,3.11,3.07,4,4,0.2216,0.2376,0,0,0.6106,medium,0
STU-2026-0499,-0.4818,-3.0586,1.0,1.27,9,3,0.468,0.4242,1,1,0.98,high,1
STU-2026-0500,-0.5375,-2.4653,1.0,1.04,7,1,0.2709,0.4814,3,0,0.967,high,1
STU-2026-0501,0.0128,0.1016,3.59,3.84,0,0,0.0,0.0,0,0,0.02,low,0
STU-2026-0502,-0.014,0.0179,4.35,4.16,1,0,0.0,0.0,0,0,0.02,low,0
STU-2026-0503,0.0643,0.0832,4.07,3.66,1,2,0.0,0.0,0,0,0.0202,low,0
STU-2026-0504,0.0613,0.5323,4.57,4.88,0,0,0.0,0.0,0,0,0.02,low,0
STU-2026-0505,0.0362,0.0771,3.41,3.69,0,1,0.0,0.0,0,0,0.02,low,0
STU-2026-0506,-0.0289,-0.1716,3.52,3.77,0,0,0.0,0.0,0,0,0.02,low,0
STU-2026-0507,-0.023,0.046,3.87,3.97,1,0,0.0,0.0,0,0,0.0512,low,0
STU-2026-0508,0.1402,0.4631,4.2,4.26,0,0,0.0,0.0,0,0,0.02,low,0
STU-2026-0509,-0.0957,-0.9713,2.29,1.81,4,3,0.1973,0.2497,0,0,0.588,medium,0
STU-2026-0510,-0.1775,-0.9405,2.79,2.93,4,1,0.2211,0.2836,1,0,0.5831,medium,0
STU-2026-0511,-0.0759,-0.9881,2.7,2.93,2,2,0.2826,0.2451,0,0,0.5672,medium,0
STU-2026-0512,-0.2606,-1.3543,1.85,2.08,4,1,0.2129,0.1939,0,0,0.5597,medium,0
STU-2026-0513,-0.1447,-0.8686,3.57,3.84,5,1,0.2099,0.2854,1,1,0.6764,high,1
STU-2026-0514,0.0721,0.3139,4.34,4.23,2,0,0.0,0.0,0,0,0.02,low,0
STU-2026-0515,0.0166,0.0487,3.78,3.24,0,0,0.0,0.0,0,0,0.0279,low,0
STU-2026-0516,-0.6028,-2.7184,1.0,1.29,10,7,0.4033,0.3963,2,0,0.98,high,1
STU-2026-0517,-0.1459,-1.1585,2.74,3.1,4,1,0.2108,0.2452,0,0,0.6334,medium,0
STU-2026-0518,-0.5151,-2.2085,1.12,1.0,12,2,0.3954,0.4422,3,1,0.98,high,1
STU-2026-0519,0.0525,-0.082,4.8,4.6,0,0,0.0,0.0,0,0,0.02,low,0
STU-2026-0520,0.057,0.3262,4.05,4.0,0,0,0.0,0.0,0,0,0.02,low,0
STU-2026-0521,0.0197,0.3625,4.68,4.02,1,0,0.0,0.0,0,0,0.02,low,0
STU-2026-0522,0.0788,0.0686,3.87,3.71,0,0,0.0,0.0,0,0,0.02,low,0
STU-2026-0523,-0.0203,0.0592,4.39,4.37,0,0,0.0,0.0,0,0,0.02,low,0
STU-2026-0524,-0.0096,0.5436,4.75,4.3,0,0,0.0,0.0,0,0,0.02,low,0
STU-2026-0525,-0.486,-2.402,1.0,1.0,8,3,0.4805,0.5534,3,0,0.98,high,1
STU-2026-0526,0.1128,0.0016,4.25,3.9,0,0,0.0,0.0,0,0,0.0378,low,0
STU-2026-0527,0.0024,-0.1099,4.05,3.65,0,0,0.0,0.0,0,0,0.02,low,0
STU-2026-0528,0.0739,0.6709,4.18,4.33,0,0,0.0,0.0,0,0,0.02,low,0
STU-2026-0529,0.0386,0.319,4.36,3.89,1,0,0.0,0.0,0,0,0.02,low,0
STU-2026-0530,0.1003,-0.0739,3.69,3.88,1,0,0.0,0.0,0,0,0.02,low,0
STU-2026-0531,-0.0299,-0.0499,4.55,4.35,0,0,0.0,0.0,0,1,0.0316,low,0
STU-2026-0532,0.0402,0.2243,4.52,4.28,0,0,0.0,0.0,0,0,0.02,low,0
STU-2026-0533,0.0827,0.0182,3.66,3.17,2,0,0.0,0.0,0,0,0.0252,low,0
STU-2026-0534,-0.0128,0.448,4.3,4.22,0,0,0.0,0.0,0,0,0.0535,low,0
STU-2026-0535,-0.0346,0.5813,4.66,4.05,1,0,0.0,0.0,0,0,0.0473,low,0
STU-2026-0536,0.021,0.2151,5.0,5.0,1,0,0.0,0.0,0,0,0.02,low,0
STU-2026-0537,-0.0834,0.1301,4.3,3.81,0,0,0.0,0.0,0,0,0.02,low,0
STU-2026-0538,0.0374,0.1107,4.11,3.74,0,0,0.0,0.0,0,0,0.02,low,0
STU-2026-0539,-0.2518,-2.5722,1.0,1.0,3,3,0.4039,0.482,3,0,0.98,high,1
STU-2026-0540,-0.0455,-0.164,4.32,4.28,1,0,0.0,0.0,0,0,0.0412,low,0
STU-2026-0541,0.0093,0.2648,3.55,3.62,0,0,0.0,0.0,0,0,0.02,low,0
STU-2026-0542,0.069,0.4006,3.94,3.88,1,0,0.0,0.0,0,0,0.02,low,0
STU-2026-0543,0.0166,0.0148,3.66,3.51,1,0,0.0,0.0,0,0,0.02,low,0
STU-2026-0544,0.0672,0.5519,3.94,4.36,0,1,0.0,0.0,0,0,0.0356,low,0
STU-2026-0545,0.071,-0.1646,3.36,3.48,0,0,0.0,0.0,0,0,0.0244,low,0
STU-2026-0546,0.0286,0.5087,4.65,3.91,0,0,0.0,0.0,0,0,0.02,low,0
STU-2026-0547,0.0836,0.1668,4.0,4.02,0,0,0.0,0.0,1,0,0.02,low,0
STU-2026-0548,0.0605,0.2483,4.5,4.36,0,0,0.0,0.0,0,0,0.02,low,0
STU-2026-0549,-0.0597,0.5782,4.58,4.25,0,0,0.0,0.0,0,0,0.02,low,0
STU-2026-0550,-0.0167,0.3252,4.6,4.19,0,0,0.0,0.0,0,0,0.02,low,0
STU-2026-0551,-0.5382,-1.7452,2.31,2.4,9,2,0.4689,0.4491,3,0,0.98,high,1
STU-2026-0552,-0.402,-2.8321,1.47,1.28,7,5,0.4001,0.4921,4,2,0.98,high,1
STU-2026-0553,0.0262,0.2934,3.69,4.04,1,0,0.0,0.0,0,0,0.0513,low,0
STU-2026-0554,0.0493,0.349,3.66,3.9,0,0,0.0,0.0,0,0,0.02,low,0
STU-2026-0555,-0.2434,-0.6216,2.5,2.36,3,1,0.2038,0.2559,0,0,0.5791,medium,0
STU-2026-0556,0.0576,-0.148,4.2,4.37,0,0,0.0,0.0,0,0,0.0608,low,0
STU-2026-0557,0.0747,-0.163,3.94,3.7,1,0,0.0,0.0,0,0,0.02,low,0
STU-2026-0558,-0.0137,-0.1191,4.39,4.32,0,0,0.0,0.0,0,0,0.0618,low,0
STU-2026-0559,0.0001,-0.5409,4.73,4.76,2,0,0.0,0.0,0,0,0.0816,low,0
STU-2026-0560,0.0681,-0.2148,4.36,4.31,1,1,0.0,0.0,0,0,0.0226,low,0
STU-2026-0561,0.0677,0.2278,4.66,4.34,0,0,0.0,0.0,0,0,0.02,low,0
STU-2026-0562,-0.0017,0.2101,4.63,4.37,0,0,0.0,0.0,0,0,0.0342,low,0
STU-2026-0563,-0.1693,-1.1313,2.51,2.97,5,2,0.1891,0.2456,2,0,0.584,medium,0
STU-2026-0564,-0.0245,0.1721,3.85,4.46,1,0,0.0,0.0,0,0,0.02,low,0
STU-2026-0565,0.0017,0.3513,4.24,4.12,0,0,0.0,0.0,0,0,0.0388,low,0
STU-2026-0566,-0.1128,-0.2865,4.04,4.14,0,0,0.0,0.0,0,0,0.0315,low,0
STU-2026-0567,0.0457,-0.1408,4.55,4.14,1,0,0.0,0.0,0,0,0.0454,low,0
STU-2026-0568,0.0342,0.2312,4.05,4.01,0,0,0.0,0.0,0,0,0.02,low,0
STU-2026-0569,0.0607,0.1761,4.92,5.0,0,0,0.0,0.0,0,0,0.0229,low,0
STU-2026-0570,-0.1072,-0.8858,3.1,3.28,4,1,0.2029,0.2621,0,0,0.6036,medium,0
STU-2026-0571,-0.0183,0.1572,4.13,4.33,0,0,0.0,0.0,0,0,0.02,low,0
STU-2026-0572,0.0078,-0.3401,3.97,4.44,0,0,0.0,0.0,0,0,0.0249,low,0
STU-2026-0573,-0.0436,0.0864,3.88,3.97,0,0,0.0,0.0,0,0,0.02,low,0
STU-2026-0574,-0.481,-2.6266,1.0,1.1,9,1,0.4174,0.5185,2,0,0.98,high,1
STU-2026-0575,0.0792,0.4274,3.85,4.33,1,1,0.0,0.0,0,0,0.02,low,0
STU-2026-0576,0.0029,0.9665,3.77,3.96,0,0,0.0,0.0,0,0,0.02,low,0
STU-2026-0577,0.0966,-0.1175,3.88,4.01,0,0,0.0,0.0,0,0,0.02,low,0
STU-2026-0578,0.0229,-0.0257,4.01,4.08,0,0,0.0,0.0,1,0,0.02,low,0
STU-2026-0579,-0.248,-1.0346,2.67,3.04,5,0,0.255,0.279,0,0,0.613,medium,0
STU-2026-0580,-0.0106,0.3619,3.66,4.35,0,0,0.0,0.0,0,0,0.02,low,0
STU-2026-0581,0.0361,-0.1412,4.71,4.78,0,0,0.0,0.0,0,0,0.02,low,0
STU-2026-0582,-0.5973,-2.1162,2.25,1.86,9,8,0.4338,0.4905,2,1,0.98,high,1
STU-2026-0583,-0.0424,0.3121,4.63,4.74,0,0,0.0,0.0,0,0,0.02,low,0
STU-2026-0584,0.074,-0.0849,4.28,4.47,1,0,0.0,0.0,1,0,0.0487,low,0
STU-2026-0585,0.0496,-0.1429,4.64,4.3,0,0,0.0,0.0,0,0,0.02,low,0
STU-2026-0586,-0.2151,-1.0535,3.06,2.82,4,1,0.2511,0.239,0,0,0.6153,medium,0
STU-2026-0587,-0.0363,-0.1158,4.01,3.49,2,0,0.0,0.0,0,0,0.02,low,0
STU-2026-0588,-0.4302,-2.7183,1.0,1.0,8,6,0.4317,0.4796,2,1,0.98,high,1
STU-2026-0589,-0.011,0.7137,3.68,3.14,1,0,0.0,0.0,0,0,0.02,low,0
STU-2026-0590,-0.4976,-2.4482,1.08,1.0,7,2,0.4503,0.4759,1,1,0.98,high,1
STU-2026-0591,0.0218,0.1128,4.83,4.38,0,0,0.0,0.0,0,0,0.02,low,0
STU-2026-0592,-0.0284,0.0515,4.44,4.43,1,1,0.0,0.0,0,0,0.0526,low,0
STU-2026-0593,-0.0425,0.4168,4.68,4.82,0,0,0.0,0.0,0,0,0.02,low,0
STU-2026-0594,0.0319,-0.0041,4.59,4.09,0,0,0.0,0.0,0,0,0.02,low,0
STU-2026-0595,-0.1778,-1.1043,3.77,3.75,3,0,0.1737,0.2315,0,0,0.585,medium,0
STU-2026-0596,0.0945,0.2771,4.12,4.08,0,0,0.0,0.0,1,0,0.02,low,0
STU-2026-0597,0.1093,0.1896,3.96,4.35,1,0,0.0,0.0,0,0,0.0507,low,0
STU-2026-0598,0.0492,0.5563,4.64,4.41,0,0,0.0,0.0,0,0,0.0336,low,0
STU-2026-0599,-0.4537,-2.4667,1.34,1.86,10,4,0.4406,0.4843,2,0,0.98,high,1
STU-2026-0600,-0.1994,-0.8414,2.28,2.13,7,1,0.2147,0.2653,1,0,0.672,high,1
STU-2026-0001,0.0282,0.7207,4.21,4.27,1,0,0.0,0.0,0,0,0.02,low,0
STU-2026-0002,0.0886,0.1904,4.17,4.03,1,1,0.0,0.0,0,0,0.02,low,0
STU-2026-0003,0.0041,0.0942,4.19,4.35,3,0,0.0,0.0,0,0,0.02,low,0
STU-2026-0004,-0.4182,-2.3934,1.1,1.11,12,7,0.3634,0.4735,3,0,0.98,high,1
STU-2026-0005,-0.0431,-0.0718,3.37,3.6,1,0,0.0,0.0,1,0,0.02,low,0
STU-2026-0006,0.0446,0.7471,4.01,4.04,1,0,0.0,0.0,0,0,0.0234,low,0
STU-2026-0007,-0.0179,-0.1393,4.01,4.16,0,1,0.0,0.0,0,0,0.02,low,0
STU-2026-0008,-0.5827,-2.7312,1.71,2.19,8,3,0.4083,0.4937,3,1,0.98,high,1
STU-2026-0009,-0.188,-1.0917,3.02,3.17,2,2,0.2094,0.215,1,1,0.5208,medium,0
STU-2026-0010,-0.1671,-0.7488,3.0,3.46,7,2,0.2443,0.255,0,0,0.6503,high,1
STU-2026-0011,0.0615,0.3437,4.7,4.81,3,0,0.0,0.0,0,0,0.0245,low,0
STU-2026-0012,0.05,0.1525,3.65,3.5,0,1,0.0,0.0,0,0,0.02,low,0
STU-2026-0013,-0.0019,0.3753,4.4,4.44,0,0,0.0,0.0,0,1,0.02,low,0
STU-2026-0014,-0.1685,-0.8173,2.13,2.59,5,3,0.1772,0.255,0,0,0.612,medium,0
STU-2026-0015,0.0172,0.046,3.85,4.1,0,1,0.0,0.0,0,0,0.02,low,0
STU-2026-0016,-0.2131,-0.927,2.43,2.45,2,1,0.2201,0.231,0,0,0.5703,medium,0
STU-2026-0017,0.0061,-0.0107,4.33,4.19,0,1,0.0,0.0,0,0,0.02,low,0
STU-2026-0018,0.085,-0.2422,4.38,4.42,1,0,0.0,0.0,0,0,0.02,low,0
STU-2026-0019,-0.1625,-1.1086,3.39,3.58,5,1,0.2239,0.2331,1,0,0.6286,medium,0
STU-2026-0020,0.0611,0.3019,3.83,3.61,1,1,0.0,0.0,0,0,0.075,low,0
STU-2026-0021,-0.6247,-2.6243,1.55,1.41,9,3,0.4562,0.4435,2,0,0.98,high,1
STU-2026-0022,-0.0575,0.541,3.68,3.67,0,0,0.0,0.0,1,0,0.02,low,0
STU-2026-0023,-0.0562,0.1067,4.2,4.65,1,0,0.0,0.0,0,0,0.02,low,0
STU-2026-0024,-0.0051,0.183,4.08,4.29,1,0,0.0,0.0,0,0,0.02,low,0
STU-2026-0025,0.0168,-0.0635,4.56,3.89,1,0,0.0,0.0,0,0,0.02,low,0
STU-2026-0026,-0.0808,0.2972,4.35,4.89,0,0,0.0,0.0,0,0,0.02,low,0
STU-2026-0027,0.0657,0.0072,4.1,3.7,0,0,0.0,0.0,1,0,0.0372,low,0
STU-2026-0028,0.0102,0.3942,4.25,4.11,0,0,0.0,0.0,0,0,0.02,low,0
STU-2026-0029,0.0839,0.7317,4.18,4.15,0,1,0.0,0.0,0,0,0.02,low,0
STU-2026-0030,-0.0104,0.4573,4.35,4.98,0,0,0.0,0.0,0,0,0.02,low,0
STU-2026-0031,0.0363,0.4902,4.04,4.41,1,0,0.0,0.0,0,0,0.02,low,0
STU-2026-0032,0.0507,-0.0147,4.37,4.11,0,1,0.0,0.0,0,0,0.02,low,0
STU-2026-0033,-0.0269,0.3583,4.99,4.72,0,0,0.0,0.0,0,0,0.02,low,0
STU-2026-0034,-0.0894,0.4626,4.81,4.53,0,0,0.0,0.0,0,0,0.02,low,0
STU-2026-0035,-0.0263,0.1361,4.05,4.0,1,0,0.0,0.0,0,0,0.02,low,0
STU-2026-0036,-0.0032,0.1403,3.81,4.25,0,0,0.0,0.0,0,0,0.02,low,0
STU-2026-0037,-0.1855,-0.7606,2.84,2.73,3,2,0.2298,0.2661,0,0,0.5761,medium,0
STU-2026-0038,-0.0063,0.0421,4.58,5.0,0,0,0.0,0.0,0,0,0.02,low,0
STU-2026-0039,-0.2617,-1.1727,2.92,3.32,3,2,0.2747,0.2314,0,0,0.6797,high,1
STU-2026-0040,-0.6092,-2.3446,1.73,1.98,14,2,0.4542,0.5865,3,2,0.98,high,1
STU-2026-0041,-0.047,0.3171,4.52,4.11,1,1,0.0,0.0,0,0,0.02,low,0
STU-2026-0042,0.0423,0.2245,4.14,4.63,0,0,0.0,0.0,0,0,0.0468,low,0
STU-2026-0043,0.0256,0.5662,4.02,3.93,0,0,0.0,0.0,0,0,0.02,low,0
STU-2026-0044,-0.724,-3.0986,1.3,1.6,12,4,0.3956,0.5102,1,0,0.98,high,1
STU-2026-0045,-0.1451,-0.5378,3.34,3.29,4,2,0.2584,0.2547,2,0,0.5602,medium,0
STU-2026-0046,0.0562,0.1891,4.58,4.18,0,0,0.0,0.0,0,0,0.0417,low,0
STU-2026-0047,0.0461,0.2464,3.57,3.24,0,0,0.0,0.0,0,0,0.02,low,0
STU-2026-0048,0.0547,-0.1636,4.44,4.69,0,1,0.0,0.0,0,0,0.02,low,0
STU-2026-0049,0.0633,0.134,3.19,3.83,1,0,0.0,0.0,0,0,0.02,low,0
STU-2026-0050,0.0986,-0.0503,4.04,4.29,0,0,0.0,0.0,0,0,0.02,low,0
STU-2026-0051,0.0686,0.5545,4.56,4.46,1,1,0.0,0.0,0,0,0.02,low,0
STU-2026-0052,0.06,0.1756,4.6,4.47,0,1,0.0,0.0,0,0,0.0241,low,0
STU-2026-0053,0.083,0.6563,4.53,4.07,0,0,0.0,0.0,1,0,0.02,low,0
STU-2026-0054,-0.3798,-2.7472,1.0,1.55,9,7,0.4169,0.4923,2,1,0.98,high,1
STU-2026-0055,-0.0075,0.0537,3.58,3.72,0,0,0.0,0.0,0,0,0.02,low,0
STU-2026-0056,0.061,-0.2941,4.3,4.12,1,0,0.0,0.0,0,0,0.02,low,0
STU-2026-0057,0.035,0.657,3.84,4.05,0,1,0.0,0.0,0,0,0.0244,low,0
STU-2026-0058,0.0816,0.5311,4.19,4.39,0,0,0.0,0.0,0,0,0.02,low,0
STU-2026-0059,-0.1493,-1.2617,3.21,2.76,5,1,0.2084,0.223,1,0,0.6451,medium,0
STU-2026-0060,-0.0007,0.0309,3.51,3.35,1,0,0.0,0.0,0,0,0.02,low,0
STU-2026-0061,0.0415,0.1677,3.91,3.96,1,0,0.0,0.0,0,0,0.02,low,0
STU-2026-0062,-0.0378,0.4334,4.59,4.34,0,0,0.0,0.0,0,0,0.02,low,0
STU-2026-0063,-0.0408,0.4541,3.88,3.75,1,1,0.0,0.0,0,0,0.02,low,0
STU-2026-0064,-0.0295,0.017,4.62,4.18,0,0,0.0,0.0,0,0,0.02,low,0
STU-2026-0065,-0.2711,-1.4737,2.18,1.84,2,1,0.2753,0.2901,0,0,0.6154,medium,0
STU-2026-0066,-0.1601,-0.8717,2.07,2.66,3,1,0.2011,0.2615,0,0,0.5431,medium,0
STU-2026-0067,-0.5581,-2.4249,1.0,1.04,5,2,0.3374,0.496,1,0,0.98,high,1
STU-2026-0068,0.0548,0.2014,3.93,4.0,1,1,0.0,0.0,1,0,0.0369,low,0
STU-2026-0069,-0.2236,-0.7213,2.47,3.21,4,3,0.2025,0.2671,1,0,0.5841,medium,0
STU-2026-0070,-0.0251,-0.1554,3.32,3.49,0,0,0.0,0.0,1,0,0.02,low,0
STU-2026-0071,-0.1886,-0.9005,3.71,3.57,3,2,0.1788,0.237,1,0,0.5865,medium,0
STU-2026-0072,0.043,0.1342,5.0,4.92,0,0,0.0,0.0,0,0,0.02,low,0
STU-2026-0073,0.0448,0.1687,4.07,4.79,0,1,0.0,0.0,0,0,0.02,low,0
STU-2026-0074,0.051,0.2354,4.07,4.29,0,0,0.0,0.0,0,0,0.02,low,0
STU-2026-0075,-0.0117,0.6605,3.33,3.16,1,0,0.0,0.0,0,0,0.02,low,0
STU-2026-0076,-0.198,-0.6882,3.18,3.13,4,1,0.1913,0.2648,0,1,0.5732,medium,0
STU-2026-0077,-0.0035,0.1539,3.91,4.3,0,0,0.0,0.0,0,0,0.02,low,0
STU-2026-0078,0.0814,-0.2059,3.64,3.53,0,0,0.0,0.0,0,0,0.02,low,0
STU-2026-0079,-0.1347,-1.0024,3.34,3.36,3,1,0.2515,0.3033,0,0,0.6327,medium,0
STU-2026-0080,0.1329,0.2078,4.07,4.28,0,1,0.0,0.0,0,0,0.02,low,0
STU-2026-0081,-0.014,0.1973,5.0,5.0,1,1,0.0,0.0,0,0,0.02,low,0
STU-2026-0082,0.0212,0.1512,3.87,4.44,0,0,0.0,0.0,0,0,0.02,low,0
STU-2026-0083,-0.0536,0.2423,3.42,3.83,1,0,0.0,0.0,1,0,0.0293,low,0
STU-2026-0084,0.0225,0.3238,5.0,4.93,0,1,0.0,0.0,0,0,0.02,low,0
STU-2026-0085,0.0273,-0.0184,4.53,4.34,0,0,0.0,0.0,0,0,0.02,low,0
STU-2026-0086,-0.1398,-0.7899,2.04,2.47,6,2,0.1898,0.2947,0,0,0.6335,medium,0
STU-2026-0087,0.0788,-0.1858,4.22,3.97,0,0,0.0,0.0,0,0,0.02,low,0
STU-2026-0088,-0.0981,-1.4217,1.48,1.84,4,1,0.2161,0.1907,0,0,0.625,medium,0
STU-2026-0089,0.0335,0.2764,3.5,3.8,1,0,0.0,0.0,0,0,0.0547,low,0
STU-2026-0090,-0.0334,0.0854,4.5,4.68,1,0,0.0,0.0,0,0,0.02,low,0
STU-2026-0091,0.0612,-0.0487,4.54,4.39,1,2,0.0,0.0,1,0,0.02,low,0
STU-2026-0092,-0.1961,-0.2679,2.45,2.29,1,2,0.2269,0.248,0,1,0.5094,medium,0
STU-2026-0093,0.0144,-0.1226,4.17,4.06,0,0,0.0,0.0,0,0,0.02,low,0
STU-2026-0094,0.0078,0.1667,4.66,4.51,0,1,0.0,0.0,0,0,0.02,low,0
STU-2026-0095,-0.1884,-0.8986,2.53,2.97,2,0,0.2679,0.2463,0,0,0.5742,medium,0
STU-2026-0096,0.0336,-0.268,3.48,3.45,0,0,0.0,0.0,0,0,0.02,low,0
STU-2026-0097,-0.3924,-2.1297,1.0,1.27,4,5,0.4278,0.4728,1,2,0.98,high,1
STU-2026-0098,0.0943,0.1303,4.27,4.29,0,2,0.0,0.0,0,0,0.02,low,0
STU-2026-0099,-0.0045,0.0397,3.93,4.0,0,0,0.0,0.0,0,0,0.02,low,0
STU-2026-0100,-0.1449,-0.7094,3.0,3.37,2,0,0.1951,0.2556,2,1,0.5015,medium,0
STU-2026-0101,0.0599,0.0814,4.37,4.69,0,0,0.0,0.0,0,0,0.02,low,0
STU-2026-0102,0.0798,0.1248,4.18,3.79,0,0,0.0,0.0,0,0,0.0289,low,0
STU-2026-0103,-0.024,0.583,4.34,4.26,0,0,0.0,0.0,0,0,0.02,low,0
STU-2026-0104,-0.1455,-1.3595,2.74,2.67,3,1,0.221,0.3315,0,0,0.6824,high,1
STU-2026-0105,-0.1793,-1.217,3.76,3.87,5,2,0.2566,0.2677,2,1,0.5927,medium,0
STU-2026-0106,-0.1801,-1.131,2.83,2.8,7,1,0.2334,0.2362,0,0,0.6418,medium,0
STU-2026-0107,-0.2067,-1.0709,2.82,2.85,3,0,0.2238,0.3244,0,0,0.6605,high,1
STU-2026-0108,0.0276,0.5013,3.66,4.4,0,0,0.0,0.0,0,0,0.02,low,0
STU-2026-0109,0.0889,0.056,4.31,4.19,0,0,0.0,0.0,0,0,0.02,low,0
STU-2026-0110,-0.467,-2.0803,1.13,1.12,13,8,0.3337,0.5485,3,0,0.98,high,1
STU-2026-0111,-0.032,-1.5946,2.06,2.6,7,1,0.2803,0.2261,1,0,0.7013,high,1
STU-2026-0112,-0.0893,-0.9889,2.46,2.34,5,2,0.2545,0.2683,0,0,0.6422,medium,0
STU-2026-0113,0.0133,0.1447,4.64,4.3,0,0,0.0,0.0,0,0,0.0501,low,0
STU-2026-0114,-0.0784,-0.3614,4.86,4.85,0,0,0.0,0.0,0,0,0.02,low,0
STU-2026-0115,-0.2397,-0.9318,2.85,2.19,5,1,0.1892,0.2763,0,0,0.569,medium,0
STU-2026-0116,0.024,-0.6659,3.79,4.33,0,1,0.0,0.0,0,0,0.0929,low,0
STU-2026-0117,-0.0573,-0.8077,2.64,2.27,2,2,0.2291,0.2415,0,0,0.5902,medium,0
STU-2026-0118,0.0563,0.4068,4.99,4.87,0,0,0.0,0.0,0,0,0.0214,low,0
STU-2026-0119,0.0586,0.2216,4.12,3.79,0,0,0.0,0.0,0,0,0.02,low,0
STU-2026-0120,-0.4163,-3.2924,1.64,1.5,8,6,0.4565,0.5153,1,0,0.98,high,1
STU-2026-0121,-0.0229,0.3631,4.1,4.28,0,0,0.0,0.0,0,0,0.02,low,0
STU-2026-0122,0.0349,0.1763,4.61,4.12,0,0,0.0,0.0,0,0,0.02,low,0
STU-2026-0123,0.0064,0.3866,4.2,4.33,0,0,0.0,0.0,0,0,0.0373,low,0
STU-2026-0124,0.0288,0.0832,4.7,5.0,0,1,0.0,0.0,0,0,0.02,low,0
STU-2026-0125,0.0294,0.0375,4.19,4.04,0,0,0.0,0.0,0,0,0.02,low,0
STU-2026-0126,-0.019,0.237,4.57,4.45,0,0,0.0,0.0,0,0,0.02,low,0
STU-2026-0127,-0.0655,0.2621,3.32,3.76,1,0,0.0,0.0,0,0,0.02,low,0
STU-2026-0128,-0.4522,-2.71,1.0,1.26,6,2,0.4615,0.5108,1,0,0.98,high,1
STU-2026-0129,-0.0051,0.1866,3.99,4.07,0,0,0.0,0.0,0,0,0.02,low,0
STU-2026-0130,-0.0743,-0.763,3.45,3.02,3,1,0.1619,0.2696,1,0,0.5831,medium,0
STU-2026-0131,0.08,0.2261,4.71,4.61,0,0,0.0,0.0,0,0,0.02,low,0
STU-2026-0132,0.0178,0.288,5.0,4.81,0,0,0.0,0.0,0,0,0.02,low,0
STU-2026-0133,0.0022,0.542,3.9,4.22,0,0,0.0,0.0,0,1,0.02,low,0
STU-2026-0134,0.05,0.171,5.0,5.0,1,0,0.0,0.0,0,0,0.0482,low,0
STU-2026-0135,0.0618,0.2343,4.32,4.39,0,0,0.0,0.0,0,0,0.02,low,0
STU-2026-0136,0.0246,0.0435,4.15,4.49,0,0,0.0,0.0,0,0,0.02,low,0
STU-2026-0137,-0.1953,-0.8408,2.09,2.9,4,2,0.2187,0.2432,2,0,0.6061,medium,0
STU-2026-0138,-0.0085,0.1324,4.19,4.25,0,0,0.0,0.0,0,0,0.0398,low,0
STU-2026-0139,-0.0797,0.0582,4.03,3.63,0,0,0.0,0.0,0,0,0.02,low,0
STU-2026-0140,0.0193,0.0182,3.93,3.78,0,0,0.0,0.0,0,0,0.0595,low,0
STU-2026-0141,0.036,0.4561,2.93,3.56,0,0,0.0,0.0,0,0,0.02,low,0
STU-2026-0142,-0.1355,-0.8403,3.35,4.1,4,2,0.2126,0.2699,1,0,0.5674,medium,0
STU-2026-0143,-0.0018,0.1243,3.81,4.15,0,0,0.0,0.0,0,0,0.02,low,0
STU-2026-0144,-0.0127,0.5477,4.31,3.98,0,1,0.0,0.0,0,0,0.02,low,0
STU-2026-0145,0.0649,0.3607,4.33,4.11,1,0,0.0,0.0,0,0,0.0327,low,0
STU-2026-0146,-0.548,-3.3038,1.0,1.0,4,8,0.4973,0.5133,4,0,0.98,high,1
STU-2026-0147,0.0568,0.4256,3.92,3.53,0,0,0.0,0.0,0,0,0.02,low,0
STU-2026-0148,0.0613,0.2849,3.87,4.16,0,1,0.0,0.0,0,0,0.02,low,0
STU-2026-0149,0.1118,0.0261,4.92,4.5,1,0,0.0,0.0,0,0,0.0547,low,0
STU-2026-0150,0.0024,0.4783,4.59,4.18,0,0,0.0,0.0,0,0,0.02,low,0
STU-2026-0151,-0.0609,-0.1644,3.95,3.7,0,0,0.0,0.0,0,0,0.0282,low,0
STU-2026-0152,0.053,0.3148,3.85,4.1,0,0,0.0,0.0,1,0,0.02,low,0
STU-2026-0153,-0.1697,-1.0837,2.63,2.81,1,1,0.2316,0.3162,0,1,0.5873,medium,0
STU-2026-0154,0.0194,-0.0016,4.11,4.03,0,0,0.0,0.0,0,0,0.0248,low,0
STU-2026-0155,0.0639,0.0337,3.65,3.88,2,1,0.0,0.0,0,0,0.0256,low,0
STU-2026-0156,-0.0749,-0.7531,2.97,3.1,5,1,0.2017,0.1809,0,0,0.5872,medium,0
STU-2026-0157,-0.2075,-1.0644,3.31,3.64,4,2,0.2337,0.218,0,0,0.595,medium,0
STU-2026-0158,0.0265,-0.0429,4.07,3.95,0,0,0.0,0.0,0,0,0.0545,low,0
STU-2026-0159,0.044,0.2671,4.08,3.98,0,0,0.0,0.0,0,0,0.02,low,0
STU-2026-0160,-0.1513,-0.6252,3.09,2.67,5,0,0.175,0.2326,0,0,0.6337,medium,0
STU-2026-0161,0.0395,0.1241,4.69,4.36,0,1,0.0,0.0,1,0,0.02,low,0
STU-2026-0162,0.0974,0.4085,4.39,4.56,2,0,0.0,0.0,0,0,0.0407,low,0
STU-2026-0163,0.0473,0.327,4.61,4.58,0,0,0.0,0.0,0,0,0.02,low,0
STU-2026-0164,0.0527,0.1388,3.87,4.58,0,0,0.0,0.0,0,0,0.02,low,0
STU-2026-0165,-0.1121,-1.265,2.82,2.87,6,4,0.1955,0.2627,1,0,0.6672,high,1
STU-2026-0166,-0.1147,-1.0999,2.87,2.75,7,1,0.1934,0.1863,0,0,0.6151,medium,0
STU-2026-0167,0.0083,-0.1693,4.96,5.0,0,0,0.0,0.0,0,0,0.0547,low,0
STU-2026-0168,0.0399,0.4089,3.71,3.5,0,0,0.0,0.0,0,0,0.02,low,0
STU-2026-0169,0.0736,0.3371,4.21,4.12,0,0,0.0,0.0,0,0,0.02,low,0
STU-2026-0170,0.0307,0.5779,4.27,4.85,0,0,0.0,0.0,1,0,0.0294,low,0
STU-2026-0171,0.0574,0.5018,3.87,3.79,0,0,0.0,0.0,0,0,0.02,low,0
STU-2026-0172,0.1266,0.1996,3.26,3.4,2,0,0.0,0.0,0,0,0.0581,low,0
STU-2026-0173,-0.0562,-0.0633,4.29,4.55,0,0,0.0,0.0,0,0,0.02,low,0
STU-2026-0174,-0.0267,0.1642,4.58,5.0,0,0,0.0,0.0,0,0,0.0524,low,0
STU-2026-0175,0.0752,-0.1008,4.14,4.5,1,0,0.0,0.0,0,0,0.02,low,0
STU-2026-0176,0.0967,0.2571,3.83,4.11,0,0,0.0,0.0,0,0,0.02,low,0
STU-2026-0177,0.0026,0.2701,3.27,3.48,2,0,0.0,0.0,0,0,0.02,low,0
STU-2026-0178,0.0696,-0.0327,4.31,4.03,0,0,0.0,0.0,0,0,0.0417,low,0
STU-2026-0179,0.0432,-0.0192,4.55,4.68,1,0,0.0,0.0,0,0,0.054,low,0
STU-2026-0180,0.0455,0.1406,4.11,4.39,1,0,0.0,0.0,0,0,0.0382,low,0
STU-2026-0181,0.0557,0.8251,3.55,3.13,0,0,0.0,0.0,0,0,0.02,low,0
STU-2026-0182,0.1,0.7211,3.85,3.88,0,0,0.0,0.0,0,0,0.02,low,0
STU-2026-0183,-0.0271,-0.1109,3.11,3.63,0,1,0.0,0.0,0,0,0.02,low,0
STU-2026-0184,-0.0069,-0.2044,4.29,4.13,0,0,0.0,0.0,1,0,0.0294,low,0
STU-2026-0185,-0.2262,-1.2359,2.99,3.07,5,1,0.2159,0.2543,0,1,0.5983,medium,0
STU-2026-0186,-0.4684,-3.1066,1.75,2.22,12,3,0.4036,0.494,4,1,0.98,high,1
STU-2026-0187,0.0473,-0.1577,4.63,4.07,2,0,0.0,0.0,0,0,0.0315,low,0
STU-2026-0188,-0.1649,-1.2967,2.52,3.01,3,0,0.2215,0.2166,0,0,0.5781,medium,0
STU-2026-0189,0.0166,-0.2992,4.44,3.96,0,1,0.0,0.0,1,0,0.02,low,0
STU-2026-0190,0.0265,0.2749,3.8,4.38,0,0,0.0,0.0,1,0,0.02,low,0
STU-2026-0191,0.0412,-0.1734,3.7,3.82,0,1,0.0,0.0,0,1,0.02,low,0
STU-2026-0192,-0.0113,0.5499,4.08,4.34,1,0,0.0,0.0,0,0,0.02,low,0
STU-2026-0193,0.0257,-0.0347,4.28,4.12,1,1,0.0,0.0,0,0,0.0496,low,0
STU-2026-0194,-0.057,0.0676,4.2,3.96,0,0,0.0,0.0,0,0,0.0307,low,0
STU-2026-0195,0.0249,0.4363,5.0,4.94,0,0,0.0,0.0,0,1,0.02,low,0
STU-2026-0196,-0.1921,-0.9631,3.29,3.92,3,0,0.2102,0.2844,0,0,0.582,medium,0
STU-2026-0197,0.0115,0.4692,4.72,3.64,0,0,0.0,0.0,0,0,0.02,low,0
STU-2026-0198,0.0821,0.7963,4.2,3.62,0,0,0.0,0.0,0,0,0.0524,low,0
STU-2026-0199,0.0448,-0.0093,3.83,4.19,0,0,0.0,0.0,0,0,0.041,low,0
STU-2026-0200,0.0701,0.2768,4.79,4.86,0,1,0.0,0.0,0,0,0.02,low,0
STU-2026-0201,0.0935,0.2041,4.41,4.21,0,0,0.0,0.0,0,0,0.02,low,0
STU-2026-0202,0.0268,-0.3159,4.29,4.38,0,0,0.0,0.0,0,0,0.02,low,0
STU-2026-0203,-0.0913,0.2876,4.45,4.32,0,0,0.0,0.0,0,0,0.02,low,0
STU-2026-0204,-0.0662,0.3512,4.17,4.35,0,0,0.0,0.0,0,0,0.02,low,0
STU-2026-0205,0.0169,-0.114,4.39,4.47,0,0,0.0,0.0,0,0,0.02,low,0
STU-2026-0206,-0.1244,-1.0538,2.74,3.07,1,1,0.2559,0.2727,0,1,0.5894,medium,0
STU-2026-0207,0.026,0.3507,3.64,4.1,0,0,0.0,0.0,0,0,0.0415,low,0
STU-2026-0208,0.0007,-0.1842,4.58,4.92,3,0,0.0,0.0,0,0,0.02,low,0
STU-2026-0209,-0.0592,0.0314,4.07,4.04,0,0,0.0,0.0,1,0,0.02,low,0
STU-2026-0210,-0.4444,-2.8407,1.36,1.88,6,4,0.4417,0.4562,2,0,0.98,high,1
STU-2026-0211,0.0644,0.2774,4.84,4.93,1,0,0.0,0.0,0,0,0.02,low,0
STU-2026-0212,0.0297,0.3122,4.47,4.56,0,0,0.0,0.0,0,0,0.02,low,0
STU-2026-0213,-0.1619,-1.0341,2.06,2.33,2,1,0.185,0.268,2,0,0.6544,high,1
STU-2026-0214,0.0137,0.4322,4.06,3.96,0,0,0.0,0.0,0,0,0.0214,low,0
STU-2026-0215,-0.01,0.4627,3.24,3.57,1,0,0.0,0.0,0,0,0.02,low,0
STU-2026-0216,-0.0283,0.3825,4.57,4.65,1,0,0.0,0.0,0,0,0.0241,low,0
STU-2026-0217,0.0623,0.4261,4.18,4.3,0,0,0.0,0.0,0,0,0.02,low,0
STU-2026-0218,0.0348,-0.3282,3.72,3.95,0,0,0.0,0.0,0,0,0.0443,low,0
STU-2026-0219,0.0717,0.4429,3.78,3.92,0,1,0.0,0.0,0,0,0.02,low,0
STU-2026-0220,-0.0409,0.2294,4.5,4.39,0,1,0.0,0.0,0,0,0.02,low,0
STU-2026-0221,-0.4477,-2.6044,1.89,1.37,5,1,0.4211,0.3935,1,2,0.98,high,1
STU-2026-0222,0.0606,0.4742,3.58,4.16,2,1,0.0,0.0,0,0,0.0209,low,0
STU-2026-0223,-0.1275,-1.0742,2.98,3.12,4,1,0.2308,0.3169,0,0,0.5903,medium,0
STU-2026-0224,-0.1557,-1.0459,2.6,2.43,3,1,0.2492,0.2803,2,0,0.6031,medium,0
STU-2026-0225,0.0319,0.4706,4.96,4.74,0,0,0.0,0.0,0,0,0.02,low,0
STU-2026-0226,0.0643,0.5015,4.34,4.45,0,1,0.0,0.0,0,0,0.0382,low,0
STU-2026-0227,0.0131,0.649,4.38,4.14,3,0,0.0,0.0,0,1,0.02,low,0
STU-2026-0228,0.0593,0.1748,4.14,3.93,1,0,0.0,0.0,0,0,0.02,low,0
STU-2026-0229,-0.0079,-0.1073,4.56,4.74,0,0,0.0,0.0,0,0,0.02,low,0
STU-2026-0230,-0.6372,-2.2084,1.0,1.02,7,4,0.3653,0.4303,2,0,0.979,high,1
STU-2026-0231,-0.1207,-0.8058,2.47,2.52,4,0,0.2063,0.1909,0,0,0.592,medium,0
STU-2026-0232,-0.0119,0.3976,3.71,4.08,0,1,0.0,0.0,0,0,0.02,low,0
STU-2026-0233,-0.0416,0.0159,4.65,4.39,0,0,0.0,0.0,0,0,0.0294,low,0
STU-2026-0234,-0.1172,-0.8688,2.88,2.93,4,3,0.2492,0.28,1,0,0.6219,medium,0
STU-2026-0235,0.0034,0.1559,4.37,4.36,0,2,0.0,0.0,0,0,0.035,low,0
STU-2026-0236,0.0414,-0.0213,4.33,4.24,0,0,0.0,0.0,0,0,0.0465,low,0
STU-2026-0237,-0.0095,-0.0999,4.29,4.24,2,1,0.0,0.0,0,0,0.02,low,0
STU-2026-0238,-0.1759,-0.935,2.64,3.12,3,2,0.1869,0.2588,1,0,0.5939,medium,0
STU-2026-0239,0.0263,0.86,4.26,4.44,0,0,0.0,0.0,0,0,0.02,low,0
STU-2026-0240,0.0619,0.5902,3.49,3.22,0,0,0.0,0.0,0,0,0.0502,low,0
STU-2026-0241,0.0284,0.3321,4.27,4.15,0,0,0.0,0.0,0,0,0.02,low,0
STU-2026-0242,0.0374,0.4776,3.86,3.92,0,1,0.0,0.0,0,0,0.02,low,0
STU-2026-0243,-0.2867,-1.2713,1.72,2.56,5,4,0.2171,0.2734,0,0,0.5937,medium,0
STU-2026-0244,0.0063,0.1908,3.73,3.98,1,0,0.0,0.0,0,0,0.0356,low,0
STU-2026-0245,-0.47,-3.1972,1.0,1.36,14,5,0.435,0.5024,1,0,0.98,high,1
STU-2026-0246,-0.7619,-2.7905,1.05,1.0,6,5,0.4485,0.5004,2,0,0.98,high,1
STU-2026-0247,0.0181,0.0099,4.28,3.59,0,0,0.0,0.0,0,0,0.02,low,0
STU-2026-0248,-0.0462,-1.1121,1.81,2.07,3,2,0.2541,0.2626,1,0,0.6098,medium,0
STU-2026-0249,-0.4274,-3.4963,1.0,1.41,6,7,0.3937,0.4713,2,1,0.98,high,1
STU-2026-0250,0.0554,-0.3065,4.17,3.56,0,0,0.0,0.0,0,0,0.02,low,0
STU-2026-0251,-0.5003,-2.7358,1.47,1.56,8,4,0.489,0.4313,3,0,0.98,high,1
STU-2026-0252,0.0059,0.1392,4.41,4.52,0,0,0.0,0.0,0,0,0.02,low,0
STU-2026-0253,-0.6179,-2.3635,1.47,1.72,8,4,0.5021,0.4789,2,0,0.98,high,1
STU-2026-0254,-0.0257,-0.2513,4.03,3.71,0,0,0.0,0.0,0,0,0.0589,low,0
STU-2026-0255,-0.0221,0.367,4.61,3.93,0,0,0.0,0.0,0,0,0.0291,low,0
STU-2026-0256,0.0915,0.2269,4.17,4.53,0,0,0.0,0.0,0,0,0.0501,low,0
STU-2026-0257,0.0468,0.5433,3.9,4.1,1,0,0.0,0.0,0,0,0.0323,low,0
STU-2026-0258,-0.1239,-1.0847,2.54,2.84,1,2,0.2728,0.229,0,0,0.5615,medium,0
STU-2026-0259,-0.0085,0.0902,4.29,4.23,1,0,0.0,0.0,0,0,0.02,low,0
STU-2026-0260,0.0206,0.4734,4.75,4.19,1,0,0.0,0.0,1,0,0.02,low,0
STU-2026-0261,0.0323,-0.1737,3.85,3.93,0,1,0.0,0.0,0,0,0.02,low,0
STU-2026-0262,-0.1541,-1.0901,2.87,2.81,5,0,0.1835,0.2596,0,0,0.6211,medium,0
STU-2026-0263,-0.5402,-2.7108,1.0,1.0,10,6,0.5264,0.5418,1,1,0.98,high,1
STU-2026-0264,0.0099,0.1285,4.56,3.77,0,0,0.0,0.0,0,0,0.02,low,0
STU-2026-0265,-0.0661,0.2836,4.3,4.48,0,0,0.0,0.0,0,0,0.0226,low,0
STU-2026-0266,-0.029,0.1337,3.68,4.03,0,0,0.0,0.0,0,0,0.0205,low,0
STU-2026-0267,0.0393,-0.0143,4.46,4.11,0,0,0.0,0.0,0,0,0.02,low,0
STU-2026-0268,-0.1798,-1.0251,2.24,2.78,7,1,0.1608,0.2669,0,0,0.5941,medium,0
STU-2026-0269,0.0681,-0.0664,3.92,4.03,0,0,0.0,0.0,0,0,0.0477,low,0
STU-2026-0270,0.0011,-0.3902,3.82,4.43,0,0,0.0,0.0,0,0,0.0319,low,0
STU-2026-0271,-0.002,0.4972,4.88,4.94,0,0,0.0,0.0,0,0,0.02,low,0
STU-2026-0272,-0.1534,-0.7835,2.96,2.81,6,3,0.1976,0.2484,0,0,0.6148,medium,0
STU-2026-0273,0.0267,0.523,4.51,4.44,0,0,0.0,0.0,0,0,0.02,low,0
STU-2026-0274,0.021,0.0239,4.07,4.45,1,0,0.0,0.0,0,0,0.02,low,0
STU-2026-0275,-0.2643,-1.273,3.17,3.3,3,1,0.227,0.2587,1,0,0.6452,medium,0
STU-2026-0276,-0.1981,-0.9645,2.12,2.38,5,0,0.2004,0.2099,1,0,0.6227,medium,0
STU-2026-0277,-0.0174,0.3521,4.27,4.1,1,0,0.0,0.0,0,0,0.02,low,0
STU-2026-0278,-0.0055,0.4742,3.93,3.71,3,0,0.0,0.0,0,0,0.0686,low,0
STU-2026-0279,-0.5439,-2.3417,1.0,1.19,10,5,0.483,0.5199,2,2,0.98,high,1
STU-2026-0280,0.0128,0.0543,3.39,3.82,0,0,0.0,0.0,0,0,0.02,low,0
STU-2026-0281,0.0577,0.0581,4.29,4.19,0,0,0.0,0.0,0,0,0.02,low,0
STU-2026-0282,0.0403,-0.0101,4.03,4.46,0,0,0.0,0.0,0,0,0.02,low,0
STU-2026-0283,-0.2148,-1.3016,2.97,3.16,6,2,0.2821,0.2656,0,0,0.6289,medium,0
STU-2026-0284,-0.1335,-0.4207,1.91,2.27,6,1,0.2583,0.2399,0,0,0.5775,medium,0
STU-2026-0285,-0.2699,-2.8087,1.25,1.0,7,4,0.4982,0.5889,2,0,0.98,high,1
STU-2026-0286,-0.0318,-0.1381,4.77,4.76,1,1,0.0,0.0,0,0,0.02,low,0
STU-2026-0287,-0.0035,0.1944,4.11,4.08,0,1,0.0,0.0,0,0,0.02,low,0
STU-2026-0288,-0.2377,-2.9146,1.24,1.52,10,5,0.4251,0.4794,3,0,0.98,high,1
STU-2026-0289,0.0369,0.0751,3.61,3.76,0,1,0.0,0.0,0,0,0.02,low,0
STU-2026-0290,-0.0759,0.1852,3.64,4.11,0,0,0.0,0.0,0,0,0.02,low,0
STU-2026-0291,-0.121,-1.0881,2.68,2.88,2,3,0.2257,0.2752,0,0,0.5674,medium,0
STU-2026-0292,-0.3541,-2.3225,1.0,1.12,14,1,0.4526,0.5355,2,2,0.98,high,1
STU-2026-0293,-0.2377,-0.9196,3.14,3.47,2,0,0.241,0.2471,0,0,0.5904,medium,0
STU-2026-0294,0.0002,0.2259,4.04,4.07,0,0,0.0,0.0,0,0,0.02,low,0
STU-2026-0295,0.0136,0.1826,4.78,4.89,0,0,0.0,0.0,0,0,0.02,low,0
STU-2026-0296,-0.0443,0.4087,3.89,4.18,1,1,0.0,0.0,0,0,0.0351,low,0
STU-2026-0297,-0.0296,-0.1758,3.07,3.91,1,0,0.0,0.0,0,1,0.02,low,0
STU-2026-0298,0.0125,0.6555,3.65,3.9,1,0,0.0,0.0,0,0,0.02,low,0
STU-2026-0299,0.0264,0.1279,3.86,4.19,0,0,0.0,0.0,0,0,0.02,low,0
STU-2026-0300,-0.4341,-2.5668,1.11,1.48,12,4,0.4852,0.4435,4,0,0.98,high,1
STU-2026-0301,0.0238,0.0771,4.35,4.58,0,0,0.0,0.0,0,0,0.02,low,0
STU-2026-0302,-0.2154,-1.1873,3.13,3.55,5,1,0.2027,0.2538,1,0,0.6846,high,1
STU-2026-0303,-0.1436,-0.8948,2.41,2.64,2,2,0.2472,0.2887,1,0,0.5559,medium,0
STU-2026-0304,-0.0959,0.539,4.56,3.76,1,1,0.0,0.0,0,0,0.02,low,0
STU-2026-0305,-0.5176,-2.2988,1.09,1.0,10,5,0.372,0.4263,2,2,0.98,high,1
STU-2026-0306,-0.4817,-2.3465,1.0,1.14,5,5,0.5105,0.4892,1,0,0.98,high,1
STU-2026-0307,0.0282,-0.0022,3.7,3.94,0,0,0.0,0.0,0,0,0.02,low,0
STU-2026-0308,-0.0359,-0.0968,4.4,4.77,1,0,0.0,0.0,0,0,0.02,low,0
STU-2026-0309,-0.0775,-0.9329,2.67,3.2,2,1,0.244,0.3085,2,0,0.5726,medium,0
STU-2026-0310,-0.6594,-2.2671,1.18,1.48,6,5,0.4598,0.5473,3,1,0.98,high,1
STU-2026-0311,-0.0058,0.6301,4.72,4.52,0,0,0.0,0.0,0,0,0.02,low,0
STU-2026-0312,0.0449,0.1555,4.8,4.66,0,0,0.0,0.0,0,0,0.0267,low,0
STU-2026-0313,0.0079,-0.2102,4.27,3.89,0,0,0.0,0.0,0,0,0.0457,low,0
STU-2026-0314,-0.0067,0.4137,5.0,4.83,0,0,0.0,0.0,0,0,0.02,low,0
STU-2026-0315,0.053,0.2502,4.1,4.22,0,0,0.0,0.0,0,0,0.02,low,0
STU-2026-0316,-0.4523,-2.1194,1.04,1.37,9,6,0.4821,0.4226,3,1,0.98,high,1
STU-2026-0317,0.0895,0.3936,4.77,4.72,0,0,0.0,0.0,0,0,0.02,low,0
STU-2026-0318,0.063,0.0353,4.01,4.07,2,0,0.0,0.0,1,0,0.0565,low,0
STU-2026-0319,-0.0879,-0.6093,2.3,2.42,2,1,0.1714,0.243,1,0,0.5173,medium,0
STU-2026-0320,-0.3385,-2.2146,1.0,1.41,12,4,0.4146,0.5314,1,2,0.98,high,1
STU-2026-0321,0.0365,0.2117,3.27,3.86,0,0,0.0,0.0,0,0,0.02,low,0
STU-2026-0322,0.0223,0.614,3.93,4.04,1,0,0.0,0.0,0,0,0.02,low,0
STU-2026-0323,0.0073,-0.0213,5.0,4.9,1,0,0.0,0.0,0,0,0.0462,low,0
STU-2026-0324,0.022,0.1427,3.94,3.86,0,0,0.0,0.0,0,0,0.0261,low,0
STU-2026-0325,0.0009,0.3787,4.2,4.05,0,0,0.0,0.0,0,0,0.02,low,0
STU-2026-0326,0.0345,-0.1043,3.98,4.52,0,0,0.0,0.0,0,0,0.02,low,0
STU-2026-0327,0.0396,0.4379,4.68,4.76,0,0,0.0,0.0,1,0,0.02,low,0
STU-2026-0328,0.0249,0.338,4.2,4.01,0,0,0.0,0.0,0,0,0.0235,low,0
STU-2026-0329,0.0511,0.1873,4.04,4.39,0,0,0.0,0.0,1,0,0.02,low,0
STU-2026-0330,0.0604,0.35,4.65,4.95,0,0,0.0,0.0,0,0,0.02,low,0
STU-2026-0331,-0.0547,0.1245,3.82,4.0,0,0,0.0,0.0,0,0,0.02,low,0
STU-2026-0332,0.0519,0.0796,4.09,3.98,1,0,0.0,0.0,0,0,0.0761,low,0
STU-2026-0333,-0.1301,-1.424,3.4,3.26,5,3,0.2625,0.3135,2,1,0.6747,high,1
STU-2026-0334,-0.0416,0.5281,4.48,4.68,0,0,0.0,0.0,0,0,0.02,low,0
STU-2026-0335,-0.039,0.2495,5.0,4.46,0,0,0.0,0.0,0,0,0.0294,low,0
STU-2026-0336,0.1076,0.3875,4.16,3.9,0,0,0.0,0.0,1,0,0.02,low,0
STU-2026-0337,0.0377,0.3807,4.0,4.04,1,0,0.0,0.0,1,0,0.02,low,0
STU-2026-0338,0.0209,0.0928,4.65,4.46,1,1,0.0,0.0,0,0,0.0396,low,0
STU-2026-0339,-0.1284,-1.0265,3.23,2.96,3,0,0.222,0.2702,0,0,0.6317,medium,0
STU-2026-0340,-0.1387,-0.4962,3.14,2.51,7,4,0.232,0.2697,1,0,0.6094,medium,0
STU-2026-0341,-0.1465,-0.9614,2.41,2.36,3,3,0.2322,0.1897,0,0,0.5861,medium,0
STU-2026-0342,0.015,0.4144,4.17,4.49,0,0,0.0,0.0,0,0,0.0512,low,0
STU-2026-0343,-0.371,-2.4542,1.7,1.38,5,4,0.4615,0.4705,4,0,0.98,high,1
STU-2026-0344,0.0736,0.3819,3.82,3.92,0,0,0.0,0.0,0,0,0.02,low,0
STU-2026-0345,-0.0657,0.0001,4.94,4.51,0,2,0.0,0.0,0,0,0.02,low,0
STU-2026-0346,-0.0125,0.1152,5.0,4.26,1,0,0.0,0.0,0,0,0.02,low,0
STU-2026-0347,0.084,0.2374,4.18,4.19,0,0,0.0,0.0,0,0,0.0234,low,0
STU-2026-0348,0.0274,0.0769,4.11,4.13,1,1,0.0,0.0,0,0,0.02,low,0
STU-2026-0349,0.0048,-0.0772,4.16,4.07,0,0,0.0,0.0,0,0,0.0239,low,0
STU-2026-0350,-0.0892,-1.3069,2.86,3.13,3,0,0.1618,0.2296,2,0,0.5553,medium,0
STU-2026-0351,0.0246,0.1841,4.76,4.84,1,1,0.0,0.0,0,0,0.02,low,0
STU-2026-0352,0.097,-0.0847,3.87,4.0,0,0,0.0,0.0,0,0,0.02,low,0
STU-2026-0353,0.0658,0.3139,4.22,4.29,0,0,0.0,0.0,0,0,0.0291,low,0
STU-2026-0354,0.0605,-0.1456,4.74,4.94,2,0,0.0,0.0,0,0,0.02,low,0
STU-2026-0355,-0.5316,-2.8064,1.17,1.19,12,8,0.4098,0.5144,3,1,0.98,high,1
STU-2026-0356,-0.0112,0.035,4.48,4.57,0,0,0.0,0.0,0,0,0.02,low,0
STU-2026-0357,0.0189,-0.0671,3.97,4.36,1,1,0.0,0.0,0,0,0.0338,low,0
STU-2026-0358,-0.0077,0.0963,3.27,3.36,1,0,0.0,0.0,0,0,0.02,low,0
STU-2026-0359,0.0574,0.399,4.34,3.84,1,0,0.0,0.0,0,0,0.02,low,0
STU-2026-0360,0.1307,0.4621,4.43,3.98,0,0,0.0,0.0,0,0,0.02,low,0
STU-2026-0361,0.1034,0.5578,4.84,4.55,0,0,0.0,0.0,0,0,0.0223,low,0
STU-2026-0362,0.0327,0.1445,3.58,3.5,0,0,0.0,0.0,0,1,0.02,low,0
STU-2026-0363,-0.1924,-1.1737,2.68,2.42,4,1,0.1697,0.2349,0,0,0.6633,high,1
STU-2026-0364,-0.2109,-1.0514,3.43,3.12,2,1,0.2026,0.2181,0,0,0.5956,medium,0
STU-2026-0365,0.0411,0.3089,4.41,4.35,0,0,0.0,0.0,0,0,0.0253,low,0
STU-2026-0366,0.0641,0.2106,4.57,4.89,0,0,0.0,0.0,0,0,0.02,low,0
STU-2026-0367,0.0139,0.212,3.74,3.53,0,1,0.0,0.0,0,0,0.02,low,0
STU-2026-0368,-0.0885,-0.9076,2.45,2.33,4,1,0.2304,0.2045,0,0,0.644,medium,0
STU-2026-0369,0.0781,0.0579,4.16,4.22,2,0,0.0,0.0,0,1,0.0753,low,0
STU-2026-0370,-0.0033,-0.4996,3.91,3.7,0,0,0.0,0.0,0,0,0.02,low,0
STU-2026-0371,-0.1328,-0.9247,3.17,3.22,3,3,0.2049,0.2897,1,0,0.5605,medium,0
STU-2026-0372,0.0199,0.0932,4.47,4.54,1,0,0.0,0.0,0,0,0.0454,low,0
STU-2026-0373,0.042,0.5127,3.98,4.08,0,1,0.0,0.0,0,0,0.02,low,0
STU-2026-0374,0.0615,0.1711,5.0,4.59,0,0,0.0,0.0,0,0,0.0312,low,0
STU-2026-0375,-0.0276,-0.2018,4.54,4.29,1,0,0.0,0.0,0,0,0.0498,low,0
STU-2026-0376,-0.0067,0.5704,4.51,3.94,0,0,0.0,0.0,1,0,0.02,low,0
STU-2026-0377,-0.5527,-2.5829,1.41,1.92,11,4,0.4209,0.5556,4,2,0.98,high,1
STU-2026-0378,-0.4796,-2.9081,1.32,1.1,7,3,0.4408,0.5357,2,2,0.98,high,1
STU-2026-0379,0.0123,0.242,3.49,3.48,0,0,0.0,0.0,0,0,0.02,low,0
STU-2026-0380,0.0787,0.1507,4.51,3.97,0,0,0.0,0.0,0,0,0.02,low,0
STU-2026-0381,0.0114,0.3009,4.22,4.0,0,0,0.0,0.0,0,0,0.0286,low,0
STU-2026-0382,0.0261,0.4052,4.54,4.04,1,0,0.0,0.0,0,0,0.0356,low,0
STU-2026-0383,0.0016,0.326,4.28,4.69,0,0,0.0,0.0,0,0,0.02,low,0
STU-2026-0384,0.0691,-0.0312,4.58,4.19,0,0,0.0,0.0,1,0,0.02,low,0
STU-2026-0385,0.0252,0.3208,4.26,3.82,0,1,0.0,0.0,0,0,0.0235,low,0
STU-2026-0386,-0.5702,-2.6722,1.0,1.0,7,3,0.4123,0.5493,2,0,0.98,high,1
STU-2026-0387,-0.5891,-2.1538,1.12,1.0,9,4,0.39,0.4251,2,0,0.98,high,1
STU-2026-0388,0.0224,0.0374,4.03,3.94,1,0,0.0,0.0,0,0,0.041,low,0
STU-2026-0389,0.0295,0.0754,4.23,4.38,0,0,0.0,0.0,0,1,0.02,low,0
STU-2026-0390,-0.1525,-0.9709,2.5,2.48,2,2,0.1692,0.2167,1,0,0.5563,medium,0
STU-2026-0391,0.0664,0.1063,4.42,4.22,1,0,0.0,0.0,0,0,0.02,low,0
STU-2026-0392,0.0219,0.2236,4.29,3.97,0,0,0.0,0.0,1,0,0.02,low,0
STU-2026-0393,-0.2195,-0.8483,1.58,2.09,3,4,0.2426,0.2529,0,0,0.5932,medium,0
STU-2026-0394,0.0393,-0.1807,4.31,4.5,0,1,0.0,0.0,0,0,0.02,low,0
STU-2026-0395,0.0752,0.5961,4.09,4.34,0,1,0.0,0.0,0,0,0.02,low,0
STU-2026-0396,-0.0306,0.1533,4.18,4.41,0,0,0.0,0.0,0,0,0.02,low,0
STU-2026-0397,-0.5582,-2.7769,1.0,1.0,13,4,0.5052,0.5213,1,0,0.98,high,1
STU-2026-0398,0.0498,0.1708,4.32,4.29,0,0,0.0,0.0,0,0,0.02,low,0
STU-2026-0399,0.0679,0.0448,4.47,4.39,0,0,0.0,0.0,0,0,0.02,low,0
STU-2026-0400,0.0393,0.4939,4.52,4.69,0,1,0.0,0.0,0,0,0.02,low,0
STU-2026-0401,0.0496,0.4671,3.35,3.12,0,0,0.0,0.0,0,0,0.02,low,0
STU-2026-0402,-0.0092,0.3319,4.78,4.49,0,1,0.0,0.0,0,0,0.02,low,0
STU-2026-0403,0.0076,0.3261,4.42,4.2,0,0,0.0,0.0,0,0,0.02,low,0
STU-2026-0404,-0.0103,0.1533,3.88,4.24,0,1,0.0,0.0,0,0,0.0234,low,0
STU-2026-0405,0.0139,0.5135,4.14,4.46,2,0,0.0,0.0,0,0,0.02,low,0
STU-2026-0406,0.0307,-0.221,4.25,4.33,0,0,0.0,0.0,0,0,0.02,low,0
STU-2026-0407,-0.0785,-0.8221,3.21,3.0,4,1,0.237,0.2772,0,0,0.5993,medium,0
STU-2026-0408,-0.024,0.3896,3.87,3.96,0,0,0.0,0.0,0,0,0.02,low,0
STU-2026-0409,-0.0558,0.3775,3.67,3.8,0,0,0.0,0.0,1,0,0.02,low,0
STU-2026-0410,-0.0873,-1.0674,2.7,2.29,5,1,0.213,0.2425,0,0,0.652,high,1
STU-2026-0411,0.0453,0.1051,4.07,4.15,1,0,0.0,0.0,0,0,0.0407,low,0
STU-2026-0412,-0.1304,-0.8751,3.32,2.77,6,4,0.1721,0.2886,0,0,0.6095,medium,0
STU-2026-0413,0.0681,0.3016,4.47,4.49,0,0,0.0,0.0,0,0,0.02,low,0
STU-2026-0414,0.0231,0.3697,4.29,4.44,0,0,0.0,0.0,0,0,0.02,low,0
STU-2026-0415,0.0663,0.7323,3.99,4.56,0,0,0.0,0.0,0,0,0.0361,low,0
STU-2026-0416,-0.0886,-0.869,3.65,3.55,4,1,0.255,0.2412,1,0,0.5919,medium,0
STU-2026-0417,-0.0295,0.0449,4.72,4.72,0,0,0.0,0.0,0,0,0.0279,low,0
STU-2026-0418,-0.0432,0.0985,4.08,4.53,1,0,0.0,0.0,0,0,0.0426,low,0
STU-2026-0419,0.0237,-0.0536,4.38,3.49,0,0,0.0,0.0,0,0,0.02,low,0
STU-2026-0420,0.0304,0.3869,3.63,3.8,2,0,0.0,0.0,1,0,0.0552,low,0
STU-2026-0421,0.0004,-0.1099,4.0,4.55,0,0,0.0,0.0,0,0,0.02,low,0
STU-2026-0422,0.0235,0.1359,3.87,3.75,1,0,0.0,0.0,0,0,0.02,low,0
STU-2026-0423,-0.0145,0.0919,4.07,4.57,1,0,0.0,0.0,0,0,0.0218,low,0
STU-2026-0424,-0.1967,-0.6236,2.72,2.63,3,2,0.1849,0.2761,1,0,0.5862,medium,0
STU-2026-0425,-0.0218,-0.0819,4.09,4.4,1,0,0.0,0.0,0,0,0.031,low,0
STU-2026-0426,0.0269,0.4764,4.48,4.08,0,0,0.0,0.0,0,0,0.02,low,0
STU-2026-0427,-0.1303,-0.9575,2.8,2.88,6,0,0.1856,0.3127,0,0,0.6403,medium,0
STU-2026-0428,0.0988,0.2047,4.06,3.46,2,0,0.0,0.0,0,0,0.0226,low,0
STU-2026-0429,0.0904,0.4597,4.33,4.22,0,0,0.0,0.0,0,0,0.02,low,0
STU-2026-0430,-0.0825,0.0679,3.66,3.58,1,0,0.0,0.0,0,0,0.02,low,0
STU-2026-0431,-0.031,0.712,4.28,4.13,0,0,0.0,0.0,0,0,0.0315,low,0
STU-2026-0432,0.0145,-0.0931,4.68,3.96,0,0,0.0,0.0,0,0,0.02,low,0
STU-2026-0433,0.0583,0.5818,4.52,4.41,0,0,0.0,0.0,0,0,0.02,low,0
STU-2026-0434,0.0538,0.4901,4.0,3.85,0,0,0.0,0.0,0,0,0.0213,low,0
STU-2026-0435,-0.1949,-0.7744,3.04,3.28,7,0,0.2428,0.2565,1,1,0.6727,high,1
STU-2026-0436,0.0661,0.149,4.74,4.34,0,0,0.0,0.0,1,0,0.02,low,0
STU-2026-0437,0.0408,0.078,3.64,4.27,0,0,0.0,0.0,0,0,0.02,low,0
STU-2026-0438,-0.5329,-2.7108,1.39,1.94,7,2,0.4527,0.4514,1,1,0.98,high,1
STU-2026-0439,0.0494,0.3501,3.76,4.0,0,1,0.0,0.0,0,0,0.02,low,0
STU-2026-0440,0.0021,0.2177,4.36,4.14,0,0,0.0,0.0,0,0,0.02,low,0
STU-2026-0441,-0.0605,0.4162,4.22,4.11,0,1,0.0,0.0,0,0,0.02,low,0
STU-2026-0442,0.0591,0.5331,4.66,4.79,0,2,0.0,0.0,0,0,0.02,low,0
STU-2026-0443,0.0767,0.2916,4.8,3.7,0,0,0.0,0.0,0,0,0.02,low,0
STU-2026-0444,-0.0494,0.5293,4.76,4.78,0,0,0.0,0.0,1,0,0.02,low,0
STU-2026-0445,-0.4823,-2.6765,1.68,1.88,2,5,0.5002,0.5015,2,0,0.98,high,1
STU-2026-0446,-0.0271,0.1145,3.76,4.1,0,0,0.0,0.0,0,0,0.02,low,0
STU-2026-0447,0.0059,0.1541,4.7,4.66,0,0,0.0,0.0,0,0,0.0468,low,0
STU-2026-0448,-0.1492,-1.0795,2.14,2.51,4,4,0.2305,0.2713,2,0,0.6541,high,1
STU-2026-0449,0.0099,0.3367,3.28,3.51,0,0,0.0,0.0,0,0,0.02,low,0
STU-2026-0450,-0.4284,-2.5807,1.02,1.0,11,2,0.4754,0.4346,1,1,0.98,high,1
STU-2026-0451,-0.1281,-0.9879,3.07,3.18,6,3,0.2271,0.2649,1,0,0.6082,medium,0
STU-2026-0452,-0.0955,-1.2974,3.37,3.03,3,2,0.2156,0.1982,0,1,0.5729,medium,0
STU-2026-0453,0.0976,-0.2282,4.07,4.29,1,0,0.0,0.0,0,0,0.0505,low,0
STU-2026-0454,-0.0369,0.1106,3.87,3.78,0,1,0.0,0.0,0,0,0.02,low,0
STU-2026-0455,-0.0397,0.1171,4.45,4.63,0,0,0.0,0.0,0,0,0.02,low,0
STU-2026-0456,-0.0011,0.287,4.65,4.92,1,0,0.0,0.0,1,0,0.02,low,0
STU-2026-0457,-0.0276,-0.0935,3.72,3.7,0,1,0.0,0.0,0,0,0.037,low,0
STU-2026-0458,0.0622,0.0621,4.57,4.55,0,0,0.0,0.0,0,0,0.02,low,0
STU-2026-0459,0.0703,-0.1083,4.75,4.81,0,1,0.0,0.0,0,1,0.02,low,0
STU-2026-0460,-0.6272,-2.4537,1.7,1.55,7,2,0.4396,0.4948,1,0,0.98,high,1
STU-2026-0461,0.034,0.2583,4.03,4.78,0,0,0.0,0.0,0,1,0.02,low,0
STU-2026-0462,-0.186,-0.9221,2.67,3.02,1,4,0.1913,0.182,1,0,0.5542,medium,0
STU-2026-0463,0.0312,0.4288,4.9,4.48,1,1,0.0,0.0,0,0,0.0455,low,0
STU-2026-0464,-0.2047,-0.7642,2.95,2.63,3,3,0.1944,0.2576,0,0,0.6315,medium,0
STU-2026-0465,0.021,0.0123,4.35,4.5,0,0,0.0,0.0,0,0,0.02,low,0
STU-2026-0466,0.0339,0.3774,3.7,4.13,0,0,0.0,0.0,0,0,0.02,low,0
STU-2026-0467,-0.0795,-0.9638,3.52,3.44,1,0,0.2332,0.2508,0,0,0.6362,medium,0
STU-2026-0468,-0.1961,-0.9527,2.92,3.55,6,1,0.2414,0.3127,1,0,0.576,medium,0
STU-2026-0469,-0.0003,0.2203,4.87,4.64,1,0,0.0,0.0,0,0,0.0386,low,0
STU-2026-0470,-0.2045,-1.1332,1.88,2.16,3,1,0.2036,0.2992,0,0,0.6041,medium,0
STU-2026-0471,0.1319,0.3487,4.74,4.76,0,0,0.0,0.0,0,0,0.02,low,0
STU-2026-0472,-0.4303,-2.333,1.03,1.17,10,2,0.4909,0.4955,3,0,0.98,high,1
STU-2026-0473,-0.1858,-0.9656,2.42,2.52,1,3,0.1954,0.2047,0,0,0.5881,medium,0
STU-2026-0474,0.0725,0.1769,3.72,4.39,1,1,0.0,0.0,0,0,0.0461,low,0
STU-2026-0475,0.1165,0.1869,4.66,4.56,0,0,0.0,0.0,0,0,0.025,low,0
STU-2026-0476,-0.1084,-0.7189,2.61,2.94,4,2,0.1604,0.2075,0,0,0.5695,medium,0
STU-2026-0477,-0.1132,-0.5521,3.34,3.73,2,1,0.2299,0.3015,0,0,0.5503,medium,0
STU-2026-0478,-0.3989,-3.2261,1.8,1.96,10,5,0.3973,0.4246,1,0,0.98,high,1
STU-2026-0479,0.003,-0.0077,3.32,3.76,1,0,0.0,0.0,0,0,0.02,low,0
STU-2026-0480,0.0193,0.4297,4.02,4.07,1,0,0.0,0.0,0,0,0.02,low,0
STU-2026-0481,-0.0528,0.2787,5.0,4.97,0,0,0.0,0.0,0,1,0.02,low,0
STU-2026-0482,0.0428,0.0603,4.3,4.19,1,0,0.0,0.0,0,0,0.02,low,0
STU-2026-0483,-0.4719,-2.8314,1.0,1.0,9,5,0.4399,0.602,1,1,0.98,high,1
STU-2026-0484,-0.0133,0.6061,4.32,4.47,0,0,0.0,0.0,0,0,0.0584,low,0
STU-2026-0485,-0.0079,0.2715,4.36,3.72,0,0,0.0,0.0,0,0,0.0645,low,0
STU-2026-0486,-0.1289,-1.3257,2.97,2.95,2,2,0.2434,0.2197,1,0,0.6222,medium,0
STU-2026-0487,0.0287,-0.1434,3.67,3.76,0,0,0.0,0.0,0,0,0.0371,low,0
STU-2026-0488,0.0391,0.2621,4.55,4.41,1,0,0.0,0.0,0,0,0.02,low,0
STU-2026-0489,-0.0015,-0.1779,4.22,4.23,0,0,0.0,0.0,0,0,0.02,low,0
STU-2026-0490,0.005,0.1973,4.23,3.83,1,0,0.0,0.0,0,0,0.02,low,0
STU-2026-0491,0.0023,0.5535,4.64,4.27,0,0,0.0,0.0,0,0,0.02,low,0
STU-2026-0492,0.0044,0.1185,3.77,3.42,1,0,0.0,0.0,0,0,0.02,low,0
STU-2026-0493,0.0192,-0.1899,3.99,4.11,0,0,0.0,0.0,0,0,0.0319,low,0
STU-2026-0494,0.0604,0.4799,3.72,3.81,0,0,0.0,0.0,0,0,0.02,low,0
STU-2026-0495,-0.0281,0.1651,3.8,3.79,1,0,0.0,0.0,0,0,0.02,low,0
STU-2026-0496,-0.3286,-2.9277,1.0,1.06,9,8,0.4148,0.4547,4,0,0.98,high,1
STU-2026-0497,-0.4246,-2.5468,1.5,1.92,13,3,0.4001,0.4216,2,2,0.98,high,1
STU-2026-0498,-0.2972,-1.1627,2.75,2.71,2,1,0.2275,0.2391,0,1,0.553,medium,0
STU-2026-0499,-0.47,-2.5751,1.17,1.12,8,3,0.4582,0.4541,3,1,0.98,high,1
STU-2026-0500,-0.6208,-2.6428,1.12,1.11,10,3,0.3997,0.6017,1,0,0.98,high,1
STU-2026-0501,0.0265,0.4891,4.28,3.79,1,2,0.0,0.0,0,0,0.02,low,0
STU-2026-0502,0.03,0.2978,4.51,3.88,1,0,0.0,0.0,0,0,0.02,low,0
STU-2026-0503,0.0076,-0.0978,3.62,3.61,0,0,0.0,0.0,0,0,0.0469,low,0
STU-2026-0504,0.0394,0.4715,4.35,4.87,0,0,0.0,0.0,0,0,0.02,low,0
STU-2026-0505,0.0888,0.1493,3.92,3.85,0,1,0.0,0.0,0,0,0.0744,low,0
STU-2026-0506,-0.0139,0.0587,3.14,3.28,0,0,0.0,0.0,0,0,0.02,low,0
STU-2026-0507,0.1036,0.1318,4.23,4.08,0,0,0.0,0.0,0,0,0.02,low,0
STU-2026-0508,0.0152,0.2844,3.88,4.4,1,0,0.0,0.0,1,0,0.02,low,0
STU-2026-0509,-0.1305,-0.8971,1.81,2.04,5,2,0.2167,0.228,0,1,0.6394,medium,0
STU-2026-0510,-0.1318,-0.8021,2.45,2.85,2,0,0.277,0.2353,1,0,0.5489,medium,0
STU-2026-0511,-0.0888,-1.0876,2.97,2.9,4,1,0.1814,0.2288,0,0,0.5668,medium,0
STU-2026-0512,-0.1049,-1.1156,1.91,1.84,3,1,0.2238,0.2437,0,0,0.6283,medium,0
STU-2026-0513,-0.2548,-0.5842,3.25,3.82,2,1,0.2185,0.2705,0,0,0.5364,medium,0
STU-2026-0514,0.0504,-0.1733,4.2,4.17,1,0,0.0,0.0,0,0,0.0278,low,0
STU-2026-0515,0.0367,0.4056,3.49,3.58,0,0,0.0,0.0,0,0,0.02,low,0
STU-2026-0516,-0.4131,-2.4892,1.0,1.38,10,2,0.4672,0.4454,1,0,0.98,high,1
STU-2026-0517,-0.1515,-0.859,2.94,2.93,1,1,0.2318,0.2206,1,0,0.5363,medium,0
STU-2026-0518,-0.4893,-2.8304,1.0,1.0,7,8,0.3972,0.4158,4,1,0.98,high,1
STU-2026-0519,0.0446,0.3529,4.57,4.53,0,0,0.0,0.0,0,0,0.02,low,0
STU-2026-0520,-0.0287,0.3996,3.98,3.92,0,1,0.0,0.0,0,0,0.0244,low,0
STU-2026-0521,-0.0093,0.3796,4.41,4.25,0,0,0.0,0.0,0,0,0.02,low,0
STU-2026-0522,0.0589,-0.0818,3.87,3.7,1,0,0.0,0.0,0,0,0.02,low,0
STU-2026-0523,0.0458,0.4516,4.69,4.59,0,0,0.0,0.0,0,0,0.02,low,0
STU-2026-0524,0.0324,0.1856,4.35,4.73,0,0,0.0,0.0,0,0,0.02,low,0
STU-2026-0525,-0.543,-2.9693,1.0,1.0,9,8,0.5179,0.5906,1,0,0.98,high,1
STU-2026-0526,-0.0177,-0.4506,3.78,4.05,1,0,0.0,0.0,1,0,0.0487,low,0
STU-2026-0527,0.1044,0.3083,4.36,4.01,0,1,0.0,0.0,0,0,0.02,low,0
STU-2026-0528,0.0641,0.4163,4.49,4.16,1,0,0.0,0.0,0,0,0.02,low,0
STU-2026-0529,0.0853,0.5508,3.95,4.29,0,0,0.0,0.0,0,0,0.02,low,0
STU-2026-0530,0.1437,-0.1787,3.74,3.82,1,0,0.0,0.0,0,0,0.02,low,0
STU-2026-0531,0.1156,-0.5789,4.16,4.36,0,0,0.0,0.0,0,0,0.0214,low,0
STU-2026-0532,0.0661,0.2016,4.29,4.33,0,0,0.0,0.0,0,0,0.0277,low,0
STU-2026-0533,0.1193,0.5535,3.23,3.25,0,0,0.0,0.0,0,0,0.02,low,0
STU-2026-0534,0.0036,0.3256,4.31,4.4,1,0,0.0,0.0,0,0,0.0267,low,0
STU-2026-0535,0.0786,-0.0892,4.02,4.35,0,0,0.0,0.0,0,0,0.02,low,0
STU-2026-0536,0.0402,0.4816,4.85,4.98,0,0,0.0,0.0,0,0,0.0415,low,0
STU-2026-0537,0.1402,0.2758,3.84,3.84,0,0,0.0,0.0,0,0,0.023,low,0
STU-2026-0538,0.0418,0.0129,3.89,3.81,0,0,0.0,0.0,0,0,0.0437,low,0
STU-2026-0539,-0.8495,-2.4321,1.0,1.0,7,4,0.3703,0.3852,2,1,0.98,high,1
STU-2026-0540,0.033,0.7285,3.87,4.49,0,1,0.0,0.0,0,0,0.02,low,0
STU-2026-0541,0.1345,0.0908,3.33,3.55,0,0,0.0,0.0,0,0,0.0306,low,0
STU-2026-0542,0.0718,0.2826,4.07,3.97,0,0,0.0,0.0,0,0,0.02,low,0
STU-2026-0543,0.0495,0.7683,3.38,3.38,0,0,0.0,0.0,0,0,0.0214,low,0
STU-2026-0544,0.0066,-0.1317,4.51,3.83,0,0,0.0,0.0,0,0,0.02,low,0
STU-2026-0545,0.0666,0.1125,3.79,3.66,0,1,0.0,0.0,0,0,0.02,low,0
STU-2026-0546,-0.0066,0.4346,4.71,4.69,1,0,0.0,0.0,0,0,0.02,low,0
STU-2026-0547,0.0235,-0.0921,4.16,4.23,0,0,0.0,0.0,0,0,0.02,low,0
STU-2026-0548,0.0487,0.316,4.33,4.47,0,0,0.0,0.0,0,0,0.02,low,0
STU-2026-0549,-0.0526,0.2753,4.17,4.2,1,2,0.0,0.0,0,0,0.02,low,0
STU-2026-0550,-0.014,0.2204,4.82,4.45,2,0,0.0,0.0,0,0,0.0298,low,0
STU-2026-0551,-0.5439,-2.8871,2.29,1.84,9,2,0.4566,0.4934,3,0,0.98,high,1
STU-2026-0552,-0.5396,-2.0423,1.45,1.49,13,3,0.4272,0.5324,4,1,0.98,high,1
STU-2026-0553,0.0147,0.5927,4.23,3.84,0,0,0.0,0.0,0,0,0.02,low,0
STU-2026-0554,0.0544,0.4346,3.74,3.66,0,0,0.0,0.0,0,0,0.02,low,0
STU-2026-0555,-0.2016,-1.2682,2.37,2.38,3,1,0.2533,0.2472,1,0,0.6244,medium,0
STU-2026-0556,-0.0481,0.2411,4.2,4.27,1,0,0.0,0.0,0,0,0.02,low,0
STU-2026-0557,0.0142,0.0836,4.11,4.07,0,0,0.0,0.0,0,0,0.02,low,0
STU-2026-0558,0.0695,0.1277,4.63,4.29,0,0,0.0,0.0,1,0,0.02,low,0
STU-2026-0559,-0.0176,0.2208,4.22,4.27,0,0,0.0,0.0,0,0,0.02,low,0
STU-2026-0560,-0.0138,-0.0292,4.47,4.41,0,1,0.0,0.0,0,0,0.02,low,0
STU-2026-0561,0.0157,0.6126,4.46,4.26,1,0,0.0,0.0,0,0,0.02,low,0
STU-2026-0562,0.1126,-0.0362,3.86,4.22,1,0,0.0,0.0,0,0,0.0208,low,0
STU-2026-0563,-0.221,-1.6965,3.24,3.26,3,2,0.2643,0.254,1,0,0.6484,medium,0
STU-2026-0564,0.0167,0.0413,4.36,4.29,0,0,0.0,0.0,0,0,0.02,low,0
STU-2026-0565,0.0852,-0.0092,4.17,4.3,0,0,0.0,0.0,0,0,0.02,low,0
STU-2026-0566,-0.04,0.0921,4.51,4.18,0,0,0.0,0.0,0,0,0.0379,low,0
STU-2026-0567,-0.0093,0.3635,3.99,4.08,1,0,0.0,0.0,0,0,0.02,low,0
STU-2026-0568,0.0265,0.7099,4.16,3.98,0,0,0.0,0.0,0,0,0.0228,low,0
STU-2026-0569,0.0507,0.7163,4.84,4.73,0,0,0.0,0.0,0,0,0.02,low,0
STU-2026-0570,-0.2654,-0.9477,3.06,3.41,4,1,0.2378,0.3194,1,1,0.6495,medium,0
STU-2026-0571,0.0166,0.1763,3.9,4.12,1,0,0.0,0.0,0,0,0.0785,low,0
STU-2026-0572,-0.0003,0.0588,3.99,4.53,2,1,0.0,0.0,1,0,0.0458,low,0
STU-2026-0573,0.0409,-0.1195,3.59,3.45,1,0,0.0,0.0,0,0,0.0514,low,0
STU-2026-0574,-0.3017,-3.2177,1.0,1.0,14,6,0.4087,0.5219,2,0,0.98,high,1
STU-2026-0575,0.0166,0.4329,4.19,4.54,0,1,0.0,0.0,0,1,0.02,low,0
STU-2026-0576,-0.0138,0.0663,4.05,3.52,0,0,0.0,0.0,0,0,0.048,low,0
STU-2026-0577,-0.0412,0.4133,3.44,3.69,1,0,0.0,0.0,0,0,0.02,low,0
STU-2026-0578,-0.024,0.0829,3.72,3.74,0,0,0.0,0.0,0,0,0.02,low,0
STU-2026-0579,-0.141,-0.922,2.67,2.68,2,0,0.1985,0.2582,0,0,0.5819,medium,0
STU-2026-0580,0.0823,0.713,4.41,4.08,1,0,0.0,0.0,0,0,0.0627,low,0
STU-2026-0581,0.0288,0.3142,4.67,4.9,1,0,0.0,0.0,0,0,0.02,low,0
STU-2026-0582,-0.3625,-2.5426,2.1,2.28,2,4,0.4272,0.5112,2,2,0.98,high,1
STU-2026-0583,-0.0189,0.415,4.55,4.5,1,0,0.0,0.0,0,0,0.0412,low,0
STU-2026-0584,-0.0116,0.0332,4.42,4.21,0,0,0.0,0.0,0,0,0.02,low,0
STU-2026-0585,-0.0186,-0.185,4.29,4.44,0,1,0.0,0.0,0,0,0.02,low,0
STU-2026-0586,-0.1376,-0.7083,2.97,2.91,2,1,0.1862,0.3079,1,0,0.5874,medium,0
STU-2026-0587,0.0693,0.1368,3.7,3.67,0,0,0.0,0.0,0,0,0.02,low,0
STU-2026-0588,-0.514,-1.9648,1.0,1.0,10,4,0.4068,0.5053,3,1,0.98,high,1
STU-2026-0589,0.0165,0.3861,3.49,3.27,2,0,0.0,0.0,0,0,0.02,low,0
STU-2026-0590,-0.6224,-2.0447,1.0,1.18,6,3,0.4081,0.4707,1,0,0.9773,high,1
STU-2026-0591,0.0112,0.1331,4.82,5.0,0,1,0.0,0.0,0,0,0.0455,low,0
STU-2026-0592,-0.001,0.2167,4.27,4.52,0,0,0.0,0.0,0,0,0.02,low,0
STU-2026-0593,-0.0269,0.1585,4.85,4.3,0,1,0.0,0.0,0,0,0.02,low,0
STU-2026-0594,0.0043,0.2857,4.54,4.4,0,2,0.0,0.0,0,0,0.02,low,0
STU-2026-0595,-0.187,-1.5969,3.58,3.43,6,2,0.2138,0.2562,0,0,0.6434,medium,0
STU-2026-0596,0.0103,-0.0687,4.58,4.06,2,0,0.0,0.0,0,0,0.02,low,0
STU-2026-0597,0.144,0.2343,4.09,4.37,1,0,0.0,0.0,0,0,0.02,low,0
STU-2026-0598,0.0335,0.6402,4.69,4.66,0,0,0.0,0.0,0,0,0.02,low,0
STU-2026-0599,-0.4684,-2.8071,1.23,1.92,6,3,0.4695,0.4993,4,1,0.98,high,1
STU-2026-0600,-0.1186,-0.7372,2.51,2.35,1,4,0.231,0.2248,0,0,0.5466,medium,0
STU-2026-0001,0.013,0.465,4.18,3.8,0,1,0.0,0.0,0,0,0.02,low,0
STU-2026-0002,-0.0452,-0.442,4.36,4.54,1,0,0.0,0.0,0,0,0.0681,low,0
STU-2026-0003,-0.0563,-0.0009,4.46,4.38,0,0,0.0,0.0,0,0,0.0354,low,0
STU-2026-0004,-0.4496,-2.168,1.1,1.17,10,8,0.5186,0.4797,3,0,0.98,high,1
STU-2026-0005,0.0037,-0.0546,3.79,3.21,0,0,0.0,0.0,0,0,0.02,low,0
STU-2026-0006,0.0537,-0.0106,4.06,4.35,1,0,0.0,0.0,0,0,0.02,low,0
STU-2026-0007,0.0179,0.4621,4.42,4.36,1,0,0.0,0.0,0,0,0.02,low,0
STU-2026-0008,-0.5064,-2.5278,1.97,2.18,14,6,0.4402,0.472,2,1,0.98,high,1
STU-2026-0009,-0.0497,-1.3407,3.22,3.39,4,4,0.2456,0.2524,0,1,0.6114,medium,0
STU-2026-0010,-0.1648,-0.6339,2.62,2.93,4,1,0.2428,0.2644,1,0,0.5946,medium,0
STU-2026-0011,0.0259,-0.0503,4.3,4.57,2,0,0.0,0.0,0,0,0.0213,low,0
STU-2026-0012,-0.0191,0.1184,3.92,3.5,0,0,0.0,0.0,0,0,0.02,low,0
STU-2026-0013,-0.0485,0.3103,3.96,4.65,0,0,0.0,0.0,1,0,0.02,low,0
STU-2026-0014,-0.0869,-1.2695,2.65,2.97,7,2,0.2802,0.2659,0,0,0.6764,high,1
STU-2026-0015,0.0079,0.2222,4.35,4.32,1,0,0.0,0.0,0,0,0.0521,low,0
STU-2026-0016,-0.1257,-0.7413,2.14,2.77,1,1,0.247,0.3643,0,0,0.5815,medium,0
STU-2026-0017,0.0166,0.5205,4.48,4.43,0,0,0.0,0.0,0,0,0.02,low,0
STU-2026-0018,0.074,-0.0956,4.84,4.59,0,0,0.0,0.0,0,0,0.0237,low,0
STU-2026-0019,-0.1207,-1.1361,3.49,2.98,3,1,0.2653,0.3278,0,0,0.6226,medium,0
STU-2026-0020,-0.0535,-0.0373,3.66,3.52,0,1,0.0,0.0,1,0,0.02,low,0
STU-2026-0021,-0.4198,-2.8229,1.18,1.29,7,6,0.3969,0.5009,4,0,0.98,high,1
STU-2026-0022,0.0552,0.0358,4.14,3.82,0,0,0.0,0.0,0,0,0.02,low,0
STU-2026-0023,0.0921,0.3842,4.1,4.53,0,1,0.0,0.0,0,0,0.02,low,0
STU-2026-0024,0.0527,0.1893,4.44,4.37,0,0,0.0,0.0,0,0,0.02,low,0
STU-2026-0025,0.0643,0.2332,4.46,3.81,1,0,0.0,0.0,0,0,0.02,low,0
STU-2026-0026,0.0012,-0.0198,4.0,4.29,1,0,0.0,0.0,0,0,0.0411,low,0
STU-2026-0027,-0.0372,0.4012,3.97,3.84,1,0,0.0,0.0,0,0,0.0254,low,0
STU-2026-0028,-0.0388,0.2139,4.6,4.28,0,0,0.0,0.0,0,0,0.02,low,0
STU-2026-0029,0.0656,0.6134,3.97,4.09,0,1,0.0,0.0,0,0,0.02,low,0
STU-2026-0030,0.1169,0.2795,4.79,4.48,1,0,0.0,0.0,0,0,0.02,low,0
STU-2026-0031,0.004,0.686,4.53,4.53,2,0,0.0,0.0,0,0,0.02,low,0
STU-2026-0032,0.0139,0.4162,3.9,4.13,0,0,0.0,0.0,0,0,0.02,low,0
STU-2026-0033,0.0384,-0.1088,4.77,4.96,2,0,0.0,0.0,0,0,0.02,low,0
STU-2026-0034,-0.0411,-0.3235,5.0,4.83,1,0,0.0,0.0,0,0,0.0425,low,0
STU-2026-0035,-0.0513,0.571,4.3,3.56,1,0,0.0,0.0,0,0,0.0275,low,0
STU-2026-0036,0.0697,0.1687,4.17,3.9,1,0,0.0,0.0,0,0,0.02,low,0
STU-2026-0037,-0.1355,-1.2036,2.57,2.92,4,4,0.2261,0.2382,0,0,0.6872,high,1
STU-2026-0038,0.0674,0.3279,5.0,5.0,0,1,0.0,0.0,0,0,0.0215,low,0
STU-2026-0039,-0.1329,-1.2736,3.17,3.08,3,3,0.2524,0.2666,0,1,0.6062,medium,0
STU-2026-0040,-0.5246,-2.5154,1.56,1.71,10,6,0.4871,0.5008,3,0,0.98,high,1
STU-2026-0041,-0.0084,-0.1689,4.63,4.52,0,0,0.0,0.0,0,0,0.0468,low,0
STU-2026-0042,-0.0428,0.6136,4.43,4.21,0,0,0.0,0.0,0,0,0.02,low,0
STU-2026-0043,0.014,0.4571,3.65,3.82,0,1,0.0,0.0,0,0,0.02,low,0
STU-2026-0044,-0.4217,-2.7387,1.06,1.27,7,1,0.5107,0.6322,2,0,0.98,high,1
STU-2026-0045,-0.2243,-1.3569,2.8,2.71,3,1,0.2581,0.2869,0,0,0.6633,high,1
STU-2026-0046,0.0805,-0.4183,4.49,4.1,0,0,0.0,0.0,0,0,0.02,low,0
STU-2026-0047,0.0174,0.0267,3.62,3.37,0,0,0.0,0.0,0,0,0.02,low,0
STU-2026-0048,0.0038,0.2773,4.41,4.1,1,0,0.0,0.0,0,0,0.0323,low,0
STU-2026-0049,-0.0786,0.4192,3.98,4.17,0,0,0.0,0.0,0,0,0.02,low,0
STU-2026-0050,-0.0224,0.1087,3.97,4.28,0,0,0.0,0.0,0,0,0.02,low,0
STU-2026-0051,0.0676,-0.4179,4.85,4.44,0,0,0.0,0.0,0,0,0.02,low,0
STU-2026-0052,-0.1285,0.3082,4.76,4.48,0,0,0.0,0.0,0,0,0.035,low,0
STU-2026-0053,-0.065,0.09,3.9,4.03,0,0,0.0,0.0,0,0,0.02,low,0
STU-2026-0054,-0.6352,-2.7194,1.21,1.05,9,8,0.4582,0.4461,1,0,0.98,high,1
STU-2026-0055,0.0195,-0.288,4.35,3.66,0,0,0.0,0.0,0,0,0.02,low,0
STU-2026-0056,-0.0059,-0.2359,3.65,3.72,1,0,0.0,0.0,0,0,0.02,low,0
STU-2026-0057,-0.0244,-0.1275,4.3,4.06,0,1,0.0,0.0,0,0,0.02,low,0
STU-2026-0058,-0.0226,0.1694,3.74,4.08,0,0,0.0,0.0,0,0,0.02,low,0
STU-2026-0059,-0.2544,-1.1319,2.59,2.7,4,2,0.2396,0.2819,0,0,0.6825,high,1
STU-2026-0060,0.0656,0.1203,3.7,3.07,1,0,0.0,0.0,1,0,0.02,low,0
STU-2026-0061,0.0419,0.014,4.15,4.2,0,0,0.0,0.0,1,0,0.0261,low,0
STU-2026-0062,0.0005,0.1524,3.91,4.09,1,1,0.0,0.0,0,0,0.02,low,0
STU-2026-0063,-0.0349,-0.0657,3.51,3.36,2,0,0.0,0.0,0,0,0.0445,low,0
STU-2026-0064,-0.0699,0.0903,4.87,4.83,0,0,0.0,0.0,0,0,0.02,low,0
STU-2026-0065,-0.2023,-1.2367,2.16,2.11,4,1,0.2213,0.2931,0,0,0.64,medium,0
STU-2026-0066,-0.0683,-0.6079,2.21,2.47,7,2,0.1439,0.1939,0,0,0.5802,medium,0
STU-2026-0067,-0.514,-2.9935,1.0,1.0,14,2,0.5057,0.5897,3,0,0.98,high,1
STU-2026-0068,-0.0436,0.7236,3.87,4.15,1,0,0.0,0.0,0,0,0.0285,low,0
STU-2026-0069,-0.2598,-0.8972,3.08,2.94,3,1,0.1894,0.2682,0,1,0.5931,medium,0
STU-2026-0070,-0.0229,0.6516,3.71,3.88,0,0,0.0,0.0,0,0,0.02,low,0
STU-2026-0071,-0.1847,-0.8445,3.49,3.41,4,0,0.2107,0.2759,1,0,0.5618,medium,0
STU-2026-0072,0.0025,0.2865,5.0,5.0,1,0,0.0,0.0,0,0,0.0434,low,0
STU-2026-0073,0.0381,0.1727,4.25,4.7,0,0,0.0,0.0,0,0,0.02,low,0
STU-2026-0074,-0.0399,0.0467,4.16,4.04,0,1,0.0,0.0,0,0,0.0413,low,0
STU-2026-0075,0.0941,0.0748,3.71,3.66,0,0,0.0,0.0,0,0,0.02,low,0
STU-2026-0076,-0.3092,-0.647,3.49,3.4,4,2,0.2153,0.3189,0,1,0.6105,medium,0
STU-2026-0077,0.0139,0.4273,3.68,3.75,0,1,0.0,0.0,0,0,0.0397,low,0
STU-2026-0078,0.0014,0.0645,3.87,3.65,0,0,0.0,0.0,0,0,0.02,low,0
STU-2026-0079,-0.1414,-0.8773,3.08,3.19,7,1,0.2206,0.3076,0,0,0.6375,medium,0
STU-2026-0080,-0.0067,-0.0779,4.31,3.99,0,0,0.0,0.0,0,0,0.02,low,0
STU-2026-0081,0.0648,0.2079,4.56,4.98,1,0,0.0,0.0,0,0,0.02,low,0
STU-2026-0082,0.117,0.1866,4.34,4.16,1,0,0.0,0.0,0,1,0.02,low,0
STU-2026-0083,0.0541,0.3002,3.54,3.47,0,0,0.0,0.0,0,0,0.02,low,0
STU-2026-0084,0.0193,0.1473,4.76,4.78,0,0,0.0,0.0,0,0,0.0308,low,0
STU-2026-0085,0.0404,0.3503,4.46,4.65,0,0,0.0,0.0,0,0,0.02,low,0
STU-2026-0086,-0.2337,-1.282,2.51,2.93,4,0,0.2077,0.2715,0,0,0.65,medium,0
STU-2026-0087,-0.0452,-0.0848,4.07,4.22,0,0,0.0,0.0,0,0,0.0405,low,0
STU-2026-0088,-0.2028,-1.2769,2.07,2.14,2,1,0.2226,0.2725,1,0,0.5581,medium,0
STU-2026-0089,-0.0669,0.4654,3.69,3.87,0,1,0.0,0.0,0,0,0.02,low,0
STU-2026-0090,-0.0407,0.1478,4.5,4.49,0,1,0.0,0.0,0,0,0.0238,low,0
STU-2026-0091,0.0014,0.3028,4.39,4.15,1,0,0.0,0.0,0,0,0.02,low,0
STU-2026-0092,-0.1412,-1.1382,2.65,2.3,4,2,0.1976,0.2822,0,0,0.6404,medium,0
STU-2026-0093,0.0207,0.7014,4.21,4.09,1,2,0.0,0.0,0,0,0.02,low,0
STU-2026-0094,0.0006,0.5929,4.96,4.45,0,0,0.0,0.0,0,0,0.02,low,0
STU-2026-0095,-0.1796,-0.7058,2.73,2.99,4,1,0.2505,0.256,1,0,0.5666,medium,0
STU-2026-0096,0.0506,-0.3369,3.25,3.21,1,0,0.0,0.0,0,0,0.02,low,0
STU-2026-0097,-0.4988,-2.4353,1.0,1.12,7,8,0.4996,0.4777,1,2,0.98,high,1
STU-2026-0098,0.1131,-0.1367,4.73,4.7,1,1,0.0,0.0,0,0,0.02,low,0
STU-2026-0099,-0.0321,0.2382,4.19,4.06,1,1,0.0,0.0,0,0,0.0563,low,0
STU-2026-0100,-0.0956,-0.9199,3.08,3.08,3,2,0.2078,0.3307,2,0,0.6247,medium,0
STU-2026-0101,-0.0528,0.0605,4.46,4.33,0,0,0.0,0.0,0,0,0.02,low,0
STU-2026-0102,0.0747,-0.0176,3.91,4.43,0,0,0.0,0.0,0,0,0.02,low,0
STU-2026-0103,0.0672,0.4831,4.66,4.44,0,0,0.0,0.0,0,0,0.02,low,0
STU-2026-0104,-0.0421,-1.2218,2.47,2.41,3,1,0.2206,0.2952,0,0,0.6368,medium,0
STU-2026-0105,-0.3626,-0.8167,3.66,3.38,2,0,0.2672,0.307,0,0,0.5802,medium,0
STU-2026-0106,-0.1466,-0.9409,2.6,2.95,3,1,0.2469,0.2073,0,0,0.6296,medium,0
STU-2026-0107,-0.1158,-1.1094,2.62,2.62,7,1,0.2182,0.2478,0,0,0.619,medium,0
STU-2026-0108,0.01,-0.0758,4.19,4.19,1,1,0.0,0.0,0,0,0.02,low,0
STU-2026-0109,-0.0044,0.192,4.39,4.02,0,0,0.0,0.0,0,0,0.02,low,0
STU-2026-0110,-0.3561,-2.7692,1.0,1.05,9,3,0.464,0.4755,3,1,0.98,high,1
STU-2026-0111,-0.1024,-0.9567,2.57,2.69,1,1,0.1989,0.2732,0,0,0.6508,high,1
STU-2026-0112,-0.1212,-1.5407,2.33,2.48,3,0,0.2131,0.254,0,0,0.6551,high,1
STU-2026-0113,-0.0754,0.5253,4.43,4.47,0,0,0.0,0.0,0,0,0.0422,low,0
STU-2026-0114,0.037,0.3856,4.6,4.64,2,0,0.0,0.0,0,1,0.02,low,0
STU-2026-0115,-0.1733,-0.9112,1.87,2.53,6,1,0.2575,0.2115,0,0,0.5781,medium,0
STU-2026-0116,-0.0504,-0.0694,4.56,4.12,0,0,0.0,0.0,0,0,0.0212,low,0
STU-2026-0117,-0.09,-1.3888,2.39,2.29,2,0,0.1775,0.2747,1,0,0.6476,medium,0
STU-2026-0118,0.0898,0.0034,5.0,5.0,2,1,0.0,0.0,0,0,0.0211,low,0
STU-2026-0119,-0.0356,0.1924,3.57,3.77,0,0,0.0,0.0,0,0,0.02,low,0
STU-2026-0120,-0.4441,-2.7847,1.18,1.49,13,5,0.466,0.4872,4,0,0.98,high,1
STU-2026-0121,0.0148,0.0244,3.93,4.35,1,0,0.0,0.0,0,0,0.02,low,0
STU-2026-0122,-0.0446,0.032,3.99,3.87,0,0,0.0,0.0,0,0,0.02,low,0
STU-2026-0123,-0.015,-0.0367,3.63,3.94,1,0,0.0,0.0,0,0,0.0347,low,0
STU-2026-0124,0.0325,0.6442,4.32,4.49,0,0,0.0,0.0,0,0,0.0458,low,0
STU-2026-0125,0.0121,0.9633,3.99,3.78,1,0,0.0,0.0,0,0,0.02,low,0
STU-2026-0126,0.0448,0.0795,4.02,4.54,0,0,0.0,0.0,0,0,0.02,low,0
STU-2026-0127,0.0326,0.2215,4.14,4.27,1,0,0.0,0.0,0,0,0.02,low,0
STU-2026-0128,-0.4121,-2.8007,1.0,1.59,14,5,0.3685,0.5549,3,1,0.98,high,1
STU-2026-0129,0.0182,0.1309,4.34,4.22,0,0,0.0,0.0,0,0,0.02,low,0
STU-2026-0130,-0.243,-0.9842,3.54,3.33,4,1,0.2555,0.265,2,0,0.5661,medium,0
STU-2026-0131,0.0581,0.0189,4.21,4.42,0,0,0.0,0.0,0,0,0.02,low,0
STU-2026-0132,-0.0406,0.0923,4.67,5.0,1,0,0.0,0.0,0,0,0.0212,low,0
STU-2026-0133,0.0404,0.2537,4.93,4.46,1,0,0.0,0.0,0,0,0.0877,low,0
STU-2026-0134,-0.0766,0.2661,4.71,4.91,0,0,0.0,0.0,0,0,0.02,low,0
STU-2026-0135,-0.0539,0.6708,3.75,3.94,0,0,0.0,0.0,1,0,0.02,low,0
STU-2026-0136,-0.0321,-0.0479,4.53,4.36,0,0,0.0,0.0,0,0,0.02,low,0
STU-2026-0137,-0.1077,-1.2617,2.49,2.7,4,1,0.2335,0.2964,0,0,0.6198,medium,0
STU-2026-0138,-0.074,0.5224,4.25,4.45,1,0,0.0,0.0,0,0,0.02,low,0
STU-2026-0139,0.0216,0.1627,4.6,3.69,1,0,0.0,0.0,0,0,0.02,low,0
STU-2026-0140,0.1033,0.3966,4.22,3.58,1,1,0.0,0.0,1,0,0.02,low,0
STU-2026-0141,0.0003,0.4741,3.57,3.47,1,0,0.0,0.0,0,0,0.0328,low,0
STU-2026-0142,-0.1653,-1.0808,2.85,3.55,4,3,0.2508,0.2795,1,0,0.6118,medium,0
STU-2026-0143,-0.1174,-0.0948,3.55,3.55,0,0,0.0,0.0,1,0,0.02,low,0
STU-2026-0144,-0.0087,-0.1518,3.89,4.02,0,0,0.0,0.0,0,0,0.02,low,0
STU-2026-0145,0.0477,0.6829,4.48,4.05,0,0,0.0,0.0,0,0,0.02,low,0
STU-2026-0146,-0.538,-3.2007,1.0,1.19,3,6,0.4305,0.5247,1,0,0.98,high,1
STU-2026-0147,0.0036,-0.0173,3.81,3.77,0,0,0.0,0.0,0,0,0.02,low,0
STU-2026-0148,0.0126,0.1698,3.85,4.4,0,0,0.0,0.0,0,1,0.02,low,0
STU-2026-0149,-0.0026,0.8296,4.88,4.86,0,0,0.0,0.0,0,0,0.02,low,0
STU-2026-0150,0.0032,0.0963,4.39,4.43,0,0,0.0,0.0,0,0,0.02,low,0
STU-2026-0151,-0.0295,0.0274,4.06,3.95,0,0,0.0,0.0,0,0,0.02,low,0
STU-2026-0152,0.0636,0.223,3.57,4.02,1,0,0.0,0.0,0,0,0.02,low,0
STU-2026-0153,-0.0026,-1.2023,2.71,3.16,1,0,0.2485,0.2753,0,1,0.5801,medium,0
STU-2026-0154,0.0253,0.8497,3.59,4.08,0,1,0.0,0.0,0,0,0.02,low,0
STU-2026-0155,0.016,0.2819,3.95,3.8,0,1,0.0,0.0,0,0,0.02,low,0
STU-2026-0156,-0.1692,-0.7163,2.39,3.12,2,1,0.2549,0.2978,1,0,0.638,medium,0
STU-2026-0157,-0.1563,-1.1212,3.23,3.55,3,3,0.264,0.2495,0,0,0.6119,medium,0
STU-2026-0158,0.0187,-0.0691,4.26,4.05,1,1,0.0,0.0,0,0,0.02,low,0
STU-2026-0159,0.0432,0.7029,4.5,4.41,2,0,0.0,0.0,0,1,0.0245,low,0
STU-2026-0160,-0.169,-0.7602,3.03,2.64,1,0,0.2145,0.2778,2,0,0.565,medium,0
STU-2026-0161,-0.0213,0.3597,4.6,4.64,0,0,0.0,0.0,1,0,0.02,low,0
STU-2026-0162,0.1525,0.2349,4.21,4.77,0,0,0.0,0.0,0,0,0.0299,low,0
STU-2026-0163,0.0639,-0.1341,4.28,4.5,0,0,0.0,0.0,0,0,0.02,low,0
STU-2026-0164,-0.0477,-0.3295,4.27,4.33,1,0,0.0,0.0,0,0,0.0643,low,0
STU-2026-0165,-0.1815,-1.0961,2.79,2.99,2,1,0.2571,0.2666,2,1,0.5815,medium,0
STU-2026-0166,-0.237,-1.2166,2.75,2.7,7,0,0.2263,0.302,1,0,0.6476,medium,0
STU-2026-0167,0.0448,0.2699,4.98,4.72,1,0,0.0,0.0,0,0,0.02,low,0
STU-2026-0168,0.0251,0.1587,3.99,3.34,1,1,0.0,0.0,0,0,0.02,low,0
STU-2026-0169,-0.0427,0.6662,3.76,3.92,0,1,0.0,0.0,0,0,0.0383,low,0
STU-2026-0170,-0.003,0.087,4.21,4.35,0,0,0.0,0.0,0,0,0.02,low,0
STU-2026-0171,0.0185,-0.0883,4.36,4.21,0,0,0.0,0.0,0,0,0.02,low,0
STU-2026-0172,-0.0729,0.1824,3.37,3.5,0,1,0.0,0.0,1,0,0.02,low,0
STU-2026-0173,0.0169,0.3701,4.31,3.92,0,0,0.0,0.0,0,0,0.0215,low,0
STU-2026-0174,0.0175,0.0664,4.5,4.88,0,0,0.0,0.0,0,1,0.0252,low,0
STU-2026-0175,0.0486,0.1459,4.42,4.63,1,0,0.0,0.0,0,0,0.02,low,0
STU-2026-0176,-0.0176,0.1717,4.08,3.9,1,0,0.0,0.0,0,0,0.043,low,0
STU-2026-0177,0.1303,-0.1247,3.52,3.44,0,1,0.0,0.0,0,0,0.02,low,0
STU-2026-0178,0.0385,0.3438,4.23,4.75,0,0,0.0,0.0,0,0,0.02,low,0
STU-2026-0179,0.0427,0.27,4.65,5.0,0,0,0.0,0.0,0,1,0.0335,low,0
STU-2026-0180,-0.0759,0.2165,5.0,4.74,0,0,0.0,0.0,0,0,0.0318,low,0
STU-2026-0181,-0.0594,0.2369,3.53,3.52,0,0,0.0,0.0,0,0,0.02,low,0
STU-2026-0182,0.0698,0.3539,3.55,3.87,2,0,0.0,0.0,0,0,0.0521,low,0
STU-2026-0183,0.0703,0.298,3.7,3.78,0,0,0.0,0.0,0,0,0.02,low,0
STU-2026-0184,-0.0328,0.4633,4.47,4.2,0,0,0.0,0.0,1,0,0.02,low,0
STU-2026-0185,-0.1798,-0.9885,3.03,3.13,5,1,0.2511,0.2604,0,1,0.669,high,1
STU-2026-0186,-0.3561,-2.2209,1.78,2.06,5,6,0.4726,0.3998,1,0,0.9594,high,1
STU-2026-0187,0.0426,0.4562,4.73,4.38,0,0,0.0,0.0,0,0,0.02,low,0
STU-2026-0188,-0.2433,-1.147,2.51,2.73,1,1,0.3272,0.3133,0,0,0.6075,medium,0
STU-2026-0189,-0.005,0.1324,4.13,4.54,1,0,0.0,0.0,0,0,0.02,low,0
STU-2026-0190,-0.0024,0.5043,4.19,4.25,1,0,0.0,0.0,0,0,0.02,low,0
STU-2026-0191,0.0083,0.043,3.97,4.12,0,0,0.0,0.0,0,0,0.02,low,0
STU-2026-0192,0.0161,0.3129,3.65,4.0,0,1,0.0,0.0,0,0,0.02,low,0
STU-2026-0193,0.0081,0.5458,4.15,4.06,1,0,0.0,0.0,0,0,0.0383,low,0
STU-2026-0194,-0.0045,0.2528,4.59,3.85,0,0,0.0,0.0,0,0,0.02,low,0
STU-2026-0195,-0.0112,0.4784,4.61,5.0,0,0,0.0,0.0,0,0,0.02,low,0
STU-2026-0196,-0.0974,-1.1141,3.51,3.22,7,0,0.2075,0.3263,0,0,0.6871,high,1
STU-2026-0197,0.0489,0.1274,4.43,4.5,0,1,0.0,0.0,0,0,0.0225,low,0
STU-2026-0198,0.0628,0.5453,4.19,3.64,0,0,0.0,0.0,0,0,0.02,low,0
STU-2026-0199,0.0941,-0.0788,4.18,4.3,0,0,0.0,0.0,0,0,0.028,low,0
STU-2026-0200,-0.0932,0.1894,4.82,5.0,0,0,0.0,0.0,0,0,0.02,low,0
STU-2026-0201,0.0519,-0.4327,4.46,4.25,1,0,0.0,0.0,0,0,0.0634,low,0
STU-2026-0202,0.0653,-0.1087,4.58,4.3,0,1,0.0,0.0,0,0,0.02,low,0
STU-2026-0203,-0.0125,0.6138,4.6,4.14,1,0,0.0,0.0,0,0,0.0233,low,0
STU-2026-0204,0.0537,0.25,4.38,3.98,1,1,0.0,0.0,0,0,0.0459,low,0
STU-2026-0205,0.0462,0.6794,4.72,4.37,0,0,0.0,0.0,0,0,0.02,low,0
STU-2026-0206,-0.0761,-0.7157,2.9,3.28,2,2,0.2348,0.2507,1,0,0.5738,medium,0
STU-2026-0207,-0.0176,0.1564,3.94,4.12,0,0,0.0,0.0,0,0,0.0402,low,0
STU-2026-0208,-0.0235,0.3831,4.79,4.64,1,1,0.0,0.0,0,0,0.02,low,0
STU-2026-0209,-0.0576,-0.1111,3.71,3.89,0,0,0.0,0.0,0,0,0.02,low,0
STU-2026-0210,-0.4779,-2.1441,1.73,1.65,7,4,0.3766,0.4648,2,0,0.9594,high,1
STU-2026-0211,0.0165,0.508,4.8,5.0,1,0,0.0,0.0,0,0,0.0452,low,0
STU-2026-0212,-0.021,0.174,4.52,4.4,0,0,0.0,0.0,0,0,0.0404,low,0
STU-2026-0213,-0.2204,-1.28,2.78,2.58,4,3,0.243,0.2564,0,0,0.6429,medium,0
STU-2026-0214,0.0586,0.5039,4.07,3.7,0,0,0.0,0.0,0,0,0.0314,low,0
STU-2026-0215,0.0224,0.1793,3.76,3.92,0,0,0.0,0.0,0,0,0.02,low,0
STU-2026-0216,0.0478,0.1548,4.34,4.42,0,0,0.0,0.0,0,0,0.02,low,0
STU-2026-0217,-0.0173,0.3139,4.1,4.41,0,0,0.0,0.0,0,0,0.02,low,0
STU-2026-0218,0.0348,0.4196,4.26,4.12,0,0,0.0,0.0,0,0,0.02,low,0
STU-2026-0219,0.0625,0.1801,4.18,4.53,0,0,0.0,0.0,0,0,0.02,low,0
STU-2026-0220,-0.0134,0.4566,4.47,4.53,0,0,0.0,0.0,0,0,0.02,low,0
STU-2026-0221,-0.4433,-2.7216,1.0,1.07,12,6,0.4277,0.5111,2,0,0.98,high,1
STU-2026-0222,0.0179,0.7037,4.04,3.73,0,0,0.0,0.0,1,0,0.0503,low,0
STU-2026-0223,-0.1748,-0.3739,2.72,3.21,3,2,0.2131,0.3147,1,0,0.5574,medium,0
STU-2026-0224,-0.1075,-1.4299,3.33,2.87,2,3,0.205,0.244,2,0,0.6333,medium,0
STU-2026-0225,-0.0358,0.2647,4.7,4.87,0,0,0.0,0.0,0,0,0.02,low,0
STU-2026-0226,0.0036,0.4046,4.62,4.22,0,0,0.0,0.0,0,0,0.02,low,0
STU-2026-0227,0.0401,0.2246,3.57,3.73,0,0,0.0,0.0,0,0,0.02,low,0
STU-2026-0228,-0.0363,0.0432,4.27,4.29,0,0,0.0,0.0,0,0,0.02,low,0
STU-2026-0229,0.0379,0.3586,4.95,4.71,1,0,0.0,0.0,0,0,0.0429,low,0
STU-2026-0230,-0.4878,-2.8854,1.0,1.0,11,4,0.4747,0.5357,2,0,0.98,high,1
STU-2026-0231,-0.1609,-0.9607,3.08,2.43,3,0,0.2567,0.2691,0,1,0.5468,medium,0
STU-2026-0232,0.0628,0.3466,3.63,3.93,0,0,0.0,0.0,0,0,0.02,low,0
STU-2026-0233,0.0687,-0.1508,4.5,4.32,0,0,0.0,0.0,1,0,0.02,low,0
STU-2026-0234,-0.1412,-0.8109,2.16,2.98,5,2,0.2357,0.2722,1,0,0.6781,high,1
STU-2026-0235,-0.013,0.3936,4.41,4.33,1,0,0.0,0.0,0,0,0.02,low,0
STU-2026-0236,0.0708,-0.4313,4.24,3.77,0,1,0.0,0.0,0,0,0.02,low,0
STU-2026-0237,0.1062,-0.1053,4.99,4.47,1,0,0.0,0.0,0,0,0.0428,low,0
STU-2026-0238,-0.1355,-0.5782,3.19,2.91,4,0,0.2367,0.2608,1,0,0.6026,medium,0
STU-2026-0239,-0.046,0.305,4.95,4.51,0,0,0.0,0.0,0,0,0.02,low,0
STU-2026-0240,-0.0449,0.0129,3.89,3.42,0,0,0.0,0.0,0,0,0.02,low,0
STU-2026-0241,0.0526,-0.1393,3.92,3.87,0,1,0.0,0.0,0,0,0.02,low,0
STU-2026-0242,-0.0076,0.5128,3.34,3.37,0,0,0.0,0.0,0,0,0.0252,low,0
STU-2026-0243,-0.0681,-0.8085,2.27,2.36,4,1,0.2394,0.2644,0,0,0.5996,medium,0
STU-2026-0244,-0.0759,0.6223,3.46,3.55,1,0,0.0,0.0,0,0,0.02,low,0
STU-2026-0245,-0.2419,-2.8289,1.12,1.25,6,6,0.4709,0.4842,1,0,0.98,high,1
STU-2026-0246,-0.6687,-2.9427,1.0,1.0,14,1,0.4873,0.5504,4,0,0.98,high,1
STU-2026-0247,0.0643,-0.2869,3.98,3.73,1,0,0.0,0.0,1,0,0.0362,low,0
STU-2026-0248,-0.1774,-1.6103,1.87,2.47,7,2,0.2153,0.2636,2,0,0.6564,high,1
STU-2026-0249,-0.6232,-2.6443,1.0,1.36,8,5,0.4717,0.5499,2,0,0.98,high,1
STU-2026-0250,0.0488,0.3412,4.25,4.01,2,0,0.0,0.0,0,0,0.02,low,0
STU-2026-0251,-0.6742,-2.87,1.65,1.54,11,1,0.4,0.5725,1,0,0.98,high,1
STU-2026-0252,-0.0269,0.3917,3.94,4.3,0,0,0.0,0.0,0,0,0.0206,low,0
STU-2026-0253,-0.4395,-2.8201,1.55,1.78,14,4,0.3997,0.5159,3,1,0.98,high,1
STU-2026-0254,-0.0233,0.4554,3.8,3.54,0,0,0.0,0.0,0,0,0.02,low,0
STU-2026-0255,0.0338,0.0346,4.44,4.6,0,0,0.0,0.0,0,0,0.02,low,0
STU-2026-0256,0.1018,-0.091,3.59,4.23,0,1,0.0,0.0,0,0,0.0397,low,0
STU-2026-0257,0.0374,0.2786,4.09,3.97,1,0,0.0,0.0,0,0,0.02,low,0
STU-2026-0258,-0.1047,-1.2714,2.06,2.17,2,4,0.2764,0.2886,0,0,0.6241,medium,0
STU-2026-0259,0.0486,0.2364,4.13,3.74,0,0,0.0,0.0,1,0,0.02,low,0
STU-2026-0260,0.0383,-0.2287,4.71,4.51,0,0,0.0,0.0,0,0,0.02,low,0
STU-2026-0261,-0.042,0.2111,4.06,3.98,2,0,0.0,0.0,1,0,0.02,low,0
STU-2026-0262,-0.0218,-0.8067,2.95,3.09,6,2,0.2465,0.2245,0,0,0.621,medium,0
STU-2026-0263,-0.3909,-2.7551,1.0,1.03,6,2,0.3897,0.5484,2,1,0.98,high,1
STU-2026-0264,0.1093,-0.0984,4.08,4.21,0,0,0.0,0.0,0,0,0.0284,low,0
STU-2026-0265,0.0036,-0.0148,4.53,4.5,0,0,0.0,0.0,0,0,0.02,low,0
STU-2026-0266,0.0736,0.5266,4.49,3.86,2,0,0.0,0.0,0,0,0.041,low,0
STU-2026-0267,0.0753,0.3651,4.17,4.06,1,0,0.0,0.0,0,0,0.0383,low,0
STU-2026-0268,-0.1386,-0.8608,2.46,2.56,4,2,0.2287,0.2488,0,1,0.6318,medium,0
STU-2026-0269,0.0541,0.1003,3.61,3.65,0,0,0.0,0.0,0,0,0.0393,low,0
STU-2026-0270,-0.0441,0.672,4.43,4.25,1,0,0.0,0.0,0,0,0.02,low,0
STU-2026-0271,0.0852,0.3377,5.0,5.0,1,0,0.0,0.0,0,0,0.02,low,0
STU-2026-0272,-0.1628,-1.1253,2.49,2.32,1,2,0.2959,0.2838,0,0,0.6306,medium,0
STU-2026-0273,0.0397,0.6864,4.4,4.41,0,0,0.0,0.0,0,0,0.02,low,0
STU-2026-0274,0.0965,0.5523,3.7,4.49,0,0,0.0,0.0,0,0,0.02,low,0
STU-2026-0275,-0.2052,-0.3414,2.69,3.29,3,1,0.2574,0.2615,2,0,0.5698,medium,0
STU-2026-0276,-0.0666,-0.6509,2.2,2.27,4,3,0.2357,0.2462,0,0,0.591,medium,0
STU-2026-0277,-0.0414,-0.147,3.88,3.83,0,0,0.0,0.0,0,0,0.02,low,0
STU-2026-0278,-0.1102,-0.0278,3.98,3.77,1,1,0.0,0.0,0,0,0.0457,low,0
STU-2026-0279,-0.2934,-2.7417,1.0,1.0,12,5,0.4299,0.6123,4,2,0.98,high,1
STU-2026-0280,-0.0421,0.0011,3.62,4.0,0,0,0.0,0.0,0,0,0.02,low,0
STU-2026-0281,0.027,-0.12,4.23,4.72,0,0,0.0,0.0,0,0,0.0641,low,0
STU-2026-0282,-0.033,0.4672,3.82,4.55,1,0,0.0,0.0,0,0,0.02,low,0
STU-2026-0283,-0.1779,-1.413,2.89,2.98,2,2,0.2554,0.308,0,0,0.6035,medium,0
STU-2026-0284,-0.2524,-1.0102,2.62,2.57,7,0,0.2493,0.2626,1,0,0.6204,medium,0
STU-2026-0285,-0.4503,-3.2051,1.0,1.32,8,3,0.3825,0.5429,3,0,0.98,high,1
STU-2026-0286,0.0068,0.2224,4.64,5.0,0,0,0.0,0.0,0,0,0.02,low,0
STU-2026-0287,0.0947,0.0846,3.99,4.07,0,0,0.0,0.0,0,0,0.02,low,0
STU-2026-0288,-0.5715,-2.8709,1.27,1.01,12,5,0.4287,0.4016,4,0,0.98,high,1
STU-2026-0289,-0.0483,0.3961,3.61,3.47,2,0,0.0,0.0,0,0,0.02,low,0
STU-2026-0290,0.0186,0.4155,3.94,3.79,0,0,0.0,0.0,0,0,0.02,low,0
STU-2026-0291,-0.2079,-0.9537,2.68,2.27,3,1,0.2403,0.2162,1,1,0.5851,medium,0
STU-2026-0292,-0.3752,-2.9758,1.0,1.0,6,4,0.5895,0.4513,1,2,0.98,high,1
STU-2026-0293,-0.1394,-1.298,2.82,3.35,3,3,0.2094,0.2208,0,0,0.6133,medium,0
STU-2026-0294,0.0395,0.3621,3.91,3.85,0,1,0.0,0.0,0,0,0.02,low,0
STU-2026-0295,0.0213,0.3886,4.48,5.0,0,0,0.0,0.0,0,0,0.02,low,0
STU-2026-0296,0.0572,0.0003,4.42,3.98,1,0,0.0,0.0,0,0,0.02,low,0
STU-2026-0297,0.0711,0.2782,3.76,3.79,1,0,0.0,0.0,1,0,0.02,low,0
STU-2026-0298,-0.0115,0.1225,4.26,3.58,0,0,0.0,0.0,0,0,0.0508,low,0
STU-2026-0299,0.0052,0.3514,4.46,4.13,2,0,0.0,0.0,0,0,0.02,low,0
STU-2026-0300,-0.1407,-2.6888,1.03,1.67,4,5,0.4416,0.4604,1,1,0.9249,high,1
STU-2026-0301,0.001,-0.042,4.51,4.74,1,0,0.0,0.0,0,0,0.02,low,0
STU-2026-0302,-0.2252,-0.7348,3.23,3.28,1,3,0.1493,0.2528,1,0,0.5388,medium,0
STU-2026-0303,-0.0601,-0.9132,2.49,2.56,6,1,0.2207,0.2668,1,0,0.6182,medium,0
STU-2026-0304,0.1352,0.3347,4.41,4.0,0,0,0.0,0.0,0,0,0.02,low,0
STU-2026-0305,-0.4553,-2.4233,1.0,1.0,14,1,0.4702,0.521,2,0,0.98,high,1
STU-2026-0306,-0.5605,-2.5134,1.08,1.26,14,5,0.4256,0.6137,2,0,0.98,high,1
STU-2026-0307,0.0391,-0.2624,3.9,4.13,0,2,0.0,0.0,0,0,0.02,low,0
STU-2026-0308,0.0597,0.13,4.71,4.77,0,0,0.0,0.0,0,0,0.02,low,0
STU-2026-0309,-0.0835,-0.9945,2.82,3.04,3,1,0.2426,0.2295,0,0,0.6329,medium,0
STU-2026-0310,-0.69,-2.6475,1.0,1.26,12,4,0.3987,0.531,3,1,0.98,high,1
STU-2026-0311,-0.039,0.3245,4.19,4.54,1,0,0.0,0.0,0,0,0.028,low,0
STU-2026-0312,-0.0529,0.0388,4.89,4.74,0,0,0.0,0.0,0,0,0.0267,low,0
STU-2026-0313,0.0685,0.3472,3.94,4.54,0,0,0.0,0.0,0,0,0.02,low,0
STU-2026-0314,0.0224,-0.1684,4.77,4.96,1,0,0.0,0.0,1,0,0.0443,low,0
STU-2026-0315,0.0595,0.5496,4.0,4.36,0,0,0.0,0.0,0,0,0.02,low,0
STU-2026-0316,-0.6112,-2.3687,1.36,1.63,6,3,0.4305,0.5702,1,1,0.98,high,1
STU-2026-0317,0.0477,0.5001,5.0,4.81,0,0,0.0,0.0,0,0,0.0518,low,0
STU-2026-0318,0.025,0.2647,4.17,3.81,0,0,0.0,0.0,0,0,0.02,low,0
STU-2026-0319,-0.1459,-0.8396,2.16,2.04,2,4,0.184,0.2752,1,0,0.5713,medium,0
STU-2026-0320,-0.4,-2.4816,1.0,1.36,11,6,0.4655,0.4711,3,2,0.98,high,1
STU-2026-0321,0.018,0.108,3.6,3.66,0,0,0.0,0.0,1,0,0.02,low,0
STU-2026-0322,-0.0181,0.1291,3.87,4.05,0,1,0.0,0.0,0,0,0.02,low,0
STU-2026-0323,0.008,0.0514,4.86,5.0,0,0,0.0,0.0,0,0,0.0356,low,0
STU-2026-0324,0.0007,0.0959,4.34,3.99,0,1,0.0,0.0,0,0,0.02,low,0
STU-2026-0325,0.0238,0.2897,4.19,3.98,0,0,0.0,0.0,0,0,0.02,low,0
STU-2026-0326,0.0085,0.0461,4.31,4.09,0,0,0.0,0.0,0,0,0.0536,low,0
STU-2026-0327,-0.0055,0.7929,3.76,4.67,0,0,0.0,0.0,0,0,0.02,low,0
STU-2026-0328,-0.0226,-0.0021,3.83,3.86,0,0,0.0,0.0,0,0,0.02,low,0
STU-2026-0329,0.0486,-0.2999,4.35,4.39,0,0,0.0,0.0,0,1,0.026,low,0
STU-2026-0330,-0.0317,0.0926,5.0,5.0,0,0,0.0,0.0,0,0,0.02,low,0
STU-2026-0331,0.0153,-0.0265,4.37,4.34,1,1,0.0,0.0,0,0,0.02,low,0
STU-2026-0332,0.0177,0.1042,3.78,3.86,2,0,0.0,0.0,0,0,0.02,low,0
STU-2026-0333,-0.1633,-0.9848,2.67,3.57,3,2,0.1819,0.3349,0,0,0.6528,high,1
STU-2026-0334,0.0737,0.2628,4.76,4.59,0,0,0.0,0.0,0,0,0.02,low,0
STU-2026-0335,-0.0066,0.0281,4.68,4.55,0,0,0.0,0.0,0,0,0.02,low,0
STU-2026-0336,0.0347,0.1825,3.89,4.22,0,0,0.0,0.0,0,0,0.02,low,0
STU-2026-0337,0.0336,0.2614,3.9,4.45,0,0,0.0,0.0,0,0,0.02,low,0
STU-2026-0338,0.0137,0.2529,4.73,4.68,1,0,0.0,0.0,0,0,0.0556,low,0
STU-2026-0339,-0.1826,-0.6224,2.71,3.07,2,2,0.2311,0.2403,0,0,0.5616,medium,0
STU-2026-0340,-0.1411,-1.3022,2.46,2.76,3,0,0.2668,0.2446,1,0,0.5846,medium,0
STU-2026-0341,-0.1712,-0.7397,2.76,2.56,3,0,0.1962,0.2366,1,0,0.5988,medium,0
STU-2026-0342,0.0912,-0.0761,3.85,4.13,0,0,0.0,0.0,1,0,0.02,low,0
STU-2026-0343,-0.3997,-3.1276,1.39,1.33,7,6,0.2954,0.5199,2,0,0.98,high,1
STU-2026-0344,-0.0208,0.7366,3.6,3.73,2,0,0.0,0.0,1,0,0.02,low,0
STU-2026-0345,-0.0335,0.1866,4.1,4.88,0,0,0.0,0.0,0,0,0.02,low,0
STU-2026-0346,-0.0782,0.1562,4.5,4.51,1,0,0.0,0.0,0,0,0.02,low,0
STU-2026-0347,-0.0199,0.5867,4.1,4.21,0,1,0.0,0.0,0,0,0.02,low,0
STU-2026-0348,-0.0228,-0.1137,4.46,4.51,0,0,0.0,0.0,0,0,0.0728,low,0
STU-2026-0349,0.0192,0.0877,4.0,3.88,1,0,0.0,0.0,0,0,0.0416,low,0
STU-2026-0350,-0.1889,-0.629,2.75,3.16,6,1,0.1835,0.2867,0,0,0.6256,medium,0
STU-2026-0351,-0.0267,0.0856,4.87,4.55,0,0,0.0,0.0,0,0,0.02,low,0
STU-2026-0352,-0.024,0.4355,3.85,4.3,0,0,0.0,0.0,0,0,0.02,low,0
STU-2026-0353,0.0348,0.292,4.11,4.39,1,0,0.0,0.0,0,0,0.0448,low,0
STU-2026-0354,0.0449,0.0829,4.93,4.94,0,0,0.0,0.0,0,0,0.0616,low,0
STU-2026-0355,-0.3006,-2.725,1.0,1.5,3,7,0.4946,0.4004,1,0,0.98,high,1
STU-2026-0356,-0.009,-0.063,4.26,4.39,0,1,0.0,0.0,0,0,0.02,low,0
STU-2026-0357,-0.0005,0.0328,4.37,4.43,0,0,0.0,0.0,0,0,0.02,low,0
STU-2026-0358,-0.0069,0.6596,3.31,3.46,0,0,0.0,0.0,0,0,0.0251,low,0
STU-2026-0359,-0.0137,0.0473,4.21,4.19,1,0,0.0,0.0,0,0,0.0542,low,0
STU-2026-0360,0.0294,-0.0232,4.74,3.74,0,0,0.0,0.0,1,0,0.02,low,0
STU-2026-0361,0.032,0.0019,4.46,4.57,0,0,0.0,0.0,0,0,0.02,low,0
STU-2026-0362,-0.0449,0.1671,3.88,3.96,1,1,0.0,0.0,0,0,0.02,low,0
STU-2026-0363,-0.0978,-1.0751,2.71,2.55,7,3,0.2506,0.2581,2,1,0.6622,high,1
STU-2026-0364,-0.1386,-0.8729,2.8,2.84,2,4,0.207,0.3071,2,0,0.5834,medium,0
STU-2026-0365,-0.0921,0.4805,3.76,4.44,0,0,0.0,0.0,0,0,0.02,low,0
STU-2026-0366,-0.0096,0.1391,4.9,4.9,2,0,0.0,0.0,0,0,0.04,low,0
STU-2026-0367,0.0601,0.2266,4.34,3.98,0,0,0.0,0.0,0,0,0.02,low,0
STU-2026-0368,-0.2303,-0.7526,2.64,2.54,2,0,0.239,0.2612,0,0,0.608,medium,0
STU-2026-0369,0.0751,0.2516,4.13,4.22,0,0,0.0,0.0,0,0,0.0266,low,0
STU-2026-0370,0.0498,0.4005,3.79,3.59,0,0,0.0,0.0,0,0,0.02,low,0
STU-2026-0371,-0.2109,-0.9005,2.83,2.79,5,1,0.1797,0.2339,0,0,0.5808,medium,0
STU-2026-0372,-0.0801,0.5134,4.33,4.52,0,0,0.0,0.0,0,0,0.02,low,0
STU-2026-0373,-0.0046,0.4791,4.41,4.05,0,0,0.0,0.0,0,0,0.0271,low,0
STU-2026-0374,0.0452,0.0796,4.56,4.74,2,0,0.0,0.0,0,0,0.02,low,0
STU-2026-0375,0.1166,0.066,4.32,4.7,0,0,0.0,0.0,0,0,0.0502,low,0
STU-2026-0376,0.0672,0.4391,4.16,4.05,0,0,0.0,0.0,0,0,0.02,low,0
STU-2026-0377,-0.3677,-2.4756,1.56,1.71,7,6,0.3642,0.501,3,1,0.98,high,1
STU-2026-0378,-0.6722,-2.7606,1.0,1.2,11,5,0.427,0.4516,1,2,0.98,high,1
STU-2026-0379,-0.029,0.1879,2.85,3.22,0,0,0.0,0.0,0,0,0.02,low,0
STU-2026-0380,-0.022,0.1218,4.57,4.71,1,0,0.0,0.0,0,0,0.02,low,0
STU-2026-0381,0.0054,0.1198,4.18,4.1,0,0,0.0,0.0,0,0,0.02,low,0
STU-2026-0382,-0.0647,0.4986,4.0,4.24,0,0,0.0,0.0,0,0,0.02,low,0
STU-2026-0383,0.0489,0.0924,4.53,4.14,1,0,0.0,0.0,0,0,0.02,low,0
STU-2026-0384,0.0135,0.3404,4.48,4.61,1,0,0.0,0.0,1,0,0.0427,low,0
STU-2026-0385,-0.0642,0.4617,3.84,3.72,0,0,0.0,0.0,0,0,0.0772,low,0
STU-2026-0386,-0.416,-2.1057,1.0,1.29,7,3,0.3795,0.4546,2,0,0.98,high,1
STU-2026-0387,-0.3442,-3.3313,1.0,1.11,13,3,0.4137,0.5465,2,1,0.98,high,1
STU-2026-0388,-0.0372,0.2853,4.12,3.43,0,0,0.0,0.0,0,0,0.02,low,0
STU-2026-0389,0.1892,0.218,4.42,4.31,0,0,0.0,0.0,0,0,0.02,low,0
STU-2026-0390,-0.2801,-1.1075,2.39,2.48,0,2,0.2209,0.2465,0,0,0.5247,medium,0
STU-2026-0391,0.0312,0.6716,4.19,4.41,1,0,0.0,0.0,0,0,0.0229,low,0
STU-2026-0392,-0.0223,-0.1537,3.91,4.29,0,0,0.0,0.0,0,0,0.02,low,0
STU-2026-0393,-0.1519,-1.0811,2.01,1.91,3,1,0.2312,0.2996,0,0,0.6356,medium,0
STU-2026-0394,-0.0975,0.2153,4.34,4.67,1,0,0.0,0.0,0,0,0.02,low,0
STU-2026-0395,0.0095,0.3483,4.61,4.45,1,0,0.0,0.0,0,0,0.02,low,0
STU-2026-0396,0.0295,0.3502,4.21,4.52,0,0,0.0,0.0,0,0,0.02,low,0
STU-2026-0397,-0.5521,-2.5168,1.0,1.0,13,2,0.3982,0.5826,2,0,0.98,high,1
STU-2026-0398,0.0395,0.0097,4.37,4.43,0,0,0.0,0.0,0,0,0.02,low,0
STU-2026-0399,-0.0521,0.4846,4.65,3.94,0,0,0.0,0.0,0,0,0.02,low,0
STU-2026-0400,0.0213,0.5588,4.7,4.43,0,0,0.0,0.0,0,0,0.02,low,0
STU-2026-0401,0.0596,0.1265,3.46,3.37,1,0,0.0,0.0,0,0,0.02,low,0
STU-2026-0402,0.0246,0.3421,4.14,4.28,0,0,0.0,0.0,0,0,0.02,low,0
STU-2026-0403,0.016,0.0275,4.49,4.35,0,0,0.0,0.0,0,0,0.02,low,0
STU-2026-0404,-0.0789,0.0343,4.27,4.2,0,0,0.0,0.0,0,0,0.02,low,0
STU-2026-0405,0.0535,0.242,4.32,4.0,0,0,0.0,0.0,0,0,0.0275,low,0
STU-2026-0406,0.0108,-0.008,4.12,4.29,0,0,0.0,0.0,0,0,0.0203,low,0
STU-2026-0407,-0.1326,-0.71,3.21,3.22,5,2,0.2269,0.2539,0,0,0.5994,medium,0
STU-2026-0408,0.0232,0.5573,3.91,3.94,2,0,0.0,0.0,0,0,0.02,low,0
STU-2026-0409,0.0326,-0.0168,4.27,3.71,0,0,0.0,0.0,0,0,0.02,low,0
STU-2026-0410,-0.2397,-0.8485,2.48,2.19,1,1,0.2384,0.2904,0,0,0.5944,medium,0
STU-2026-0411,-0.0007,0.2739,4.0,4.16,1,0,0.0,0.0,0,0,0.02,low,0
STU-2026-0412,-0.2733,-1.0037,2.83,2.72,6,0,0.2215,0.2238,1,0,0.6565,high,1
STU-2026-0413,0.0153,0.3927,4.43,4.2,0,0,0.0,0.0,1,0,0.02,low,0
STU-2026-0414,0.0379,0.0796,4.72,4.91,0,0,0.0,0.0,0,0,0.0303,low,0
STU-2026-0415,0.0019,0.2821,4.24,4.88,0,0,0.0,0.0,0,0,0.02,low,0
STU-2026-0416,-0.1151,-1.1556,3.42,3.39,1,4,0.2371,0.263,0,0,0.6441,medium,0
STU-2026-0417,0.0555,0.4394,4.42,4.68,1,0,0.0,0.0,0,1,0.02,low,0
STU-2026-0418,0.0847,-0.0579,4.69,4.65,0,0,0.0,0.0,0,0,0.02,low,0
STU-2026-0419,0.0155,0.5129,4.25,4.34,1,0,0.0,0.0,0,0,0.02,low,0
STU-2026-0420,0.0269,0.2097,3.84,3.82,0,0,0.0,0.0,0,1,0.02,low,0
STU-2026-0421,0.0917,-0.0163,4.01,4.09,1,0,0.0,0.0,0,0,0.02,low,0
STU-2026-0422,0.077,0.0742,3.63,3.83,1,0,0.0,0.0,0,0,0.0258,low,0
STU-2026-0423,-0.0237,0.4521,3.82,4.47,0,0,0.0,0.0,0,0,0.02,low,0
STU-2026-0424,-0.116,-1.2808,2.66,3.05,2,1,0.236,0.2692,0,0,0.6115,medium,0
STU-2026-0425,-0.0667,0.2329,4.22,4.26,0,0,0.0,0.0,0,0,0.04,low,0
STU-2026-0426,0.0121,-0.0108,3.91,4.1,2,0,0.0,0.0,0,0,0.02,low,0
STU-2026-0427,-0.2164,-0.682,2.37,2.64,4,4,0.224,0.2512,0,0,0.6014,medium,0
STU-2026-0428,-0.056,0.1433,3.66,4.0,0,0,0.0,0.0,0,0,0.024,low,0
STU-2026-0429,-0.0479,-0.0572,3.85,4.53,0,2,0.0,0.0,0,0,0.02,low,0
STU-2026-0430,0.063,0.4523,4.06,3.43,1,0,0.0,0.0,0,0,0.0395,low,0
STU-2026-0431,0.0192,0.2063,4.07,4.3,2,1,0.0,0.0,0,0,0.0221,low,0
STU-2026-0432,-0.0213,-0.2202,4.02,4.45,0,0,0.0,0.0,0,0,0.02,low,0
STU-2026-0433,0.0684,0.1358,4.36,4.3,0,1,0.0,0.0,0,0,0.02,low,0
STU-2026-0434,0.0579,0.0708,4.06,4.06,0,0,0.0,0.0,0,0,0.02,low,0
STU-2026-0435,-0.0973,-0.8616,3.27,2.81,5,0,0.2779,0.3197,0,0,0.6748,high,1
STU-2026-0436,-0.0901,0.0044,4.43,3.88,0,0,0.0,0.0,0,0,0.0234,low,0
STU-2026-0437,0.0113,0.6598,3.97,4.43,0,1,0.0,0.0,0,0,0.02,low,0
STU-2026-0438,-0.5149,-2.197,1.47,1.76,6,2,0.4433,0.5028,2,2,0.98,high,1
STU-2026-0439,0.0123,0.3715,3.69,4.27,0,0,0.0,0.0,0,0,0.02,low,0
STU-2026-0440,0.0847,0.3833,4.22,4.56,0,0,0.0,0.0,1,0,0.0423,low,0
STU-2026-0441,0.0151,0.6874,4.72,4.1,0,1,0.0,0.0,0,0,0.02,low,0
STU-2026-0442,-0.0269,-0.1533,4.67,4.84,0,0,0.0,0.0,0,0,0.02,low,0
STU-2026-0443,-0.0253,0.0574,4.1,4.46,0,0,0.0,0.0,0,0,0.02,low,0
STU-2026-0444,0.0159,0.306,4.69,4.64,1,0,0.0,0.0,0,0,0.02,low,0
STU-2026-0445,-0.6696,-2.9623,1.0,1.89,8,1,0.487,0.5747,2,0,0.98,high,1
STU-2026-0446,0.0165,-0.1237,3.64,3.59,0,0,0.0,0.0,0,0,0.02,low,0
STU-2026-0447,-0.0175,0.0766,4.4,4.71,0,0,0.0,0.0,0,0,0.02,low,0
STU-2026-0448,-0.1284,-1.0486,2.5,2.33,3,2,0.2207,0.2195,0,0,0.5913,medium,0
STU-2026-0449,0.1139,0.5892,3.2,3.09,0,1,0.0,0.0,0,0,0.02,low,0
STU-2026-0450,-0.3555,-2.5015,1.0,1.0,8,4,0.4207,0.4271,1,1,0.98,high,1
STU-2026-0451,-0.1234,-1.4156,2.66,2.92,3,0,0.2026,0.3294,0,0,0.6537,high,1
STU-2026-0452,-0.1179,-1.3097,3.32,3.22,5,3,0.2688,0.2658,0,0,0.6487,medium,0
STU-2026-0453,-0.0163,0.1399,3.97,4.04,0,0,0.0,0.0,0,0,0.02,low,0
STU-2026-0454,0.0268,0.1307,4.17,4.07,1,2,0.0,0.0,0,0,0.02,low,0
STU-2026-0455,-0.0605,0.2605,4.06,3.98,1,0,0.0,0.0,0,0,0.02,low,0
STU-2026-0456,-0.0197,0.105,4.67,5.0,0,1,0.0,0.0,0,0,0.02,low,0
STU-2026-0457,0.0228,0.278,3.42,3.69,0,0,0.0,0.0,0,0,0.02,low,0
STU-2026-0458,-0.0046,0.0699,4.06,4.24,0,2,0.0,0.0,0,0,0.02,low,0
STU-2026-0459,0.0255,0.0391,4.79,4.59,1,2,0.0,0.0,0,0,0.02,low,0
STU-2026-0460,-0.44,-2.8006,1.07,1.55,4,4,0.4242,0.5242,4,0,0.98,high,1
STU-2026-0461,0.0074,-0.2012,4.38,4.32,1,0,0.0,0.0,0,0,0.0453,low,0
STU-2026-0462,-0.1413,-1.0656,2.38,3.18,1,1,0.2887,0.2783,0,0,0.6413,medium,0
STU-2026-0463,-0.0201,0.5378,4.28,4.48,0,0,0.0,0.0,0,0,0.02,low,0
STU-2026-0464,-0.1686,-0.7575,2.77,3.05,4,0,0.2371,0.243,1,0,0.5473,medium,0
STU-2026-0465,0.0859,-0.2537,4.68,4.94,2,1,0.0,0.0,0,0,0.0612,low,0
STU-2026-0466,0.0177,0.4021,3.83,3.92,0,0,0.0,0.0,0,0,0.02,low,0
STU-2026-0467,-0.081,-1.0662,3.57,3.35,2,1,0.2041,0.2218,0,0,0.5537,medium,0
STU-2026-0468,-0.0679,-0.7558,3.36,3.57,7,0,0.2489,0.2874,0,0,0.6327,medium,0
STU-2026-0469,0.0281,0.4417,5.0,4.61,3,0,0.0,0.0,0,1,0.0465,low,0
STU-2026-0470,-0.1102,-0.8647,1.92,2.37,6,1,0.238,0.337,0,0,0.621,medium,0
STU-2026-0471,-0.0004,0.1773,4.15,4.81,1,0,0.0,0.0,0,0,0.0516,low,0
STU-2026-0472,-0.4029,-3.0244,1.0,1.14,6,3,0.5227,0.4741,2,0,0.98,high,1
STU-2026-0473,-0.1783,-0.9316,2.61,2.73,2,4,0.1847,0.2266,0,0,0.4904,medium,0
STU-2026-0474,-0.0428,0.2744,4.38,3.64,0,0,0.0,0.0,0,0,0.02,low,0
STU-2026-0475,0.0516,0.1286,4.47,4.51,0,0,0.0,0.0,0,0,0.02,low,0
STU-2026-0476,-0.1979,-1.0708,2.78,2.94,4,2,0.2586,0.3058,0,0,0.6231,medium,0
STU-2026-0477,-0.1727,-0.8309,3.4,3.72,4,0,0.231,0.2873,0,0,0.6357,medium,0
STU-2026-0478,-0.5023,-2.9215,1.64,1.81,14,7,0.4952,0.5154,3,0,0.98,high,1
STU-2026-0479,-0.0138,0.3025,3.82,3.65,1,2,0.0,0.0,0,0,0.02,low,0
STU-2026-0480,-0.0478,-0.2183,3.72,3.97,0,1,0.0,0.0,0,0,0.02,low,0
STU-2026-0481,0.011,0.7796,4.62,5.0,0,0,0.0,0.0,0,0,0.02,low,0
STU-2026-0482,-0.0211,0.3078,4.41,4.49,0,0,0.0,0.0,0,0,0.02,low,0
STU-2026-0483,-0.4241,-2.2868,1.0,1.0,8,4,0.3883,0.4397,3,2,0.98,high,1
STU-2026-0484,0.1377,0.2978,4.28,4.2,0,0,0.0,0.0,0,0,0.02,low,0
STU-2026-0485,0.0051,-0.0224,3.97,3.72,0,0,0.0,0.0,0,0,0.02,low,0
STU-2026-0486,-0.1402,-1.1423,3.2,3.1,4,1,0.1478,0.2709,2,0,0.697,high,1
STU-2026-0487,0.0482,0.4425,3.83,3.89,0,0,0.0,0.0,0,0,0.0415,low,0
STU-2026-0488,0.0153,0.0209,4.31,4.45,0,1,0.0,0.0,0,0,0.02,low,0
STU-2026-0489,0.0656,0.4024,4.23,4.21,0,0,0.0,0.0,1,0,0.02,low,0
STU-2026-0490,0.0917,0.0182,3.9,4.22,1,1,0.0,0.0,0,0,0.02,low,0
STU-2026-0491,0.0308,0.3301,4.11,4.43,0,0,0.0,0.0,0,0,0.02,low,0
STU-2026-0492,0.0626,0.1031,3.34,3.23,0,0,0.0,0.0,0,0,0.02,low,0
STU-2026-0493,-0.0128,-0.3168,3.8,4.23,0,0,0.0,0.0,0,0,0.0317,low,0
STU-2026-0494,0.0496,-0.2149,3.57,4.13,1,0,0.0,0.0,0,0,0.02,low,0
STU-2026-0495,0.0032,0.1183,3.91,4.03,0,0,0.0,0.0,1,0,0.0476,low,0
STU-2026-0496,-0.5059,-3.5152,1.0,1.06,10,8,0.3772,0.4583,1,2,0.98,high,1
STU-2026-0497,-0.356,-2.7437,1.82,1.73,6,2,0.4839,0.5059,1,0,0.98,high,1
STU-2026-0498,-0.233,-0.9446,3.07,3.06,3,1,0.159,0.2972,2,0,0.5732,medium,0
STU-2026-0499,-0.4965,-2.6875,1.0,1.05,10,3,0.4214,0.5155,1,0,0.98,high,1
STU-2026-0500,-0.4184,-2.8183,1.0,1.0,7,4,0.4393,0.4691,2,1,0.98,high,1
STU-2026-0501,0.0097,0.1744,4.03,3.96,0,0,0.0,0.0,0,0,0.02,low,0
STU-2026-0502,0.0371,-0.2277,4.05,4.06,1,0,0.0,0.0,0,0,0.0356,low,0
STU-2026-0503,-0.0144,0.013,4.05,3.74,0,1,0.0,0.0,0,0,0.02,low,0
STU-2026-0504,0.0175,0.1898,4.7,4.73,0,0,0.0,0.0,0,1,0.02,low,0
STU-2026-0505,-0.0103,0.2486,3.89,3.62,0,0,0.0,0.0,0,0,0.02,low,0
STU-2026-0506,-0.0103,0.4697,3.55,3.53,0,0,0.0,0.0,0,0,0.02,low,0
STU-2026-0507,0.0062,0.1154,3.96,3.86,0,0,0.0,0.0,0,0,0.02,low,0
STU-2026-0508,0.0669,0.2782,4.11,3.92,0,0,0.0,0.0,0,0,0.0204,low,0
STU-2026-0509,-0.1835,-1.1604,1.85,2.3,3,2,0.2404,0.2484,0,0,0.6336,medium,0
STU-2026-0510,-0.1619,-0.9998,2.33,2.86,3,3,0.2262,0.3024,0,0,0.6036,medium,0
STU-2026-0511,-0.1717,-0.7631,3.14,2.71,2,1,0.2151,0.2521,0,0,0.6075,medium,0
STU-2026-0512,-0.1198,-1.137,1.85,2.35,2,2,0.2186,0.2392,2,0,0.5776,medium,0
STU-2026-0513,-0.1888,-1.1353,3.5,3.99,6,1,0.1729,0.2629,0,0,0.5548,medium,0
STU-2026-0514,-0.024,0.3011,4.45,4.25,0,0,0.0,0.0,0,0,0.0276,low,0
STU-2026-0515,0.0289,0.1177,3.73,3.79,1,0,0.0,0.0,1,0,0.02,low,0
STU-2026-0516,-0.3392,-2.5359,1.0,1.5,14,4,0.4422,0.5698,3,1,0.98,high,1
STU-2026-0517,-0.0142,-0.8052,2.98,2.88,3,1,0.2435,0.2963,0,0,0.6519,high,1
STU-2026-0518,-0.3846,-3.1377,1.0,1.14,10,5,0.4897,0.605,2,0,0.98,high,1
STU-2026-0519,0.0783,-0.02,4.62,4.25,0,0,0.0,0.0,0,0,0.02,low,0
STU-2026-0520,0.0833,0.6509,3.91,3.98,0,0,0.0,0.0,0,0,0.029,low,0
STU-2026-0521,0.0309,0.2689,4.03,4.2,0,0,0.0,0.0,1,0,0.02,low,0
STU-2026-0522,0.0142,0.0333,4.25,4.18,0,0,0.0,0.0,0,0,0.0533,low,0
STU-2026-0523,0.0259,0.277,4.06,3.96,1,0,0.0,0.0,0,0,0.0305,low,0
STU-2026-0524,0.0428,-0.0937,4.75,4.64,1,0,0.0,0.0,0,0,0.0285,low,0
STU-2026-0525,-0.547,-2.726,1.0,1.0,14,8,0.4619,0.5428,3,2,0.98,high,1
STU-2026-0526,-0.044,0.6871,3.63,3.93,1,1,0.0,0.0,0,0,0.0394,low,0
STU-2026-0527,0.0262,0.4674,3.85,3.9,0,1,0.0,0.0,0,0,0.02,low,0
STU-2026-0528,0.0117,0.0839,4.39,4.45,0,0,0.0,0.0,1,0,0.02,low,0
STU-2026-0529,0.1282,0.8373,4.47,3.98,1,0,0.0,0.0,0,0,0.02,low,0
STU-2026-0530,0.0625,0.3517,4.33,3.94,0,0,0.0,0.0,0,0,0.02,low,0
STU-2026-0531,0.0336,0.4043,4.73,4.35,0,2,0.0,0.0,0,0,0.02,low,0
STU-2026-0532,0.0461,-0.139,4.27,4.6,1,0,0.0,0.0,0,0,0.0457,low,0
STU-2026-0533,-0.0054,0.1823,2.85,3.36,1,1,0.0,0.0,0,0,0.02,low,0
STU-2026-0534,-0.035,0.202,4.2,4.18,0,0,0.0,0.0,0,0,0.0846,low,0
STU-2026-0535,-0.0301,0.0284,4.12,4.0,1,0,0.0,0.0,0,0,0.02,low,0
STU-2026-0536,-0.0521,0.0155,4.82,4.86,1,0,0.0,0.0,0,0,0.0205,low,0
STU-2026-0537,0.0646,-0.0451,3.84,3.79,0,0,0.0,0.0,0,1,0.02,low,0
STU-2026-0538,0.0498,0.1677,4.02,3.89,1,0,0.0,0.0,0,0,0.0307,low,0
STU-2026-0539,-0.4255,-2.6212,1.02,1.49,5,1,0.4146,0.4846,3,1,0.98,high,1
STU-2026-0540,-0.0556,0.196,4.14,4.07,0,0,0.0,0.0,0,0,0.02,low,0
STU-2026-0541,0.1253,0.0926,3.87,3.81,0,0,0.0,0.0,0,0,0.02,low,0
STU-2026-0542,0.0503,0.2645,3.46,3.66,0,0,0.0,0.0,0,0,0.02,low,0
STU-2026-0543,0.0159,0.3757,3.45,3.3,0,0,0.0,0.0,0,0,0.02,low,0
STU-2026-0544,-0.0015,0.1536,4.44,4.11,0,0,0.0,0.0,0,0,0.02,low,0
STU-2026-0545,-0.0402,-0.0221,3.6,3.69,0,1,0.0,0.0,0,0,0.02,low,0
STU-2026-0546,0.0013,0.1286,4.29,4.43,0,0,0.0,0.0,0,0,0.02,low,0
STU-2026-0547,-0.0732,0.2781,4.34,4.18,0,1,0.0,0.0,0,0,0.02,low,0
STU-2026-0548,-0.0091,0.4605,4.64,4.23,0,0,0.0,0.0,0,0,0.02,low,0
STU-2026-0549,0.1019,0.3092,4.49,4.51,1,0,0.0,0.0,0,0,0.02,low,0
STU-2026-0550,0.0832,0.2219,4.44,4.4,0,0,0.0,0.0,0,0,0.02,low,0
STU-2026-0551,-0.6031,-2.9286,1.88,2.25,8,5,0.5055,0.5112,2,0,0.98,high,1
STU-2026-0552,-0.4177,-2.8032,1.3,1.47,14,6,0.4937,0.4731,3,0,0.98,high,1
STU-2026-0553,0.0252,0.0335,3.77,3.91,1,0,0.0,0.0,0,0,0.02,low,0
STU-2026-0554,-0.0239,-0.0508,3.71,3.96,0,0,0.0,0.0,0,0,0.02,low,0
STU-2026-0555,-0.123,-0.9461,1.99,2.2,4,2,0.2179,0.2881,1,0,0.6522,high,1
STU-2026-0556,0.0341,-0.1618,4.2,4.29,3,0,0.0,0.0,0,0,0.0467,low,0
STU-2026-0557,0.0341,0.2557,3.75,3.71,0,0,0.0,0.0,0,0,0.02,low,0
STU-2026-0558,0.029,0.0719,4.45,4.59,0,0,0.0,0.0,0,0,0.02,low,0
STU-2026-0559,-0.0469,0.2739,4.82,4.35,0,0,0.0,0.0,0,0,0.0506,low,0
STU-2026-0560,0.034,0.0612,4.26,4.3,0,0,0.0,0.0,0,0,0.02,low,0
STU-2026-0561,-0.0414,-0.333,4.38,4.25,1,0,0.0,0.0,0,0,0.02,low,0
STU-2026-0562,0.0984,0.2572,3.98,4.3,1,0,0.0,0.0,1,0,0.02,low,0
STU-2026-0563,-0.175,-0.6253,3.31,2.79,0,1,0.2413,0.2577,2,0,0.5588,medium,0
STU-2026-0564,0.0036,0.6403,3.79,3.95,0,0,0.0,0.0,0,0,0.0392,low,0
STU-2026-0565,0.0937,0.6817,4.3,4.33,1,0,0.0,0.0,0,0,0.02,low,0
STU-2026-0566,0.1395,0.8438,4.09,4.31,0,0,0.0,0.0,0,0,0.028,low,0
STU-2026-0567,-0.0045,-0.3946,4.0,4.55,1,0,0.0,0.0,1,0,0.02,low,0
STU-2026-0568,0.0869,-0.2305,3.64,4.0,0,1,0.0,0.0,0,0,0.02,low,0
STU-2026-0569,-0.0372,0.1879,5.0,4.69,0,0,0.0,0.0,0,0,0.02,low,0
STU-2026-0570,-0.149,-0.6527,3.1,2.89,2,1,0.19,0.264,0,0,0.5791,medium,0
STU-2026-0571,0.0896,0.0056,4.11,3.91,0,0,0.0,0.0,0,0,0.02,low,0
STU-2026-0572,0.0177,0.3062,4.13,4.52,0,1,0.0,0.0,0,0,0.02,low,0
STU-2026-0573,0.0214,0.5738,3.3,3.65,1,0,0.0,0.0,0,1,0.0441,low,0
STU-2026-0574,-0.5909,-2.6056,1.0,1.0,10,5,0.4486,0.4586,1,2,0.98,high,1
STU-2026-0575,0.0114,-0.0696,4.11,4.33,0,1,0.0,0.0,0,0,0.02,low,0
STU-2026-0576,0.0226,0.0935,4.34,4.08,2,0,0.0,0.0,0,0,0.0335,low,0
STU-2026-0577,-0.0256,0.2064,4.34,3.81,0,0,0.0,0.0,0,0,0.0329,low,0
STU-2026-0578,-0.045,0.4959,3.96,4.09,0,1,0.0,0.0,0,0,0.0235,low,0
STU-2026-0579,-0.177,-1.0071,2.41,2.64,4,2,0.2475,0.2907,0,0,0.6299,medium,0
STU-2026-0580,0.0313,-0.0626,4.17,4.39,0,1,0.0,0.0,0,1,0.02,low,0
STU-2026-0581,0.0031,-0.2947,5.0,4.85,0,1,0.0,0.0,0,0,0.02,low,0
STU-2026-0582,-0.4627,-2.6072,1.86,2.51,7,4,0.4433,0.4663,3,1,0.98,high,1
STU-2026-0583,0.0325,-0.2454,4.05,4.39,1,0,0.0,0.0,0,0,0.0383,low,0
STU-2026-0584,0.0465,0.1883,4.44,4.44,0,0,0.0,0.0,0,0,0.0317,low,0
STU-2026-0585,0.1077,0.2531,4.44,4.54,0,0,0.0,0.0,1,0,0.02,low,0
STU-2026-0586,-0.322,-0.8749,2.54,2.91,1,1,0.2603,0.2267,2,0,0.5986,medium,0
STU-2026-0587,0.0782,0.0197,4.11,3.28,1,1,0.0,0.0,0,0,0.02,low,0
STU-2026-0588,-0.4972,-2.6782,1.0,1.0,13,1,0.4596,0.4453,3,1,0.98,high,1
STU-2026-0589,-0.0067,-0.0589,3.24,3.13,1,0,0.0,0.0,0,0,0.02,low,0
STU-2026-0590,-0.1482,-2.6841,1.04,1.0,14,5,0.5392,0.5475,1,0,0.98,high,1
STU-2026-0591,-0.0411,0.3287,4.75,4.6,0,0,0.0,0.0,0,0,0.02,low,0
STU-2026-0592,-0.0313,-0.0601,4.42,4.59,1,0,0.0,0.0,0,0,0.0434,low,0
STU-2026-0593,0.0568,0.5196,4.82,4.58,1,0,0.0,0.0,0,0,0.026,low,0
STU-2026-0594,-0.0473,0.5429,5.0,3.64,1,0,0.0,0.0,0,0,0.02,low,0
STU-2026-0595,-0.0681,-0.8441,3.34,3.54,7,2,0.2159,0.2598,0,0,0.645,medium,0
STU-2026-0596,0.0565,0.2625,3.96,3.75,0,1,0.0,0.0,0,0,0.02,low,0
STU-2026-0597,-0.039,0.8019,3.74,4.13,0,0,0.0,0.0,1,0,0.02,low,0
STU-2026-0598,0.0075,0.2884,4.32,4.44,0,0,0.0,0.0,0,0,0.02,low,0
STU-2026-0599,-0.4504,-2.5466,1.34,1.52,8,1,0.4627,0.4958,2,0,0.98,high,1
STU-2026-0600,-0.1883,-1.0968,2.71,2.76,3,1,0.2342,0.2727,0,1,0.6071,medium,0
STU-2026-0001,0.005,-0.0769,4.25,3.85,0,0,0.0,0.0,0,0,0.02,low,0
STU-2026-0002,-0.0122,0.5625,4.2,4.46,0,1,0.0,0.0,0,0,0.022,low,0
STU-2026-0003,-0.0349,0.3154,4.38,4.66,0,1,0.0,0.0,0,0,0.02,low,0
STU-2026-0004,-0.3627,-2.3695,1.04,1.33,5,8,0.409,0.5569,1,2,0.98,high,1
STU-2026-0005,-0.077,0.2622,3.71,3.01,0,0,0.0,0.0,0,0,0.0754,low,0
STU-2026-0006,0.0607,0.4963,4.07,4.28,0,0,0.0,0.0,0,0,0.02,low,0
STU-2026-0007,0.0695,-0.0033,4.11,4.15,0,0,0.0,0.0,0,0,0.02,low,0
STU-2026-0008,-0.5214,-2.9247,1.89,2.26,6,5,0.3714,0.5389,2,2,0.98,high,1
STU-2026-0009,-0.0984,-1.4094,2.86,3.14,7,1,0.2509,0.302,0,0,0.6995,high,1
STU-2026-0010,-0.1004,-1.0083,3.41,3.07,0,0,0.2228,0.2322,0,0,0.5649,medium,0
STU-2026-0011,-0.0011,0.0952,4.51,4.92,0,0,0.0,0.0,0,0,0.02,low,0
STU-2026-0012,0.0082,0.2157,3.5,3.94,0,0,0.0,0.0,0,0,0.02,low,0
STU-2026-0013,-0.0462,0.2557,4.15,4.27,1,0,0.0,0.0,0,0,0.051,low,0
STU-2026-0014,-0.127,-1.0796,2.9,2.89,4,1,0.2245,0.291,0,0,0.6454,medium,0
STU-2026-0015,-0.0067,0.0998,4.35,4.29,2,1,0.0,0.0,0,0,0.02,low,0
STU-2026-0016,-0.2147,-0.9358,2.66,2.62,7,1,0.2345,0.2642,0,0,0.6841,high,1
STU-2026-0017,0.0101,-0.2718,4.56,4.27,0,0,0.0,0.0,1,0,0.036,low,0
STU-2026-0018,-0.0405,-0.1089,4.14,4.61,2,0,0.0,0.0,0,0,0.02,low,0
STU-2026-0019,-0.1129,-1.1295,3.21,3.25,6,1,0.2514,0.2529,0,1,0.6299,medium,0
STU-2026-0020,0.0649,0.5719,4.15,3.77,0,1,0.0,0.0,1,0,0.02,low,0
STU-2026-0021,-0.5032,-2.565,1.32,1.41,11,1,0.4218,0.5383,2,2,0.98,high,1
STU-2026-0022,-0.0319,0.2443,3.3,3.65,0,1,0.0,0.0,0,0,0.02,low,0
STU-2026-0023,-0.0292,0.2731,3.84,4.15,0,0,0.0,0.0,0,0,0.0329,low,0
STU-2026-0024,0.1182,0.0525,4.39,4.07,0,0,0.0,0.0,0,0,0.02,low,0
STU-2026-0025,-0.0605,0.517,4.25,4.33,0,0,0.0,0.0,1,0,0.02,low,0
STU-2026-0026,0.0053,0.0161,4.12,4.69,0,0,0.0,0.0,0,0,0.02,low,0
STU-2026-0027,-0.0048,0.2,3.41,4.08,1,0,0.0,0.0,0,0,0.04,low,0
STU-2026-0028,-0.0221,0.1034,4.13,4.34,0,0,0.0,0.0,0,0,0.0312,low,0
STU-2026-0029,0.0551,-0.1869,4.07,4.37,0,1,0.0,0.0,0,0,0.02,low,0
STU-2026-0030,-0.1277,0.7624,4.02,4.39,0,0,0.0,0.0,0,0,0.0314,low,0
STU-2026-0031,0.0859,0.2692,4.9,4.41,0,0,0.0,0.0,0,0,0.02,low,0
STU-2026-0032,-0.044,0.3473,3.89,4.03,0,0,0.0,0.0,0,1,0.0231,low,0
STU-2026-0033,-0.097,-0.1566,4.68,4.67,1,0,0.0,0.0,0,0,0.02,low,0
STU-2026-0034,0.0892,0.4196,4.15,4.77,0,0,0.0,0.0,0,0,0.02,low,0
STU-2026-0035,0.0335,0.0306,4.2,4.17,1,1,0.0,0.0,0,0,0.02,low,0
STU-2026-0036,-0.0276,0.4499,4.38,4.05,1,0,0.0,0.0,0,0,0.0215,low,0
STU-2026-0037,-0.1497,-1.021,2.35,2.73,5,2,0.2273,0.2366,1,0,0.6266,medium,0
STU-2026-0038,-0.0458,0.2328,5.0,5.0,0,0,0.0,0.0,0,0,0.0298,low,0
STU-2026-0039,-0.1613,-1.1579,3.3,3.14,1,0,0.2516,0.304,0,0,0.5613,medium,0
STU-2026-0040,-0.4377,-2.9402,1.09,1.8,8,5,0.4267,0.5643,3,0,0.98,high,1
STU-2026-0041,0.0099,0.3525,4.33,4.39,0,0,0.0,0.0,0,0,0.0458,low,0
STU-2026-0042,-0.0362,0.09,4.89,4.48,1,0,0.0,0.0,0,0,0.02,low,0
STU-2026-0043,0.0328,0.2026,3.97,3.95,2,0,0.0,0.0,0,0,0.036,low,0
STU-2026-0044,-0.2995,-2.6023,1.0,1.0,12,4,0.5805,0.5331,3,1,0.98,high,1
STU-2026-0045,-0.0692,-0.7494,2.9,3.06,6,3,0.2905,0.2743,0,1,0.6832,high,1
STU-2026-0046,-0.0314,0.1628,4.46,4.37,0,0,0.0,0.0,1,0,0.0215,low,0
STU-2026-0047,-0.0052,0.4305,3.61,3.68,0,0,0.0,0.0,0,0,0.02,low,0
STU-2026-0048,-0.0383,0.2244,3.95,4.61,1,0,0.0,0.0,0,0,0.0316,low,0
STU-2026-0049,-0.0097,0.4477,4.11,3.82,0,0,0.0,0.0,0,0,0.02,low,0
STU-2026-0050,0.0052,0.3001,4.07,4.06,0,0,0.0,0.0,0,0,0.02,low,0
STU-2026-0051,-0.0234,-0.1641,4.62,4.82,0,1,0.0,0.0,0,0,0.02,low,0
STU-2026-0052,0.0479,0.5198,4.67,4.35,0,1,0.0,0.0,0,0,0.02,low,0
STU-2026-0053,0.0649,0.3602,3.73,4.53,0,0,0.0,0.0,0,0,0.0335,low,0
STU-2026-0054,-0.3956,-2.9178,1.0,1.0,12,7,0.4642,0.5617,1,0,0.98,high,1
STU-2026-0055,-0.0162,0.4614,3.95,3.84,0,0,0.0,0.0,0,0,0.0263,low,0
STU-2026-0056,0.0756,0.4798,3.89,3.82,0,0,0.0,0.0,0,0,0.02,low,0
STU-2026-0057,0.005,0.2334,3.99,4.12,0,0,0.0,0.0,0,0,0.0341,low,0
STU-2026-0058,0.0787,0.3703,4.37,4.47,0,0,0.0,0.0,0,0,0.02,low,0
STU-2026-0059,-0.1612,-0.8421,2.63,2.64,5,3,0.2262,0.3,1,0,0.6434,medium,0
STU-2026-0060,-0.0248,0.2729,3.37,3.65,1,0,0.0,0.0,0,0,0.061,low,0
STU-2026-0061,0.0983,-0.1621,4.24,3.58,0,1,0.0,0.0,0,0,0.02,low,0
STU-2026-0062,-0.0789,0.0343,3.83,4.16,1,0,0.0,0.0,0,0,0.02,low,0
STU-2026-0063,0.0387,0.1299,3.72,3.45,2,0,0.0,0.0,0,0,0.02,low,0
STU-2026-0064,-0.0253,0.6691,4.39,4.49,1,0,0.0,0.0,0,0,0.0339,low,0
STU-2026-0065,-0.1382,-0.4777,2.02,2.3,4,1,0.2457,0.3103,0,0,0.6335,medium,0
STU-2026-0066,-0.2132,-1.2832,2.85,2.67,3,3,0.2676,0.3117,2,0,0.6539,high,1
STU-2026-0067,-0.4455,-3.09,1.0,1.22,12,7,0.4512,0.5402,1,1,0.98,high,1
STU-2026-0068,-0.0008,0.1368,4.29,4.29,0,0,0.0,0.0,1,0,0.02,low,0
STU-2026-0069,-0.1911,-1.1245,2.58,2.83,5,4,0.2253,0.2884,1,0,0.6555,high,1
STU-2026-0070,-0.0397,-0.2187,3.67,3.72,3,0,0.0,0.0,0,0,0.0661,low,0
STU-2026-0071,-0.1526,-1.3525,3.34,3.4,1,0,0.2298,0.2945,0,1,0.6683,high,1
STU-2026-0072,-0.0247,0.172,4.96,4.76,0,0,0.0,0.0,1,0,0.02,low,0
STU-2026-0073,-0.0169,0.1896,4.33,4.67,0,1,0.0,0.0,0,0,0.02,low,0
STU-2026-0074,-0.0029,0.0995,4.52,3.93,0,0,0.0,0.0,0,0,0.02,low,0
STU-2026-0075,0.0227,-0.0803,3.04,3.41,1,0,0.0,0.0,0,0,0.0352,low,0
STU-2026-0076,-0.1435,-0.9832,3.25,3.28,5,2,0.2054,0.3014,2,1,0.6273,medium,0
STU-2026-0077,0.0513,0.6581,3.37,4.05,0,0,0.0,0.0,0,0,0.0707,low,0
STU-2026-0078,0.0553,0.3893,3.9,3.81,1,0,0.0,0.0,0,0,0.074,low,0
STU-2026-0079,-0.104,-1.0874,3.11,3.37,7,1,0.2412,0.27,0,0,0.6333,medium,0
STU-2026-0080,-0.0083,0.053,4.25,4.24,1,0,0.0,0.0,0,0,0.02,low,0
STU-2026-0081,-0.0081,0.0275,5.0,4.89,0,0,0.0,0.0,0,0,0.02,low,0
STU-2026-0082,0.0252,0.2188,4.62,4.92,0,0,0.0,0.0,0,0,0.02,low,0
STU-2026-0083,0.0115,0.3164,3.66,3.85,0,0,0.0,0.0,1,0,0.0325,low,0
STU-2026-0084,0.0698,0.0127,5.0,4.66,0,0,0.0,0.0,0,0,0.02,low,0
STU-2026-0085,0.0359,0.1976,4.83,4.72,1,0,0.0,0.0,1,0,0.0374,low,0
STU-2026-0086,-0.2469,-1.0454,2.56,2.39,3,0,0.2459,0.3178,1,0,0.6233,medium,0
STU-2026-0087,0.0893,0.492,4.44,4.26,2,1,0.0,0.0,0,0,0.0203,low,0
STU-2026-0088,-0.1168,-0.965,1.9,1.81,1,0,0.1468,0.2587,1,0,0.4773,medium,0
STU-2026-0089,0.0012,-0.0205,3.47,3.57,1,0,0.0,0.0,0,0,0.02,low,0
STU-2026-0090,0.1086,-0.0133,4.83,4.49,0,0,0.0,0.0,0,0,0.02,low,0
STU-2026-0091,-0.0073,0.114,4.36,4.23,0,0,0.0,0.0,0,0,0.0344,low,0
STU-2026-0092,-0.1733,-1.104,2.49,2.61,1,1,0.269,0.2975,1,0,0.5677,medium,0
STU-2026-0093,0.0174,0.3451,4.4,3.76,0,0,0.0,0.0,0,0,0.02,low,0
STU-2026-0094,0.0426,-0.1031,4.32,5.0,0,0,0.0,0.0,0,0,0.0317,low,0
STU-2026-0095,-0.1867,-1.0509,2.8,3.04,6,1,0.2187,0.2854,0,0,0.6359,medium,0
STU-2026-0096,-0.0277,0.1671,3.57,3.79,3,1,0.0,0.0,0,0,0.0579,low,0
STU-2026-0097,-0.6037,-3.1122,1.0,1.0,9,6,0.5809,0.5431,2,0,0.98,high,1
STU-2026-0098,-0.0371,0.086,4.05,4.5,1,0,0.0,0.0,0,0,0.02,low,0
STU-2026-0099,-0.0038,0.4406,4.42,4.09,1,1,0.0,0.0,0,0,0.02,low,0
STU-2026-0100,-0.1948,-0.5337,3.03,3.08,3,1,0.2699,0.3307,0,0,0.6053,medium,0
STU-2026-0101,-0.0641,0.4861,4.24,3.88,0,0,0.0,0.0,0,0,0.0341,low,0
STU-2026-0102,-0.0168,0.3305,3.72,3.93,1,0,0.0,0.0,0,0,0.0219,low,0
STU-2026-0103,0.0546,-0.3046,4.57,4.5,0,0,0.0,0.0,1,0,0.02,low,0
STU-2026-0104,-0.1187,-1.5435,2.37,2.39,1,2,0.2228,0.355,0,0,0.613,medium,0
STU-2026-0105,-0.2471,-1.2269,3.52,3.38,4,1,0.2889,0.2427,0,0,0.708,high,1
STU-2026-0106,-0.1913,-1.1735,2.28,2.52,3,0,0.2876,0.2654,0,0,0.6819,high,1
STU-2026-0107,-0.1419,-1.1637,2.79,2.9,2,4,0.2617,0.2576,0,0,0.6361,medium,0
STU-2026-0108,0.0324,0.4208,4.05,4.14,1,0,0.0,0.0,0,0,0.02,low,0
STU-2026-0109,0.0593,0.4356,4.42,4.41,0,2,0.0,0.0,0,0,0.02,low,0
STU-2026-0110,-0.492,-2.9122,1.0,1.15,6,2,0.4756,0.4916,2,1,0.98,high,1
STU-2026-0111,-0.1465,-0.8831,2.19,2.45,5,3,0.2428,0.2773,1,0,0.6184,medium,0
STU-2026-0112,-0.0755,-1.193,2.71,2.32,2,2,0.2585,0.3096,0,0,0.6178,medium,0
STU-2026-0113,0.0352,0.4862,4.61,4.17,1,0,0.0,0.0,0,0,0.02,low,0
STU-2026-0114,0.0469,0.1046,4.6,4.43,1,1,0.0,0.0,0,0,0.02,low,0
STU-2026-0115,-0.1054,-1.115,2.68,2.78,5,3,0.296,0.2546,0,1,0.608,medium,0
STU-2026-0116,0.1184,0.1339,4.37,4.59,0,0,0.0,0.0,0,0,0.02,low,0
STU-2026-0117,-0.152,-0.9416,2.62,2.62,1,1,0.2416,0.2953,0,0,0.5586,medium,0
STU-2026-0118,-0.0148,0.4492,4.98,4.85,0,0,0.0,0.0,0,0,0.02,low,0
STU-2026-0119,0.0941,-0.0798,3.68,4.03,2,0,0.0,0.0,0,0,0.0271,low,0
STU-2026-0120,-0.5995,-2.5381,1.0,1.51,7,4,0.5009,0.5659,1,0,0.98,high,1
STU-2026-0121,-0.0442,0.4328,3.93,4.41,0,0,0.0,0.0,0,0,0.02,low,0
STU-2026-0122,0.0071,0.1849,4.26,4.28,0,0,0.0,0.0,0,1,0.02,low,0
STU-2026-0123,-0.0116,-0.1095,3.94,3.81,0,0,0.0,0.0,0,0,0.02,low,0
STU-2026-0124,0.0158,0.3353,4.59,4.78,1,0,0.0,0.0,0,0,0.02,low,0
STU-2026-0125,-0.0458,0.9274,3.95,4.17,0,0,0.0,0.0,0,0,0.0434,low,0
STU-2026-0126,-0.0059,0.2103,3.96,4.61,0,1,0.0,0.0,0,0,0.02,low,0
STU-2026-0127,0.0396,-0.312,3.56,3.73,0,1,0.0,0.0,0,0,0.0571,low,0
STU-2026-0128,-0.6778,-3.0457,1.0,1.39,14,4,0.4754,0.4884,3,0,0.98,high,1
STU-2026-0129,0.0729,-0.0261,4.32,4.02,0,0,0.0,0.0,0,0,0.02,low,0
STU-2026-0130,-0.224,-0.8418,3.26,2.83,5,1,0.2465,0.2691,0,0,0.6181,medium,0
STU-2026-0131,0.0072,-0.0054,4.29,4.67,1,0,0.0,0.0,0,0,0.02,low,0
STU-2026-0132,0.022,-0.0499,4.95,4.63,0,1,0.0,0.0,0,1,0.02,low,0
STU-2026-0133,0.0247,0.1355,4.25,4.49,1,0,0.0,0.0,0,0,0.02,low,0
STU-2026-0134,-0.0416,0.1122,5.0,5.0,0,0,0.0,0.0,0,0,0.02,low,0
STU-2026-0135,0.076,-0.0183,4.61,4.32,1,0,0.0,0.0,0,0,0.02,low,0
STU-2026-0136,0.0093,0.0998,4.2,4.06,0,1,0.0,0.0,0,0,0.02,low,0
STU-2026-0137,-0.1413,-1.1027,2.74,2.66,7,3,0.2617,0.324,0,0,0.7156,high,1
STU-2026-0138,0.025,0.0996,4.19,4.08,1,0,0.0,0.0,0,0,0.02,low,0
STU-2026-0139,-0.059,0.4817,3.9,3.98,1,0,0.0,0.0,0,0,0.0221,low,0
STU-2026-0140,0.034,-0.0037,4.07,4.07,0,1,0.0,0.0,0,0,0.02,low,0
STU-2026-0141,0.0953,-0.1711,3.63,3.59,1,0,0.0,0.0,0,0,0.0354,low,0
STU-2026-0142,-0.1843,-1.1269,3.44,3.15,3,0,0.1885,0.2638,1,1,0.5543,medium,0
STU-2026-0143,0.0129,-0.3063,3.65,4.05,0,0,0.0,0.0,0,0,0.02,low,0
STU-2026-0144,0.0231,-0.0539,4.26,4.02,2,0,0.0,0.0,0,0,0.0599,low,0
STU-2026-0145,-0.0521,0.682,3.97,4.15,0,1,0.0,0.0,0,0,0.02,low,0
STU-2026-0146,-0.3583,-2.8408,1.0,1.0,10,3,0.5084,0.5429,2,2,0.98,high,1
STU-2026-0147,0.0206,-0.0664,3.55,3.67,0,0,0.0,0.0,1,0,0.02,low,0
STU-2026-0148,0.1045,0.1745,4.33,4.46,1,0,0.0,0.0,0,0,0.02,low,0
STU-2026-0149,0.0028,-0.1349,4.92,4.73,0,0,0.0,0.0,0,0,0.02,low,0
STU-2026-0150,0.0111,0.183,3.91,4.11,0,0,0.0,0.0,0,0,0.02,low,0
STU-2026-0151,0.0272,0.3923,4.27,3.77,0,1,0.0,0.0,0,0,0.02,low,0
STU-2026-0152,0.017,0.2694,4.06,4.04,0,0,0.0,0.0,1,0,0.02,low,0
STU-2026-0153,-0.1788,-1.3293,2.74,3.05,2,3,0.1858,0.269,0,0,0.6561,high,1
STU-2026-0154,0.0814,0.0733,4.32,3.75,3,1,0.0,0.0,1,0,0.0417,low,0
STU-2026-0155,0.0599,0.8493,3.38,3.76,0,0,0.0,0.0,1,0,0.02,low,0
STU-2026-0156,-0.1875,-0.9394,2.43,3.01,4,1,0.2472,0.3288,0,0,0.6668,high,1
STU-2026-0157,-0.1835,-1.1471,2.95,3.11,4,4,0.1631,0.3347,1,0,0.6274,medium,0
STU-2026-0158,0.0218,0.676,4.36,4.34,1,0,0.0,0.0,0,0,0.02,low,0
STU-2026-0159,0.0412,-0.322,3.41,3.8,0,1,0.0,0.0,0,0,0.0544,low,0
STU-2026-0160,-0.1023,-0.889,2.6,2.64,4,1,0.2734,0.3086,1,0,0.65,medium,0
STU-2026-0161,0.0448,0.5769,4.55,4.9,0,0,0.0,0.0,0,0,0.0357,low,0
STU-2026-0162,-0.0509,0.0313,5.0,4.37,0,0,0.0,0.0,0,0,0.02,low,0
STU-2026-0163,0.1285,-0.0242,4.69,4.75,1,0,0.0,0.0,0,0,0.0662,low,0
STU-2026-0164,-0.0131,0.0562,4.15,4.13,0,0,0.0,0.0,0,0,0.02,low,0
STU-2026-0165,-0.2878,-1.2184,2.46,2.54,5,3,0.2171,0.3482,0,0,0.682,high,1
STU-2026-0166,-0.1717,-0.8979,2.33,2.39,3,4,0.2506,0.2848,2,0,0.636,medium,0
STU-2026-0167,-0.0763,0.1934,4.75,4.65,0,0,0.0,0.0,0,0,0.02,low,0
STU-2026-0168,-0.0304,-0.0426,3.89,3.99,1,1,0.0,0.0,0,0,0.02,low,0
STU-2026-0169,-0.0157,0.2765,3.79,3.9,0,0,0.0,0.0,0,0,0.02,low,0
STU-2026-0170,0.1044,0.8571,4.39,4.76,0,2,0.0,0.0,0,0,0.02,low,0
STU-2026-0171,-0.035,-0.0599,4.12,4.18,0,0,0.0,0.0,0,0,0.02,low,0
STU-2026-0172,0.0363,0.311,3.96,3.53,1,0,0.0,0.0,0,0,0.02,low,0
STU-2026-0173,-0.009,-0.0966,4.48,4.46,1,0,0.0,0.0,0,0,0.0222,low,0
STU-2026-0174,0.1041,0.0231,4.62,4.93,0,0,0.0,0.0,0,0,0.02,low,0
STU-2026-0175,0.0191,0.0112,4.58,4.93,0,2,0.0,0.0,0,0,0.02,low,0
STU-2026-0176,-0.021,-0.2641,3.77,3.66,1,1,0.0,0.0,0,0,0.0361,low,0
STU-2026-0177,0.0683,0.9612,3.54,3.22,0,0,0.0,0.0,0,0,0.02,low,0
STU-2026-0178,0.0565,0.5177,4.19,4.48,0,0,0.0,0.0,0,0,0.0383,low,0
STU-2026-0179,0.0657,0.0696,4.76,4.42,1,0,0.0,0.0,0,0,0.02,low,0
STU-2026-0180,0.0671,0.1572,4.66,4.35,1,0,0.0,0.0,0,0,0.02,low,0
STU-2026-0181,-0.0004,0.7976,3.44,3.34,1,0,0.0,0.0,0,0,0.0257,low,0
STU-2026-0182,0.0605,0.1432,3.88,4.01,0,0,0.0,0.0,0,0,0.02,low,0
STU-2026-0183,0.0258,0.2851,3.75,3.75,0,0,0.0,0.0,0,0,0.02,low,0
STU-2026-0184,-0.0037,-0.1048,4.0,4.0,0,0,0.0,0.0,1,0,0.0891,low,0
STU-2026-0185,-0.1051,-1.1842,2.57,2.74,4,1,0.2626,0.2825,0,1,0.6832,high,1
STU-2026-0186,-0.394,-2.3218,1.18,2.3,14,4,0.3829,0.5646,1,1,0.98,high,1
STU-2026-0187,-0.0608,-0.2193,4.54,4.72,0,0,0.0,0.0,0,0,0.02,low,0
STU-2026-0188,-0.1728,-0.9754,1.94,2.63,5,1,0.2533,0.2634,0,0,0.5895,medium,0
STU-2026-0189,0.0265,0.4232,3.98,3.87,0,0,0.0,0.0,0,0,0.03,low,0
STU-2026-0190,-0.0193,-0.36,4.21,4.15,0,1,0.0,0.0,0,0,0.02,low,0
STU-2026-0191,0.0704,0.5248,4.12,3.75,0,1,0.0,0.0,0,0,0.02,low,0
STU-2026-0192,0.0816,0.5963,4.23,4.54,0,0,0.0,0.0,0,0,0.02,low,0
STU-2026-0193,0.029,0.4127,4.16,4.25,0,0,0.0,0.0,0,0,0.02,low,0
STU-2026-0194,-0.0214,0.4253,3.82,3.96,0,0,0.0,0.0,0,0,0.02,low,0
STU-2026-0195,-0.0882,0.0843,4.95,5.0,0,0,0.0,0.0,0,0,0.0321,low,0
STU-2026-0196,-0.1647,-0.9228,3.36,3.13,1,1,0.2368,0.2866,0,0,0.5523,medium,0
STU-2026-0197,0.0127,-0.3013,4.16,3.86,1,0,0.0,0.0,1,0,0.02,low,0
STU-2026-0198,0.0676,0.2752,4.05,3.73,1,0,0.0,0.0,0,0,0.02,low,0
STU-2026-0199,0.0207,0.4092,4.26,4.36,1,1,0.0,0.0,0,0,0.0254,low,0
STU-2026-0200,0.0429,0.3621,5.0,5.0,0,0,0.0,0.0,0,0,0.0395,low,0
STU-2026-0201,0.0104,-0.1671,3.61,4.2,0,0,0.0,0.0,0,0,0.02,low,0
STU-2026-0202,0.0683,0.1371,4.61,4.29,2,0,0.0,0.0,0,0,0.02,low,0
STU-2026-0203,0.0878,0.0189,4.11,3.96,0,0,0.0,0.0,1,0,0.0628,low,0
STU-2026-0204,-0.0301,0.1638,4.31,3.96,0,0,0.0,0.0,0,0,0.0625,low,0
STU-2026-0205,-0.0526,0.1914,4.68,4.44,2,1,0.0,0.0,1,0,0.02,low,0
STU-2026-0206,-0.1506,-0.9738,2.94,3.1,0,0,0.2224,0.2484,0,0,0.6509,high,1
STU-2026-0207,0.044,0.2729,4.19,3.99,0,0,0.0,0.0,0,0,0.02,low,0
STU-2026-0208,0.0534,0.1317,4.6,4.69,0,0,0.0,0.0,0,0,0.02,low,0
STU-2026-0209,0.0377,0.4979,4.07,3.9,1,0,0.0,0.0,0,0,0.0482,low,0
STU-2026-0210,-0.5199,-3.081,1.46,1.76,8,5,0.4595,0.5364,2,1,0.98,high,1
STU-2026-0211,0.1081,-0.0882,5.0,5.0,0,0,0.0,0.0,0,0,0.0432,low,0
STU-2026-0212,-0.041,0.1704,4.19,4.48,0,0,0.0,0.0,0,0,0.02,low,0
STU-2026-0213,-0.1768,-1.4505,2.66,2.75,7,2,0.2513,0.285,1,1,0.6813,high,1
STU-2026-0214,-0.0134,0.2219,4.1,4.21,0,0,0.0,0.0,0,0,0.0412,low,0
STU-2026-0215,0.113,0.4842,3.74,3.43,1,0,0.0,0.0,0,0,0.02,low,0
STU-2026-0216,0.0324,0.2245,4.46,4.52,0,2,0.0,0.0,0,0,0.02,low,0
STU-2026-0217,-0.0378,-0.1207,4.07,4.77,0,1,0.0,0.0,0,0,0.0267,low,0
STU-2026-0218,-0.0446,0.3727,3.92,4.06,0,1,0.0,0.0,0,0,0.02,low,0
STU-2026-0219,0.0666,0.0758,4.24,3.96,0,0,0.0,0.0,0,0,0.02,low,0
STU-2026-0220,-0.072,-0.1925,4.58,4.28,0,0,0.0,0.0,0,0,0.0322,low,0
STU-2026-0221,-0.3178,-2.639,1.0,1.43,12,1,0.4441,0.51,2,1,0.98,high,1
STU-2026-0222,0.0598,0.1011,3.81,3.72,0,0,0.0,0.0,0,0,0.0277,low,0
STU-2026-0223,-0.2101,-0.9233,3.02,3.2,2,3,0.2378,0.2538,1,0,0.5727,medium,0
STU-2026-0224,-0.1625,-1.2754,2.9,3.12,2,1,0.2094,0.2897,0,0,0.6528,high,1
STU-2026-0225,-0.0357,-0.2646,4.57,4.88,0,0,0.0,0.0,1,0,0.02,low,0
STU-2026-0226,0.0379,-0.0854,4.7,4.76,0,0,0.0,0.0,0,0,0.02,low,0
STU-2026-0227,0.0726,-0.0199,4.1,4.27,0,0,0.0,0.0,0,0,0.02,low,0
STU-2026-0228,-0.0171,0.4188,3.96,4.45,0,1,0.0,0.0,0,0,0.02,low,0
STU-2026-0229,0.0391,0.2015,4.31,4.5,1,0,0.0,0.0,0,0,0.02,low,0
STU-2026-0230,-0.4853,-2.6455,1.0,1.07,9,5,0.5528,0.4723,4,2,0.98,high,1
STU-2026-0231,-0.277,-1.3067,2.43,2.58,2,3,0.2193,0.2488,0,1,0.6503,high,1
STU-2026-0232,0.0338,0.057,3.81,4.21,0,0,0.0,0.0,0,0,0.02,low,0
STU-2026-0233,0.0526,0.0767,4.21,4.72,0,0,0.0,0.0,0,0,0.02,low,0
STU-2026-0234,-0.1976,-0.996,3.11,2.69,2,1,0.209,0.3047,1,0,0.5845,medium,0
STU-2026-0235,0.0193,-0.06,4.34,4.59,1,0,0.0,0.0,0,0,0.0361,low,0
STU-2026-0236,-0.0384,0.4119,3.83,4.18,0,0,0.0,0.0,0,0,0.02,low,0
STU-2026-0237,0.0162,-0.426,4.35,4.18,0,1,0.0,0.0,0,0,0.02,low,0
STU-2026-0238,-0.0668,-0.8688,2.72,3.08,1,0,0.2724,0.2367,1,0,0.5729,medium,0
STU-2026-0239,0.0749,0.4798,4.4,4.62,0,1,0.0,0.0,0,0,0.02,low,0
STU-2026-0240,-0.0001,0.16,3.57,3.5,2,1,0.0,0.0,0,1,0.1068,low,0
STU-2026-0241,0.0295,0.279,4.15,4.11,1,0,0.0,0.0,0,0,0.02,low,0
STU-2026-0242,-0.0119,0.5394,3.5,3.37,0,0,0.0,0.0,0,0,0.02,low,0
STU-2026-0243,-0.1935,-1.1881,2.66,2.31,4,3,0.2479,0.2735,0,0,0.6488,medium,0
STU-2026-0244,-0.0287,0.3945,3.8,3.33,0,0,0.0,0.0,0,0,0.0242,low,0
STU-2026-0245,-0.5429,-2.4737,1.0,1.31,9,3,0.5428,0.5713,1,2,0.98,high,1
STU-2026-0246,-0.4195,-2.3829,1.0,1.0,7,3,0.3805,0.5366,2,0,0.98,high,1
STU-2026-0247,0.0769,0.0446,4.12,3.87,0,0,0.0,0.0,0,0,0.02,low,0
STU-2026-0248,-0.2472,-1.1275,2.36,2.35,0,0,0.3109,0.2316,0,0,0.5999,medium,0
STU-2026-0249,-0.4519,-2.5179,1.0,1.02,8,4,0.4538,0.5562,2,0,0.98,high,1
STU-2026-0250,0.0111,0.3868,3.83,3.73,1,1,0.0,0.0,0,0,0.02,low,0
STU-2026-0251,-0.528,-1.981,1.0,1.68,7,5,0.4364,0.6506,3,2,0.98,high,1
STU-2026-0252,0.0659,-0.0231,4.32,4.44,0,0,0.0,0.0,0,0,0.02,low,0
STU-2026-0253,-0.572,-2.0214,1.05,1.29,7,5,0.4206,0.5439,2,2,0.98,high,1
STU-2026-0254,0.0004,0.0113,3.61,3.9,0,1,0.0,0.0,0,0,0.02,low,0
STU-2026-0255,0.1297,0.3025,4.78,4.21,1,0,0.0,0.0,0,0,0.02,low,0
STU-2026-0256,0.0475,-0.2487,4.09,3.96,0,0,0.0,0.0,0,0,0.02,low,0
STU-2026-0257,0.0204,0.0703,4.18,3.77,0,0,0.0,0.0,0,0,0.0476,low,0
STU-2026-0258,-0.0943,-1.6882,2.36,2.77,5,2,0.2396,0.281,0,0,0.6205,medium,0
STU-2026-0259,0.0087,-0.0438,4.42,3.99,0,0,0.0,0.0,0,0,0.02,low,0
STU-2026-0260,0.1071,-0.2166,4.48,4.82,0,0,0.0,0.0,0,0,0.0524,low,0
STU-2026-0261,-0.0539,-0.086,3.72,3.91,0,0,0.0,0.0,0,0,0.0349,low,0
STU-2026-0262,-0.1887,-0.8248,2.8,3.02,1,1,0.209,0.2624,0,0,0.6161,medium,0
STU-2026-0263,-0.3977,-2.2609,1.0,1.0,9,1,0.4337,0.5482,2,1,0.98,high,1
STU-2026-0264,0.0419,0.3515,4.13,4.39,0,0,0.0,0.0,0,0,0.02,low,0
STU-2026-0265,-0.0363,0.299,4.41,4.22,1,0,0.0,0.0,0,0,0.02,low,0
STU-2026-0266,-0.0385,0.5163,4.03,3.66,0,0,0.0,0.0,0,0,0.02,low,0
STU-2026-0267,0.0265,0.1649,4.34,3.99,0,1,0.0,0.0,0,0,0.0627,low,0
STU-2026-0268,-0.3028,-1.0157,2.05,3.08,4,0,0.2317,0.3016,1,0,0.6124,medium,0
STU-2026-0269,0.0201,-0.0571,3.46,3.86,0,0,0.0,0.0,0,0,0.02,low,0
STU-2026-0270,0.0131,0.5603,4.36,4.07,0,1,0.0,0.0,0,0,0.02,low,0
STU-2026-0271,-0.0191,0.5341,4.99,4.62,2,1,0.0,0.0,0,0,0.02,low,0
STU-2026-0272,-0.1483,-0.819,2.76,2.57,1,2,0.2099,0.2434,0,0,0.5943,medium,0
STU-2026-0273,0.0807,-0.0412,4.81,4.77,0,1,0.0,0.0,0,0,0.02,low,0
STU-2026-0274,0.0535,0.2409,4.06,3.87,0,0,0.0,0.0,0,0,0.02,low,0
STU-2026-0275,-0.1101,-1.3817,2.91,3.01,4,3,0.2161,0.2622,1,0,0.6205,medium,0
STU-2026-0276,-0.1709,-0.4517,2.13,2.63,4,4,0.2427,0.3155,1,1,0.632,medium,0
STU-2026-0277,0.0053,0.253,4.17,4.03,0,0,0.0,0.0,0,0,0.02,low,0
STU-2026-0278,0.0319,0.071,3.42,4.0,0,0,0.0,0.0,1,0,0.02,low,0
STU-2026-0279,-0.3082,-3.7793,1.0,1.0,6,8,0.4623,0.6541,2,2,0.98,high,1
STU-2026-0280,-0.0217,0.4982,3.73,4.25,0,0,0.0,0.0,0,0,0.02,low,0
STU-2026-0281,-0.0328,-0.2589,4.4,4.26,2,0,0.0,0.0,0,0,0.0522,low,0
STU-2026-0282,-0.0161,0.4375,4.1,3.9,0,0,0.0,0.0,0,0,0.02,low,0
STU-2026-0283,-0.2469,-1.1598,2.91,3.2,6,1,0.2162,0.2675,0,0,0.669,high,1
STU-2026-0284,-0.2406,-0.7097,2.64,2.16,3,2,0.2041,0.2926,1,0,0.6158,medium,0
STU-2026-0285,-0.8359,-2.6249,1.0,1.29,7,3,0.4573,0.557,1,0,0.98,high,1
STU-2026-0286,0.0192,0.3167,4.69,5.0,0,0,0.0,0.0,0,0,0.02,low,0
STU-2026-0287,-0.0049,0.2372,4.29,4.29,0,0,0.0,0.0,0,0,0.02,low,0
STU-2026-0288,-0.5462,-2.915,1.0,1.38,4,3,0.5463,0.5621,1,0,0.98,high,1
STU-2026-0289,0.0688,0.022,3.83,3.95,0,0,0.0,0.0,1,0,0.02,low,0
STU-2026-0290,0.0162,0.259,4.05,4.33,0,0,0.0,0.0,0,0,0.02,low,0
STU-2026-0291,-0.0836,-0.9251,2.57,2.47,5,4,0.2616,0.2963,0,0,0.6564,high,1
STU-2026-0292,-0.6534,-2.2437,1.0,1.0,10,6,0.3123,0.4876,1,0,0.98,high,1
STU-2026-0293,-0.1606,-0.8548,3.42,3.17,6,3,0.2313,0.312,2,1,0.6516,high,1
STU-2026-0294,-0.0501,0.3507,4.23,3.73,2,0,0.0,0.0,0,0,0.02,low,0
STU-2026-0295,0.0447,-0.1696,4.4,4.67,0,0,0.0,0.0,0,0,0.02,low,0
STU-2026-0296,0.0019,-0.3823,4.28,3.92,1,0,0.0,0.0,0,0,0.0206,low,0
STU-2026-0297,0.0191,0.3676,3.51,3.46,0,0,0.0,0.0,1,0,0.02,low,0
STU-2026-0298,0.1288,0.1639,3.89,4.23,0,1,0.0,0.0,0,0,0.02,low,0
STU-2026-0299,0.0225,0.2746,3.44,3.66,0,1,0.0,0.0,1,0,0.0448,low,0
STU-2026-0300,-0.5813,-2.9508,1.15,1.0,10,3,0.4484,0.5599,1,0,0.98,high,1
STU-2026-0301,0.0061,0.0794,4.8,5.0,0,1,0.0,0.0,0,0,0.02,low,0
STU-2026-0302,-0.1375,-0.6167,3.44,3.48,3,1,0.2516,0.2883,0,0,0.5715,medium,0
STU-2026-0303,-0.1944,-0.7125,2.46,2.64,6,0,0.2049,0.2173,1,0,0.5588,medium,0
STU-2026-0304,0.04,0.2337,4.65,4.05,0,0,0.0,0.0,0,0,0.02,low,0
STU-2026-0305,-0.2602,-2.9189,1.0,1.4,14,5,0.4412,0.5153,3,1,0.98,high,1
STU-2026-0306,-0.6126,-2.9152,1.0,1.0,7,3,0.4164,0.5142,1,0,0.98,high,1
STU-2026-0307,0.0264,0.0527,4.25,3.76,0,0,0.0,0.0,0,0,0.0538,low,0
STU-2026-0308,0.0329,0.4282,4.91,5.0,0,0,0.0,0.0,1,0,0.02,low,0
STU-2026-0309,-0.1834,-0.9454,2.58,3.09,3,1,0.2258,0.3344,0,0,0.6162,medium,0
STU-2026-0310,-0.4852,-3.0241,1.03,1.08,11,6,0.5337,0.5333,3,1,0.98,high,1
STU-2026-0311,0.0034,0.3968,4.98,4.31,1,0,0.0,0.0,0,0,0.02,low,0
STU-2026-0312,0.1215,0.2498,4.83,4.61,1,0,0.0,0.0,1,0,0.0477,low,0
STU-2026-0313,-0.0559,-0.0459,4.63,3.95,1,0,0.0,0.0,0,0,0.0743,low,0
STU-2026-0314,-0.0325,0.1675,5.0,5.0,0,0,0.0,0.0,1,0,0.0613,low,0
STU-2026-0315,-0.0075,0.2167,4.24,4.05,0,0,0.0,0.0,0,0,0.0349,low,0
STU-2026-0316,-0.4665,-2.6363,1.24,1.62,3,4,0.4423,0.5669,4,0,0.98,high,1
STU-2026-0317,0.099,0.1756,5.0,4.78,0,0,0.0,0.0,0,0,0.02,low,0
STU-2026-0318,0.0747,0.3456,3.83,3.97,1,0,0.0,0.0,0,0,0.0236,low,0
STU-2026-0319,-0.0985,-1.2336,2.18,2.14,4,1,0.2259,0.292,0,1,0.5882,medium,0
STU-2026-0320,-0.4914,-2.8332,1.0,1.35,4,7,0.4709,0.4917,1,0,0.9762,high,1
STU-2026-0321,0.0145,-0.3752,3.9,3.7,0,0,0.0,0.0,0,0,0.0226,low,0
STU-2026-0322,0.0186,0.1779,3.93,4.04,1,0,0.0,0.0,0,0,0.02,low,0
STU-2026-0323,0.0073,-0.3753,4.8,5.0,2,0,0.0,0.0,0,0,0.0926,low,0
STU-2026-0324,-0.0254,-0.0286,3.92,3.86,1,0,0.0,0.0,0,0,0.02,low,0
STU-2026-0325,0.0095,0.0428,4.03,4.23,3,0,0.0,0.0,0,0,0.02,low,0
STU-2026-0326,-0.0559,0.4349,4.3,4.4,0,0,0.0,0.0,0,1,0.0727,low,0
STU-2026-0327,0.082,0.3637,4.47,4.59,0,0,0.0,0.0,0,0,0.02,low,0
STU-2026-0328,0.0874,-0.0407,3.92,4.23,1,0,0.0,0.0,0,0,0.058,low,0
STU-2026-0329,-0.0551,1.06,4.22,4.66,1,0,0.0,0.0,0,0,0.02,low,0
STU-2026-0330,0.0457,-0.4686,5.0,5.0,0,2,0.0,0.0,0,0,0.02,low,0
STU-2026-0331,0.1358,0.168,4.56,3.9,0,0,0.0,0.0,0,0,0.038,low,0
STU-2026-0332,0.0872,0.2863,4.08,3.87,0,0,0.0,0.0,0,0,0.02,low,0
STU-2026-0333,-0.0672,-0.9262,2.9,3.28,3,4,0.2422,0.2737,1,0,0.5889,medium,0
STU-2026-0334,0.0164,0.2925,4.84,4.93,0,0,0.0,0.0,0,1,0.02,low,0
STU-2026-0335,0.0676,0.0882,4.62,4.54,0,0,0.0,0.0,0,0,0.02,low,0
STU-2026-0336,-0.0684,0.3841,3.71,3.93,0,0,0.0,0.0,0,0,0.02,low,0
STU-2026-0337,0.0215,-0.0891,3.8,3.97,1,0,0.0,0.0,0,0,0.0428,low,0
STU-2026-0338,0.0369,-0.2464,4.7,4.57,0,0,0.0,0.0,0,0,0.02,low,0
STU-2026-0339,-0.1291,-1.4289,2.76,2.94,4,3,0.2585,0.2511,1,0,0.6713,high,1
STU-2026-0340,-0.2125,-1.1243,2.32,2.62,4,2,0.2025,0.2544,0,1,0.6064,medium,0
STU-2026-0341,-0.1433,-1.173,2.45,2.35,6,1,0.2308,0.2889,0,0,0.6161,medium,0
STU-2026-0342,-0.0129,0.4219,3.8,3.96,0,1,0.0,0.0,0,0,0.02,low,0
STU-2026-0343,-0.4657,-2.7617,1.16,1.89,10,1,0.464,0.4114,1,2,0.98,high,1
STU-2026-0344,0.0155,0.144,3.93,3.5,0,0,0.0,0.0,0,0,0.02,low,0
STU-2026-0345,0.0384,-0.2963,4.46,4.81,0,0,0.0,0.0,1,0,0.0216,low,0
STU-2026-0346,0.0834,0.0802,4.66,4.76,0,2,0.0,0.0,0,0,0.02,low,0
STU-2026-0347,-0.0401,-0.0029,4.42,4.47,0,0,0.0,0.0,0,0,0.02,low,0
STU-2026-0348,0.0052,0.3501,4.48,4.56,0,0,0.0,0.0,0,0,0.02,low,0
STU-2026-0349,0.0924,0.0009,4.06,3.84,2,0,0.0,0.0,0,0,0.039,low,0
STU-2026-0350,-0.2632,-1.1719,2.4,2.84,7,1,0.2654,0.2929,1,0,0.6736,high,1
STU-2026-0351,0.0695,0.4296,4.31,4.72,0,1,0.0,0.0,0,0,0.02,low,0
STU-2026-0352,0.0978,0.0004,4.11,4.32,1,1,0.0,0.0,0,0,0.02,low,0
STU-2026-0353,-0.0037,0.3296,4.58,4.14,0,0,0.0,0.0,0,0,0.0364,low,0
STU-2026-0354,-0.0517,0.6284,4.91,5.0,2,0,0.0,0.0,0,0,0.1122,low,0
STU-2026-0355,-0.2772,-3.2436,1.08,1.13,10,4,0.4492,0.5214,4,2,0.98,high,1
STU-2026-0356,0.146,0.3304,4.35,3.96,0,0,0.0,0.0,0,0,0.02,low,0
STU-2026-0357,0.0414,0.1182,4.54,4.53,1,1,0.0,0.0,0,0,0.02,low,0
STU-2026-0358,0.052,-0.0567,3.52,3.36,0,0,0.0,0.0,0,0,0.02,low,0
STU-2026-0359,0.055,-0.0773,4.76,3.87,0,1,0.0,0.0,0,0,0.0328,low,0
STU-2026-0360,0.0327,-0.0387,4.24,4.23,0,0,0.0,0.0,0,1,0.02,low,0
STU-2026-0361,-0.0517,-0.0744,4.25,5.0,0,0,0.0,0.0,0,0,0.02,low,0
STU-2026-0362,0.0484,0.2689,3.9,3.98,0,0,0.0,0.0,0,0,0.02,low,0
STU-2026-0363,-0.0924,-1.0384,3.05,3.09,6,0,0.2046,0.2788,2,0,0.5997,medium,0
STU-2026-0364,-0.1887,-0.9418,3.14,2.89,5,0,0.2458,0.3085,1,0,0.6426,medium,0
STU-2026-0365,0.0054,0.3261,4.01,4.36,0,0,0.0,0.0,0,0,0.0304,low,0
STU-2026-0366,-0.0022,-0.1047,4.79,4.63,2,0,0.0,0.0,0,0,0.02,low,0
STU-2026-0367,0.0365,0.4725,4.07,3.74,1,0,0.0,0.0,0,0,0.02,low,0
STU-2026-0368,-0.1872,-0.961,2.31,2.26,5,3,0.2735,0.2518,1,1,0.605,medium,0
STU-2026-0369,0.0564,0.2961,4.47,3.9,1,0,0.0,0.0,0,0,0.02,low,0
STU-2026-0370,-0.0417,0.4461,3.57,3.64,0,0,0.0,0.0,0,0,0.02,low,0
STU-2026-0371,-0.1216,-0.786,3.12,2.96,5,0,0.2261,0.2621,0,1,0.636,medium,0
STU-2026-0372,-0.0287,0.3521,4.69,4.47,0,0,0.0,0.0,0,0,0.02,low,0
STU-2026-0373,-0.0673,-0.2188,4.51,3.92,1,0,0.0,0.0,0,0,0.0295,low,0
STU-2026-0374,-0.0655,-0.001,4.41,4.81,0,0,0.0,0.0,1,0,0.02,low,0
STU-2026-0375,0.0262,0.716,4.49,4.31,0,0,0.0,0.0,0,0,0.0248,low,0
STU-2026-0376,0.039,0.3424,4.34,4.12,0,0,0.0,0.0,0,0,0.02,low,0
STU-2026-0377,-0.6619,-2.8113,1.23,1.44,9,7,0.4606,0.4834,2,1,0.98,high,1
STU-2026-0378,-0.4171,-2.8218,1.0,1.27,10,5,0.4924,0.4995,1,2,0.98,high,1
STU-2026-0379,0.0149,0.111,3.64,3.35,1,0,0.0,0.0,0,0,0.02,low,0
STU-2026-0380,0.0609,0.0596,4.27,4.63,0,0,0.0,0.0,0,0,0.0341,low,0
STU-2026-0381,0.071,0.0285,4.07,4.3,1,0,0.0,0.0,0,0,0.0348,low,0
STU-2026-0382,0.0755,-0.0707,4.53,4.38,1,0,0.0,0.0,0,0,0.02,low,0
STU-2026-0383,0.0321,-0.0361,4.53,4.28,1,0,0.0,0.0,0,0,0.02,low,0
STU-2026-0384,-0.0478,0.0625,4.65,4.37,0,0,0.0,0.0,1,0,0.02,low,0
STU-2026-0385,-0.0366,0.0336,4.18,3.94,0,1,0.0,0.0,0,0,0.02,low,0
STU-2026-0386,-0.3364,-2.94,1.0,1.0,9,5,0.3819,0.4777,2,2,0.98,high,1
STU-2026-0387,-0.3541,-2.6192,1.0,1.32,10,1,0.4344,0.5068,2,2,0.98,high,1
STU-2026-0388,0.0642,0.0178,3.63,3.96,0,0,0.0,0.0,0,0,0.02,low,0
STU-2026-0389,0.008,0.2592,4.67,4.33,0,0,0.0,0.0,0,0,0.02,low,0
STU-2026-0390,-0.1228,-1.3604,2.25,2.54,5,2,0.1932,0.281,1,0,0.6551,high,1
STU-2026-0391,-0.0058,0.0797,4.16,4.21,0,0,0.0,0.0,0,0,0.02,low,0
STU-2026-0392,-0.0149,0.0168,4.02,3.84,1,0,0.0,0.0,0,0,0.0323,low,0
STU-2026-0393,-0.1319,-1.0825,2.46,1.88,1,2,0.2319,0.2405,1,1,0.5188,medium,0
STU-2026-0394,0.0857,0.4949,4.68,4.3,0,0,0.0,0.0,0,0,0.02,low,0
STU-2026-0395,0.021,0.0243,4.49,4.51,0,1,0.0,0.0,0,0,0.0358,low,0
STU-2026-0396,0.0455,0.3831,3.86,4.19,0,0,0.0,0.0,0,0,0.02,low,0
STU-2026-0397,-0.5591,-3.0786,1.0,1.0,9,5,0.4613,0.5394,1,0,0.98,high,1
STU-2026-0398,0.0797,0.1809,4.1,4.49,1,0,0.0,0.0,0,0,0.02,low,0
STU-2026-0399,0.1248,0.0362,4.28,4.05,2,0,0.0,0.0,0,0,0.0424,low,0
STU-2026-0400,0.0864,0.173,4.45,4.81,0,0,0.0,0.0,0,0,0.02,low,0
STU-2026-0401,0.0289,0.0744,3.36,3.51,0,0,0.0,0.0,0,0,0.0798,low,0
STU-2026-0402,0.0719,0.3105,4.31,4.45,0,0,0.0,0.0,0,0,0.02,low,0
STU-2026-0403,-0.0102,0.343,4.45,4.43,1,0,0.0,0.0,0,0,0.02,low,0
STU-2026-0404,0.0567,0.1584,4.0,4.16,0,0,0.0,0.0,0,0,0.0221,low,0
STU-2026-0405,-0.0601,0.2324,4.5,4.31,0,0,0.0,0.0,0,0,0.02,low,0
STU-2026-0406,-0.0548,-0.0197,4.23,3.94,1,0,0.0,0.0,0,0,0.0475,low,0
STU-2026-0407,-0.159,-1.1251,2.76,3.32,2,3,0.197,0.3001,1,0,0.5583,medium,0
STU-2026-0408,-0.0235,-0.3551,4.18,3.74,0,0,0.0,0.0,0,0,0.0375,low,0
STU-2026-0409,-0.0304,0.0396,4.2,4.12,0,0,0.0,0.0,0,0,0.02,low,0
STU-2026-0410,-0.1004,-0.7658,2.81,2.2,4,2,0.2717,0.3307,0,0,0.6061,medium,0
STU-2026-0411,0.0856,0.4539,4.1,4.44,1,1,0.0,0.0,0,0,0.0314,low,0
STU-2026-0412,-0.1504,-0.9954,2.34,2.76,5,2,0.2062,0.2913,0,0,0.6289,medium,0
STU-2026-0413,0.0487,0.0645,4.27,4.31,0,0,0.0,0.0,0,0,0.02,low,0
STU-2026-0414,0.0337,0.1465,4.95,4.41,0,0,0.0,0.0,0,0,0.02,low,0
STU-2026-0415,0.0173,0.5591,4.35,4.38,0,0,0.0,0.0,0,0,0.025,low,0
STU-2026-0416,-0.1524,-1.1625,3.13,3.63,6,3,0.2439,0.2392,0,0,0.65,medium,0
STU-2026-0417,0.1127,-0.0034,4.55,4.74,0,1,0.0,0.0,0,0,0.0261,low,0
STU-2026-0418,0.0072,0.268,4.31,4.59,0,1,0.0,0.0,0,0,0.02,low,0
STU-2026-0419,0.0665,-0.0513,4.06,4.62,0,0,0.0,0.0,0,0,0.0393,low,0
STU-2026-0420,0.0183,-0.1086,3.48,3.78,3,0,0.0,0.0,0,0,0.02,low,0
STU-2026-0421,0.0483,0.1387,3.7,4.49,0,0,0.0,0.0,1,0,0.0241,low,0
STU-2026-0422,-0.0099,0.1442,3.95,3.79,0,0,0.0,0.0,0,0,0.022,low,0
STU-2026-0423,-0.015,-0.4524,4.31,4.55,1,1,0.0,0.0,0,0,0.02,low,0
STU-2026-0424,-0.1604,-0.7458,2.65,3.13,1,2,0.2226,0.2821,2,0,0.5916,medium,0
STU-2026-0425,-0.0081,0.1344,4.12,4.24,0,0,0.0,0.0,0,0,0.0699,low,0
STU-2026-0426,-0.1084,0.5517,4.13,4.22,0,0,0.0,0.0,0,0,0.02,low,0
STU-2026-0427,-0.1138,-0.7309,2.5,2.94,3,0,0.2382,0.28,2,0,0.6354,medium,0
STU-2026-0428,-0.0061,0.2965,3.99,3.74,0,1,0.0,0.0,0,0,0.02,low,0
STU-2026-0429,0.0306,-0.0046,4.36,4.68,0,0,0.0,0.0,0,0,0.02,low,0
STU-2026-0430,0.0599,0.2312,3.34,3.39,1,0,0.0,0.0,0,1,0.02,low,0
STU-2026-0431,-0.0427,-0.2317,4.0,4.34,0,0,0.0,0.0,0,0,0.02,low,0
STU-2026-0432,0.0688,0.0008,4.35,4.2,0,1,0.0,0.0,0,0,0.02,low,0
STU-2026-0433,0.0241,0.3809,4.2,4.38,0,0,0.0,0.0,0,0,0.0286,low,0
STU-2026-0434,0.0139,0.178,4.01,4.38,0,0,0.0,0.0,0,0,0.0325,low,0
STU-2026-0435,-0.2089,-0.8354,3.0,3.11,7,1,0.2391,0.2757,0,0,0.6215,medium,0
STU-2026-0436,-0.0114,-0.0036,4.48,4.45,1,0,0.0,0.0,0,0,0.0443,low,0
STU-2026-0437,0.038,0.285,3.42,3.97,1,0,0.0,0.0,1,0,0.0316,low,0
STU-2026-0438,-0.617,-3.2434,1.62,1.67,8,5,0.4686,0.5576,3,1,0.98,high,1
STU-2026-0439,0.0055,-0.0451,4.22,3.86,1,0,0.0,0.0,0,0,0.02,low,0
STU-2026-0440,-0.0483,0.465,4.56,4.36,2,0,0.0,0.0,0,0,0.0449,low,0
STU-2026-0441,0.0536,0.5468,4.19,4.55,1,0,0.0,0.0,0,0,0.0457,low,0
STU-2026-0442,0.0484,0.1859,4.74,4.7,0,0,0.0,0.0,1,0,0.02,low,0
STU-2026-0443,0.0927,-0.2078,4.01,4.3,0,0,0.0,0.0,0,0,0.0247,low,0
STU-2026-0444,0.0022,0.4072,4.62,4.61,2,1,0.0,0.0,0,0,0.02,low,0
STU-2026-0445,-0.71,-3.1671,1.48,1.63,6,3,0.4102,0.5943,3,1,0.98,high,1
STU-2026-0446,0.0305,-0.1177,3.89,3.68,2,0,0.0,0.0,0,0,0.02,low,0
STU-2026-0447,-0.0265,0.2565,4.33,4.23,1,0,0.0,0.0,0,0,0.0594,low,0
STU-2026-0448,-0.1749,-0.9818,2.47,2.58,4,2,0.262,0.285,0,0,0.6378,medium,0
STU-2026-0449,0.0258,0.0372,3.27,3.4,0,0,0.0,0.0,0,0,0.02,low,0
STU-2026-0450,-0.4251,-2.611,1.09,1.09,13,5,0.5024,0.4329,1,0,0.98,high,1
STU-2026-0451,-0.1391,-0.7981,3.21,3.42,2,1,0.2171,0.2243,0,0,0.6231,medium,0
STU-2026-0452,-0.1479,-0.7906,3.33,3.48,6,2,0.2251,0.2474,1,0,0.563,medium,0
STU-2026-0453,0.0746,0.1017,3.94,3.86,0,0,0.0,0.0,0,0,0.02,low,0
STU-2026-0454,0.0161,0.4422,3.94,3.94,0,0,0.0,0.0,1,0,0.02,low,0
STU-2026-0455,0.0011,0.0499,3.96,4.27,1,1,0.0,0.0,0,0,0.02,low,0
STU-2026-0456,0.0398,0.0996,4.85,5.0,0,1,0.0,0.0,0,0,0.02,low,0
STU-2026-0457,0.1081,0.4097,3.32,3.92,0,0,0.0,0.0,0,0,0.02,low,0
STU-2026-0458,0.1296,0.4279,4.25,3.84,0,0,0.0,0.0,0,0,0.0201,low,0
STU-2026-0459,-0.0216,0.5078,4.51,4.85,0,1,0.0,0.0,0,0,0.02,low,0
STU-2026-0460,-0.5698,-2.4675,1.0,1.44,7,4,0.4946,0.4993,2,1,0.9764,high,1
STU-2026-0461,0.0688,-0.0369,4.42,4.39,0,0,0.0,0.0,0,0,0.02,low,0
STU-2026-0462,-0.1329,-0.9889,2.58,2.99,6,1,0.208,0.3413,1,0,0.653,high,1
STU-2026-0463,0.0575,0.1032,4.77,4.62,0,0,0.0,0.0,1,0,0.0604,low,0
STU-2026-0464,-0.0916,-0.9762,3.04,2.77,5,1,0.2903,0.2776,1,0,0.6476,medium,0
STU-2026-0465,-0.0323,-0.2419,4.8,5.0,0,0,0.0,0.0,1,0,0.02,low,0
STU-2026-0466,-0.015,0.1214,3.76,3.81,0,1,0.0,0.0,0,0,0.02,low,0
STU-2026-0467,-0.2006,-0.8523,3.1,3.23,5,2,0.259,0.28,0,0,0.6183,medium,0
STU-2026-0468,-0.0588,-1.3887,3.17,2.9,2,0,0.1861,0.2225,0,0,0.5736,medium,0
STU-2026-0469,-0.0894,-0.019,4.71,4.58,0,1,0.0,0.0,0,0,0.02,low,0
STU-2026-0470,-0.1831,-0.923,2.09,2.24,2,3,0.2126,0.2419,1,0,0.5756,medium,0
STU-2026-0471,-0.047,-0.2627,4.6,4.14,1,0,0.0,0.0,0,0,0.0315,low,0
STU-2026-0472,-0.5294,-2.4794,1.09,1.53,11,7,0.4566,0.4792,2,1,0.98,high,1
STU-2026-0473,-0.1848,-0.9176,2.61,2.62,6,3,0.2633,0.2827,0,0,0.6582,high,1
STU-2026-0474,0.1018,-0.2236,4.37,4.08,0,1,0.0,0.0,0,1,0.037,low,0
STU-2026-0475,-0.0262,0.115,4.22,4.35,1,0,0.0,0.0,1,0,0.02,low,0
STU-2026-0476,-0.1594,-0.7176,2.62,2.77,1,1,0.2591,0.269,0,0,0.5627,medium,0
STU-2026-0477,-0.0606,-0.6789,3.65,3.12,7,2,0.2166,0.3013,0,0,0.6731,high,1
STU-2026-0478,-0.7304,-3.2051,1.79,1.81,11,4,0.5389,0.5278,2,2,0.98,high,1
STU-2026-0479,0.0585,0.0449,3.21,3.87,1,0,0.0,0.0,0,0,0.0207,low,0
STU-2026-0480,-0.0619,0.0399,3.7,3.62,0,0,0.0,0.0,0,0,0.02,low,0
STU-2026-0481,0.072,0.6293,4.69,4.98,1,0,0.0,0.0,1,0,0.02,low,0
STU-2026-0482,-0.0124,0.3064,3.52,4.25,2,0,0.0,0.0,0,0,0.02,low,0
STU-2026-0483,-0.6017,-2.9731,1.0,1.0,10,6,0.3873,0.5326,1,0,0.98,high,1
STU-2026-0484,0.0308,-0.0623,4.31,4.22,1,0,0.0,0.0,0,0,0.02,low,0
STU-2026-0485,0.033,0.2223,3.77,3.99,0,0,0.0,0.0,0,0,0.02,low,0
STU-2026-0486,-0.1345,-1.1331,3.03,2.59,3,4,0.1894,0.2427,0,0,0.6259,medium,0
STU-2026-0487,0.0177,0.5478,3.67,4.0,0,0,0.0,0.0,0,0,0.02,low,0
STU-2026-0488,-0.0188,0.2177,4.03,4.74,0,0,0.0,0.0,0,0,0.02,low,0
STU-2026-0489,-0.0243,0.3574,4.72,4.17,2,0,0.0,0.0,0,1,0.02,low,0
STU-2026-0490,-0.0261,0.178,3.97,3.67,1,0,0.0,0.0,0,0,0.0616,low,0
STU-2026-0491,-0.0043,0.1535,4.59,4.25,0,0,0.0,0.0,0,0,0.0404,low,0
STU-2026-0492,0.1429,-0.2804,3.58,3.47,0,0,0.0,0.0,0,0,0.048,low,0
STU-2026-0493,-0.0393,0.2572,4.47,4.2,0,0,0.0,0.0,0,0,0.02,low,0
STU-2026-0494,-0.0064,0.1001,3.2,3.44,1,0,0.0,0.0,0,1,0.0258,low,0
STU-2026-0495,0.0136,0.092,4.01,3.76,1,0,0.0,0.0,0,0,0.0224,low,0
STU-2026-0496,-0.3451,-2.3455,1.0,1.0,11,8,0.4196,0.5711,1,1,0.98,high,1
STU-2026-0497,-0.6092,-2.6527,1.0,1.92,10,6,0.5019,0.5147,2,0,0.98,high,1
STU-2026-0498,-0.3125,-1.1676,2.91,3.04,6,0,0.2419,0.2111,0,1,0.6764,high,1
STU-2026-0499,-0.5948,-2.4066,1.0,1.24,10,3,0.4822,0.6082,3,1,0.98,high,1
STU-2026-0500,-0.4006,-2.9148,1.0,1.0,11,4,0.4794,0.5914,2,0,0.98,high,1
STU-2026-0501,0.0509,0.0437,3.93,4.0,1,0,0.0,0.0,0,0,0.02,low,0
STU-2026-0502,-0.0363,0.2708,4.05,4.12,0,0,0.0,0.0,0,0,0.0536,low,0
STU-2026-0503,-0.0469,0.4739,3.69,3.54,0,1,0.0,0.0,0,0,0.02,low,0
STU-2026-0504,0.0112,0.4611,4.98,4.56,1,0,0.0,0.0,0,0,0.0243,low,0
STU-2026-0505,0.0404,0.0279,3.43,3.79,2,0,0.0,0.0,0,0,0.02,low,0
STU-2026-0506,0.0227,0.0724,3.76,3.57,0,0,0.0,0.0,0,0,0.02,low,0
STU-2026-0507,0.0508,0.008,3.78,3.95,0,0,0.0,0.0,0,0,0.02,low,0
STU-2026-0508,0.0049,0.334,4.27,3.87,1,0,0.0,0.0,0,0,0.0232,low,0
STU-2026-0509,-0.1404,-1.1768,2.14,2.1,2,1,0.1818,0.253,1,0,0.5984,medium,0
STU-2026-0510,-0.115,-1.1186,2.25,2.85,5,1,0.1975,0.2871,0,0,0.6451,medium,0
STU-2026-0511,-0.1163,-1.5701,2.67,3.17,7,2,0.2261,0.2597,0,0,0.7043,high,1
STU-2026-0512,-0.1462,-0.8887,1.83,2.23,3,2,0.2368,0.3062,1,0,0.6574,high,1
STU-2026-0513,-0.1858,-1.2704,3.37,3.4,1,2,0.1842,0.2851,2,1,0.5531,medium,0
STU-2026-0514,-0.0053,0.4667,4.1,4.65,0,2,0.0,0.0,0,0,0.02,low,0
STU-2026-0515,0.0472,0.1254,3.69,3.86,0,0,0.0,0.0,1,0,0.0425,low,0
STU-2026-0516,-0.4387,-2.7235,1.04,1.24,8,2,0.4564,0.56,3,2,0.98,high,1
STU-2026-0517,-0.1276,-0.953,3.06,3.17,6,2,0.2464,0.2963,0,0,0.6461,medium,0
STU-2026-0518,-0.5363,-2.4172,1.0,1.0,9,3,0.4767,0.547,3,0,0.98,high,1
STU-2026-0519,0.0569,0.5011,4.88,4.38,0,0,0.0,0.0,0,0,0.02,low,0
STU-2026-0520,0.0639,0.1921,3.99,3.48,0,0,0.0,0.0,0,0,0.02,low,0
STU-2026-0521,0.067,0.653,4.36,4.34,0,0,0.0,0.0,0,0,0.02,low,0
STU-2026-0522,0.0554,-0.018,3.41,3.89,0,0,0.0,0.0,1,0,0.02,low,0
STU-2026-0523,0.0823,0.2221,4.37,4.55,0,1,0.0,0.0,1,0,0.02,low,0
STU-2026-0524,-0.0423,0.2922,4.43,4.76,0,0,0.0,0.0,0,0,0.02,low,0
STU-2026-0525,-0.3999,-2.6695,1.0,1.0,8,2,0.4765,0.5718,3,1,0.98,high,1
STU-2026-0526,0.0435,0.0875,3.8,3.82,0,0,0.0,0.0,0,0,0.02,low,0
STU-2026-0527,-0.0362,0.688,4.02,3.97,0,1,0.0,0.0,0,0,0.02,low,0
STU-2026-0528,0.0278,0.3939,4.19,4.05,0,0,0.0,0.0,0,0,0.02,low,0
STU-2026-0529,-0.0025,0.4518,3.88,3.98,0,0,0.0,0.0,0,0,0.02,low,0
STU-2026-0530,-0.0496,0.4155,4.12,4.17,0,0,0.0,0.0,0,0,0.02,low,0
STU-2026-0531,0.0201,0.0869,4.57,4.24,0,0,0.0,0.0,0,0,0.02,low,0
STU-2026-0532,0.0076,0.6759,4.39,4.38,0,0,0.0,0.0,0,0,0.02,low,0
STU-2026-0533,-0.0259,0.1483,3.36,3.57,1,0,0.0,0.0,1,0,0.0283,low,0
STU-2026-0534,0.0159,0.4225,3.91,4.3,0,1,0.0,0.0,0,0,0.0284,low,0
STU-2026-0535,0.0749,0.2642,4.3,4.29,1,0,0.0,0.0,0,0,0.02,low,0
STU-2026-0536,0.0395,0.23,4.87,5.0,0,0,0.0,0.0,0,0,0.02,low,0
STU-2026-0537,0.0223,0.0743,4.08,3.9,0,0,0.0,0.0,0,0,0.02,low,0
STU-2026-0538,0.1217,-0.2572,3.6,3.96,0,0,0.0,0.0,0,0,0.02,low,0
STU-2026-0539,-0.5097,-3.1569,1.0,1.05,5,5,0.4541,0.5446,4,0,0.98,high,1
STU-2026-0540,0.0829,0.3733,4.37,4.18,1,1,0.0,0.0,0,0,0.0554,low,0
STU-2026-0541,0.0337,0.1118,3.95,3.77,1,0,0.0,0.0,0,0,0.02,low,0
STU-2026-0542,0.0323,0.2914,3.98,4.13,0,0,0.0,0.0,0,0,0.02,low,0
STU-2026-0543,-0.029,0.4684,3.35,3.34,0,0,0.0,0.0,1,0,0.02,low,0
STU-2026-0544,0.0684,-0.0741,4.16,4.35,1,0,0.0,0.0,0,0,0.02,low,0
STU-2026-0545,-0.0488,-0.0974,3.47,3.71,0,0,0.0,0.0,0,0,0.02,low,0
STU-2026-0546,0.0627,-0.1083,4.38,4.28,0,0,0.0,0.0,0,0,0.02,low,0
STU-2026-0547,0.0248,0.1029,4.1,4.39,2,0,0.0,0.0,0,0,0.02,low,0
STU-2026-0548,0.0637,0.2618,4.57,4.05,0,0,0.0,0.0,0,0,0.02,low,0
STU-2026-0549,-0.0306,0.0641,4.21,4.33,0,0,0.0,0.0,0,0,0.0389,low,0
STU-2026-0550,0.0838,0.1185,3.82,4.49,0,0,0.0,0.0,0,0,0.02,low,0
STU-2026-0551,-0.481,-2.5382,1.99,2.23,14,5,0.4235,0.5913,1,0,0.98,high,1
STU-2026-0552,-0.4904,-2.4152,1.08,1.41,10,7,0.4135,0.5563,3,0,0.98,high,1
STU-2026-0553,0.0209,0.3606,3.83,4.16,0,0,0.0,0.0,1,0,0.02,low,0
STU-2026-0554,0.0001,0.291,3.55,3.56,0,1,0.0,0.0,0,1,0.0204,low,0
STU-2026-0555,-0.1488,-0.6968,1.9,2.03,2,2,0.1976,0.2686,2,0,0.603,medium,0
STU-2026-0556,0.0076,0.0663,3.68,4.52,2,0,0.0,0.0,0,0,0.0444,low,0
STU-2026-0557,-0.0307,0.1872,3.73,3.89,1,0,0.0,0.0,0,0,0.02,low,0
STU-2026-0558,0.1033,-0.2014,4.65,4.65,2,1,0.0,0.0,0,0,0.02,low,0
STU-2026-0559,0.0185,0.1433,4.69,4.42,2,1,0.0,0.0,1,0,0.02,low,0
STU-2026-0560,0.0781,0.1515,4.82,3.99,0,0,0.0,0.0,0,0,0.02,low,0
STU-2026-0561,0.1246,0.2967,4.45,4.37,0,0,0.0,0.0,0,0,0.02,low,0
STU-2026-0562,0.0605,0.2936,4.19,4.12,0,1,0.0,0.0,0,0,0.02,low,0
STU-2026-0563,-0.069,-0.9031,2.66,2.83,3,1,0.2165,0.2202,0,0,0.59,medium,0
STU-2026-0564,0.0337,0.2628,4.05,4.28,0,0,0.0,0.0,0,0,0.02,low,0
STU-2026-0565,0.0646,-0.3483,3.8,3.54,1,0,0.0,0.0,1,0,0.02,low,0
STU-2026-0566,0.0753,-0.1412,4.05,4.22,0,0,0.0,0.0,0,0,0.0245,low,0
STU-2026-0567,-0.0335,-0.1051,4.02,3.97,1,0,0.0,0.0,0,0,0.02,low,0
STU-2026-0568,-0.0263,0.326,3.72,4.02,0,0,0.0,0.0,0,0,0.02,low,0
STU-2026-0569,-0.0161,0.832,4.75,5.0,1,0,0.0,0.0,0,1,0.02,low,0
STU-2026-0570,-0.2226,-0.9235,3.0,2.99,5,2,0.1979,0.2939,0,1,0.6353,medium,0
STU-2026-0571,-0.0472,0.0946,4.33,4.24,1,0,0.0,0.0,0,0,0.0516,low,0
STU-2026-0572,0.0324,0.4747,4.87,4.47,0,1,0.0,0.0,0,0,0.0239,low,0
STU-2026-0573,0.018,0.2701,3.37,3.7,0,2,0.0,0.0,0,0,0.02,low,0
STU-2026-0574,-0.4513,-2.4692,1.0,1.05,8,4,0.4597,0.5564,1,1,0.98,high,1
STU-2026-0575,-0.042,0.4281,4.21,4.17,0,0,0.0,0.0,0,0,0.02,low,0
STU-2026-0576,-0.0831,0.3664,3.96,3.96,0,0,0.0,0.0,0,0,0.02,low,0
STU-2026-0577,0.0147,0.4614,3.67,3.78,0,0,0.0,0.0,1,0,0.02,low,0
STU-2026-0578,0.0225,0.3595,3.65,3.8,1,1,0.0,0.0,0,0,0.02,low,0
STU-2026-0579,-0.2207,-1.007,2.74,2.5,5,0,0.2696,0.2397,0,0,0.6243,medium,0
STU-2026-0580,0.016,-0.2616,4.51,4.22,0,1,0.0,0.0,0,0,0.02,low,0
STU-2026-0581,0.0198,0.3907,4.27,5.0,0,0,0.0,0.0,0,0,0.02,low,0
STU-2026-0582,-0.5559,-2.9589,2.33,2.05,10,2,0.4663,0.4927,2,1,0.98,high,1
STU-2026-0583,0.0057,0.1211,5.0,5.0,0,0,0.0,0.0,0,0,0.0534,low,0
STU-2026-0584,-0.08,0.3687,4.74,4.16,0,1,0.0,0.0,0,0,0.02,low,0
STU-2026-0585,0.0615,0.1618,4.39,4.5,0,0,0.0,0.0,0,0,0.02,low,0
STU-2026-0586,-0.1279,-0.9346,2.58,2.99,4,1,0.2698,0.2376,1,0,0.5703,medium,0
STU-2026-0587,-0.0158,0.2174,4.03,3.79,0,0,0.0,0.0,0,1,0.02,low,0
STU-2026-0588,-0.5646,-2.6213,1.0,1.0,7,6,0.4332,0.5441,1,0,0.98,high,1
STU-2026-0589,0.0101,-0.0853,3.98,3.72,1,0,0.0,0.0,0,0,0.0352,low,0
STU-2026-0590,-0.5341,-3.0178,1.0,1.0,12,6,0.4491,0.552,2,1,0.98,high,1
STU-2026-0591,0.0486,0.0889,4.83,4.39,0,0,0.0,0.0,0,0,0.02,low,0
STU-2026-0592,-0.0119,0.1785,4.38,4.5,0,0,0.0,0.0,0,1,0.02,low,0
STU-2026-0593,0.0096,-0.2043,4.51,4.69,0,0,0.0,0.0,0,0,0.0314,low,0
STU-2026-0594,-0.0677,0.1509,4.92,4.61,0,0,0.0,0.0,0,0,0.0483,low,0
STU-2026-0595,-0.2758,-0.9175,3.47,3.51,7,1,0.281,0.2642,0,0,0.6403,medium,0
STU-2026-0596,0.0663,0.2179,3.56,3.85,0,0,0.0,0.0,1,0,0.02,low,0
STU-2026-0597,0.0003,0.0843,3.81,4.14,1,0,0.0,0.0,0,0,0.0257,low,0
STU-2026-0598,0.1379,-0.2213,4.35,4.63,0,0,0.0,0.0,0,0,0.02,low,0
STU-2026-0599,-0.3807,-2.5358,1.4,1.24,9,3,0.5014,0.4298,4,1,0.98,high,1
STU-2026-0600,-0.1529,-1.1499,2.67,2.73,0,1,0.2934,0.3252,0,0,0.5911,medium,0
STU-2026-0001,0.0391,0.2461,3.81,3.99,0,1,0.0,0.0,0,0,0.062,low,0
STU-2026-0002,0.0578,0.0311,4.38,4.18,2,0,0.0,0.0,0,1,0.02,low,0
STU-2026-0003,0.0971,0.5306,4.07,4.54,2,0,0.0,0.0,0,0,0.0381,low,0
STU-2026-0004,-0.5801,-2.3138,1.35,1.51,8,8,0.4573,0.4414,1,2,0.98,high,1
STU-2026-0005,0.006,0.7378,3.36,3.12,1,0,0.0,0.0,0,0,0.02,low,0
STU-2026-0006,-0.0615,0.2291,4.16,4.1,1,0,0.0,0.0,1,0,0.02,low,0
STU-2026-0007,0.0471,0.0088,4.19,3.95,1,0,0.0,0.0,0,0,0.0306,low,0
STU-2026-0008,-0.4404,-2.8083,1.44,2.12,11,2,0.461,0.5375,2,0,0.98,high,1
STU-2026-0009,-0.1127,-1.181,3.18,3.25,3,3,0.178,0.253,0,0,0.5616,medium,0
STU-2026-0010,-0.1721,-1.098,3.03,2.96,5,0,0.2645,0.2771,0,1,0.6601,high,1
STU-2026-0011,0.0134,0.0417,4.28,4.65,1,0,0.0,0.0,0,0,0.02,low,0
STU-2026-0012,0.0676,0.1775,3.77,3.8,1,2,0.0,0.0,0,0,0.02,low,0
STU-2026-0013,0.0558,0.1711,3.9,4.37,0,0,0.0,0.0,0,0,0.02,low,0
STU-2026-0014,-0.0951,-0.968,2.89,2.67,7,1,0.2357,0.2904,1,0,0.6334,medium,0
STU-2026-0015,0.0084,0.6985,4.29,4.29,0,0,0.0,0.0,0,0,0.02,low,0
STU-2026-0016,-0.2234,-1.2104,2.04,2.11,1,0,0.2908,0.2827,0,0,0.678,high,1
STU-2026-0017,0.0651,0.1125,4.13,4.0,0,0,0.0,0.0,0,0,0.02,low,0
STU-2026-0018,0.0039,0.0705,4.37,4.52,0,0,0.0,0.0,0,0,0.02,low,0
STU-2026-0019,-0.2091,-0.72,3.34,3.57,2,2,0.2528,0.3352,0,0,0.6138,medium,0
STU-2026-0020,-0.0209,0.1236,3.45,3.98,0,0,0.0,0.0,0,0,0.02,low,0
STU-2026-0021,-0.5384,-2.3743,1.0,1.17,7,2,0.4484,0.4941,4,0,0.98,high,1
STU-2026-0022,0.0795,0.5129,3.38,3.76,2,0,0.0,0.0,0,0,0.0537,low,0
STU-2026-0023,0.02,0.3623,4.04,4.33,2,0,0.0,0.0,0,0,0.02,low,0
STU-2026-0024,0.0089,-0.0684,4.03,4.23,1,0,0.0,0.0,0,0,0.02,low,0
STU-2026-0025,0.0271,0.307,3.92,4.11,0,0,0.0,0.0,0,0,0.02,low,0
STU-2026-0026,0.0666,0.1993,4.43,4.28,0,0,0.0,0.0,0,0,0.0307,low,0
STU-2026-0027,0.0557,0.562,3.96,3.63,1,0,0.0,0.0,0,0,0.02,low,0
STU-2026-0028,0.0747,0.2361,4.27,4.13,1,2,0.0,0.0,0,0,0.02,low,0
STU-2026-0029,0.0542,0.3788,4.21,4.04,1,0,0.0,0.0,0,0,0.02,low,0
STU-2026-0030,0.1089,-0.0285,4.63,4.53,0,0,0.0,0.0,0,0,0.02,low,0
STU-2026-0031,0.059,0.1943,4.31,4.61,1,0,0.0,0.0,0,0,0.0361,low,0
STU-2026-0032,0.028,0.0636,3.57,3.8,0,1,0.0,0.0,0,0,0.0413,low,0
STU-2026-0033,0.1181,0.4265,4.84,4.94,0,1,0.0,0.0,0,0,0.02,low,0
STU-2026-0034,-0.0264,0.7388,4.73,4.81,1,0,0.0,0.0,0,0,0.02,low,0
STU-2026-0035,-0.0472,-0.2043,3.54,4.02,1,0,0.0,0.0,0,0,0.02,low,0
STU-2026-0036,0.0928,0.349,4.13,4.21,0,2,0.0,0.0,0,0,0.02,low,0
STU-2026-0037,-0.0952,-1.2511,2.77,2.94,1,0,0.2584,0.2129,1,0,0.5624,medium,0
STU-2026-0038,-0.0174,-0.3704,4.86,5.0,1,0,0.0,0.0,0,0,0.0211,low,0
STU-2026-0039,-0.0316,-0.9847,2.8,3.36,3,0,0.2565,0.2732,0,0,0.601,medium,0
STU-2026-0040,-0.4154,-2.4645,1.53,1.57,9,5,0.4802,0.5932,2,2,0.98,high,1
STU-2026-0041,0.0719,0.174,4.67,4.42,0,1,0.0,0.0,0,0,0.02,low,0
STU-2026-0042,-0.042,0.5253,4.2,4.47,0,0,0.0,0.0,0,0,0.02,low,0
STU-2026-0043,0.0233,0.2922,3.2,3.79,0,1,0.0,0.0,0,0,0.02,low,0
STU-2026-0044,-0.6866,-2.8397,1.31,1.05,7,3,0.4369,0.4828,2,0,0.98,high,1
STU-2026-0045,-0.0877,-1.1784,3.23,3.03,3,2,0.219,0.2597,0,0,0.602,medium,0
STU-2026-0046,-0.0056,0.6328,4.76,4.1,0,0,0.0,0.0,0,0,0.02,low,0
STU-2026-0047,0.04,-0.0675,3.23,3.35,0,0,0.0,0.0,0,0,0.02,low,0
STU-2026-0048,-0.079,-0.3221,4.46,4.29,0,0,0.0,0.0,0,0,0.02,low,0
STU-2026-0049,0.0146,0.1324,3.94,4.04,2,0,0.0,0.0,0,0,0.0386,low,0
STU-2026-0050,0.031,0.6428,3.92,4.33,0,0,0.0,0.0,0,1,0.0444,low,0
STU-2026-0051,0.0827,0.0026,5.0,4.45,1,0,0.0,0.0,0,0,0.02,low,0
STU-2026-0052,-0.0127,-0.0294,4.46,4.8,0,0,0.0,0.0,0,0,0.02,low,0
STU-2026-0053,0.1048,0.7332,3.8,4.07,1,0,0.0,0.0,0,0,0.0207,low,0
STU-2026-0054,-0.3853,-2.5605,1.0,1.09,14,2,0.389,0.5159,1,0,0.98,high,1
STU-2026-0055,0.0067,0.1042,4.0,4.01,0,0,0.0,0.0,0,0,0.02,low,0
STU-2026-0056,-0.007,0.4133,3.69,4.22,1,0,0.0,0.0,0,0,0.02,low,0
STU-2026-0057,0.094,0.6724,3.98,4.06,0,0,0.0,0.0,0,0,0.046,low,0
STU-2026-0058,0.0181,0.2343,4.37,4.1,0,0,0.0,0.0,0,0,0.02,low,0
STU-2026-0059,-0.1246,-1.1621,2.9,2.77,6,2,0.287,0.3045,2,0,0.6856,high,1
STU-2026-0060,0.0007,-0.0725,3.4,3.7,1,1,0.0,0.0,0,0,0.02,low,0
STU-2026-0061,0.0643,-0.0806,4.08,4.15,0,0,0.0,0.0,0,0,0.02,low,0
STU-2026-0062,-0.0364,0.5344,4.11,4.52,0,0,0.0,0.0,0,0,0.02,low,0
STU-2026-0063,0.0047,0.1161,3.72,4.0,1,0,0.0,0.0,0,0,0.02,low,0
STU-2026-0064,-0.016,0.4044,4.89,4.59,0,0,0.0,0.0,0,0,0.033,low,0
STU-2026-0065,-0.0926,-0.7154,1.75,1.82,4,3,0.2392,0.3026,0,0,0.5703,medium,0
STU-2026-0066,-0.0714,-1.2374,2.24,2.5,3,2,0.2199,0.3185,1,0,0.6217,medium,0
STU-2026-0067,-0.6655,-2.9841,1.0,1.09,9,2,0.4615,0.5339,2,0,0.98,high,1
STU-2026-0068,0.1273,0.2044,4.24,4.08,2,0,0.0,0.0,1,0,0.0513,low,0
STU-2026-0069,-0.2074,-1.252,2.93,3.21,7,2,0.175,0.338,0,0,0.6545,high,1
STU-2026-0070,0.0273,0.4331,4.13,3.5,2,0,0.0,0.0,0,0,0.0205,low,0
STU-2026-0071,-0.0673,-1.4621,3.1,3.67,2,1,0.3093,0.2803,1,1,0.6539,high,1
STU-2026-0072,0.0429,0.0024,5.0,4.99,0,0,0.0,0.0,0,0,0.02,low,0
STU-2026-0073,0.0048,-0.1817,4.69,4.48,0,0,0.0,0.0,1,0,0.02,low,0
STU-2026-0074,0.1144,0.2959,4.07,4.16,0,0,0.0,0.0,0,0,0.02,low,0
STU-2026-0075,-0.0193,0.1604,3.48,3.63,0,0,0.0,0.0,0,0,0.02,low,0
STU-2026-0076,-0.1619,-0.959,3.53,3.51,4,1,0.1972,0.2953,2,0,0.6401,medium,0
STU-2026-0077,-0.0339,0.2094,4.22,3.96,0,0,0.0,0.0,0,0,0.02,low,0
STU-2026-0078,-0.0041,-0.2082,3.31,3.66,0,0,0.0,0.0,0,0,0.02,low,0
STU-2026-0079,-0.2684,-1.1811,3.26,2.87,3,0,0.2022,0.299,1,0,0.6387,medium,0
STU-2026-0080,0.1568,0.6286,4.06,3.97,1,0,0.0,0.0,0,0,0.0401,low,0
STU-2026-0081,0.0419,0.3632,5.0,4.84,0,0,0.0,0.0,0,0,0.02,low,0
STU-2026-0082,0.0603,0.4756,4.57,4.4,0,0,0.0,0.0,0,0,0.02,low,0
STU-2026-0083,0.0262,-0.1439,3.79,3.62,1,0,0.0,0.0,0,0,0.02,low,0
STU-2026-0084,-0.0431,0.4006,4.55,4.82,1,0,0.0,0.0,0,0,0.02,low,0
STU-2026-0085,0.0135,0.372,4.63,4.3,1,0,0.0,0.0,0,0,0.02,low,0
STU-2026-0086,-0.2258,-1.0857,2.9,2.83,3,3,0.1784,0.2606,0,0,0.6518,high,1
STU-2026-0087,0.0074,0.18,4.4,4.28,3,0,0.0,0.0,0,0,0.0606,low,0
STU-2026-0088,-0.1035,-0.5043,1.71,2.09,7,0,0.2664,0.2268,0,0,0.6623,high,1
STU-2026-0089,0.1152,0.4208,4.19,3.98,1,0,0.0,0.0,0,0,0.02,low,0
STU-2026-0090,0.0281,0.1186,4.94,4.54,0,0,0.0,0.0,0,0,0.02,low,0
STU-2026-0091,0.0688,0.2227,4.44,4.58,0,0,0.0,0.0,0,0,0.02,low,0
STU-2026-0092,-0.1852,-1.1873,2.49,1.82,7,2,0.2239,0.276,0,0,0.7216,high,1
STU-2026-0093,-0.0438,0.4734,4.02,4.4,0,0,0.0,0.0,0,0,0.0221,low,0
STU-2026-0094,-0.0097,0.1431,5.0,4.72,1,0,0.0,0.0,0,0,0.053,low,0
STU-2026-0095,-0.2315,-0.9406,2.87,2.17,5,2,0.2794,0.2577,0,0,0.6024,medium,0
STU-2026-0096,-0.012,0.1569,3.6,3.35,1,0,0.0,0.0,0,0,0.039,low,0
STU-2026-0097,-0.5726,-3.028,1.0,1.0,10,6,0.5628,0.5453,1,0,0.98,high,1
STU-2026-0098,0.0039,0.6275,4.25,3.95,0,0,0.0,0.0,0,0,0.02,low,0
STU-2026-0099,0.0473,-0.0538,4.18,4.18,1,0,0.0,0.0,0,0,0.02,low,0
STU-2026-0100,-0.2195,-0.8022,2.97,3.31,4,0,0.2944,0.3067,0,0,0.6291,medium,0
STU-2026-0101,0.0575,-0.0165,4.28,4.22,1,0,0.0,0.0,0,0,0.0343,low,0
STU-2026-0102,0.0399,0.1374,4.2,4.2,0,0,0.0,0.0,0,0,0.0825,low,0
STU-2026-0103,0.0342,-0.0375,4.4,4.74,0,0,0.0,0.0,0,0,0.02,low,0
STU-2026-0104,-0.1945,-0.6165,2.39,2.46,6,1,0.2584,0.2946,0,1,0.6643,high,1
STU-2026-0105,-0.212,-1.1565,3.15,3.93,4,4,0.2488,0.3082,1,0,0.5735,medium,0
STU-2026-0106,-0.2075,-1.0589,2.43,2.47,5,1,0.2094,0.2806,1,0,0.6189,medium,0
STU-2026-0107,-0.1591,-1.0181,2.87,3.04,3,1,0.2715,0.2216,1,0,0.6205,medium,0
STU-2026-0108,0.0624,0.0764,3.94,3.85,0,0,0.0,0.0,0,0,0.02,low,0
STU-2026-0109,-0.0127,0.4318,4.16,4.48,0,0,0.0,0.0,0,0,0.02,low,0
STU-2026-0110,-0.4329,-2.6331,1.0,1.0,13,4,0.3802,0.5235,4,0,0.98,high,1
STU-2026-0111,-0.2022,-0.9313,2.48,2.36,2,2,0.2173,0.2926,0,0,0.6046,medium,0
STU-2026-0112,-0.1117,-0.8119,2.25,2.46,4,2,0.2562,0.2456,0,1,0.6669,high,1
STU-2026-0113,0.0157,0.6591,4.17,3.97,2,0,0.0,0.0,1,0,0.0735,low,0
STU-2026-0114,0.0056,0.4783,4.27,4.34,1,0,0.0,0.0,0,0,0.02,low,0
STU-2026-0115,-0.1296,-0.7795,2.39,2.35,3,1,0.2453,0.2853,0,0,0.6135,medium,0
STU-2026-0116,0.022,0.2474,4.36,4.15,2,0,0.0,0.0,0,1,0.02,low,0
STU-2026-0117,-0.1715,-0.9676,2.42,2.59,5,1,0.2505,0.3205,0,0,0.6442,medium,0
STU-2026-0118,-0.0319,0.1927,5.0,5.0,1,0,0.0,0.0,1,0,0.02,low,0
STU-2026-0119,-0.0065,-0.1334,3.98,3.68,1,1,0.0,0.0,0,0,0.0571,low,0
STU-2026-0120,-0.3792,-2.7635,1.0,1.0,11,2,0.4215,0.5474,2,1,0.98,high,1
STU-2026-0121,0.0307,-0.043,4.62,4.0,0,1,0.0,0.0,0,0,0.02,low,0
STU-2026-0122,-0.0491,0.1251,4.13,4.14,0,0,0.0,0.0,0,0,0.02,low,0
STU-2026-0123,0.033,-0.047,4.37,3.92,0,0,0.0,0.0,0,0,0.02,low,0
STU-2026-0124,-0.0317,0.4064,4.69,5.0,0,0,0.0,0.0,0,0,0.02,low,0
STU-2026-0125,-0.0417,0.4192,4.13,3.94,1,1,0.0,0.0,1,0,0.02,low,0
STU-2026-0126,0.0526,0.2216,4.4,4.68,1,0,0.0,0.0,0,0,0.0239,low,0
STU-2026-0127,-0.0434,0.7357,3.62,4.09,0,0,0.0,0.0,0,0,0.02,low,0
STU-2026-0128,-0.4709,-2.6448,1.0,1.0,7,4,0.398,0.4947,2,1,0.98,high,1
STU-2026-0129,-0.081,0.1154,3.67,4.23,0,0,0.0,0.0,0,0,0.02,low,0
STU-2026-0130,-0.0668,-0.8437,3.29,3.07,7,3,0.2232,0.2525,0,0,0.6135,medium,0
STU-2026-0131,0.0172,0.5189,4.36,4.61,2,0,0.0,0.0,0,0,0.0248,low,0
STU-2026-0132,-0.0066,0.3909,4.65,4.89,1,0,0.0,0.0,0,0,0.02,low,0
STU-2026-0133,0.0217,0.1997,4.54,3.94,0,2,0.0,0.0,0,0,0.022,low,0
STU-2026-0134,-0.0725,0.1565,4.59,5.0,2,1,0.0,0.0,0,0,0.0401,low,0
STU-2026-0135,0.0486,-0.3324,4.21,4.1,1,1,0.0,0.0,0,0,0.0419,low,0
STU-2026-0136,0.0684,0.1868,4.55,4.25,0,0,0.0,0.0,0,0,0.02,low,0
STU-2026-0137,-0.1434,-1.0594,2.64,2.58,7,0,0.2455,0.2766,0,0,0.7319,high,1
STU-2026-0138,-0.023,0.215,4.75,4.17,0,0,0.0,0.0,0,0,0.02,low,0
STU-2026-0139,-0.0281,0.1126,3.84,4.31,0,0,0.0,0.0,0,0,0.02,low,0
STU-2026-0140,-0.039,-0.1626,3.96,4.0,0,1,0.0,0.0,0,0,0.0262,low,0
STU-2026-0141,0.022,-0.2384,3.56,3.29,0,0,0.0,0.0,0,0,0.02,low,0
STU-2026-0142,-0.2337,-1.3501,3.2,3.25,0,1,0.2317,0.3013,2,0,0.6033,medium,0
STU-2026-0143,0.0238,0.5817,3.66,3.97,0,0,0.0,0.0,0,0,0.0343,low,0
STU-2026-0144,0.1105,0.1592,3.93,3.95,0,0,0.0,0.0,0,0,0.02,low,0
STU-2026-0145,0.094,-0.0852,4.16,4.18,0,0,0.0,0.0,0,0,0.02,low,0
STU-2026-0146,-0.5796,-3.4083,1.0,1.0,6,4,0.4938,0.5175,2,0,0.98,high,1
STU-2026-0147,0.063,0.6695,3.87,3.88,0,0,0.0,0.0,0,0,0.02,low,0
STU-2026-0148,0.0871,0.4415,4.17,4.46,2,0,0.0,0.0,0,0,0.0276,low,0
STU-2026-0149,0.0286,0.2671,4.85,4.93,2,0,0.0,0.0,0,0,0.0553,low,0
STU-2026-0150,0.0367,0.6979,4.88,4.38,0,0,0.0,0.0,0,0,0.02,low,0
STU-2026-0151,0.01,0.3828,3.3,3.91,1,0,0.0,0.0,0,0,0.0206,low,0
STU-2026-0152,-0.0245,0.2032,3.84,3.99,0,0,0.0,0.0,0,0,0.02,low,0
STU-2026-0153,-0.0982,-0.8799,3.21,3.0,1,3,0.2062,0.3255,0,0,0.6002,medium,0
STU-2026-0154,0.0993,0.4949,4.01,4.32,0,0,0.0,0.0,0,0,0.02,low,0
STU-2026-0155,-0.0344,-0.1368,3.68,3.45,1,0,0.0,0.0,0,0,0.0569,low,0
STU-2026-0156,-0.2005,-1.0509,2.56,2.8,6,1,0.2652,0.2906,2,0,0.6752,high,1
STU-2026-0157,-0.1518,-1.5438,3.03,3.1,3,2,0.2946,0.2412,0,0,0.6496,medium,0
STU-2026-0158,-0.0297,0.5965,4.18,4.02,0,0,0.0,0.0,0,0,0.02,low,0
STU-2026-0159,0.038,0.0714,3.85,4.06,1,0,0.0,0.0,0,0,0.02,low,0
STU-2026-0160,-0.1705,-1.0584,2.86,2.89,6,1,0.2767,0.2348,0,1,0.6138,medium,0
STU-2026-0161,0.0287,0.1572,4.41,4.64,1,0,0.0,0.0,0,0,0.02,low,0
STU-2026-0162,0.0458,0.2539,4.44,4.37,0,0,0.0,0.0,0,0,0.02,low,0
STU-2026-0163,0.0556,0.1162,4.5,4.95,0,0,0.0,0.0,0,0,0.02,low,0
STU-2026-0164,0.0293,-0.2379,4.11,4.23,0,0,0.0,0.0,0,0,0.0299,low,0
STU-2026-0165,-0.2557,-0.9822,2.98,2.74,4,0,0.2228,0.2541,0,0,0.5736,medium,0
STU-2026-0166,-0.1717,-0.9475,2.9,2.95,2,1,0.2075,0.2713,0,0,0.6006,medium,0
STU-2026-0167,0.0677,0.1281,5.0,4.68,0,1,0.0,0.0,0,0,0.02,low,0
STU-2026-0168,0.0101,-0.0026,3.91,3.99,0,0,0.0,0.0,0,0,0.02,low,0
STU-2026-0169,0.065,-0.0874,3.63,4.38,1,0,0.0,0.0,0,0,0.0472,low,0
STU-2026-0170,-0.0685,-0.4182,4.38,4.71,1,1,0.0,0.0,0,0,0.0314,low,0
STU-2026-0171,0.0844,-0.2831,4.1,3.53,1,0,0.0,0.0,0,0,0.026,low,0
STU-2026-0172,0.1362,0.1141,4.3,3.92,2,1,0.0,0.0,0,0,0.0279,low,0
STU-2026-0173,-0.0324,0.1786,3.93,4.38,1,1,0.0,0.0,0,0,0.02,low,0
STU-2026-0174,0.0282,0.003,4.67,4.87,0,1,0.0,0.0,0,0,0.02,low,0
STU-2026-0175,0.0252,0.2455,4.7,4.51,0,0,0.0,0.0,0,0,0.02,low,0
STU-2026-0176,0.0236,-0.0935,3.72,3.49,0,0,0.0,0.0,1,0,0.02,low,0
STU-2026-0177,0.0047,0.396,3.49,3.47,0,0,0.0,0.0,1,0,0.02,low,0
STU-2026-0178,0.1234,0.3967,4.57,4.7,1,1,0.0,0.0,0,0,0.0377,low,0
STU-2026-0179,-0.0264,0.4692,4.54,4.73,1,0,0.0,0.0,0,0,0.02,low,0
STU-2026-0180,0.003,0.4373,4.16,4.35,0,0,0.0,0.0,0,0,0.02,low,0
STU-2026-0181,0.0815,0.0907,3.55,3.33,1,0,0.0,0.0,0,0,0.02,low,0
STU-2026-0182,0.0133,-0.1587,3.33,3.71,0,0,0.0,0.0,0,0,0.052,low,0
STU-2026-0183,0.0223,0.1613,3.75,3.4,0,0,0.0,0.0,0,0,0.0444,low,0
STU-2026-0184,0.0835,0.4684,4.4,3.99,0,0,0.0,0.0,0,0,0.02,low,0
STU-2026-0185,-0.1994,-1.1859,2.76,3.12,5,4,0.2457,0.2553,0,0,0.6415,medium,0
STU-2026-0186,-0.4412,-2.5658,1.66,1.82,10,2,0.493,0.5738,2,1,0.98,high,1
STU-2026-0187,-0.0329,-0.1005,4.68,4.72,0,1,0.0,0.0,0,0,0.0419,low,0
STU-2026-0188,-0.2093,-1.0563,2.38,2.33,1,0,0.1854,0.293,0,0,0.5404,medium,0
STU-2026-0189,0.1249,0.1459,4.69,3.99,0,0,0.0,0.0,0,0,0.02,low,0
STU-2026-0190,0.1178,0.3411,4.54,4.03,0,0,0.0,0.0,0,0,0.02,low,0
STU-2026-0191,0.1841,0.3816,3.43,3.95,1,0,0.0,0.0,0,0,0.0288,low,0
STU-2026-0192,0.0818,0.11,4.25,4.34,2,0,0.0,0.0,0,0,0.02,low,0
STU-2026-0193,0.0259,-0.0141,4.51,4.35,0,0,0.0,0.0,0,0,0.0278,low,0
STU-2026-0194,0.1327,0.4458,4.04,4.18,0,0,0.0,0.0,0,0,0.0445,low,0
STU-2026-0195,0.0641,-0.0286,5.0,4.8,0,0,0.0,0.0,0,0,0.02,low,0
STU-2026-0196,-0.1651,-1.1623,2.99,3.25,5,0,0.2542,0.3126,0,0,0.6606,high,1
STU-2026-0197,-0.0171,0.2129,4.35,4.39,1,0,0.0,0.0,0,0,0.0473,low,0
STU-2026-0198,-0.034,-0.0864,3.56,4.06,0,0,0.0,0.0,0,0,0.0496,low,0
STU-2026-0199,0.1014,0.3384,4.29,4.28,3,0,0.0,0.0,0,0,0.0395,low,0
STU-2026-0200,0.122,0.4679,5.0,4.7,1,0,0.0,0.0,0,0,0.0572,low,0
STU-2026-0201,-0.0599,0.2227,4.12,4.05,1,0,0.0,0.0,0,0,0.02,low,0
STU-2026-0202,-0.0479,0.4462,4.25,4.48,0,0,0.0,0.0,0,0,0.02,low,0
STU-2026-0203,-0.0054,0.3579,4.44,4.35,0,1,0.0,0.0,0,0,0.02,low,0
STU-2026-0204,-0.0683,0.1065,4.39,4.61,1,0,0.0,0.0,0,0,0.02,low,0
STU-2026-0205,-0.0204,0.0306,4.68,4.32,1,0,0.0,0.0,0,0,0.02,low,0
STU-2026-0206,-0.1705,-1.2452,3.08,3.28,3,3,0.2364,0.322,1,0,0.5496,medium,0
STU-2026-0207,-0.0818,-0.0794,3.85,4.24,0,0,0.0,0.0,0,1,0.047,low,0
STU-2026-0208,-0.0599,0.1774,4.68,4.45,0,0,0.0,0.0,0,0,0.02,low,0
STU-2026-0209,-0.0124,-0.0957,4.19,4.2,0,0,0.0,0.0,0,0,0.02,low,0
STU-2026-0210,-0.3027,-3.199,1.0,1.66,10,3,0.5164,0.5172,2,0,0.98,high,1
STU-2026-0211,-0.0124,0.2543,4.48,4.87,0,0,0.0,0.0,0,0,0.02,low,0
STU-2026-0212,-0.0271,0.4804,4.32,4.59,0,1,0.0,0.0,0,0,0.02,low,0
STU-2026-0213,-0.1258,-0.9116,2.81,2.79,0,3,0.1959,0.2485,1,0,0.5445,medium,0
STU-2026-0214,-0.0031,0.1967,3.38,3.86,0,0,0.0,0.0,0,0,0.02,low,0
STU-2026-0215,-0.1118,0.3627,4.21,3.84,1,1,0.0,0.0,0,0,0.02,low,0
STU-2026-0216,0.0523,0.7331,4.38,4.84,0,0,0.0,0.0,0,0,0.02,low,0
STU-2026-0217,0.0064,0.3785,4.57,4.18,0,0,0.0,0.0,0,1,0.02,low,0
STU-2026-0218,0.0654,0.2033,3.99,4.1,0,0,0.0,0.0,0,0,0.02,low,0
STU-2026-0219,0.0203,0.096,3.88,3.67,0,0,0.0,0.0,0,0,0.02,low,0
STU-2026-0220,-0.0009,0.1986,4.71,4.39,0,0,0.0,0.0,0,0,0.02,low,0
STU-2026-0221,-0.4692,-2.3291,1.0,1.33,6,3,0.5274,0.5346,1,2,0.98,high,1
STU-2026-0222,0.1069,0.047,4.42,3.94,1,1,0.0,0.0,0,0,0.02,low,0
STU-2026-0223,-0.1864,-1.2188,2.81,3.03,3,2,0.2542,0.3396,1,0,0.6504,high,1
STU-2026-0224,-0.1535,-1.4929,2.61,2.72,1,1,0.2122,0.3126,0,0,0.5927,medium,0
STU-2026-0225,0.0218,-0.0898,4.6,4.59,1,0,0.0,0.0,0,0,0.0311,low,0
STU-2026-0226,0.0465,0.1717,4.86,4.62,0,0,0.0,0.0,0,0,0.02,low,0
STU-2026-0227,0.0493,0.2538,3.93,4.06,0,2,0.0,0.0,0,0,0.0311,low,0
STU-2026-0228,-0.0244,0.0538,4.2,3.92,2,0,0.0,0.0,0,0,0.02,low,0
STU-2026-0229,-0.0209,0.1146,4.44,4.82,1,0,0.0,0.0,0,0,0.02,low,0
STU-2026-0230,-0.7299,-2.7706,1.0,1.0,14,8,0.4982,0.5877,3,0,0.98,high,1
STU-2026-0231,-0.0787,-1.3954,2.07,2.61,2,1,0.2488,0.2061,0,0,0.6409,medium,0
STU-2026-0232,-0.015,0.3849,3.83,3.77,1,0,0.0,0.0,0,0,0.02,low,0
STU-2026-0233,-0.003,-0.2514,4.45,4.55,0,0,0.0,0.0,0,0,0.0441,low,0
STU-2026-0234,-0.1197,-1.3297,2.51,2.92,7,2,0.1934,0.3429,0,0,0.6044,medium,0
STU-2026-0235,-0.0065,-0.0885,4.57,4.27,0,1,0.0,0.0,1,0,0.02,low,0
STU-2026-0236,0.0628,0.0818,3.68,4.07,0,0,0.0,0.0,0,0,0.02,low,0
STU-2026-0237,0.0412,-0.0351,4.09,4.22,0,0,0.0,0.0,0,0,0.0276,low,0
STU-2026-0238,-0.198,-1.087,2.99,2.94,3,1,0.2507,0.247,0,1,0.6625,high,1
STU-2026-0239,0.0476,0.2761,4.98,4.56,0,0,0.0,0.0,0,0,0.0249,low,0
STU-2026-0240,-0.0548,0.0824,3.11,3.58,0,0,0.0,0.0,0,0,0.02,low,0
STU-2026-0241,-0.0269,-0.0271,4.09,4.29,1,0,0.0,0.0,0,0,0.0226,low,0
STU-2026-0242,-0.0574,0.4092,3.78,4.1,0,0,0.0,0.0,0,0,0.02,low,0
STU-2026-0243,-0.1339,-1.1701,1.97,2.5,5,1,0.2153,0.3081,2,0,0.6523,high,1
STU-2026-0244,0.0723,0.1845,4.12,3.81,0,0,0.0,0.0,0,0,0.02,low,0
STU-2026-0245,-0.4196,-2.9564,1.0,1.0,10,6,0.4277,0.5124,3,1,0.98,high,1
STU-2026-0246,-0.4912,-3.3783,1.0,1.0,4,2,0.4554,0.4938,1,2,0.98,high,1
STU-2026-0247,0.0468,0.2057,3.82,4.09,0,0,0.0,0.0,0,0,0.02,low,0
STU-2026-0248,-0.1978,-1.184,1.91,2.17,6,0,0.2953,0.2817,0,0,0.6985,high,1
STU-2026-0249,-0.5217,-2.9565,1.09,1.44,10,2,0.3776,0.5702,3,0,0.98,high,1
STU-2026-0250,0.0293,0.3141,3.92,4.03,0,0,0.0,0.0,0,0,0.02,low,0
STU-2026-0251,-0.5283,-3.0129,1.05,1.39,11,8,0.3766,0.5732,2,1,0.98,high,1
STU-2026-0252,-0.0017,-0.0336,4.62,4.23,0,0,0.0,0.0,0,0,0.02,low,0
STU-2026-0253,-0.4146,-2.5118,1.2,1.69,4,8,0.4226,0.5281,1,0,0.98,high,1
STU-2026-0254,0.1047,0.4203,3.67,3.73,0,0,0.0,0.0,0,0,0.02,low,0
STU-2026-0255,0.117,0.2516,4.41,4.06,0,0,0.0,0.0,0,0,0.02,low,0
STU-2026-0256,0.0116,0.1106,4.08,3.89,0,0,0.0,0.0,0,0,0.02,low,0
STU-2026-0257,-0.033,0.2597,4.16,4.02,0,0,0.0,0.0,0,0,0.02,low,0
STU-2026-0258,-0.1798,-1.2965,2.45,2.45,6,1,0.2302,0.3169,1,1,0.6976,high,1
STU-2026-0259,-0.0324,0.1598,3.78,4.35,0,0,0.0,0.0,0,0,0.0581,low,0
STU-2026-0260,0.035,0.3766,4.49,4.39,0,1,0.0,0.0,0,0,0.0463,low,0
STU-2026-0261,-0.0134,-0.379,3.84,3.68,1,0,0.0,0.0,0,0,0.0369,low,0
STU-2026-0262,-0.1832,-1.1539,2.67,2.68,7,4,0.2533,0.2901,0,0,0.6605,high,1
STU-2026-0263,-0.5341,-3.0228,1.0,1.11,4,4,0.4711,0.5237,3,0,0.98,high,1
STU-2026-0264,0.0621,0.3269,4.09,4.45,2,0,0.0,0.0,0,0,0.02,low,0
STU-2026-0265,0.1025,0.3068,4.49,4.35,1,0,0.0,0.0,0,0,0.0213,low,0
STU-2026-0266,0.1093,0.4024,4.04,3.61,1,0,0.0,0.0,1,0,0.02,low,0
STU-2026-0267,0.0186,0.419,3.9,4.56,0,0,0.0,0.0,0,0,0.02,low,0
STU-2026-0268,-0.1338,-1.3662,2.7,2.72,3,2,0.2363,0.2483,0,0,0.6092,medium,0
STU-2026-0269,-0.0132,0.3798,3.6,3.88,0,1,0.0,0.0,0,0,0.02,low,0
STU-2026-0270,0.0489,0.01,4.51,4.37,0,0,0.0,0.0,0,0,0.0243,low,0
STU-2026-0271,0.0818,0.5708,5.0,5.0,0,0,0.0,0.0,0,1,0.025,low,0
STU-2026-0272,-0.1518,-1.1172,2.17,2.43,7,0,0.2541,0.3333,2,0,0.6352,medium,0
STU-2026-0273,0.0369,0.3095,4.86,4.56,0,1,0.0,0.0,0,0,0.0469,low,0
STU-2026-0274,-0.0163,0.2416,4.03,4.25,1,1,0.0,0.0,0,0,0.0295,low,0
STU-2026-0275,-0.1671,-1.2777,2.74,3.17,5,0,0.2693,0.2653,2,0,0.6496,medium,0
STU-2026-0276,-0.2224,-1.0505,1.94,2.16,5,1,0.2734,0.2825,0,0,0.6605,high,1
STU-2026-0277,-0.0422,0.8132,4.4,4.08,0,0,0.0,0.0,0,0,0.0377,low,0
STU-2026-0278,0.0595,-0.1024,3.68,3.9,0,0,0.0,0.0,0,0,0.02,low,0
STU-2026-0279,-0.5785,-2.7255,1.34,1.0,8,2,0.4313,0.625,4,0,0.98,high,1
STU-2026-0280,0.0197,0.0068,3.49,3.86,0,0,0.0,0.0,0,0,0.02,low,0
STU-2026-0281,0.0498,-0.0525,4.04,4.07,0,0,0.0,0.0,0,0,0.0393,low,0
STU-2026-0282,-0.025,0.3436,4.42,4.74,0,0,0.0,0.0,1,0,0.0203,low,0
STU-2026-0283,-0.1609,-1.3669,2.88,3.09,7,1,0.2354,0.3344,1,0,0.6531,high,1
STU-2026-0284,-0.2552,-1.1402,2.24,2.12,7,2,0.2975,0.2135,1,1,0.6687,high,1
STU-2026-0285,-0.4667,-2.7491,1.01,1.0,11,3,0.4583,0.6066,2,0,0.98,high,1
STU-2026-0286,0.079,0.1488,4.96,4.9,0,0,0.0,0.0,0,0,0.0217,low,0
STU-2026-0287,0.0259,0.3567,4.31,4.26,2,0,0.0,0.0,0,0,0.0917,low,0
STU-2026-0288,-0.6715,-3.0908,1.0,1.09,10,6,0.5218,0.5107,3,0,0.98,high,1
STU-2026-0289,0.0887,0.4962,3.34,3.52,0,1,0.0,0.0,0,0,0.02,low,0
STU-2026-0290,0.0868,0.1444,3.95,4.01,1,0,0.0,0.0,0,0,0.02,low,0
STU-2026-0291,-0.1313,-1.0306,2.23,2.54,4,2,0.247,0.2268,2,0,0.6193,medium,0
STU-2026-0292,-0.3867,-2.9408,1.0,1.0,9,3,0.4531,0.5558,1,1,0.98,high,1
STU-2026-0293,-0.1592,-1.0981,3.33,3.34,4,1,0.3031,0.3003,0,0,0.6225,medium,0
STU-2026-0294,0.0366,0.2995,4.4,3.39,1,0,0.0,0.0,0,0,0.02,low,0
STU-2026-0295,0.0504,0.4486,5.0,4.98,0,0,0.0,0.0,1,0,0.02,low,0
STU-2026-0296,0.0666,0.2216,4.17,3.88,0,1,0.0,0.0,0,0,0.02,low,0
STU-2026-0297,-0.089,0.3063,4.02,3.59,2,1,0.0,0.0,0,0,0.0259,low,0
STU-2026-0298,0.0457,-0.2211,4.1,3.85,0,2,0.0,0.0,0,0,0.0385,low,0
STU-2026-0299,0.0178,0.0098,3.69,3.62,0,0,0.0,0.0,0,0,0.0249,low,0
STU-2026-0300,-0.394,-2.8151,1.0,1.09,10,2,0.4928,0.5497,1,1,0.98,high,1
STU-2026-0301,0.1228,0.0707,5.0,4.91,0,1,0.0,0.0,0,0,0.02,low,0
STU-2026-0302,-0.0673,-0.6761,2.96,3.33,6,2,0.2976,0.269,1,0,0.6487,medium,0
STU-2026-0303,-0.1791,-0.7107,2.08,2.57,3,3,0.2087,0.2618,0,0,0.621,medium,0
STU-2026-0304,0.0169,-0.1797,4.1,3.9,0,0,0.0,0.0,0,0,0.0263,low,0
STU-2026-0305,-0.7638,-3.0541,1.0,1.0,12,4,0.4774,0.6171,1,0,0.98,high,1
STU-2026-0306,-0.3872,-2.9141,1.0,1.18,9,7,0.4407,0.5826,2,2,0.98,high,1
STU-2026-0307,0.0246,0.1454,4.04,3.76,0,1,0.0,0.0,0,0,0.0281,low,0
STU-2026-0308,0.0239,0.1351,4.97,5.0,0,0,0.0,0.0,1,0,0.02,low,0
STU-2026-0309,-0.2027,-0.4155,3.02,2.86,7,0,0.2818,0.2636,0,0,0.666,high,1
STU-2026-0310,-0.404,-2.9028,1.0,1.04,12,8,0.474,0.5323,1,1,0.98,high,1
STU-2026-0311,-0.0302,0.2645,4.45,4.19,0,0,0.0,0.0,0,0,0.0666,low,0
STU-2026-0312,-0.0038,0.7448,4.76,4.9,0,1,0.0,0.0,0,0,0.0311,low,0
STU-2026-0313,0.0287,0.0084,4.56,4.79,1,0,0.0,0.0,0,1,0.02,low,0
STU-2026-0314,0.0488,0.0999,5.0,4.9,0,0,0.0,0.0,0,0,0.0444,low,0
STU-2026-0315,0.0514,-0.1334,4.31,4.06,1,0,0.0,0.0,0,0,0.02,low,0
STU-2026-0316,-0.5789,-3.0313,1.29,1.36,8,8,0.4693,0.5798,4,0,0.98,high,1
STU-2026-0317,-0.0213,0.3031,4.86,4.38,0,0,0.0,0.0,0,0,0.02,low,0
STU-2026-0318,-0.049,0.3661,4.22,4.03,0,0,0.0,0.0,0,0,0.02,low,0
STU-2026-0319,-0.2105,-1.0052,2.07,2.16,2,1,0.2575,0.2474,0,0,0.5636,medium,0
STU-2026-0320,-0.4168,-2.5518,1.0,1.57,9,2,0.4431,0.5104,3,0,0.98,high,1
STU-2026-0321,-0.0165,0.2101,3.74,3.61,0,0,0.0,0.0,0,0,0.03,low,0
STU-2026-0322,0.0233,0.0596,3.72,4.2,0,1,0.0,0.0,0,0,0.02,low,0
STU-2026-0323,0.0603,0.3374,5.0,4.75,0,0,0.0,0.0,0,0,0.02,low,0
STU-2026-0324,0.0715,0.409,4.22,4.05,0,0,0.0,0.0,0,0,0.02,low,0
STU-2026-0325,0.0171,0.1305,4.48,4.37,1,0,0.0,0.0,0,0,0.02,low,0
STU-2026-0326,0.0602,0.1651,4.03,4.29,0,0,0.0,0.0,0,0,0.02,low,0
STU-2026-0327,0.0418,0.1433,4.44,4.29,0,0,0.0,0.0,0,0,0.02,low,0
STU-2026-0328,0.0069,0.0068,3.9,3.93,0,0,0.0,0.0,0,0,0.0877,low,0
STU-2026-0329,0.0863,0.455,4.07,4.13,1,0,0.0,0.0,0,0,0.02,low,0
STU-2026-0330,0.0211,0.0084,4.88,5.0,0,0,0.0,0.0,0,0,0.0275,low,0
STU-2026-0331,0.0196,0.399,4.23,4.34,2,0,0.0,0.0,0,0,0.02,low,0
STU-2026-0332,0.024,0.1581,3.81,3.39,0,0,0.0,0.0,0,0,0.02,low,0
STU-2026-0333,-0.0896,-0.8978,2.99,3.47,4,0,0.2599,0.295,0,0,0.5823,medium,0
STU-2026-0334,0.0184,0.0162,4.6,4.94,0,0,0.0,0.0,0,0,0.02,low,0
STU-2026-0335,0.0735,0.152,4.54,4.43,0,0,0.0,0.0,0,0,0.0279,low,0
STU-2026-0336,-0.048,0.2829,3.83,4.14,0,0,0.0,0.0,0,0,0.0377,low,0
STU-2026-0337,0.1009,0.2465,4.26,3.81,0,0,0.0,0.0,1,0,0.0376,low,0
STU-2026-0338,0.0619,0.0964,4.32,4.87,0,0,0.0,0.0,0,0,0.02,low,0
STU-2026-0339,-0.1681,-0.8699,3.2,3.27,7,1,0.2603,0.2809,0,1,0.6732,high,1
STU-2026-0340,-0.1265,-0.8517,2.91,2.42,6,1,0.2772,0.2367,1,0,0.6678,high,1
STU-2026-0341,-0.2148,-0.742,2.29,2.26,4,1,0.2085,0.3197,1,0,0.599,medium,0
STU-2026-0342,0.1075,0.0205,3.69,3.79,1,0,0.0,0.0,0,0,0.02,low,0
STU-2026-0343,-0.4572,-2.7636,1.21,1.71,14,1,0.4723,0.5939,1,2,0.98,high,1
STU-2026-0344,-0.0082,0.2832,3.96,3.76,0,0,0.0,0.0,0,0,0.02,low,0
STU-2026-0345,0.0162,-0.0933,4.8,4.74,1,0,0.0,0.0,0,0,0.0235,low,0
STU-2026-0346,-0.0458,-0.243,4.49,4.43,1,0,0.0,0.0,1,0,0.0373,low,0
STU-2026-0347,0.0043,-0.0951,4.44,4.57,0,1,0.0,0.0,0,0,0.02,low,0
STU-2026-0348,0.0758,0.1268,3.99,4.51,2,0,0.0,0.0,0,0,0.039,low,0
STU-2026-0349,0.056,-0.1912,4.3,3.46,0,1,0.0,0.0,0,0,0.02,low,0
STU-2026-0350,-0.1991,-0.9544,2.43,3.03,5,2,0.2376,0.3218,0,0,0.6617,high,1
STU-2026-0351,-0.0295,0.3042,4.44,4.76,0,0,0.0,0.0,0,0,0.02,low,0
STU-2026-0352,0.02,0.2045,4.35,3.98,1,0,0.0,0.0,0,0,0.02,low,0
STU-2026-0353,-0.0395,0.5286,4.21,4.61,0,0,0.0,0.0,1,0,0.02,low,0
STU-2026-0354,-0.0412,0.5415,5.0,4.61,0,0,0.0,0.0,0,0,0.0482,low,0
STU-2026-0355,-0.8094,-2.8134,1.0,1.04,10,6,0.4392,0.4644,1,1,0.98,high,1
STU-2026-0356,0.0254,0.6242,4.38,4.14,0,0,0.0,0.0,0,0,0.02,low,0
STU-2026-0357,0.0651,-0.24,4.76,3.83,0,0,0.0,0.0,0,0,0.02,low,0
STU-2026-0358,-0.0146,0.3179,3.36,3.02,2,0,0.0,0.0,0,0,0.0216,low,0
STU-2026-0359,0.0319,0.0962,4.36,4.25,0,1,0.0,0.0,0,0,0.02,low,0
STU-2026-0360,0.0442,0.5369,4.79,4.28,0,0,0.0,0.0,0,0,0.02,low,0
STU-2026-0361,-0.0436,0.0977,4.32,4.62,1,0,0.0,0.0,0,0,0.02,low,0
STU-2026-0362,0.1251,0.1721,3.61,3.69,0,1,0.0,0.0,0,0,0.02,low,0
STU-2026-0363,-0.1201,-1.1698,2.27,2.62,4,0,0.2377,0.2965,1,1,0.6561,high,1
STU-2026-0364,-0.136,-1.2237,2.86,2.77,5,0,0.2661,0.2612,1,0,0.6981,high,1
STU-2026-0365,0.0153,0.5978,3.97,4.29,0,0,0.0,0.0,0,0,0.02,low,0
STU-2026-0366,-0.0065,0.0505,4.65,4.96,1,0,0.0,0.0,0,0,0.0279,low,0
STU-2026-0367,-0.0041,0.2436,4.47,3.93,0,0,0.0,0.0,1,0,0.02,low,0
STU-2026-0368,-0.1648,-0.7024,2.34,2.52,2,3,0.2878,0.273,0,0,0.5861,medium,0
STU-2026-0369,-0.0035,0.1675,3.71,4.32,1,0,0.0,0.0,0,0,0.02,low,0
STU-2026-0370,0.003,-0.1873,3.64,3.99,0,1,0.0,0.0,0,0,0.02,low,0
STU-2026-0371,-0.0979,-0.43,2.89,2.78,5,1,0.2173,0.2375,1,1,0.6527,high,1
STU-2026-0372,0.0554,0.447,4.26,4.36,1,0,0.0,0.0,0,0,0.02,low,0
STU-2026-0373,0.013,0.5561,4.18,4.29,0,0,0.0,0.0,0,0,0.02,low,0
STU-2026-0374,-0.0043,0.3488,4.58,4.66,0,0,0.0,0.0,0,0,0.0636,low,0
STU-2026-0375,0.051,0.256,3.89,3.99,0,0,0.0,0.0,0,0,0.0231,low,0
STU-2026-0376,-0.0269,0.1435,4.19,3.97,1,0,0.0,0.0,0,0,0.02,low,0
STU-2026-0377,-0.464,-2.9576,1.52,1.87,8,5,0.5226,0.5282,3,0,0.98,high,1
STU-2026-0378,-0.417,-3.0239,1.0,1.35,10,4,0.5478,0.4825,1,0,0.98,high,1
STU-2026-0379,0.0142,0.2848,3.67,3.58,0,0,0.0,0.0,0,0,0.035,low,0
STU-2026-0380,0.0259,0.4611,4.41,4.52,0,0,0.0,0.0,0,0,0.021,low,0
STU-2026-0381,0.0808,0.1438,3.74,3.72,0,0,0.0,0.0,0,0,0.02,low,0
STU-2026-0382,0.087,0.381,4.67,4.41,1,0,0.0,0.0,0,0,0.02,low,0
STU-2026-0383,0.063,0.1054,3.99,4.28,0,0,0.0,0.0,0,0,0.02,low,0
STU-2026-0384,0.0582,0.191,4.32,4.34,0,0,0.0,0.0,0,0,0.02,low,0
STU-2026-0385,0.0061,-0.0305,3.83,4.0,2,0,0.0,0.0,0,0,0.02,low,0
STU-2026-0386,-0.5342,-3.0334,1.0,1.0,10,5,0.5175,0.5527,1,1,0.98,high,1
STU-2026-0387,-0.4196,-2.6522,1.0,1.0,6,5,0.4689,0.5633,3,1,0.98,high,1
STU-2026-0388,-0.0154,0.2039,3.99,4.15,0,1,0.0,0.0,0,0,0.0204,low,0
STU-2026-0389,-0.0111,0.1013,4.87,4.52,0,0,0.0,0.0,0,0,0.02,low,0
STU-2026-0390,-0.3027,-1.2035,1.92,2.27,2,3,0.3122,0.3092,1,0,0.5977,medium,0
STU-2026-0391,0.0521,0.2588,3.92,4.2,0,0,0.0,0.0,0,0,0.02,low,0
STU-2026-0392,0.0197,0.0761,3.86,4.08,0,0,0.0,0.0,0,0,0.02,low,0
STU-2026-0393,-0.111,-0.8891,1.97,2.0,7,0,0.2458,0.2667,0,0,0.686,high,1
STU-2026-0394,0.0049,-0.022,4.39,4.5,0,0,0.0,0.0,0,0,0.02,low,0
STU-2026-0395,0.0724,0.0732,4.62,4.36,0,0,0.0,0.0,0,0,0.0342,low,0
STU-2026-0396,-0.0123,0.1597,3.65,4.5,0,0,0.0,0.0,0,0,0.02,low,0
STU-2026-0397,-0.3753,-2.4365,1.0,1.0,14,3,0.4097,0.5944,2,0,0.98,high,1
STU-2026-0398,0.0903,-0.0726,4.24,4.32,0,1,0.0,0.0,0,0,0.02,low,0
STU-2026-0399,0.088,0.6984,3.95,4.09,1,0,0.0,0.0,0,0,0.02,low,0
STU-2026-0400,0.0952,0.0198,4.59,4.69,1,0,0.0,0.0,0,0,0.0351,low,0
STU-2026-0401,-0.0515,0.3726,3.26,3.47,0,0,0.0,0.0,0,0,0.02,low,0
STU-2026-0402,0.0284,0.3608,4.15,4.51,1,0,0.0,0.0,0,0,0.0482,low,0
STU-2026-0403,0.1232,0.2044,4.44,4.51,0,0,0.0,0.0,0,0,0.02,low,0
STU-2026-0404,0.028,0.0799,3.79,4.19,0,0,0.0,0.0,0,1,0.02,low,0
STU-2026-0405,0.0219,0.5179,4.16,4.13,0,0,0.0,0.0,0,0,0.031,low,0
STU-2026-0406,0.0194,0.3193,4.08,4.25,0,0,0.0,0.0,1,0,0.02,low,0
STU-2026-0407,-0.1423,-0.9832,3.05,3.31,3,3,0.2856,0.3123,1,0,0.683,high,1
STU-2026-0408,-0.0229,0.4415,4.3,4.09,0,0,0.0,0.0,0,0,0.02,low,0
STU-2026-0409,-0.0238,0.2717,3.94,4.41,1,0,0.0,0.0,0,0,0.0251,low,0
STU-2026-0410,-0.0926,-0.3051,2.33,2.11,1,2,0.2217,0.2847,0,0,0.5749,medium,0
STU-2026-0411,0.0358,0.3565,4.32,4.18,1,0,0.0,0.0,0,0,0.02,low,0
STU-2026-0412,-0.2358,-1.466,2.8,3.0,2,2,0.2437,0.2713,1,0,0.6972,high,1
STU-2026-0413,0.0122,0.3264,4.26,4.39,1,0,0.0,0.0,0,0,0.0263,low,0
STU-2026-0414,0.0061,0.1133,4.79,4.47,0,0,0.0,0.0,0,0,0.02,low,0
STU-2026-0415,-0.0582,0.3758,4.34,4.38,0,0,0.0,0.0,0,0,0.0343,low,0
STU-2026-0416,-0.1146,-0.6473,2.9,3.45,5,1,0.2415,0.2866,1,0,0.6106,medium,0
STU-2026-0417,0.0101,-0.0934,4.62,4.82,0,2,0.0,0.0,0,0,0.02,low,0
STU-2026-0418,0.044,0.4942,4.63,4.3,0,0,0.0,0.0,0,0,0.0514,low,0
STU-2026-0419,0.0744,-0.0856,3.91,4.32,0,0,0.0,0.0,0,0,0.02,low,0
STU-2026-0420,0.026,0.3583,3.43,3.95,0,1,0.0,0.0,0,0,0.0333,low,0
STU-2026-0421,-0.1107,0.2218,4.43,4.35,0,0,0.0,0.0,0,0,0.02,low,0
STU-2026-0422,0.0473,0.6247,3.84,3.59,0,0,0.0,0.0,0,0,0.02,low,0
STU-2026-0423,0.0171,0.4599,4.04,4.45,0,0,0.0,0.0,0,0,0.02,low,0
STU-2026-0424,-0.0385,-1.2428,2.72,2.74,2,1,0.2511,0.2889,1,0,0.6286,medium,0
STU-2026-0425,0.0058,0.3778,4.63,4.31,0,0,0.0,0.0,0,0,0.02,low,0
STU-2026-0426,0.0401,-0.2381,4.45,3.95,0,0,0.0,0.0,0,0,0.0582,low,0
STU-2026-0427,-0.1798,-1.0371,2.98,3.05,3,2,0.2362,0.2917,0,0,0.6265,medium,0
STU-2026-0428,0.0121,0.5157,3.81,4.1,0,0,0.0,0.0,0,0,0.02,low,0
STU-2026-0429,0.0352,0.4596,4.07,4.29,1,0,0.0,0.0,1,0,0.02,low,0
STU-2026-0430,-0.0296,-0.3215,4.0,3.58,0,0,0.0,0.0,0,0,0.02,low,0
STU-2026-0431,0.0357,0.3053,4.48,4.28,2,0,0.0,0.0,0,0,0.0348,low,0
STU-2026-0432,-0.1302,-0.0083,4.08,4.35,0,0,0.0,0.0,0,0,0.0446,low,0
STU-2026-0433,-0.0076,-0.007,4.24,4.53,1,0,0.0,0.0,0,0,0.02,low,0
STU-2026-0434,0.0986,0.0177,4.29,3.95,0,0,0.0,0.0,0,0,0.02,low,0
STU-2026-0435,-0.2083,-1.134,3.04,3.5,7,0,0.2478,0.2176,0,0,0.6961,high,1
STU-2026-0436,0.0364,0.328,4.34,4.3,0,0,0.0,0.0,0,0,0.02,low,0
STU-2026-0437,-0.0188,0.4268,4.06,3.66,0,0,0.0,0.0,0,0,0.02,low,0
STU-2026-0438,-0.6424,-3.2397,1.7,1.72,7,3,0.4136,0.6367,1,1,0.98,high,1
STU-2026-0439,0.0044,-0.0423,4.31,3.84,0,0,0.0,0.0,0,1,0.02,low,0
STU-2026-0440,0.0452,0.2113,4.54,4.1,0,0,0.0,0.0,0,0,0.02,low,0
STU-2026-0441,0.0375,0.2563,4.29,3.61,0,0,0.0,0.0,0,0,0.02,low,0
STU-2026-0442,-0.0488,0.0681,4.46,4.58,1,0,0.0,0.0,0,0,0.026,low,0
STU-2026-0443,0.0023,-0.122,4.07,4.29,0,0,0.0,0.0,0,0,0.02,low,0
STU-2026-0444,0.102,0.022,4.59,4.71,0,0,0.0,0.0,0,0,0.02,low,0
STU-2026-0445,-0.6469,-2.8697,1.56,1.67,14,5,0.4127,0.5999,1,0,0.98,high,1
STU-2026-0446,-0.0232,0.4016,3.85,3.76,1,0,0.0,0.0,0,0,0.0277,low,0
STU-2026-0447,-0.0105,0.0547,4.44,4.84,1,0,0.0,0.0,0,0,0.02,low,0
STU-2026-0448,-0.1551,-1.3022,2.24,2.26,7,1,0.2681,0.2655,0,0,0.7132,high,1
STU-2026-0449,0.0902,0.0853,3.28,3.14,1,0,0.0,0.0,0,0,0.02,low,0
STU-2026-0450,-0.3083,-2.7677,1.0,1.0,13,6,0.4116,0.5918,1,2,0.98,high,1
STU-2026-0451,-0.0973,-0.9689,3.34,3.13,5,3,0.2669,0.2737,0,0,0.6581,high,1
STU-2026-0452,-0.0233,-1.1857,2.98,3.12,4,1,0.2172,0.2031,2,0,0.6471,medium,0
STU-2026-0453,0.0188,0.5387,4.16,4.02,0,1,0.0,0.0,0,0,0.02,low,0
STU-2026-0454,-0.0069,0.3742,3.61,4.09,0,0,0.0,0.0,0,0,0.02,low,0
STU-2026-0455,0.0438,0.2801,4.51,4.49,3,1,0.0,0.0,0,0,0.0201,low,0
STU-2026-0456,0.0588,0.4729,5.0,4.9,0,0,0.0,0.0,0,0,0.0247,low,0
STU-2026-0457,0.0192,-0.2925,3.42,4.06,1,0,0.0,0.0,0,0,0.02,low,0
STU-2026-0458,0.0473,0.0335,3.9,4.14,1,1,0.0,0.0,0,0,0.0263,low,0
STU-2026-0459,0.0077,0.7234,4.72,4.64,0,0,0.0,0.0,1,0,0.02,low,0
STU-2026-0460,-0.2549,-2.9857,1.45,1.58,8,1,0.4698,0.5251,4,0,0.98,high,1
STU-2026-0461,0.0558,0.2117,3.79,4.45,0,0,0.0,0.0,0,0,0.02,low,0
STU-2026-0462,-0.2205,-1.4342,3.04,3.15,1,2,0.2312,0.3569,1,0,0.6277,medium,0
STU-2026-0463,-0.0014,0.1912,4.96,4.13,0,0,0.0,0.0,0,0,0.02,low,0
STU-2026-0464,-0.2387,-1.1491,3.49,2.8,7,1,0.2012,0.3367,0,0,0.6861,high,1
STU-2026-0465,0.0322,0.1904,4.86,4.52,1,0,0.0,0.0,1,0,0.02,low,0
STU-2026-0466,0.0931,0.4531,4.06,4.12,1,1,0.0,0.0,0,0,0.0395,low,0
STU-2026-0467,-0.2742,-1.1985,2.92,3.64,4,1,0.2188,0.2993,2,0,0.5803,medium,0
STU-2026-0468,-0.1243,-1.0386,2.96,3.3,4,0,0.2057,0.2514,0,0,0.6298,medium,0
STU-2026-0469,0.0612,-0.009,4.72,4.68,3,1,0.0,0.0,0,0,0.0314,low,0
STU-2026-0470,-0.0616,-0.8944,1.6,2.17,0,2,0.265,0.3573,1,0,0.5627,medium,0
STU-2026-0471,-0.0236,0.1045,4.73,4.81,0,0,0.0,0.0,0,0,0.02,low,0
STU-2026-0472,-0.4633,-2.7813,1.0,1.35,10,6,0.4922,0.5175,2,0,0.98,high,1
STU-2026-0473,-0.2296,-1.0957,2.36,2.69,1,1,0.2218,0.3187,1,0,0.5851,medium,0
STU-2026-0474,-0.0275,0.1597,4.41,4.36,0,1,0.0,0.0,0,0,0.0307,low,0
STU-2026-0475,0.0484,0.1448,4.5,4.39,0,0,0.0,0.0,0,0,0.0273,low,0
STU-2026-0476,-0.1812,-0.7325,2.87,2.88,5,0,0.21,0.2963,1,0,0.6444,medium,0
STU-2026-0477,-0.2145,-1.197,3.22,3.13,5,1,0.253,0.3015,1,0,0.6454,medium,0
STU-2026-0478,-0.5686,-3.2235,1.37,1.94,8,7,0.4434,0.5611,2,0,0.98,high,1
STU-2026-0479,0.0039,0.1072,3.75,3.83,2,1,0.0,0.0,0,0,0.0631,low,0
STU-2026-0480,0.0968,0.4593,4.15,4.13,0,1,0.0,0.0,0,0,0.0223,low,0
STU-2026-0481,0.0303,0.496,4.69,4.7,1,0,0.0,0.0,0,0,0.02,low,0
STU-2026-0482,0.0088,0.0223,4.1,4.05,1,0,0.0,0.0,0,0,0.0258,low,0
STU-2026-0483,-0.4085,-3.4915,1.0,1.0,5,5,0.475,0.4785,2,0,0.98,high,1
STU-2026-0484,-0.0195,0.0332,4.02,4.07,1,0,0.0,0.0,0,0,0.0409,low,0
STU-2026-0485,-0.0417,0.2098,3.87,4.21,0,0,0.0,0.0,0,0,0.02,low,0
STU-2026-0486,-0.2454,-0.9361,3.03,2.71,4,2,0.2489,0.2322,1,0,0.6437,medium,0
STU-2026-0487,0.0512,0.3279,4.35,3.84,0,0,0.0,0.0,0,0,0.02,low,0
STU-2026-0488,0.0605,0.1692,4.43,4.13,0,0,0.0,0.0,0,0,0.02,low,0
STU-2026-0489,0.014,0.044,4.14,4.16,0,1,0.0,0.0,0,0,0.02,low,0
STU-2026-0490,0.0051,0.2979,4.12,3.82,0,0,0.0,0.0,0,0,0.02,low,0
STU-2026-0491,0.0273,-0.1738,4.25,4.09,1,0,0.0,0.0,0,0,0.0264,low,0
STU-2026-0492,0.0489,-0.1098,3.39,3.56,0,0,0.0,0.0,0,0,0.02,low,0
STU-2026-0493,0.1011,0.2811,4.22,4.35,1,0,0.0,0.0,0,0,0.0699,low,0
STU-2026-0494,0.0006,-0.11,3.96,3.84,0,0,0.0,0.0,0,0,0.02,low,0
STU-2026-0495,0.0203,0.197,4.4,4.04,0,1,0.0,0.0,0,0,0.02,low,0
STU-2026-0496,-0.4346,-2.6875,1.0,1.0,9,7,0.4662,0.5326,1,2,0.98,high,1
STU-2026-0497,-0.5184,-2.9207,2.27,1.89,14,5,0.5013,0.5447,1,2,0.98,high,1
STU-2026-0498,-0.1217,-0.9164,3.22,3.17,5,4,0.229,0.2536,0,0,0.6259,medium,0
STU-2026-0499,-0.5375,-2.9655,1.0,1.22,13,3,0.4155,0.5651,4,0,0.98,high,1
STU-2026-0500,-0.4176,-3.1362,1.0,1.0,13,3,0.5092,0.514,2,0,0.98,high,1
STU-2026-0501,0.059,0.4089,3.84,3.82,1,0,0.0,0.0,0,0,0.022,low,0
STU-2026-0502,0.0835,-0.3715,4.0,4.15,0,0,0.0,0.0,0,0,0.02,low,0
STU-2026-0503,0.0629,-0.0294,3.71,3.44,0,0,0.0,0.0,0,0,0.02,low,0
STU-2026-0504,-0.0358,0.6272,5.0,4.61,0,0,0.0,0.0,0,0,0.02,low,0
STU-2026-0505,0.0337,0.0883,3.76,3.96,0,0,0.0,0.0,0,0,0.02,low,0
STU-2026-0506,0.0258,0.0071,3.55,2.98,1,1,0.0,0.0,0,0,0.02,low,0
STU-2026-0507,-0.0025,0.2358,3.34,4.14,0,0,0.0,0.0,0,0,0.02,low,0
STU-2026-0508,0.0472,0.0833,4.56,4.06,2,1,0.0,0.0,0,0,0.0292,low,0
STU-2026-0509,-0.1908,-1.0199,1.97,1.8,4,0,0.2254,0.3017,0,0,0.6739,high,1
STU-2026-0510,-0.1201,-1.1931,2.54,2.58,1,1,0.282,0.3617,0,1,0.6449,medium,0
STU-2026-0511,-0.1252,-1.0508,2.05,2.75,5,2,0.1646,0.2516,1,0,0.6116,medium,0
STU-2026-0512,-0.1483,-1.0865,2.08,1.91,6,0,0.183,0.2799,0,0,0.7106,high,1
STU-2026-0513,-0.1495,-1.0836,3.76,3.48,2,3,0.2013,0.3192,0,0,0.6284,medium,0
STU-2026-0514,0.0401,-0.1829,4.57,4.51,0,0,0.0,0.0,0,0,0.0384,low,0
STU-2026-0515,-0.0578,0.554,3.14,3.51,1,0,0.0,0.0,0,0,0.02,low,0
STU-2026-0516,-0.6713,-3.0281,1.19,1.0,11,8,0.5178,0.5729,1,1,0.98,high,1
STU-2026-0517,-0.1571,-1.0272,2.98,2.98,2,4,0.2747,0.283,0,1,0.5983,medium,0
STU-2026-0518,-0.4083,-2.863,1.0,1.0,5,3,0.419,0.5909,2,1,0.98,high,1
STU-2026-0519,0.0116,0.1197,4.68,4.9,1,0,0.0,0.0,0,0,0.02,low,0
STU-2026-0520,-0.0174,0.5157,4.01,3.97,0,0,0.0,0.0,0,0,0.0374,low,0
STU-2026-0521,-0.0044,0.548,4.37,4.51,2,0,0.0,0.0,0,0,0.02,low,0
STU-2026-0522,0.0489,0.2804,4.19,3.66,3,1,0.0,0.0,0,0,0.0346,low,0
STU-2026-0523,0.1106,0.2435,4.12,4.43,0,0,0.0,0.0,0,0,0.02,low,0
STU-2026-0524,-0.044,0.0732,4.24,4.74,2,0,0.0,0.0,0,0,0.0227,low,0
STU-2026-0525,-0.5749,-2.9682,1.0,1.0,12,3,0.5604,0.6018,2,2,0.98,high,1
STU-2026-0526,-0.0213,0.0184,3.8,4.0,0,1,0.0,0.0,0,0,0.0484,low,0
STU-2026-0527,0.0015,0.3815,4.29,3.94,0,2,0.0,0.0,0,0,0.02,low,0
STU-2026-0528,-0.0323,0.3117,3.84,4.42,0,0,0.0,0.0,0,0,0.02,low,0
STU-2026-0529,0.0233,0.5541,3.95,3.85,0,0,0.0,0.0,0,0,0.02,low,0
STU-2026-0530,-0.0221,0.0611,3.92,4.16,0,0,0.0,0.0,0,0,0.02,low,0
STU-2026-0531,0.0469,0.2597,3.99,4.44,0,0,0.0,0.0,0,0,0.02,low,0
STU-2026-0532,0.0037,0.118,4.4,4.5,1,0,0.0,0.0,0,0,0.02,low,0
STU-2026-0533,0.0997,0.2802,3.42,3.41,0,0,0.0,0.0,0,0,0.0545,low,0
STU-2026-0534,0.084,0.1656,4.19,3.61,0,0,0.0,0.0,1,0,0.02,low,0
STU-2026-0535,0.0235,0.1452,4.55,4.3,1,1,0.0,0.0,0,0,0.02,low,0
STU-2026-0536,0.0327,0.2439,4.89,4.91,0,0,0.0,0.0,0,0,0.02,low,0
STU-2026-0537,-0.0268,0.4205,4.31,3.94,0,0,0.0,0.0,1,0,0.02,low,0
STU-2026-0538,-0.0432,0.3018,3.27,4.33,0,1,0.0,0.0,1,0,0.0435,low,0
STU-2026-0539,-0.3223,-2.8737,1.36,1.0,10,3,0.4694,0.6129,1,0,0.98,high,1
STU-2026-0540,-0.0393,0.2491,4.51,4.03,0,0,0.0,0.0,0,0,0.02,low,0
STU-2026-0541,0.0437,0.315,3.1,3.79,0,0,0.0,0.0,0,0,0.02,low,0
STU-2026-0542,0.1046,0.3817,3.61,3.67,0,0,0.0,0.0,0,0,0.02,low,0
STU-2026-0543,-0.0064,0.2804,4.03,3.32,0,0,0.0,0.0,0,0,0.0236,low,0
STU-2026-0544,0.0744,-0.2441,4.17,4.11,1,0,0.0,0.0,0,0,0.0261,low,0
STU-2026-0545,0.0674,-0.0873,3.64,3.76,1,0,0.0,0.0,0,0,0.0413,low,0
STU-2026-0546,0.0822,0.2606,4.6,4.72,0,1,0.0,0.0,0,0,0.02,low,0
STU-2026-0547,0.0802,0.267,4.06,4.17,0,0,0.0,0.0,0,0,0.0591,low,0
STU-2026-0548,-0.0511,-0.1987,4.5,4.48,0,1,0.0,0.0,0,0,0.0458,low,0
STU-2026-0549,0.0646,0.3055,3.94,3.88,1,0,0.0,0.0,0,0,0.0493,low,0
STU-2026-0550,-0.0002,-0.1306,3.86,4.17,2,2,0.0,0.0,0,0,0.02,low,0
STU-2026-0551,-0.5206,-3.1787,1.91,1.96,9,2,0.4447,0.5276,1,1,0.98,high,1
STU-2026-0552,-0.4466,-2.0995,1.57,1.26,14,6,0.4056,0.5204,1,0,0.98,high,1
STU-2026-0553,-0.009,-0.1284,3.99,4.15,0,0,0.0,0.0,0,0,0.02,low,0
STU-2026-0554,0.0655,-0.2248,3.7,3.86,1,0,0.0,0.0,0,0,0.02,low,0
STU-2026-0555,-0.0879,-1.4653,2.23,2.37,4,1,0.2303,0.2621,0,0,0.6036,medium,0
STU-2026-0556,0.0197,0.6944,4.8,4.26,0,0,0.0,0.0,0,0,0.05,low,0
STU-2026-0557,0.039,0.4065,3.54,3.82,1,2,0.0,0.0,0,0,0.02,low,0
STU-2026-0558,0.0104,0.3901,4.67,4.49,0,0,0.0,0.0,1,0,0.02,low,0
STU-2026-0559,0.0641,0.2041,4.69,4.73,2,1,0.0,0.0,0,1,0.02,low,0
STU-2026-0560,0.0646,-0.063,4.44,4.41,0,0,0.0,0.0,0,0,0.0271,low,0
STU-2026-0561,0.0715,-0.1355,4.13,3.92,0,1,0.0,0.0,0,0,0.0234,low,0
STU-2026-0562,0.0304,0.4743,4.31,4.1,0,0,0.0,0.0,0,0,0.0312,low,0
STU-2026-0563,-0.2283,-0.8951,3.08,3.04,7,0,0.2238,0.3098,0,0,0.6616,high,1
STU-2026-0564,0.0548,-0.0068,4.16,4.35,1,0,0.0,0.0,0,0,0.02,low,0
STU-2026-0565,0.0885,-0.1269,4.23,4.28,1,0,0.0,0.0,0,0,0.02,low,0
STU-2026-0566,0.0254,-0.083,4.07,3.96,0,0,0.0,0.0,1,0,0.02,low,0
STU-2026-0567,-0.0151,0.119,4.04,4.23,0,0,0.0,0.0,0,0,0.02,low,0
STU-2026-0568,0.0739,-0.0095,4.38,4.2,0,0,0.0,0.0,0,0,0.02,low,0
STU-2026-0569,0.021,0.3276,5.0,4.89,1,0,0.0,0.0,0,0,0.02,low,0
STU-2026-0570,-0.1356,-0.8137,3.24,2.59,3,4,0.2295,0.3199,0,0,0.6247,medium,0
STU-2026-0571,-0.0093,0.7583,4.09,4.24,0,1,0.0,0.0,1,0,0.02,low,0
STU-2026-0572,-0.044,0.0679,4.68,4.24,0,1,0.0,0.0,0,0,0.02,low,0
STU-2026-0573,0.0499,0.1006,3.46,3.63,1,0,0.0,0.0,0,0,0.02,low,0
STU-2026-0574,-0.638,-3.0619,1.0,1.0,8,7,0.4822,0.5291,2,0,0.98,high,1
STU-2026-0575,0.0635,0.5572,3.66,4.18,0,0,0.0,0.0,0,0,0.02,low,0
STU-2026-0576,-0.0257,0.4368,4.19,4.18,0,0,0.0,0.0,0,0,0.02,low,0
STU-2026-0577,0.0372,0.2444,4.03,3.7,0,0,0.0,0.0,0,0,0.02,low,0
STU-2026-0578,0.0061,0.5551,4.04,4.04,0,0,0.0,0.0,0,0,0.1096,low,0
STU-2026-0579,-0.099,-1.12,2.84,2.8,5,1,0.2429,0.3035,0,0,0.6801,high,1
STU-2026-0580,-0.0311,0.214,3.98,4.14,0,0,0.0,0.0,0,0,0.02,low,0
STU-2026-0581,0.0214,0.4663,4.71,4.44,0,0,0.0,0.0,0,0,0.02,low,0
STU-2026-0582,-0.3833,-2.968,1.55,1.95,10,4,0.3757,0.5418,4,0,0.98,high,1
STU-2026-0583,0.0287,0.0432,3.93,4.64,1,0,0.0,0.0,1,0,0.0242,low,0
STU-2026-0584,0.0935,-0.0999,4.04,4.37,0,0,0.0,0.0,0,0,0.02,low,0
STU-2026-0585,0.0565,0.2255,4.36,4.35,1,0,0.0,0.0,0,0,0.02,low,0
STU-2026-0586,-0.128,-1.0868,2.29,2.7,5,4,0.2118,0.232,0,0,0.6142,medium,0
STU-2026-0587,0.0039,0.3833,3.76,4.06,0,1,0.0,0.0,0,0,0.02,low,0
STU-2026-0588,-0.4212,-2.6215,1.0,1.0,12,3,0.4237,0.5553,2,1,0.98,high,1
STU-2026-0589,0.0529,0.2985,3.41,3.57,0,0,0.0,0.0,0,0,0.02,low,0
STU-2026-0590,-0.3938,-3.0937,1.0,1.0,9,4,0.4633,0.5533,2,0,0.98,high,1
STU-2026-0591,0.0231,0.4806,4.44,4.53,0,0,0.0,0.0,0,0,0.02,low,0
STU-2026-0592,0.0538,0.5611,4.22,4.42,0,0,0.0,0.0,0,0,0.02,low,0
STU-2026-0593,0.0847,0.4082,4.8,4.81,1,0,0.0,0.0,0,0,0.0703,low,0
STU-2026-0594,0.0087,0.2263,4.42,4.97,2,0,0.0,0.0,0,0,0.0497,low,0
STU-2026-0595,-0.0752,-0.9498,3.64,3.94,5,0,0.2767,0.2617,0,0,0.6049,medium,0
STU-2026-0596,-0.053,0.6539,3.88,4.04,0,2,0.0,0.0,0,0,0.02,low,0
STU-2026-0597,-0.0187,0.2393,4.57,4.26,0,1,0.0,0.0,0,0,0.0375,low,0
STU-2026-0598,-0.0245,0.1868,4.29,4.53,2,1,0.0,0.0,0,0,0.0453,low,0
STU-2026-0599,-0.4212,-2.8459,1.04,1.42,10,5,0.4582,0.5223,2,1,0.98,high,1
STU-2026-0600,-0.0971,-1.1251,2.41,2.65,5,0,0.2437,0.263,0,0,0.6353,medium,0
STU-2026-0001,-0.0103,0.7739,4.18,4.24,0,0,0.0,0.0,0,0,0.02,low,0
STU-2026-0002,0.0443,-0.189,4.44,4.02,0,0,0.0,0.0,0,0,0.0537,low,0
STU-2026-0003,0.0507,0.3885,4.28,4.37,0,0,0.0,0.0,0,0,0.0506,low,0
STU-2026-0004,-0.2912,-2.5283,1.0,1.02,10,4,0.4766,0.4876,2,1,0.98,high,1
STU-2026-0005,-0.0462,0.1458,3.14,3.63,1,0,0.0,0.0,1,0,0.02,low,0
STU-2026-0006,0.0312,0.4594,3.92,4.19,2,0,0.0,0.0,0,0,0.0337,low,0
STU-2026-0007,0.0661,0.0122,4.05,4.15,0,0,0.0,0.0,0,0,0.02,low,0
STU-2026-0008,-0.507,-3.3218,1.75,2.18,9,6,0.4979,0.5961,2,0,0.98,high,1
STU-2026-0009,-0.1592,-1.2536,2.91,2.98,5,3,0.2107,0.314,2,0,0.6596,high,1
STU-2026-0010,-0.2113,-0.5336,3.03,3.11,3,0,0.2972,0.2654,0,0,0.5847,medium,0
STU-2026-0011,0.0406,0.2267,4.59,4.26,1,0,0.0,0.0,0,0,0.02,low,0
STU-2026-0012,-0.1324,0.5929,3.87,3.75,0,0,0.0,0.0,0,0,0.02,low,0
STU-2026-0013,-0.0003,0.3838,4.15,4.1,0,0,0.0,0.0,0,0,0.02,low,0
STU-2026-0014,-0.1082,-1.0166,2.45,2.91,2,0,0.2669,0.2868,0,1,0.6948,high,1
STU-2026-0015,-0.0506,0.0917,4.04,4.28,0,0,0.0,0.0,0,0,0.02,low,0
STU-2026-0016,-0.0845,-1.1843,2.42,1.99,4,1,0.23,0.2804,0,0,0.5992,medium,0
STU-2026-0017,0.0611,-0.3959,4.0,4.14,0,0,0.0,0.0,0,0,0.062,low,0
STU-2026-0018,-0.0204,0.1563,4.41,4.72,0,0,0.0,0.0,0,0,0.02,low,0
STU-2026-0019,-0.1724,-1.0657,3.26,3.13,3,4,0.2661,0.3005,0,0,0.6102,medium,0
STU-2026-0020,0.0132,-0.1072,3.88,4.05,0,0,0.0,0.0,0,0,0.0512,low,0
STU-2026-0021,-0.3067,-2.7525,1.0,1.59,14,3,0.4793,0.6028,4,1,0.98,high,1
STU-2026-0022,-0.063,0.3599,4.14,4.04,0,0,0.0,0.0,0,0,0.0229,low,0
STU-2026-0023,0.0519,0.1851,4.15,4.15,2,0,0.0,0.0,0,0,0.02,low,0
STU-2026-0024,0.0446,-0.035,4.19,4.31,0,0,0.0,0.0,0,0,0.0319,low,0
STU-2026-0025,-0.0122,0.3326,4.23,4.1,0,1,0.0,0.0,0,0,0.02,low,0
STU-2026-0026,0.0672,0.4106,4.05,4.1,0,0,0.0,0.0,1,0,0.02,low,0
STU-2026-0027,-0.0019,-0.0208,3.98,3.35,0,0,0.0,0.0,1,0,0.0229,low,0
STU-2026-0028,-0.0281,0.3355,3.83,4.52,2,0,0.0,0.0,0,0,0.02,low,0
STU-2026-0029,-0.0168,0.554,4.2,4.17,2,0,0.0,0.0,0,0,0.0722,low,0
STU-2026-0030,0.0144,0.0852,4.76,4.21,0,1,0.0,0.0,0,0,0.02,low,0
STU-2026-0031,0.0213,0.5104,4.41,4.38,0,0,0.0,0.0,0,0,0.0569,low,0
STU-2026-0032,0.0705,0.243,3.63,4.19,1,0,0.0,0.0,0,0,0.02,low,0
STU-2026-0033,0.0104,0.1994,4.28,4.67,0,0,0.0,0.0,0,0,0.02,low,0
STU-2026-0034,-0.1161,-0.0295,4.36,4.64,1,0,0.0,0.0,0,0,0.0472,low,0
STU-2026-0035,-0.0046,0.1782,3.97,3.62,0,0,0.0,0.0,0,1,0.02,low,0
STU-2026-0036,-0.0089,0.1782,3.94,3.77,1,1,0.0,0.0,0,0,0.02,low,0
STU-2026-0037,-0.2678,-1.382,2.58,2.84,5,1,0.2563,0.252,1,0,0.7013,high,1
STU-2026-0038,0.0454,0.2451,5.0,5.0,0,0,0.0,0.0,0,0,0.02,low,0
STU-2026-0039,-0.1938,-0.4042,3.2,2.96,7,2,0.3782,0.2502,0,0,0.6493,medium,0
STU-2026-0040,-0.5168,-2.4983,1.68,1.64,14,4,0.5172,0.6053,1,2,0.98,high,1
STU-2026-0041,-0.0161,0.1207,4.63,4.68,2,0,0.0,0.0,0,0,0.02,low,0
STU-2026-0042,0.0268,0.196,4.71,4.28,0,1,0.0,0.0,0,0,0.02,low,0
STU-2026-0043,-0.097,-0.0338,4.01,3.93,0,0,0.0,0.0,0,0,0.02,low,0
STU-2026-0044,-0.4403,-2.427,1.32,1.52,13,5,0.5021,0.5471,2,2,0.98,high,1
STU-2026-0045,-0.2422,-1.0549,2.32,2.95,4,0,0.2518,0.2889,0,0,0.5995,medium,0
STU-2026-0046,-0.0191,0.1794,4.12,4.42,0,0,0.0,0.0,0,0,0.0293,low,0
STU-2026-0047,0.1106,0.1976,3.44,3.37,0,0,0.0,0.0,0,0,0.02,low,0
STU-2026-0048,0.0763,0.051,4.52,4.53,0,0,0.0,0.0,1,0,0.02,low,0
STU-2026-0049,0.0771,0.4843,3.81,3.43,0,1,0.0,0.0,0,0,0.02,low,0
STU-2026-0050,-0.0027,-0.0727,4.09,4.47,0,0,0.0,0.0,0,0,0.02,low,0
STU-2026-0051,0.0369,0.0909,4.38,4.42,1,0,0.0,0.0,0,0,0.02,low,0
STU-2026-0052,0.035,0.6832,4.3,4.48,0,0,0.0,0.0,0,0,0.0307,low,0
STU-2026-0053,0.0649,0.1316,4.21,4.48,1,0,0.0,0.0,1,0,0.0271,low,0
STU-2026-0054,-0.2227,-3.2198,1.0,1.0,10,1,0.4334,0.5641,3,0,0.98,high,1
STU-2026-0055,-0.0997,0.1319,3.97,4.02,0,0,0.0,0.0,0,0,0.0373,low,0
STU-2026-0056,0.0009,-0.0346,4.09,4.17,0,0,0.0,0.0,0,0,0.02,low,0
STU-2026-0057,0.1402,0.0417,4.11,4.12,0,1,0.0,0.0,0,0,0.02,low,0
STU-2026-0058,0.1409,0.374,3.73,4.12,1,0,0.0,0.0,0,1,0.02,low,0
STU-2026-0059,-0.1214,-1.1415,2.29,3.1,4,2,0.24,0.2892,1,0,0.6715,high,1
STU-2026-0060,0.0652,0.0546,3.3,3.36,0,1,0.0,0.0,0,0,0.02,low,0
STU-2026-0061,-0.0379,0.1653,4.57,4.31,1,0,0.0,0.0,0,0,0.06,low,0
STU-2026-0062,-0.0702,0.0212,4.29,4.15,1,0,0.0,0.0,0,0,0.02,low,0
STU-2026-0063,-0.0309,0.0087,3.79,3.7,0,0,0.0,0.0,0,0,0.02,low,0
STU-2026-0064,0.0468,0.1295,4.51,4.1,1,0,0.0,0.0,0,0,0.02,low,0
STU-2026-0065,-0.0922,-1.3822,2.11,2.02,5,2,0.2772,0.3103,0,0,0.6466,medium,0
STU-2026-0066,-0.1504,-0.9755,2.52,2.57,5,0,0.1984,0.2571,0,0,0.6308,medium,0
STU-2026-0067,-0.4293,-2.6798,1.0,1.02,11,3,0.4068,0.5454,2,0,0.98,high,1
STU-2026-0068,-0.0031,0.2397,4.07,3.85,0,0,0.0,0.0,0,0,0.02,low,0
STU-2026-0069,-0.2183,-1.1255,2.77,3.3,5,2,0.2379,0.3317,0,1,0.6273,medium,0
STU-2026-0070,-0.0994,0.5893,4.06,3.44,1,0,0.0,0.0,0,0,0.02,low,0
STU-2026-0071,-0.1342,-0.6873,3.23,3.55,7,0,0.2331,0.3514,0,0,0.6515,high,1
STU-2026-0072,0.0358,0.1161,5.0,5.0,0,0,0.0,0.0,0,0,0.02,low,0
STU-2026-0073,-0.0182,0.65,4.28,4.36,0,0,0.0,0.0,0,0,0.02,low,0
STU-2026-0074,-0.023,0.0957,4.06,4.1,0,1,0.0,0.0,0,0,0.0203,low,0
STU-2026-0075,-0.0309,0.3535,3.7,3.26,1,1,0.0,0.0,0,0,0.0219,low,0
STU-2026-0076,-0.115,-0.6044,3.06,3.37,3,0,0.2408,0.279,0,0,0.5822,medium,0
STU-2026-0077,0.0583,0.1703,4.05,3.89,0,0,0.0,0.0,0,0,0.02,low,0
STU-2026-0078,0.0048,0.1619,3.88,3.72,1,0,0.0,0.0,0,0,0.0417,low,0
STU-2026-0079,-0.1661,-1.1183,2.9,3.4,2,2,0.236,0.3334,1,0,0.6044,medium,0
STU-2026-0080,-0.0013,-0.018,3.99,4.13,1,0,0.0,0.0,1,1,0.02,low,0
STU-2026-0081,0.0295,0.2533,4.45,5.0,0,0,0.0,0.0,0,0,0.02,low,0
STU-2026-0082,0.005,0.6424,4.78,4.4,0,0,0.0,0.0,0,0,0.0454,low,0
STU-2026-0083,-0.0248,0.4541,3.23,3.43,0,0,0.0,0.0,0,0,0.02,low,0
STU-2026-0084,0.0477,-0.0291,4.79,4.22,0,0,0.0,0.0,0,0,0.02,low,0
STU-2026-0085,0.1254,-0.2308,4.41,4.56,2,0,0.0,0.0,0,0,0.0887,low,0
STU-2026-0086,-0.1655,-0.8135,2.44,3.15,7,1,0.2868,0.2634,1,0,0.6677,high,1
STU-2026-0087,0.0769,-0.0295,4.05,4.07,1,1,0.0,0.0,0,0,0.02,low,0
STU-2026-0088,-0.2049,-1.0599,2.05,2.08,6,2,0.2174,0.2859,0,1,0.6061,medium,0
STU-2026-0089,0.1527,0.003,4.34,4.07,0,0,0.0,0.0,0,0,0.066,low,0
STU-2026-0090,-0.0632,0.3186,4.41,4.09,0,0,0.0,0.0,1,0,0.02,low,0
STU-2026-0091,-0.0307,0.3026,4.43,4.49,0,0,0.0,0.0,0,0,0.02,low,0
STU-2026-0092,-0.1132,-1.1785,2.17,2.47,3,0,0.2802,0.2617,0,0,0.6079,medium,0
STU-2026-0093,0.0657,-0.0397,4.6,4.07,0,0,0.0,0.0,0,0,0.02,low,0
STU-2026-0094,0.0,0.7833,5.0,5.0,2,1,0.0,0.0,1,0,0.02,low,0
STU-2026-0095,-0.1673,-1.0356,2.89,2.83,6,1,0.227,0.3209,1,0,0.7057,high,1
STU-2026-0096,0.0726,-0.2204,3.68,3.65,1,0,0.0,0.0,0,0,0.0264,low,0
STU-2026-0097,-0.5433,-3.3124,1.0,1.12,9,6,0.4367,0.6165,1,2,0.98,high,1
STU-2026-0098,-0.0279,0.1789,4.35,4.59,0,0,0.0,0.0,0,0,0.02,low,0
STU-2026-0099,-0.0041,-0.7323,4.24,4.08,0,0,0.0,0.0,0,0,0.0364,low,0
STU-2026-0100,-0.096,-1.1639,2.82,2.87,3,1,0.2426,0.2951,0,0,0.5951,medium,0
STU-2026-0101,0.0779,0.2924,4.1,4.25,0,0,0.0,0.0,0,0,0.04,low,0
STU-2026-0102,-0.0274,-0.1253,4.42,3.88,1,0,0.0,0.0,0,0,0.0202,low,0
STU-2026-0103,0.0809,0.3767,4.86,4.38,0,0,0.0,0.0,0,0,0.02,low,0
STU-2026-0104,-0.285,-0.8295,2.52,3.11,0,1,0.2604,0.3275,0,0,0.5609,medium,0
STU-2026-0105,-0.1833,-1.0873,3.25,3.81,4,1,0.2259,0.3107,0,0,0.6256,medium,0
STU-2026-0106,-0.0921,-0.7829,2.91,2.9,1,1,0.2562,0.2992,1,1,0.5984,medium,0
STU-2026-0107,-0.2061,-1.2317,3.35,2.84,4,1,0.2013,0.315,0,0,0.612,medium,0
STU-2026-0108,0.0323,0.3762,3.95,3.95,1,0,0.0,0.0,0,0,0.0353,low,0
STU-2026-0109,-0.0216,0.561,4.46,3.85,0,0,0.0,0.0,0,0,0.02,low,0
STU-2026-0110,-0.4622,-3.2469,1.0,1.0,9,4,0.425,0.6268,4,0,0.98,high,1
STU-2026-0111,-0.1736,-1.2031,2.44,2.48,6,2,0.2909,0.27,0,0,0.6783,high,1
STU-2026-0112,-0.1912,-0.9357,2.39,2.3,3,1,0.2325,0.3088,1,0,0.5961,medium,0
STU-2026-0113,0.0856,0.015,4.31,4.49,0,0,0.0,0.0,0,0,0.02,low,0
STU-2026-0114,0.0571,0.0927,4.43,4.73,0,0,0.0,0.0,0,0,0.0245,low,0
STU-2026-0115,-0.2227,-0.8491,2.57,2.56,5,1,0.2134,0.2823,1,0,0.6248,medium,0
STU-2026-0116,-0.0,0.0633,4.25,4.61,1,0,0.0,0.0,0,1,0.0504,low,0
STU-2026-0117,-0.1736,-1.3754,2.45,2.15,2,3,0.3315,0.2852,0,0,0.6557,high,1
STU-2026-0118,-0.0036,-0.1499,5.0,5.0,0,0,0.0,0.0,0,0,0.02,low,0
STU-2026-0119,0.0611,-0.0204,4.31,4.09,1,1,0.0,0.0,0,0,0.02,low,0
STU-2026-0120,-0.6389,-3.1404,1.0,1.55,9,2,0.5218,0.4607,2,2,0.98,high,1
STU-2026-0121,-0.0098,0.1715,4.4,4.27,0,0,0.0,0.0,0,0,0.02,low,0
STU-2026-0122,0.0352,0.3525,4.43,4.51,0,0,0.0,0.0,0,0,0.02,low,0
STU-2026-0123,-0.0941,0.5069,4.02,3.52,0,0,0.0,0.0,0,0,0.02,low,0
STU-2026-0124,0.0044,0.0779,3.96,4.98,0,0,0.0,0.0,0,0,0.02,low,0
STU-2026-0125,0.0196,0.3792,4.09,3.97,1,0,0.0,0.0,0,0,0.0386,low,0
STU-2026-0126,0.0654,0.3809,4.51,4.55,2,0,0.0,0.0,0,0,0.02,low,0
STU-2026-0127,0.0055,0.3014,4.03,4.04,0,0,0.0,0.0,0,0,0.02,low,0
STU-2026-0128,-0.473,-3.2932,1.0,1.0,6,6,0.4103,0.4658,3,1,0.98,high,1
STU-2026-0129,0.0049,0.0113,4.24,4.29,1,0,0.0,0.0,0,0,0.038,low,0
STU-2026-0130,-0.1925,-1.0982,2.78,2.98,5,1,0.2418,0.2927,0,0,0.616,medium,0
STU-2026-0131,-0.0683,0.4134,4.66,4.86,0,0,0.0,0.0,0,0,0.02,low,0
STU-2026-0132,-0.0687,0.4418,4.41,4.38,0,0,0.0,0.0,1,0,0.0286,low,0
STU-2026-0133,-0.0008,0.7025,3.96,4.26,0,0,0.0,0.0,0,0,0.0257,low,0
STU-2026-0134,-0.0752,-0.0573,4.64,5.0,0,0,0.0,0.0,0,0,0.02,low,0
STU-2026-0135,-0.0192,0.0268,4.33,3.99,1,0,0.0,0.0,0,0,0.037,low,0
STU-2026-0136,-0.0226,0.0508,4.59,4.59,1,0,0.0,0.0,0,0,0.02,low,0
STU-2026-0137,-0.1845,-1.1593,2.66,2.31,2,3,0.2396,0.3137,0,0,0.5871,medium,0
STU-2026-0138,0.0336,0.4946,4.03,4.52,0,0,0.0,0.0,0,0,0.02,low,0
STU-2026-0139,0.0795,-0.3256,3.67,3.88,2,0,0.0,0.0,0,0,0.02,low,0
STU-2026-0140,0.0041,0.243,3.84,4.4,0,0,0.0,0.0,0,0,0.02,low,0
STU-2026-0141,0.0487,0.457,3.42,3.61,1,0,0.0,0.0,0,0,0.0253,low,0
STU-2026-0142,-0.1806,-1.7205,3.31,3.37,1,1,0.2666,0.3179,0,0,0.6516,high,1
STU-2026-0143,0.0172,-0.1525,3.72,3.6,0,0,0.0,0.0,0,1,0.0424,low,0
STU-2026-0144,0.0478,0.0098,4.18,3.96,0,0,0.0,0.0,0,0,0.02,low,0
STU-2026-0145,0.0675,0.4703,4.21,4.45,1,0,0.0,0.0,0,0,0.02,low,0
STU-2026-0146,-0.514,-3.096,1.0,1.0,4,2,0.4765,0.6475,4,2,0.98,high,1
STU-2026-0147,0.0694,-0.0558,3.97,3.59,0,0,0.0,0.0,1,0,0.02,low,0
STU-2026-0148,-0.0169,0.0388,4.12,3.96,0,0,0.0,0.0,0,0,0.0349,low,0
STU-2026-0149,0.0562,0.0826,4.33,5.0,1,0,0.0,0.0,0,0,0.02,low,0
STU-2026-0150,0.0238,-0.1568,4.23,4.56,0,0,0.0,0.0,0,0,0.02,low,0
STU-2026-0151,0.0381,-0.1009,3.88,3.6,2,0,0.0,0.0,0,1,0.0608,low,0
STU-2026-0152,0.0181,-0.0106,4.46,3.91,0,1,0.0,0.0,0,0,0.02,low,0
STU-2026-0153,-0.155,-0.7843,2.53,2.97,6,1,0.2551,0.3098,0,0,0.6375,medium,0
STU-2026-0154,0.0299,-0.0378,4.63,3.89,0,0,0.0,0.0,0,0,0.0265,low,0
STU-2026-0155,0.0289,0.1247,3.3,3.62,1,0,0.0,0.0,0,0,0.02,low,0
STU-2026-0156,-0.1279,-1.3785,2.38,3.01,5,2,0.2714,0.3289,0,0,0.5915,medium,0
STU-2026-0157,-0.1508,-1.2921,3.65,3.11,7,1,0.3035,0.3049,2,0,0.7436,high,1
STU-2026-0158,-0.0155,-0.0482,3.96,4.21,0,0,0.0,0.0,0,0,0.02,low,0
STU-2026-0159,0.0018,-0.1314,3.92,4.24,0,0,0.0,0.0,0,0,0.02,low,0
STU-2026-0160,-0.1104,-0.8526,3.4,3.35,6,0,0.2454,0.3155,0,0,0.6379,medium,0
STU-2026-0161,0.0428,0.4425,4.44,4.4,1,0,0.0,0.0,0,0,0.0343,low,0
STU-2026-0162,0.0503,0.0665,4.62,4.15,2,0,0.0,0.0,0,0,0.0326,low,0
STU-2026-0163,0.0505,0.1454,4.73,4.76,1,0,0.0,0.0,0,0,0.0209,low,0
STU-2026-0164,0.0552,0.0868,4.61,4.26,0,0,0.0,0.0,0,0,0.02,low,0
STU-2026-0165,-0.1733,-1.4953,3.02,2.88,2,1,0.2585,0.3265,1,0,0.6969,high,1
STU-2026-0166,-0.162,-0.9158,3.02,2.53,4,1,0.2441,0.3167,0,0,0.64,medium,0
STU-2026-0167,0.0861,-0.3631,4.68,4.93,0,1,0.0,0.0,0,0,0.0391,low,0
STU-2026-0168,-0.0224,-0.0923,3.83,3.75,1,0,0.0,0.0,0,0,0.0349,low,0
STU-2026-0169,0.0682,0.0743,3.62,3.98,1,0,0.0,0.0,1,0,0.0253,low,0
STU-2026-0170,-0.0094,0.3894,4.53,4.32,0,0,0.0,0.0,1,0,0.02,low,0
STU-2026-0171,0.04,0.3854,4.37,3.79,1,0,0.0,0.0,0,0,0.02,low,0
STU-2026-0172,0.0522,0.6848,3.37,3.92,1,0,0.0,0.0,0,0,0.0346,low,0
STU-2026-0173,0.0082,0.3778,4.21,4.43,0,0,0.0,0.0,0,0,0.02,low,0
STU-2026-0174,-0.0482,0.22,4.49,5.0,0,0,0.0,0.0,0,0,0.0295,low,0
STU-2026-0175,0.1022,-0.0337,4.12,4.72,0,0,0.0,0.0,1,0,0.02,low,0
STU-2026-0176,0.1469,0.5129,3.74,3.67,0,1,0.0,0.0,1,0,0.02,low,0
STU-2026-0177,0.0637,0.0538,3.31,3.66,0,1,0.0,0.0,1,0,0.02,low,0
STU-2026-0178,0.0625,0.2633,4.38,4.07,1,0,0.0,0.0,0,0,0.02,low,0
STU-2026-0179,0.0126,-0.1228,4.39,4.79,1,0,0.0,0.0,0,0,0.02,low,0
STU-2026-0180,0.0166,0.3497,4.47,4.49,0,0,0.0,0.0,0,0,0.02,low,0
STU-2026-0181,0.0379,-0.0782,3.57,3.89,0,1,0.0,0.0,0,0,0.02,low,0
STU-2026-0182,-0.0754,0.339,3.82,3.61,0,0,0.0,0.0,0,0,0.02,low,0
STU-2026-0183,0.0544,0.5038,3.64,3.82,1,0,0.0,0.0,1,1,0.02,low,0
STU-2026-0184,-0.0063,0.5232,4.02,4.23,0,0,0.0,0.0,0,0,0.02,low,0
STU-2026-0185,-0.197,-1.0597,2.98,2.71,1,0,0.2421,0.2563,1,0,0.57,medium,0
STU-2026-0186,-0.4128,-2.263,1.07,1.88,8,8,0.4766,0.5316,1,1,0.98,high,1
STU-2026-0187,0.0542,0.3877,4.64,4.7,0,0,0.0,0.0,0,0,0.02,low,0
STU-2026-0188,-0.0732,-0.9006,2.73,2.47,4,1,0.223,0.2684,0,0,0.5862,medium,0
STU-2026-0189,-0.0411,0.3725,4.21,4.09,0,0,0.0,0.0,0,0,0.02,low,0
STU-2026-0190,0.0239,0.4258,3.85,4.11,0,0,0.0,0.0,0,0,0.02,low,0
STU-2026-0191,0.0845,-0.0354,4.31,4.07,0,1,0.0,0.0,0,0,0.02,low,0
STU-2026-0192,0.0825,0.0496,4.02,3.94,1,0,0.0,0.0,0,0,0.02,low,0
STU-2026-0193,-0.0696,0.177,4.13,3.99,0,0,0.0,0.0,0,0,0.0223,low,0
STU-2026-0194,0.0943,0.234,3.61,3.93,0,0,0.0,0.0,0,0,0.02,low,0
STU-2026-0195,0.0904,0.16,4.82,4.89,1,0,0.0,0.0,0,0,0.0365,low,0
STU-2026-0196,-0.1608,-1.3012,3.78,3.64,3,1,0.2382,0.2816,0,0,0.6768,high,1
STU-2026-0197,0.0803,0.4932,4.04,4.34,1,0,0.0,0.0,0,0,0.02,low,0
STU-2026-0198,0.0138,0.0358,3.52,3.66,0,0,0.0,0.0,0,0,0.0265,low,0
STU-2026-0199,0.0503,0.2572,4.31,4.42,0,1,0.0,0.0,0,0,0.0306,low,0
STU-2026-0200,0.0285,-0.0825,4.73,4.84,0,0,0.0,0.0,0,0,0.0261,low,0
STU-2026-0201,0.1833,0.1305,4.7,4.25,1,0,0.0,0.0,0,0,0.027,low,0
STU-2026-0202,0.1015,0.3975,4.74,4.29,0,0,0.0,0.0,0,0,0.02,low,0
STU-2026-0203,0.0177,0.4408,3.97,4.81,0,1,0.0,0.0,0,0,0.02,low,0
STU-2026-0204,-0.0228,0.3936,3.86,4.41,0,0,0.0,0.0,0,0,0.02,low,0
STU-2026-0205,0.0789,0.397,4.47,4.21,0,1,0.0,0.0,0,0,0.02,low,0
STU-2026-0206,-0.2259,-0.799,2.73,3.42,4,1,0.2219,0.2763,0,0,0.6228,medium,0
STU-2026-0207,-0.0049,0.3202,4.54,4.05,1,0,0.0,0.0,1,0,0.02,low,0
STU-2026-0208,0.0155,-0.0078,4.85,4.52,0,0,0.0,0.0,0,0,0.02,low,0
STU-2026-0209,0.0529,-0.1799,3.3,3.85,2,0,0.0,0.0,0,0,0.02,low,0
STU-2026-0210,-0.3798,-3.2053,1.22,1.57,9,2,0.5551,0.6881,3,1,0.98,high,1
STU-2026-0211,-0.0605,0.0648,4.67,5.0,0,1,0.0,0.0,0,0,0.02,low,0
STU-2026-0212,-0.0366,0.7585,4.62,4.14,0,0,0.0,0.0,1,0,0.02,low,0
STU-2026-0213,-0.1504,-1.4476,2.59,2.64,3,0,0.2601,0.2731,0,0,0.6173,medium,0
STU-2026-0214,-0.0849,0.2689,4.26,3.79,1,0,0.0,0.0,0,0,0.0472,low,0
STU-2026-0215,0.0152,0.0645,3.76,3.44,0,0,0.0,0.0,0,0,0.02,low,0
STU-2026-0216,0.0484,0.4671,4.31,4.65,0,0,0.0,0.0,0,0,0.0288,low,0
STU-2026-0217,0.0111,-0.0856,4.44,4.13,0,0,0.0,0.0,0,0,0.0393,low,0
STU-2026-0218,-0.0078,-0.0752,4.39,4.43,0,0,0.0,0.0,0,0,0.02,low,0
STU-2026-0219,-0.0097,0.2751,4.48,4.2,1,0,0.0,0.0,0,1,0.0334,low,0
STU-2026-0220,-0.026,0.41,4.17,4.29,0,0,0.0,0.0,0,0,0.02,low,0
STU-2026-0221,-0.45,-3.1245,1.0,1.28,10,5,0.5292,0.5641,2,0,0.98,high,1
STU-2026-0222,0.0123,0.1678,3.36,3.57,0,0,0.0,0.0,0,0,0.0562,low,0
STU-2026-0223,-0.1704,-1.424,2.57,3.0,7,1,0.2976,0.274,0,1,0.711,high,1
STU-2026-0224,-0.0969,-1.1666,2.75,2.94,7,2,0.2555,0.2407,0,0,0.6932,high,1
STU-2026-0225,0.0312,0.0725,4.88,4.59,1,0,0.0,0.0,0,0,0.02,low,0
STU-2026-0226,0.0576,0.0766,4.67,4.44,0,1,0.0,0.0,0,0,0.02,low,0
STU-2026-0227,0.0543,0.0335,3.77,4.02,0,0,0.0,0.0,0,0,0.02,low,0
STU-2026-0228,0.021,0.6723,3.86,4.14,0,1,0.0,0.0,0,0,0.02,low,0
STU-2026-0229,0.0249,0.0722,4.64,4.55,0,1,0.0,0.0,0,0,0.02,low,0
STU-2026-0230,-0.2739,-3.1105,1.0,1.0,11,3,0.4647,0.5754,2,2,0.98,high,1
STU-2026-0231,-0.1077,-1.3859,2.52,2.74,5,0,0.3622,0.311,0,0,0.6526,high,1
STU-2026-0232,-0.003,0.7153,3.23,3.86,2,1,0.0,0.0,0,0,0.02,low,0
STU-2026-0233,0.0618,0.4488,4.55,4.18,0,0,0.0,0.0,0,0,0.02,low,0
STU-2026-0234,-0.1866,-1.2469,2.68,2.85,5,2,0.215,0.3168,0,0,0.6533,high,1
STU-2026-0235,-0.0196,0.18,4.14,4.51,1,0,0.0,0.0,0,0,0.048,low,0
STU-2026-0236,-0.0029,0.3488,4.16,4.04,0,0,0.0,0.0,0,0,0.02,low,0
STU-2026-0237,0.1385,0.1863,4.15,4.03,0,0,0.0,0.0,0,0,0.02,low,0
STU-2026-0238,-0.1515,-1.5027,2.44,2.91,3,4,0.2632,0.3302,0,0,0.6454,medium,0
STU-2026-0239,0.0658,0.5217,4.32,4.6,0,0,0.0,0.0,1,0,0.02,low,0
STU-2026-0240,0.1207,0.3266,3.0,3.79,0,0,0.0,0.0,0,0,0.02,low,0
STU-2026-0241,0.0735,0.0045,4.52,3.99,0,1,0.0,0.0,0,0,0.0206,low,0
STU-2026-0242,0.0865,0.4216,3.67,3.51,0,1,0.0,0.0,0,0,0.02,low,0
STU-2026-0243,-0.1516,-1.3152,1.88,2.42,6,3,0.2922,0.3035,0,0,0.6473,medium,0
STU-2026-0244,-0.0182,-0.0375,3.94,3.86,2,0,0.0,0.0,0,0,0.02,low,0
STU-2026-0245,-0.5455,-3.2619,1.16,1.02,11,4,0.4726,0.5898,2,1,0.98,high,1
STU-2026-0246,-0.57,-2.9222,1.0,1.0,3,6,0.5745,0.5797,2,0,0.98,high,1
STU-2026-0247,0.0835,0.4312,4.0,4.31,0,0,0.0,0.0,0,0,0.0262,low,0
STU-2026-0248,-0.1532,-0.8665,2.3,2.08,4,3,0.2236,0.3286,0,0,0.5713,medium,0
STU-2026-0249,-0.3343,-3.3106,1.0,1.43,9,5,0.4767,0.5554,2,1,0.98,high,1
STU-2026-0250,0.0067,-0.2304,3.74,4.1,0,0,0.0,0.0,0,0,0.02,low,0
STU-2026-0251,-0.3297,-2.6259,1.0,1.27,14,6,0.5465,0.6699,3,1,0.98,high,1
STU-2026-0252,0.0747,0.3277,4.14,4.08,2,1,0.0,0.0,0,0,0.0313,low,0
STU-2026-0253,-0.5618,-2.8759,1.21,1.27,11,2,0.5054,0.6039,3,1,0.98,high,1
STU-2026-0254,0.0795,0.081,3.66,3.56,0,1,0.0,0.0,0,0,0.02,low,0
STU-2026-0255,0.0319,-0.0166,4.15,4.68,0,0,0.0,0.0,0,1,0.0329,low,0
STU-2026-0256,0.0515,0.1997,4.09,3.88,0,0,0.0,0.0,0,1,0.02,low,0
STU-2026-0257,0.022,0.1653,4.67,3.95,0,0,0.0,0.0,0,0,0.02,low,0
STU-2026-0258,-0.1706,-0.9205,2.07,2.44,2,0,0.1933,0.299,0,0,0.6014,medium,0
STU-2026-0259,-0.0155,0.4811,4.03,3.99,0,1,0.0,0.0,0,0,0.02,low,0
STU-2026-0260,0.0034,0.3271,4.79,4.48,1,0,0.0,0.0,0,0,0.02,low,0
STU-2026-0261,-0.005,0.136,3.94,4.25,0,0,0.0,0.0,0,0,0.02,low,0
STU-2026-0262,-0.1341,-1.039,2.97,3.04,3,1,0.2819,0.2804,0,0,0.6173,medium,0
STU-2026-0263,-0.3528,-2.7829,1.0,1.0,9,5,0.4943,0.5738,2,1,0.98,high,1
STU-2026-0264,-0.0115,-0.2479,4.1,4.29,0,0,0.0,0.0,0,0,0.0685,low,0
STU-2026-0265,0.0218,0.2268,4.33,4.24,2,0,0.0,0.0,0,0,0.02,low,0
STU-2026-0266,0.0631,-0.249,4.32,4.1,0,0,0.0,0.0,0,0,0.0347,low,0
STU-2026-0267,0.0968,0.1245,4.25,4.29,0,0,0.0,0.0,0,0,0.02,low,0
STU-2026-0268,-0.1345,-1.0601,2.45,2.63,1,1,0.3142,0.2841,1,0,0.6076,medium,0
STU-2026-0269,0.0669,0.4808,3.49,3.8,0,0,0.0,0.0,0,0,0.02,low,0
STU-2026-0270,0.0296,0.3448,4.5,4.45,1,0,0.0,0.0,0,0,0.02,low,0
STU-2026-0271,-0.0291,0.0428,5.0,5.0,1,0,0.0,0.0,0,0,0.0744,low,0
STU-2026-0272,-0.1394,-1.2193,2.73,2.79,7,3,0.2118,0.2187,0,0,0.6245,medium,0
STU-2026-0273,0.0182,-0.169,4.41,4.82,0,0,0.0,0.0,0,0,0.0224,low,0
STU-2026-0274,0.0569,0.0589,4.14,4.14,1,0,0.0,0.0,0,0,0.0334,low,0
STU-2026-0275,-0.1888,-1.148,2.9,3.36,4,1,0.2541,0.2645,0,0,0.6202,medium,0
STU-2026-0276,-0.1244,-0.8474,2.11,2.11,7,3,0.2604,0.2655,0,0,0.6539,high,1
STU-2026-0277,0.1381,0.0067,4.27,4.29,0,0,0.0,0.0,0,0,0.02,low,0
STU-2026-0278,0.0664,0.3862,3.88,3.68,0,0,0.0,0.0,0,0,0.02,low,0
STU-2026-0279,-0.5181,-3.0462,1.18,1.0,11,6,0.4844,0.6095,2,1,0.98,high,1
STU-2026-0280,-0.0794,0.2744,4.0,3.4,1,0,0.0,0.0,0,0,0.02,low,0
STU-2026-0281,-0.0188,0.101,4.54,4.53,0,1,0.0,0.0,0,0,0.02,low,0
STU-2026-0282,0.0444,0.2917,4.13,4.09,0,0,0.0,0.0,0,0,0.02,low,0
STU-2026-0283,-0.2354,-1.0636,2.64,2.81,5,1,0.2099,0.2586,1,1,0.6015,medium,0
STU-2026-0284,-0.2011,-0.7701,2.17,2.48,6,2,0.2208,0.2748,0,0,0.6536,high,1
STU-2026-0285,-0.1931,-3.2645,1.0,1.25,12,3,0.5203,0.4764,2,1,0.98,high,1
STU-2026-0286,0.0126,0.2614,4.74,4.94,0,0,0.0,0.0,0,0,0.02,low,0
STU-2026-0287,-0.0178,0.1432,4.04,3.94,1,0,0.0,0.0,0,0,0.02,low,0
STU-2026-0288,-0.2695,-3.2185,1.09,1.01,10,4,0.6002,0.5981,2,1,0.98,high,1
STU-2026-0289,-0.0064,0.0595,3.77,3.89,0,0,0.0,0.0,0,0,0.0284,low,0
STU-2026-0290,0.0648,0.363,4.07,4.0,0,0,0.0,0.0,0,0,0.02,low,0
STU-2026-0291,-0.0793,-1.2953,2.49,2.63,3,1,0.2578,0.2798,0,1,0.6217,medium,0
STU-2026-0292,-0.5022,-2.8009,1.0,1.0,8,4,0.5624,0.6095,1,0,0.98,high,1
STU-2026-0293,-0.1911,-1.2634,3.74,3.45,5,4,0.2246,0.3132,1,0,0.6686,high,1
STU-2026-0294,0.0563,-0.1692,3.58,3.99,0,0,0.0,0.0,0,0,0.02,low,0
STU-2026-0295,-0.0046,0.4036,5.0,4.57,1,0,0.0,0.0,0,0,0.02,low,0
STU-2026-0296,0.0264,0.3928,4.0,3.98,0,0,0.0,0.0,1,0,0.02,low,0
STU-2026-0297,-0.0768,-0.3055,3.67,3.34,0,0,0.0,0.0,0,0,0.0472,low,0
STU-2026-0298,0.118,0.1414,4.32,4.17,0,0,0.0,0.0,0,0,0.02,low,0
STU-2026-0299,0.0075,-0.3694,3.1,3.63,0,0,0.0,0.0,0,0,0.034,low,0
STU-2026-0300,-0.7278,-2.9332,1.0,1.0,10,4,0.4321,0.643,2,2,0.98,high,1
STU-2026-0301,-0.0112,0.3326,4.76,4.84,1,0,0.0,0.0,0,0,0.02,low,0
STU-2026-0302,-0.1348,-1.1629,3.28,3.31,6,1,0.2499,0.2958,0,0,0.655,high,1
STU-2026-0303,0.0012,-1.1984,2.91,2.83,3,4,0.2385,0.2896,0,0,0.6301,medium,0
STU-2026-0304,0.0309,0.4614,4.46,4.42,0,1,0.0,0.0,0,0,0.02,low,0
STU-2026-0305,-0.4603,-2.4545,1.0,1.0,13,3,0.5753,0.6479,2,0,0.98,high,1
STU-2026-0306,-0.5806,-2.4555,1.0,1.0,14,6,0.4421,0.4856,2,0,0.98,high,1
STU-2026-0307,0.0214,0.2128,4.36,3.93,0,0,0.0,0.0,0,0,0.02,low,0
STU-2026-0308,0.0796,0.3057,4.77,4.82,1,1,0.0,0.0,0,0,0.0463,low,0
STU-2026-0309,-0.1728,-1.363,3.26,2.99,2,3,0.2476,0.3015,0,1,0.6269,medium,0
STU-2026-0310,-0.6018,-3.2947,1.0,1.18,11,7,0.4186,0.652,1,1,0.98,high,1
STU-2026-0311,-0.0497,0.1256,4.6,4.18,0,0,0.0,0.0,0,0,0.02,low,0
STU-2026-0312,0.0861,-0.1491,4.94,4.51,0,0,0.0,0.0,0,0,0.02,low,0
STU-2026-0313,0.0157,0.1492,4.4,4.42,0,0,0.0,0.0,1,0,0.02,low,0
STU-2026-0314,0.0153,0.0128,5.0,4.9,0,0,0.0,0.0,0,0,0.02,low,0
STU-2026-0315,0.1024,0.4361,3.97,4.35,1,0,0.0,0.0,0,0,0.02,low,0
STU-2026-0316,-0.5306,-2.9404,1.0,1.48,10,4,0.4487,0.6696,2,0,0.98,high,1
STU-2026-0317,0.0449,-0.1041,4.6,4.99,0,0,0.0,0.0,0,0,0.02,low,0
STU-2026-0318,0.0985,0.076,4.11,4.43,1,0,0.0,0.0,0,0,0.02,low,0
STU-2026-0319,-0.1985,-0.8113,1.76,2.33,4,2,0.2928,0.2576,0,0,0.6174,medium,0
STU-2026-0320,-0.3764,-2.5666,1.26,1.2,11,6,0.5202,0.5174,1,0,0.98,high,1
STU-2026-0321,0.0089,-0.0868,3.71,3.76,0,0,0.0,0.0,0,0,0.02,low,0
STU-2026-0322,0.0102,0.5529,3.78,4.17,0,0,0.0,0.0,0,0,0.02,low,0
STU-2026-0323,0.0659,0.3184,4.64,5.0,1,0,0.0,0.0,0,0,0.02,low,0
STU-2026-0324,0.011,0.5659,3.56,3.93,0,0,0.0,0.0,0,0,0.02,low,0
STU-2026-0325,0.1329,0.1057,4.57,4.22,2,0,0.0,0.0,0,0,0.02,low,0
STU-2026-0326,0.0298,0.3206,3.81,4.5,0,0,0.0,0.0,0,0,0.0345,low,0
STU-2026-0327,0.0771,0.1905,4.42,4.73,1,0,0.0,0.0,0,0,0.0472,low,0
STU-2026-0328,0.0878,-0.3917,3.77,3.74,2,0,0.0,0.0,0,0,0.0369,low,0
STU-2026-0329,-0.0139,0.6822,4.2,4.37,0,0,0.0,0.0,0,0,0.0399,low,0
STU-2026-0330,0.0519,0.1188,5.0,4.86,2,0,0.0,0.0,0,0,0.042,low,0
STU-2026-0331,0.043,0.6136,4.27,4.71,0,0,0.0,0.0,0,0,0.02,low,0
STU-2026-0332,-0.0524,0.2008,3.64,3.34,0,0,0.0,0.0,0,0,0.0575,low,0
STU-2026-0333,-0.1438,-0.652,3.06,3.16,0,3,0.2152,0.2742,0,0,0.5851,medium,0
STU-2026-0334,-0.0154,0.5771,4.43,4.86,2,0,0.0,0.0,0,0,0.02,low,0
STU-2026-0335,0.0829,0.3032,4.88,4.69,1,0,0.0,0.0,0,0,0.02,low,0
STU-2026-0336,0.0298,0.1014,3.39,3.84,0,0,0.0,0.0,0,0,0.02,low,0
STU-2026-0337,-0.0262,0.2904,4.33,4.63,1,0,0.0,0.0,0,1,0.0344,low,0
STU-2026-0338,0.0649,0.5652,4.81,4.84,0,0,0.0,0.0,0,0,0.02,low,0
STU-2026-0339,-0.1243,-1.1599,3.03,2.98,3,0,0.2306,0.2819,0,0,0.6321,medium,0
STU-2026-0340,-0.0929,-1.407,2.57,2.4,2,1,0.2877,0.2896,1,0,0.6771,high,1
STU-2026-0341,-0.1803,-1.1922,2.18,2.55,5,2,0.255,0.2814,1,0,0.6144,medium,0
STU-2026-0342,0.0257,0.1269,4.15,3.88,0,0,0.0,0.0,0,0,0.02,low,0
STU-2026-0343,-0.2993,-2.35,1.79,1.67,5,8,0.4319,0.5293,3,0,0.98,high,1
STU-2026-0344,0.0784,0.3367,3.51,3.56,0,0,0.0,0.0,0,0,0.02,low,0
STU-2026-0345,-0.0335,-0.1535,5.0,4.76,0,0,0.0,0.0,0,0,0.02,low,0
STU-2026-0346,-0.0058,0.2634,4.14,4.29,0,0,0.0,0.0,0,0,0.0356,low,0
STU-2026-0347,0.1505,0.3549,4.0,4.25,0,0,0.0,0.0,0,0,0.02,low,0
STU-2026-0348,-0.0087,-0.3102,4.45,4.83,0,0,0.0,0.0,0,0,0.02,low,0
STU-2026-0349,0.0093,0.1691,3.72,4.1,0,0,0.0,0.0,0,0,0.02,low,0
STU-2026-0350,-0.1546,-1.7212,2.89,2.63,0,3,0.2228,0.2948,1,1,0.6077,medium,0
STU-2026-0351,0.065,0.158,4.71,4.46,0,0,0.0,0.0,0,0,0.02,low,0
STU-2026-0352,0.0238,-0.0038,4.35,4.24,2,0,0.0,0.0,0,0,0.02,low,0
STU-2026-0353,0.0687,-0.1764,4.54,4.31,0,1,0.0,0.0,0,0,0.02,low,0
STU-2026-0354,-0.0009,0.1637,4.64,4.99,1,0,0.0,0.0,0,0,0.02,low,0
STU-2026-0355,-0.3369,-2.812,1.0,1.54,11,1,0.4719,0.5942,2,0,0.98,high,1
STU-2026-0356,0.0627,0.1844,4.24,4.24,0,0,0.0,0.0,0,0,0.0418,low,0
STU-2026-0357,-0.0107,-0.1864,4.16,4.31,1,0,0.0,0.0,0,0,0.0424,low,0
STU-2026-0358,0.0331,0.0644,3.24,3.69,0,1,0.0,0.0,0,0,0.02,low,0
STU-2026-0359,0.0424,0.2813,4.26,4.58,0,2,0.0,0.0,1,0,0.02,low,0
STU-2026-0360,0.0239,0.299,4.27,4.3,0,0,0.0,0.0,0,0,0.02,low,0
STU-2026-0361,-0.023,0.0704,4.61,4.57,0,0,0.0,0.0,0,0,0.02,low,0
STU-2026-0362,0.0798,-0.1789,3.61,3.7,0,1,0.0,0.0,0,0,0.02,low,0
STU-2026-0363,-0.1608,-1.1291,2.63,3.11,5,1,0.2587,0.3307,0,0,0.6925,high,1
STU-2026-0364,-0.1651,-1.0646,3.23,2.93,6,2,0.2744,0.2489,2,1,0.6614,high,1
STU-2026-0365,-0.0398,0.1722,4.36,4.34,0,0,0.0,0.0,0,0,0.02,low,0
STU-2026-0366,-0.0692,0.1277,4.61,4.88,0,0,0.0,0.0,1,0,0.02,low,0
STU-2026-0367,-0.0174,0.4216,4.05,4.24,1,0,0.0,0.0,0,0,0.02,low,0
STU-2026-0368,-0.1222,-0.9795,2.24,2.39,3,1,0.246,0.2337,0,0,0.603,medium,0
STU-2026-0369,0.0305,0.3149,3.91,4.36,1,1,0.0,0.0,0,0,0.02,low,0
STU-2026-0370,-0.0255,0.233,3.61,4.04,0,0,0.0,0.0,0,0,0.02,low,0
STU-2026-0371,-0.1342,-0.9927,2.95,2.93,6,1,0.2307,0.3204,0,0,0.6741,high,1
STU-2026-0372,0.0363,0.0877,4.84,4.59,1,0,0.0,0.0,0,0,0.0412,low,0
STU-2026-0373,0.1156,0.2476,4.29,4.08,1,0,0.0,0.0,0,0,0.02,low,0
STU-2026-0374,0.0896,0.0261,4.4,4.69,1,0,0.0,0.0,0,1,0.0279,low,0
STU-2026-0375,0.0121,0.2805,4.58,3.92,3,1,0.0,0.0,0,0,0.02,low,0
STU-2026-0376,0.0909,0.0436,4.46,4.37,1,0,0.0,0.0,0,0,0.0271,low,0
STU-2026-0377,-0.5069,-2.0185,1.34,1.88,7,6,0.4477,0.5621,2,0,0.98,high,1
STU-2026-0378,-0.4968,-3.3764,1.0,1.18,10,6,0.49,0.543,2,0,0.98,high,1
STU-2026-0379,0.0089,-0.2635,3.59,3.29,0,2,0.0,0.0,0,0,0.02,low,0
STU-2026-0380,0.072,0.4534,4.53,4.26,0,0,0.0,0.0,1,0,0.02,low,0
STU-2026-0381,0.0003,0.0298,3.65,4.21,1,0,0.0,0.0,0,0,0.0924,low,0
STU-2026-0382,0.0445,-0.0208,4.17,4.32,0,0,0.0,0.0,0,0,0.027,low,0
STU-2026-0383,0.0062,0.3617,4.34,4.43,1,0,0.0,0.0,1,0,0.02,low,0
STU-2026-0384,-0.0177,0.5883,4.36,4.47,1,0,0.0,0.0,0,0,0.02,low,0
STU-2026-0385,0.0299,0.0554,4.18,3.7,0,0,0.0,0.0,0,0,0.0307,low,0
STU-2026-0386,-0.598,-3.0595,1.0,1.35,11,4,0.4872,0.6139,3,0,0.98,high,1
STU-2026-0387,-0.5398,-3.7164,1.0,1.0,8,2,0.4644,0.6097,2,0,0.98,high,1
STU-2026-0388,0.0453,0.1622,4.38,3.74,1,1,0.0,0.0,0,0,0.02,low,0
STU-2026-0389,-0.0386,0.5791,4.26,4.39,0,0,0.0,0.0,0,0,0.02,low,0
STU-2026-0390,-0.132,-1.2214,2.38,2.54,6,0,0.2275,0.2798,1,0,0.6626,high,1
STU-2026-0391,0.0145,0.1946,3.72,4.2,0,0,0.0,0.0,0,0,0.0279,low,0
STU-2026-0392,0.1007,-0.095,4.38,3.87,0,0,0.0,0.0,1,0,0.0247,low,0
STU-2026-0393,-0.2464,-1.348,1.42,1.91,3,3,0.2673,0.2942,1,0,0.5962,medium,0
STU-2026-0394,0.0052,0.492,4.52,4.16,0,0,0.0,0.0,0,0,0.02,low,0
STU-2026-0395,-0.0102,0.2182,4.51,4.59,0,0,0.0,0.0,0,0,0.0636,low,0
STU-2026-0396,0.0178,0.1085,4.45,4.37,0,0,0.0,0.0,0,0,0.029,low,0
STU-2026-0397,-0.4439,-2.9466,1.0,1.0,11,6,0.5213,0.5925,3,0,0.98,high,1
STU-2026-0398,-0.0355,-0.0065,4.11,4.47,0,0,0.0,0.0,0,0,0.0565,low,0
STU-2026-0399,-0.0138,0.2655,4.54,4.2,1,0,0.0,0.0,1,0,0.0408,low,0
STU-2026-0400,-0.0226,-0.2897,4.65,4.68,0,1,0.0,0.0,0,0,0.0428,low,0
STU-2026-0401,-0.0086,0.2225,3.94,3.61,1,0,0.0,0.0,0,0,0.039,low,0
STU-2026-0402,0.0364,0.3099,4.74,4.47,0,0,0.0,0.0,0,0,0.02,low,0
STU-2026-0403,-0.0151,0.4963,4.5,4.56,0,1,0.0,0.0,0,0,0.02,low,0
STU-2026-0404,-0.0032,0.241,4.41,3.82,1,0,0.0,0.0,0,0,0.02,low,0
STU-2026-0405,0.0253,0.2419,4.13,4.12,0,0,0.0,0.0,0,0,0.02,low,0
STU-2026-0406,0.0912,0.0476,4.07,4.35,0,0,0.0,0.0,0,0,0.0248,low,0
STU-2026-0407,-0.0836,-1.0198,3.25,3.24,3,1,0.2911,0.2876,2,0,0.6352,medium,0
STU-2026-0408,-0.04,0.3929,3.9,4.06,0,0,0.0,0.0,1,0,0.02,low,0
STU-2026-0409,0.0386,0.0282,3.74,3.99,0,0,0.0,0.0,0,0,0.02,low,0
STU-2026-0410,-0.1869,-1.1235,2.27,2.42,6,1,0.2335,0.321,0,0,0.67,high,1
STU-2026-0411,0.1283,-0.1997,4.21,4.38,0,0,0.0,0.0,0,0,0.02,low,0
STU-2026-0412,-0.2128,-0.9947,3.12,2.6,4,3,0.2564,0.3452,1,0,0.6541,high,1
STU-2026-0413,0.0634,0.2016,4.65,4.38,1,0,0.0,0.0,0,0,0.0366,low,0
STU-2026-0414,0.0178,0.0454,4.79,4.47,0,0,0.0,0.0,1,0,0.02,low,0
STU-2026-0415,0.0759,-0.1639,4.5,4.26,1,0,0.0,0.0,0,0,0.02,low,0
STU-2026-0416,-0.1479,-1.2249,3.56,3.61,0,0,0.1959,0.2965,1,0,0.6421,medium,0
STU-2026-0417,-0.0088,0.0736,4.5,4.53,0,0,0.0,0.0,0,0,0.02,low,0
STU-2026-0418,0.0419,0.0931,4.63,4.92,0,1,0.0,0.0,0,0,0.0239,low,0
STU-2026-0419,0.0711,-0.0741,3.74,4.06,0,0,0.0,0.0,0,0,0.02,low,0
STU-2026-0420,0.0323,0.7591,3.73,3.56,0,0,0.0,0.0,0,0,0.0349,low,0
STU-2026-0421,0.0643,0.2534,4.42,4.45,1,0,0.0,0.0,1,0,0.0219,low,0
STU-2026-0422,0.0371,0.1914,3.45,3.45,1,1,0.0,0.0,0,0,0.02,low,0
STU-2026-0423,-0.0262,0.5057,4.17,4.04,0,0,0.0,0.0,0,0,0.0223,low,0
STU-2026-0424,-0.2092,-1.1044,3.08,2.71,7,2,0.2291,0.2774,1,0,0.6613,high,1
STU-2026-0425,0.0648,0.234,4.26,4.36,0,0,0.0,0.0,0,0,0.02,low,0
STU-2026-0426,0.0735,0.5748,3.91,4.06,1,0,0.0,0.0,1,0,0.02,low,0
STU-2026-0427,-0.2885,-1.3607,2.72,3.02,3,0,0.2434,0.3252,2,0,0.6513,high,1
STU-2026-0428,0.0533,0.46,4.14,3.96,0,0,0.0,0.0,0,0,0.02,low,0
STU-2026-0429,0.0865,0.0481,3.89,4.29,0,0,0.0,0.0,0,0,0.02,low,0
STU-2026-0430,0.0841,-0.1087,3.38,3.28,0,0,0.0,0.0,0,0,0.02,low,0
STU-2026-0431,-0.0652,0.2339,4.57,4.36,0,0,0.0,0.0,1,0,0.02,low,0
STU-2026-0432,0.0137,0.2563,4.39,4.49,1,1,0.0,0.0,0,0,0.02,low,0
STU-2026-0433,-0.0115,-0.0431,4.01,4.33,0,0,0.0,0.0,0,0,0.02,low,0
STU-2026-0434,-0.1556,0.1019,4.5,4.22,0,0,0.0,0.0,0,0,0.0829,low,0
STU-2026-0435,-0.1136,-0.7621,3.16,3.21,1,2,0.2803,0.2737,1,0,0.5514,medium,0
STU-2026-0436,-0.0256,0.1531,4.52,4.39,0,0,0.0,0.0,0,0,0.02,low,0
STU-2026-0437,0.0399,0.1158,4.28,3.95,1,0,0.0,0.0,0,0,0.0824,low,0
STU-2026-0438,-0.4798,-2.8568,1.43,1.93,14,6,0.5152,0.5138,3,0,0.98,high,1
STU-2026-0439,0.0683,0.1858,4.11,3.83,0,0,0.0,0.0,0,0,0.0341,low,0
STU-2026-0440,0.045,0.2502,4.64,4.48,2,0,0.0,0.0,0,0,0.0668,low,0
STU-2026-0441,-0.0681,0.514,3.79,4.22,0,0,0.0,0.0,0,0,0.02,low,0
STU-2026-0442,-0.046,-0.0517,4.95,4.61,0,0,0.0,0.0,0,0,0.02,low,0
STU-2026-0443,-0.0864,0.2179,4.38,4.2,0,0,0.0,0.0,0,0,0.02,low,0
STU-2026-0444,0.0855,0.262,4.53,4.68,0,0,0.0,0.0,0,0,0.0203,low,0
STU-2026-0445,-0.5164,-2.9954,1.49,1.62,7,3,0.513,0.6261,3,1,0.98,high,1
STU-2026-0446,0.1492,0.2118,3.96,3.75,0,0,0.0,0.0,0,0,0.0455,low,0
STU-2026-0447,0.083,0.1733,4.43,4.57,0,0,0.0,0.0,0,0,0.02,low,0
STU-2026-0448,-0.2135,-1.0042,2.59,2.53,5,2,0.2853,0.3504,0,0,0.6419,medium,0
STU-2026-0449,0.0597,0.1582,3.54,3.52,0,0,0.0,0.0,0,0,0.02,low,0
STU-2026-0450,-0.4966,-2.6999,1.0,1.0,6,3,0.5415,0.5635,3,0,0.98,high,1
STU-2026-0451,-0.2087,-0.9476,2.93,3.07,6,2,0.2521,0.3003,2,0,0.7048,high,1
STU-2026-0452,-0.2211,-1.2098,3.22,2.9,6,1,0.2991,0.2518,0,0,0.6962,high,1
STU-2026-0453,0.02,-0.3052,4.62,4.15,0,0,0.0,0.0,0,0,0.02,low,0
STU-2026-0454,0.0035,0.4168,3.52,3.5,0,0,0.0,0.0,0,0,0.02,low,0
STU-2026-0455,0.0307,0.0965,4.33,4.16,0,0,0.0,0.0,0,0,0.02,low,0
STU-2026-0456,0.0964,-0.0054,4.84,4.81,0,1,0.0,0.0,0,0,0.0453,low,0
STU-2026-0457,0.0066,0.6066,3.47,3.75,0,2,0.0,0.0,0,0,0.0213,low,0
STU-2026-0458,-0.0448,-0.0614,4.05,4.54,1,0,0.0,0.0,0,0,0.0717,low,0
STU-2026-0459,-0.0487,0.3057,4.55,4.92,1,0,0.0,0.0,0,0,0.02,low,0
STU-2026-0460,-0.4468,-2.5908,1.36,1.29,8,5,0.4673,0.4902,1,2,0.98,high,1
STU-2026-0461,0.0064,-0.0422,4.19,4.66,1,0,0.0,0.0,0,0,0.02,low,0
STU-2026-0462,-0.2893,-0.9922,2.96,2.99,3,0,0.254,0.2649,1,0,0.6112,medium,0
STU-2026-0463,0.0269,0.5133,4.93,4.67,1,0,0.0,0.0,0,0,0.02,low,0
STU-2026-0464,-0.1252,-0.8508,2.93,2.52,3,2,0.2627,0.284,0,1,0.6366,medium,0
STU-2026-0465,-0.0705,0.6563,4.5,4.81,1,0,0.0,0.0,0,0,0.0307,low,0
STU-2026-0466,0.0012,-0.2639,4.16,3.99,0,0,0.0,0.0,0,0,0.02,low,0
STU-2026-0467,-0.0971,-0.8552,3.02,3.4,3,1,0.236,0.2567,0,0,0.6196,medium,0
STU-2026-0468,-0.2029,-0.9358,2.98,3.1,6,1,0.218,0.274,0,0,0.6094,medium,0
STU-2026-0469,-0.0289,0.6865,5.0,4.62,0,0,0.0,0.0,0,0,0.02,low,0
STU-2026-0470,-0.1174,-1.3213,2.03,2.32,1,1,0.3063,0.2898,1,0,0.6704,high,1
STU-2026-0471,0.0159,-0.2841,4.62,4.89,1,0,0.0,0.0,0,0,0.0737,low,0
STU-2026-0472,-0.4022,-3.0473,1.0,1.0,10,1,0.4475,0.5881,2,0,0.98,high,1
STU-2026-0473,-0.1365,-0.9806,2.64,2.46,5,1,0.1723,0.2942,0,0,0.6316,medium,0
STU-2026-0474,0.0262,-0.0101,4.53,3.8,0,0,0.0,0.0,0,0,0.02,low,0
STU-2026-0475,0.0622,0.3357,4.6,4.54,0,0,0.0,0.0,0,0,0.02,low,0
STU-2026-0476,-0.1817,-1.126,2.62,2.78,3,1,0.2265,0.3199,1,0,0.6207,medium,0
STU-2026-0477,-0.0875,-1.0927,3.68,3.47,5,3,0.2705,0.2362,0,0,0.655,high,1
STU-2026-0478,-0.5081,-2.986,1.51,1.84,8,8,0.4479,0.666,1,0,0.98,high,1
STU-2026-0479,-0.0208,0.3675,3.74,3.82,0,0,0.0,0.0,0,0,0.02,low,0
STU-2026-0480,-0.0171,0.1574,3.99,3.97,0,0,0.0,0.0,0,0,0.02,low,0
STU-2026-0481,0.0466,0.2869,4.86,4.86,1,1,0.0,0.0,0,0,0.02,low,0
STU-2026-0482,0.0686,0.1695,4.13,4.01,1,0,0.0,0.0,0,0,0.0601,low,0
STU-2026-0483,-0.5373,-2.8136,1.0,1.0,13,3,0.4391,0.5662,1,1,0.98,high,1
STU-2026-0484,0.0415,0.4947,4.68,4.25,0,0,0.0,0.0,1,0,0.0339,low,0
STU-2026-0485,0.0069,0.1745,4.03,4.32,0,1,0.0,0.0,0,0,0.02,low,0
STU-2026-0486,-0.1233,-1.8516,2.83,2.65,7,4,0.2252,0.2625,0,1,0.6086,medium,0
STU-2026-0487,0.0813,0.3193,4.4,3.98,0,0,0.0,0.0,0,0,0.0333,low,0
STU-2026-0488,-0.0091,-0.161,4.56,4.39,0,1,0.0,0.0,0,0,0.0431,low,0
STU-2026-0489,0.045,0.39,4.14,3.93,1,0,0.0,0.0,0,0,0.02,low,0
STU-2026-0490,0.0065,0.2367,4.1,3.94,0,0,0.0,0.0,1,0,0.0209,low,0
STU-2026-0491,0.0024,0.5093,4.5,4.38,0,0,0.0,0.0,0,0,0.02,low,0
STU-2026-0492,-0.0151,0.078,3.44,3.26,1,1,0.0,0.0,0,0,0.02,low,0
STU-2026-0493,-0.0115,-0.2232,4.0,4.31,0,0,0.0,0.0,0,0,0.02,low,0
STU-2026-0494,0.0907,0.1607,4.0,3.97,1,0,0.0,0.0,0,1,0.0265,low,0
STU-2026-0495,0.0656,-0.0855,3.52,3.86,1,0,0.0,0.0,0,0,0.0471,low,0
STU-2026-0496,-0.2515,-2.5143,1.0,1.0,10,3,0.4877,0.5686,1,2,0.98,high,1
STU-2026-0497,-0.4807,-3.0631,1.72,1.72,9,6,0.4969,0.5472,3,0,0.98,high,1
STU-2026-0498,-0.1205,-0.7974,2.86,3.24,5,0,0.2766,0.2899,0,1,0.6636,high,1
STU-2026-0499,-0.4447,-2.9602,1.0,1.0,8,1,0.4871,0.5566,3,2,0.98,high,1
STU-2026-0500,-0.4469,-3.1867,1.0,1.0,14,4,0.4652,0.5949,3,0,0.98,high,1
STU-2026-0501,0.0169,0.3471,4.38,3.75,0,0,0.0,0.0,0,0,0.02,low,0
STU-2026-0502,-0.0038,-0.1083,3.85,3.97,1,0,0.0,0.0,0,0,0.0214,low,0
STU-2026-0503,-0.1229,-0.1699,3.65,3.82,2,0,0.0,0.0,0,1,0.0555,low,0
STU-2026-0504,0.004,0.0704,5.0,4.84,0,0,0.0,0.0,0,0,0.02,low,0
STU-2026-0505,-0.0365,0.2393,3.85,3.82,0,0,0.0,0.0,0,0,0.02,low,0
STU-2026-0506,0.0193,0.2267,3.19,3.51,0,0,0.0,0.0,0,0,0.02,low,0
STU-2026-0507,-0.0083,0.459,4.0,4.28,1,0,0.0,0.0,0,0,0.0202,low,0
STU-2026-0508,0.0247,0.205,3.98,4.44,1,1,0.0,0.0,0,0,0.02,low,0
STU-2026-0509,-0.2279,-1.009,1.7,1.8,6,1,0.264,0.3497,2,0,0.6948,high,1
STU-2026-0510,-0.2577,-1.1555,2.49,2.8,2,2,0.2674,0.3057,2,0,0.6114,medium,0
STU-2026-0511,-0.2608,-1.1136,2.55,2.72,1,1,0.2603,0.2856,2,0,0.631,medium,0
STU-2026-0512,-0.1957,-1.4376,1.94,1.95,0,0,0.1898,0.2851,0,0,0.5885,medium,0
STU-2026-0513,-0.1061,-1.4362,3.08,3.5,6,3,0.3025,0.2904,1,0,0.6824,high,1
STU-2026-0514,-0.0953,0.3028,4.31,4.57,0,0,0.0,0.0,0,0,0.02,low,0
STU-2026-0515,-0.0123,0.4448,3.46,3.59,0,0,0.0,0.0,0,0,0.02,low,0
STU-2026-0516,-0.2858,-2.8383,1.0,1.0,9,5,0.5334,0.574,4,1,0.98,high,1
STU-2026-0517,-0.2536,-0.9079,2.83,3.05,4,2,0.2485,0.2632,1,0,0.6072,medium,0
STU-2026-0518,-0.4066,-2.8977,1.0,1.02,9,5,0.4892,0.6007,2,1,0.98,high,1
STU-2026-0519,0.0191,0.1589,4.74,4.8,0,0,0.0,0.0,0,0,0.0243,low,0
STU-2026-0520,0.1048,0.9257,3.78,3.53,1,1,0.0,0.0,0,0,0.02,low,0
STU-2026-0521,-0.0719,0.1133,4.4,4.49,0,0,0.0,0.0,0,0,0.02,low,0
STU-2026-0522,-0.0307,0.2612,4.09,4.0,0,1,0.0,0.0,0,0,0.02,low,0
STU-2026-0523,0.0342,-0.1353,3.75,4.35,0,2,0.0,0.0,1,0,0.044,low,0
STU-2026-0524,0.007,0.0052,4.6,4.58,1,0,0.0,0.0,0,0,0.02,low,0
STU-2026-0525,-0.6499,-2.9104,1.0,1.0,8,3,0.4931,0.6056,3,1,0.98,high,1
STU-2026-0526,0.0234,0.1589,4.21,3.84,1,0,0.0,0.0,0,0,0.02,low,0
STU-2026-0527,0.0647,-0.0141,4.27,4.08,0,0,0.0,0.0,0,0,0.02,low,0
STU-2026-0528,0.0812,0.4072,4.41,4.43,0,0,0.0,0.0,0,0,0.0378,low,0
STU-2026-0529,-0.0112,0.2651,3.91,4.01,0,0,0.0,0.0,0,0,0.02,low,0
STU-2026-0530,-0.0103,0.2673,4.36,4.27,0,0,0.0,0.0,0,0,0.0256,low,0
STU-2026-0531,-0.0209,0.3559,4.46,4.15,0,0,0.0,0.0,0,0,0.0486,low,0
STU-2026-0532,0.0454,-0.1575,4.39,4.44,0,2,0.0,0.0,0,0,0.02,low,0
STU-2026-0533,0.0527,0.1952,3.5,3.12,0,0,0.0,0.0,0,0,0.0438,low,0
STU-2026-0534,0.0065,0.1301,4.33,3.94,1,0,0.0,0.0,0,1,0.0406,low,0
STU-2026-0535,0.0364,0.219,4.34,4.01,0,1,0.0,0.0,1,0,0.02,low,0
STU-2026-0536,0.0043,0.2933,4.52,4.94,0,0,0.0,0.0,0,0,0.048,low,0
STU-2026-0537,0.0226,0.1604,4.2,3.67,0,0,0.0,0.0,0,0,0.02,low,0
STU-2026-0538,-0.0118,0.3755,4.37,3.73,0,0,0.0,0.0,0,0,0.0408,low,0
STU-2026-0539,-0.4951,-2.7728,1.0,1.0,13,6,0.4845,0.555,2,1,0.98,high,1
STU-2026-0540,-0.0061,0.4313,4.52,4.71,0,0,0.0,0.0,0,0,0.02,low,0
STU-2026-0541,0.1491,0.5909,3.65,3.47,1,1,0.0,0.0,0,0,0.02,low,0
STU-2026-0542,-0.0035,0.5222,3.69,3.82,2,0,0.0,0.0,0,0,0.02,low,0
STU-2026-0543,0.09,0.3664,3.46,3.49,0,0,0.0,0.0,0,0,0.02,low,0
STU-2026-0544,-0.0186,0.2332,3.82,4.22,0,0,0.0,0.0,0,0,0.02,low,0
STU-2026-0545,0.0292,0.1678,3.6,3.47,0,1,0.0,0.0,1,0,0.02,low,0
STU-2026-0546,-0.0109,0.0115,4.55,4.32,1,0,0.0,0.0,0,0,0.02,low,0
STU-2026-0547,0.0421,-0.1862,4.24,3.89,0,0,0.0,0.0,0,0,0.0255,low,0
STU-2026-0548,-0.0189,0.2478,4.32,4.53,0,0,0.0,0.0,0,0,0.0355,low,0
STU-2026-0549,0.0016,0.4072,3.95,4.3,0,0,0.0,0.0,0,0,0.02,low,0
STU-2026-0550,0.0645,0.0073,4.28,4.47,0,0,0.0,0.0,0,0,0.02,low,0
STU-2026-0551,-0.4769,-3.1573,1.74,1.9,4,2,0.5679,0.6206,4,1,0.98,high,1
STU-2026-0552,-0.3622,-3.2446,1.17,1.6,13,6,0.5069,0.5649,1,2,0.98,high,1
STU-2026-0553,0.0545,0.1834,3.65,4.0,2,0,0.0,0.0,0,0,0.02,low,0
STU-2026-0554,-0.0946,0.2332,3.56,3.82,0,1,0.0,0.0,0,0,0.02,low,0
STU-2026-0555,-0.0496,-0.8915,1.75,2.63,1,0,0.2508,0.3266,1,0,0.6019,medium,0
STU-2026-0556,-0.0147,0.4514,4.03,4.27,0,0,0.0,0.0,0,0,0.046,low,0
STU-2026-0557,-0.0146,0.1211,3.51,3.99,2,1,0.0,0.0,0,0,0.02,low,0
STU-2026-0558,0.0685,0.6103,4.21,4.8,0,0,0.0,0.0,0,0,0.02,low,0
STU-2026-0559,0.0663,0.0439,4.5,4.64,0,0,0.0,0.0,0,0,0.02,low,0
STU-2026-0560,0.0308,0.2506,4.03,4.49,0,1,0.0,0.0,0,0,0.02,low,0
STU-2026-0561,0.0183,-0.1498,3.98,3.83,0,0,0.0,0.0,1,0,0.0376,low,0
STU-2026-0562,0.0313,0.5419,4.14,4.37,1,0,0.0,0.0,0,0,0.02,low,0
STU-2026-0563,-0.3077,-1.2726,2.97,3.08,7,2,0.2458,0.2577,1,0,0.6864,high,1
STU-2026-0564,0.1295,0.3018,4.05,4.41,0,0,0.0,0.0,0,0,0.036,low,0
STU-2026-0565,0.005,0.6189,4.3,4.23,1,0,0.0,0.0,0,0,0.02,low,0
STU-2026-0566,0.0091,0.6835,4.04,4.06,1,0,0.0,0.0,1,0,0.02,low,0
STU-2026-0567,0.0351,-0.1472,4.49,4.25,0,1,0.0,0.0,0,0,0.02,low,0
STU-2026-0568,-0.0205,0.4839,3.6,3.89,0,0,0.0,0.0,0,0,0.0368,low,0
STU-2026-0569,0.0068,0.1119,5.0,4.76,0,0,0.0,0.0,0,0,0.02,low,0
STU-2026-0570,-0.1354,-1.0126,2.71,3.0,3,1,0.24,0.2996,0,0,0.5931,medium,0
STU-2026-0571,0.0304,0.2231,3.88,4.16,0,0,0.0,0.0,1,0,0.02,low,0
STU-2026-0572,0.0738,0.4882,4.42,4.6,0,1,0.0,0.0,0,0,0.02,low,0
STU-2026-0573,0.0182,-0.2061,3.85,4.01,0,0,0.0,0.0,0,0,0.02,low,0
STU-2026-0574,-0.5295,-2.6834,1.0,1.0,5,1,0.4788,0.5986,3,0,0.98,high,1
STU-2026-0575,-0.0606,0.1824,4.37,4.19,0,0,0.0,0.0,1,0,0.0687,low,0
STU-2026-0576,-0.0119,0.4712,3.99,4.15,1,1,0.0,0.0,1,0,0.02,low,0
STU-2026-0577,0.0444,0.3817,4.09,3.87,0,0,0.0,0.0,0,0,0.02,low,0
STU-2026-0578,0.0644,-0.0652,4.14,3.82,1,0,0.0,0.0,0,0,0.0449,low,0
STU-2026-0579,-0.1771,-1.2459,2.8,2.77,4,2,0.275,0.3071,2,1,0.5997,medium,0
STU-2026-0580,0.053,0.2832,4.45,4.32,0,0,0.0,0.0,0,0,0.0458,low,0
STU-2026-0581,0.0738,0.3406,4.67,4.78,0,0,0.0,0.0,0,0,0.02,low,0
STU-2026-0582,-0.4382,-2.7373,1.39,2.55,14,1,0.4766,0.5813,4,2,0.98,high,1
STU-2026-0583,0.0614,-0.0448,3.94,4.82,1,0,0.0,0.0,0,0,0.035,low,0
STU-2026-0584,0.0041,0.6337,4.37,4.58,1,0,0.0,0.0,0,0,0.02,low,0
STU-2026-0585,0.0236,0.1938,4.05,4.49,0,1,0.0,0.0,0,0,0.02,low,0
STU-2026-0586,-0.2217,-1.3369,2.66,2.83,3,2,0.257,0.31,0,0,0.627,medium,0
STU-2026-0587,-0.0314,0.2949,3.47,3.48,0,1,0.0,0.0,0,0,0.02,low,0
STU-2026-0588,-0.3557,-2.8607,1.0,1.0,11,4,0.5222,0.5116,4,2,0.98,high,1
STU-2026-0589,-0.0049,0.4862,3.4,3.25,0,0,0.0,0.0,0,0,0.02,low,0
STU-2026-0590,-0.4598,-2.6049,1.0,1.0,9,8,0.4685,0.5697,2,0,0.98,high,1
STU-2026-0591,0.0292,0.0683,4.89,4.55,0,1,0.0,0.0,0,0,0.02,low,0
STU-2026-0592,0.0585,0.499,4.72,4.83,0,0,0.0,0.0,0,0,0.02,low,0
STU-2026-0593,0.0052,0.2045,4.46,4.68,1,0,0.0,0.0,0,0,0.02,low,0
STU-2026-0594,0.0279,0.4428,4.72,4.77,0,0,0.0,0.0,0,1,0.02,low,0
STU-2026-0595,-0.1372,-1.0556,3.58,3.45,3,0,0.2724,0.3131,0,0,0.6547,high,1
STU-2026-0596,-0.0434,0.1984,4.36,4.27,0,0,0.0,0.0,0,0,0.02,low,0
STU-2026-0597,-0.0635,-0.0696,4.43,4.14,0,0,0.0,0.0,0,0,0.02,low,0
STU-2026-0598,0.0386,0.5422,4.09,4.23,1,0,0.0,0.0,0,0,0.02,low,0
STU-2026-0599,-0.4385,-2.703,1.34,1.4,7,4,0.5489,0.5496,1,0,0.98,high,1
STU-2026-0600,-0.208,-0.6174,2.48,2.2,3,2,0.2246,0.2546,0,0,0.6347,medium,0
STU-2026-0001,-0.0336,0.288,4.08,4.29,0,0,0.0,0.0,1,0,0.02,low,0
STU-2026-0002,0.0456,-0.1824,4.33,4.36,0,0,0.0,0.0,0,0,0.02,low,0
STU-2026-0003,0.0211,0.3806,4.4,4.37,2,0,0.0,0.0,0,0,0.02,low,0
STU-2026-0004,-0.5397,-2.7288,1.0,1.0,14,8,0.5025,0.4851,2,0,0.98,high,1
STU-2026-0005,-0.013,0.1024,3.19,3.01,1,1,0.0,0.0,0,0,0.02,low,0
STU-2026-0006,0.0249,0.0748,4.3,4.38,1,0,0.0,0.0,0,0,0.0392,low,0
STU-2026-0007,-0.0003,0.3672,4.17,3.86,0,0,0.0,0.0,0,0,0.02,low,0
STU-2026-0008,-0.4678,-2.8332,2.04,1.8,10,6,0.5032,0.5901,2,0,0.98,high,1
STU-2026-0009,-0.133,-1.4881,3.5,3.11,4,0,0.2549,0.3201,0,1,0.6223,medium,0
STU-2026-0010,-0.0815,-1.2122,2.66,2.66,5,4,0.2481,0.2582,0,0,0.6632,high,1
STU-2026-0011,-0.0085,0.0564,4.53,4.78,0,0,0.0,0.0,0,0,0.02,low,0
STU-2026-0012,0.0307,0.5833,3.63,3.59,0,2,0.0,0.0,0,0,0.02,low,0
STU-2026-0013,-0.0148,0.0975,3.64,4.26,1,0,0.0,0.0,0,0,0.02,low,0
STU-2026-0014,-0.1891,-0.9598,3.07,2.34,3,2,0.2459,0.3394,2,0,0.5747,medium,0
STU-2026-0015,-0.0166,0.4096,4.49,4.18,0,0,0.0,0.0,0,0,0.02,low,0
STU-2026-0016,-0.1895,-1.1899,2.33,2.07,5,2,0.2844,0.2817,1,0,0.621,medium,0
STU-2026-0017,0.024,0.0419,4.12,4.47,2,0,0.0,0.0,1,0,0.0579,low,0
STU-2026-0018,0.0454,0.3243,4.48,4.24,0,0,0.0,0.0,0,0,0.02,low,0
STU-2026-0019,-0.2238,-0.8736,3.06,3.17,1,2,0.2459,0.2136,0,0,0.5636,medium,0
STU-2026-0020,0.0589,0.0095,4.04,3.72,1,0,0.0,0.0,0,0,0.02,low,0
STU-2026-0021,-0.4242,-2.8378,1.0,1.08,11,6,0.4848,0.5551,1,2,0.98,high,1
STU-2026-0022,-0.0798,0.1315,3.71,4.27,0,0,0.0,0.0,0,0,0.02,low,0
STU-2026-0023,-0.0343,0.1522,4.44,4.49,0,0,0.0,0.0,0,0,0.02,low,0
STU-2026-0024,0.0615,0.0111,4.22,4.29,0,0,0.0,0.0,0,0,0.02,low,0
STU-2026-0025,-0.0318,0.1205,4.36,3.76,1,0,0.0,0.0,1,0,0.02,low,0
STU-2026-0026,-0.0383,-0.6151,4.06,4.61,1,0,0.0,0.0,0,0,0.0313,low,0
STU-2026-0027,0.008,0.1591,3.84,3.7,0,0,0.0,0.0,0,0,0.02,low,0
STU-2026-0028,0.0727,-0.2361,4.18,4.48,1,0,0.0,0.0,0,0,0.0403,low,0
STU-2026-0029,0.115,0.2082,4.08,4.1,1,0,0.0,0.0,0,0,0.0381,low,0
STU-2026-0030,-0.0178,0.8422,4.57,4.75,1,0,0.0,0.0,0,0,0.0242,low,0
STU-2026-0031,-0.0176,0.1578,4.4,4.42,2,0,0.0,0.0,0,0,0.02,low,0
STU-2026-0032,0.0823,0.38,3.96,4.05,0,0,0.0,0.0,0,0,0.02,low,0
STU-2026-0033,0.0188,0.246,4.56,4.63,0,0,0.0,0.0,0,0,0.02,low,0
STU-2026-0034,0.0204,-0.0339,4.18,4.78,0,1,0.0,0.0,0,0,0.02,low,0
STU-2026-0035,0.0305,0.2498,3.62,4.2,0,0,0.0,0.0,0,0,0.02,low,0
STU-2026-0036,-0.0822,0.1578,3.53,3.74,0,0,0.0,0.0,0,0,0.02,low,0
STU-2026-0037,-0.1111,-1.2722,2.45,2.98,3,1,0.2966,0.2779,2,0,0.6639,high,1
STU-2026-0038,0.0075,0.5685,5.0,5.0,0,0,0.0,0.0,0,0,0.0266,low,0
STU-2026-0039,-0.1913,-0.6459,3.13,2.92,6,0,0.2409,0.3302,0,0,0.6176,medium,0
STU-2026-0040,-0.4081,-2.86,1.46,1.75,8,6,0.5515,0.6304,1,1,0.98,high,1
STU-2026-0041,-0.0036,0.0198,4.29,4.85,0,0,0.0,0.0,0,0,0.02,low,0
STU-2026-0042,0.1324,-0.0185,4.5,3.99,0,1,0.0,0.0,0,0,0.0273,low,0
STU-2026-0043,0.0255,0.3869,4.48,4.34,0,0,0.0,0.0,0,0,0.02,low,0
STU-2026-0044,-0.2582,-3.1918,1.0,1.15,6,2,0.5019,0.5487,4,1,0.98,high,1
STU-2026-0045,-0.2356,-1.1924,2.49,2.91,4,1,0.2608,0.3267,0,0,0.6101,medium,0
STU-2026-0046,-0.0325,0.4675,3.89,4.21,0,1,0.0,0.0,0,0,0.02,low,0
STU-2026-0047,-0.0228,0.5324,3.56,3.54,0,0,0.0,0.0,0,0,0.0442,low,0
STU-2026-0048,-0.0347,0.4878,4.54,4.41,0,0,0.0,0.0,0,0,0.02,low,0
STU-2026-0049,-0.0418,0.2885,3.85,3.71,2,0,0.0,0.0,0,0,0.0732,low,0
STU-2026-0050,-0.0135,-0.2139,4.02,4.17,0,0,0.0,0.0,0,0,0.02,low,0
STU-2026-0051,0.0195,0.1377,4.53,4.42,0,0,0.0,0.0,0,0,0.02,low,0
STU-2026-0052,0.0439,0.7174,4.9,4.52,1,0,0.0,0.0,0,0,0.02,low,0
STU-2026-0053,0.0284,-0.0589,4.32,4.4,0,0,0.0,0.0,0,0,0.02,low,0
STU-2026-0054,-0.341,-3.1265,1.0,1.0,9,1,0.465,0.6528,2,0,0.98,high,1
STU-2026-0055,0.0339,0.4866,3.75,4.07,1,0,0.0,0.0,0,0,0.02,low,0
STU-2026-0056,-0.0501,0.1315,3.77,4.36,0,0,0.0,0.0,0,0,0.02,low,0
STU-2026-0057,0.0886,-0.3938,3.85,3.95,1,1,0.0,0.0,0,0,0.0215,low,0
STU-2026-0058,0.0553,0.6012,4.46,4.24,0,0,0.0,0.0,0,0,0.0487,low,0
STU-2026-0059,-0.0993,-1.3603,2.48,3.12,3,2,0.2363,0.2728,2,0,0.544,medium,0
STU-2026-0060,0.0524,0.3951,3.09,3.42,0,0,0.0,0.0,0,0,0.02,low,0
STU-2026-0061,0.0958,0.1357,4.01,4.25,0,0,0.0,0.0,0,0,0.02,low,0
STU-2026-0062,0.0475,0.0112,4.31,4.49,2,0,0.0,0.0,0,0,0.0243,low,0
STU-2026-0063,0.052,0.6534,3.59,3.53,0,0,0.0,0.0,0,0,0.02,low,0
STU-2026-0064,-0.0514,0.2811,4.51,4.26,1,0,0.0,0.0,0,0,0.02,low,0
STU-2026-0065,-0.1244,-0.8937,1.63,2.16,7,2,0.2306,0.3166,0,0,0.6707,high,1
STU-2026-0066,-0.2211,-0.6144,2.32,2.56,1,2,0.2796,0.2746,1,1,0.6362,medium,0
STU-2026-0067,-0.6086,-3.0282,1.0,1.0,8,8,0.4984,0.5233,3,1,0.98,high,1
STU-2026-0068,-0.055,0.5568,4.36,4.01,0,0,0.0,0.0,1,0,0.02,low,0
STU-2026-0069,-0.0394,-1.1621,3.23,3.1,3,1,0.2524,0.2499,0,0,0.6447,medium,0
STU-2026-0070,0.0172,0.36,3.34,3.86,0,0,0.0,0.0,0,0,0.02,low,0
STU-2026-0071,-0.1501,-1.0636,3.47,3.19,2,0,0.2559,0.2898,1,0,0.6573,high,1
STU-2026-0072,-0.0363,0.6234,5.0,4.99,2,0,0.0,0.0,0,0,0.024,low,0
STU-2026-0073,-0.0041,0.4689,4.11,4.2,0,2,0.0,0.0,0,0,0.02,low,0
STU-2026-0074,0.0569,-0.0576,4.4,4.23,0,0,0.0,0.0,0,0,0.02,low,0
STU-2026-0075,0.007,-0.1804,2.96,3.41,0,1,0.0,0.0,0,0,0.02,low,0
STU-2026-0076,-0.2226,-0.8986,3.29,2.8,4,3,0.2834,0.3029,0,0,0.609,medium,0
STU-2026-0077,0.0042,0.6265,3.81,4.11,0,0,0.0,0.0,0,0,0.02,low,0
STU-2026-0078,0.0116,0.3124,3.29,3.57,0,0,0.0,0.0,0,0,0.02,low,0
STU-2026-0079,-0.245,-1.3487,3.17,3.11,5,1,0.2668,0.309,1,0,0.7119,high,1
STU-2026-0080,0.0272,0.1011,3.94,4.42,0,0,0.0,0.0,0,0,0.032,low,0
STU-2026-0081,0.0448,0.2743,4.67,4.75,0,0,0.0,0.0,0,0,0.02,low,0
STU-2026-0082,0.0163,0.3493,4.48,4.22,0,0,0.0,0.0,0,0,0.02,low,0
STU-2026-0083,0.0289,0.0027,3.92,3.58,0,0,0.0,0.0,0,0,0.02,low,0
STU-2026-0084,0.0497,0.4516,5.0,5.0,1,0,0.0,0.0,0,0,0.02,low,0
STU-2026-0085,-0.0874,0.5221,4.6,4.47,1,1,0.0,0.0,0,0,0.022,low,0
STU-2026-0086,-0.1194,-1.0443,2.45,2.7,3,0,0.2398,0.3198,0,1,0.6659,high,1
STU-2026-0087,0.0024,-0.005,4.29,4.23,1,0,0.0,0.0,0,0,0.02,low,0
STU-2026-0088,-0.1628,-1.0891,1.94,1.93,6,2,0.2601,0.2692,0,0,0.7024,high,1
STU-2026-0089,0.0166,0.2114,3.45,3.9,0,1,0.0,0.0,0,0,0.02,low,0
STU-2026-0090,0.0783,0.1232,4.53,4.35,0,0,0.0,0.0,0,0,0.02,low,0
STU-2026-0091,-0.0285,0.1851,4.07,4.27,0,0,0.0,0.0,0,0,0.02,low,0
STU-2026-0092,-0.2126,-1.0554,2.21,1.9,7,2,0.3069,0.3409,0,0,0.7176,high,1
STU-2026-0093,0.138,0.169,4.09,3.99,0,0,0.0,0.0,0,0,0.02,low,0
STU-2026-0094,0.0911,0.2208,4.48,4.57,0,0,0.0,0.0,1,0,0.0252,low,0
STU-2026-0095,-0.1788,-0.9202,2.75,2.51,3,2,0.2061,0.3262,2,0,0.6552,high,1
STU-2026-0096,0.0186,0.2685,3.41,3.76,0,0,0.0,0.0,0,0,0.02,low,0
STU-2026-0097,-0.7051,-2.9467,1.02,1.02,10,1,0.5266,0.535,2,1,0.98,high,1
STU-2026-0098,0.0204,0.2655,4.34,4.22,0,0,0.0,0.0,0,1,0.02,low,0
STU-2026-0099,0.0838,0.1489,3.94,4.07,2,0,0.0,0.0,0,0,0.0355,low,0
STU-2026-0100,-0.1891,-1.0981,2.32,3.17,4,4,0.2713,0.3522,0,0,0.6565,high,1
STU-2026-0101,0.0703,-0.4691,4.92,4.09,0,0,0.0,0.0,1,0,0.02,low,0
STU-2026-0102,-0.0615,0.5355,3.9,4.13,0,0,0.0,0.0,0,0,0.02,low,0
STU-2026-0103,-0.0032,0.4458,4.24,4.48,0,0,0.0,0.0,0,0,0.02,low,0
STU-2026-0104,-0.1629,-0.9623,2.45,2.43,4,3,0.2269,0.2654,0,0,0.5786,medium,0
STU-2026-0105,-0.1553,-0.8276,3.5,3.69,4,4,0.2931,0.2912,2,1,0.6597,high,1
STU-2026-0106,-0.3261,-0.6466,2.25,2.85,3,1,0.3004,0.2671,0,0,0.5678,medium,0
STU-2026-0107,-0.1304,-1.1573,2.84,2.69,1,2,0.212,0.3117,0,0,0.5946,medium,0
STU-2026-0108,-0.0066,0.2961,4.13,4.28,0,0,0.0,0.0,0,0,0.02,low,0
STU-2026-0109,0.0074,0.4132,4.01,4.35,3,1,0.0,0.0,0,0,0.02,low,0
STU-2026-0110,-0.4564,-3.0019,1.0,1.0,8,6,0.5333,0.5675,4,2,0.98,high,1
STU-2026-0111,-0.1622,-1.2333,2.11,2.82,4,2,0.2871,0.2788,0,0,0.6596,high,1
STU-2026-0112,-0.0764,-0.7779,2.23,2.45,4,1,0.2633,0.2973,0,0,0.6709,high,1
STU-2026-0113,0.0114,-0.0515,4.26,4.31,0,0,0.0,0.0,1,0,0.02,low,0
STU-2026-0114,-0.0493,0.1844,4.14,4.52,1,0,0.0,0.0,0,0,0.02,low,0
STU-2026-0115,-0.2002,-1.2799,2.62,2.67,4,2,0.2571,0.2825,0,0,0.6651,high,1
STU-2026-0116,-0.0114,0.2013,4.24,4.26,0,1,0.0,0.0,0,0,0.02,low,0
STU-2026-0117,-0.0856,-1.2608,2.46,2.44,4,3,0.2588,0.2696,0,1,0.6608,high,1
STU-2026-0118,-0.0088,0.3079,4.83,5.0,0,1,0.0,0.0,0,0,0.0351,low,0
STU-2026-0119,0.0987,0.3242,3.87,3.82,1,0,0.0,0.0,0,0,0.0213,low,0
STU-2026-0120,-0.4363,-2.9003,1.0,1.34,11,7,0.4971,0.6668,2,0,0.98,high,1
STU-2026-0121,0.0332,0.0175,4.16,4.07,0,0,0.0,0.0,0,0,0.02,low,0
STU-2026-0122,0.085,0.3622,4.31,4.17,1,0,0.0,0.0,0,0,0.02,low,0
STU-2026-0123,-0.0322,0.6041,3.84,4.02,1,0,0.0,0.0,0,0,0.02,low,0
STU-2026-0124,0.0437,0.2079,5.0,4.89,0,0,0.0,0.0,0,0,0.02,low,0
STU-2026-0125,-0.0033,-0.1745,3.96,4.35,0,0,0.0,0.0,0,0,0.0425,low,0
STU-2026-0126,0.0425,0.6999,4.12,4.63,0,0,0.0,0.0,0,0,0.0225,low,0
STU-2026-0127,0.0403,0.3825,4.06,4.27,0,0,0.0,0.0,0,0,0.0425,low,0
STU-2026-0128,-0.3663,-3.2604,1.0,1.33,6,4,0.556,0.4871,2,1,0.98,high,1
STU-2026-0129,0.1071,0.1774,4.36,3.97,2,0,0.0,0.0,0,0,0.0603,low,0
STU-2026-0130,-0.1815,-1.0647,2.76,2.99,2,2,0.232,0.3373,0,1,0.6497,medium,0
STU-2026-0131,0.069,0.5544,4.61,4.37,0,1,0.0,0.0,0,0,0.0443,low,0
STU-2026-0132,-0.0015,0.4362,5.0,4.51,0,1,0.0,0.0,0,0,0.0615,low,0
STU-2026-0133,0.0495,0.3198,3.94,4.12,0,0,0.0,0.0,0,0,0.02,low,0
STU-2026-0134,0.0155,-0.3071,5.0,4.62,1,0,0.0,0.0,0,0,0.02,low,0
STU-2026-0135,0.0772,0.0224,4.34,4.19,1,0,0.0,0.0,0,0,0.02,low,0
STU-2026-0136,0.0794,0.3201,4.08,4.43,0,0,0.0,0.0,0,0,0.02,low,0
STU-2026-0137,-0.1762,-1.3629,2.31,2.32,3,2,0.2682,0.3396,0,0,0.6149,medium,0
STU-2026-0138,0.0641,0.2176,4.36,4.46,0,0,0.0,0.0,0,0,0.02,low,0
STU-2026-0139,0.1102,-0.2671,3.81,4.04,0,0,0.0,0.0,0,1,0.0577,low,0
STU-2026-0140,0.0514,0.2049,4.12,4.04,0,0,0.0,0.0,0,0,0.02,low,0
STU-2026-0141,-0.0519,0.2219,3.4,3.59,0,0,0.0,0.0,0,0,0.02,low,0
STU-2026-0142,-0.1641,-1.249,3.08,3.28,3,1,0.2761,0.2674,1,0,0.6576,high,1
STU-2026-0143,-0.0755,0.4543,4.01,3.93,1,0,0.0,0.0,0,0,0.02,low,0
STU-2026-0144,0.0694,0.2713,4.08,3.75,1,0,0.0,0.0,0,0,0.0234,low,0
STU-2026-0145,-0.0579,0.2122,4.28,4.04,0,0,0.0,0.0,0,0,0.02,low,0
STU-2026-0146,-0.3487,-3.1816,1.0,1.0,10,2,0.5974,0.612,1,0,0.98,high,1
STU-2026-0147,-0.0109,0.1602,3.92,3.46,0,0,0.0,0.0,0,0,0.0326,low,0
STU-2026-0148,0.0227,0.5656,4.23,4.31,0,0,0.0,0.0,0,0,0.02,low,0
STU-2026-0149,-0.0471,0.333,4.62,5.0,1,1,0.0,0.0,0,0,0.0505,low,0
STU-2026-0150,0.0612,0.1138,4.04,4.53,0,0,0.0,0.0,0,0,0.02,low,0
STU-2026-0151,0.0657,-0.0029,3.68,3.68,0,0,0.0,0.0,0,1,0.02,low,0
STU-2026-0152,0.0306,0.0716,4.03,4.36,1,0,0.0,0.0,0,1,0.02,low,0
STU-2026-0153,-0.0467,-1.223,2.44,2.86,4,3,0.296,0.3326,0,0,0.6493,medium,0
STU-2026-0154,-0.0193,0.8368,4.44,4.38,0,0,0.0,0.0,0,0,0.02,low,0
STU-2026-0155,-0.0441,0.2842,3.54,3.76,2,0,0.0,0.0,0,0,0.0685,low,0
STU-2026-0156,-0.2412,-1.0897,2.53,2.49,4,4,0.2332,0.2673,0,1,0.5961,medium,0
STU-2026-0157,-0.0175,-0.7693,2.8,3.47,3,3,0.2359,0.2936,0,0,0.68,high,1
STU-2026-0158,-0.0298,0.3419,4.24,3.8,1,0,0.0,0.0,0,0,0.0366,low,0
STU-2026-0159,0.0153,0.1725,3.75,4.44,0,1,0.0,0.0,0,0,0.02,low,0
STU-2026-0160,-0.2001,-0.8947,2.79,3.04,6,2,0.2975,0.2854,0,1,0.6601,high,1
STU-2026-0161,0.0219,0.3243,4.04,4.37,0,1,0.0,0.0,0,0,0.02,low,0
STU-2026-0162,-0.0481,0.3151,4.19,4.53,0,0,0.0,0.0,0,0,0.02,low,0
STU-2026-0163,0.1052,0.1145,4.35,4.73,0,1,0.0,0.0,0,0,0.0238,low,0
STU-2026-0164,0.0396,0.3753,4.47,4.08,1,0,0.0,0.0,0,0,0.0286,low,0
STU-2026-0165,-0.1985,-1.3955,2.55,2.9,2,0,0.2421,0.3095,2,0,0.6331,medium,0
STU-2026-0166,-0.2301,-0.9884,2.65,2.97,3,2,0.2525,0.3071,0,0,0.6299,medium,0
STU-2026-0167,0.0717,0.3329,5.0,4.41,0,2,0.0,0.0,0,0,0.0358,low,0
STU-2026-0168,0.0064,-0.0877,4.2,3.88,1,0,0.0,0.0,0,0,0.02,low,0
STU-2026-0169,0.0353,0.6259,4.12,4.5,1,0,0.0,0.0,0,0,0.02,low,0
STU-2026-0170,0.0161,0.1115,4.13,4.8,0,0,0.0,0.0,1,0,0.02,low,0
STU-2026-0171,-0.035,0.3042,4.0,3.87,1,0,0.0,0.0,0,0,0.02,low,0
STU-2026-0172,0.0758,-0.0284,3.53,3.49,0,0,0.0,0.0,0,0,0.02,low,0
STU-2026-0173,-0.055,-0.0448,4.01,4.65,1,0,0.0,0.0,1,0,0.02,low,0
STU-2026-0174,-0.0075,0.4223,4.98,5.0,2,0,0.0,0.0,0,0,0.02,low,0
STU-2026-0175,-0.0005,-0.2422,4.13,4.19,0,1,0.0,0.0,0,0,0.02,low,0
STU-2026-0176,0.0072,0.6509,3.62,3.55,0,0,0.0,0.0,0,0,0.02,low,0
STU-2026-0177,-0.0438,0.4939,3.18,3.32,1,0,0.0,0.0,1,0,0.0501,low,0
STU-2026-0178,0.0681,0.4245,4.99,4.24,0,0,0.0,0.0,0,0,0.02,low,0
STU-2026-0179,-0.0146,0.6154,4.83,4.88,0,0,0.0,0.0,0,0,0.02,low,0
STU-2026-0180,-0.0114,0.5706,4.12,4.34,0,0,0.0,0.0,0,0,0.02,low,0
STU-2026-0181,0.103,0.3621,3.38,3.63,0,0,0.0,0.0,0,0,0.02,low,0
STU-2026-0182,-0.0198,-0.4506,3.23,3.72,1,0,0.0,0.0,0,0,0.02,low,0
STU-2026-0183,-0.0409,0.18,3.96,3.57,0,0,0.0,0.0,0,0,0.02,low,0
STU-2026-0184,0.0584,0.346,4.22,3.76,0,0,0.0,0.0,0,0,0.0714,low,0
STU-2026-0185,-0.1132,-1.2027,2.39,3.14,3,0,0.2655,0.3226,1,1,0.644,medium,0
STU-2026-0186,-0.6554,-3.3715,1.81,1.8,8,7,0.4916,0.5312,2,1,0.98,high,1
STU-2026-0187,0.0461,-0.0225,4.49,4.62,0,1,0.0,0.0,0,0,0.02,low,0
STU-2026-0188,-0.1736,-1.2766,2.74,2.89,4,4,0.2267,0.3021,1,0,0.5858,medium,0
STU-2026-0189,0.0387,0.0623,4.46,3.76,1,0,0.0,0.0,0,0,0.02,low,0
STU-2026-0190,0.1301,-0.1019,3.93,4.32,0,1,0.0,0.0,0,0,0.02,low,0
STU-2026-0191,-0.0293,0.2851,4.43,4.32,0,0,0.0,0.0,0,0,0.02,low,0
STU-2026-0192,-0.0483,-0.0241,3.91,4.27,0,0,0.0,0.0,0,0,0.0427,low,0
STU-2026-0193,0.0159,0.2754,4.24,4.2,0,1,0.0,0.0,0,0,0.02,low,0
STU-2026-0194,0.0302,-0.0469,3.92,3.89,0,0,0.0,0.0,0,0,0.0291,low,0
STU-2026-0195,-0.0047,0.3506,5.0,5.0,0,0,0.0,0.0,0,0,0.0322,low,0
STU-2026-0196,-0.2035,-1.284,3.48,3.32,5,2,0.3077,0.2552,0,0,0.6863,high,1
STU-2026-0197,0.1127,-0.496,3.59,4.2,1,0,0.0,0.0,0,0,0.0559,low,0
STU-2026-0198,-0.0048,0.1256,3.73,3.65,0,0,0.0,0.0,0,0,0.02,low,0
STU-2026-0199,0.03,0.0998,3.96,3.89,0,0,0.0,0.0,0,1,0.02,low,0
STU-2026-0200,0.0772,0.1065,5.0,4.52,0,0,0.0,0.0,0,0,0.02,low,0
STU-2026-0201,0.055,0.1977,4.2,4.16,1,0,0.0,0.0,0,0,0.0542,low,0
STU-2026-0202,0.012,0.5288,4.41,4.12,0,0,0.0,0.0,0,0,0.0208,low,0
STU-2026-0203,0.0227,-0.1661,4.21,4.24,0,0,0.0,0.0,0,0,0.02,low,0
STU-2026-0204,-0.0472,0.2793,4.18,4.3,1,0,0.0,0.0,0,0,0.0373,low,0
STU-2026-0205,0.0357,0.0435,4.73,4.54,0,0,0.0,0.0,0,0,0.02,low,0
STU-2026-0206,-0.0841,-0.8897,2.6,3.12,6,1,0.2344,0.2969,2,0,0.6469,medium,0
STU-2026-0207,0.1471,-0.4863,3.89,4.19,0,0,0.0,0.0,0,0,0.023,low,0
STU-2026-0208,-0.0224,0.2211,4.25,4.67,0,0,0.0,0.0,0,0,0.02,low,0
STU-2026-0209,-0.0589,0.0706,3.85,3.74,1,1,0.0,0.0,0,0,0.02,low,0
STU-2026-0210,-0.4118,-2.9486,1.09,1.61,12,5,0.5102,0.5383,2,0,0.98,high,1
STU-2026-0211,0.0145,0.2135,5.0,5.0,1,2,0.0,0.0,0,0,0.02,low,0
STU-2026-0212,0.045,0.1311,4.04,4.6,0,0,0.0,0.0,0,0,0.02,low,0
STU-2026-0213,-0.2806,-1.1117,2.78,2.65,3,2,0.3088,0.2532,1,0,0.6038,medium,0
STU-2026-0214,0.0263,-0.2197,3.83,3.65,0,0,0.0,0.0,0,0,0.0463,low,0
STU-2026-0215,0.0617,0.304,3.78,3.51,0,0,0.0,0.0,0,0,0.02,low,0
STU-2026-0216,0.0238,0.4253,4.31,4.69,0,0,0.0,0.0,0,0,0.02,low,0
STU-2026-0217,0.0339,0.0648,4.43,4.24,1,1,0.0,0.0,0,0,0.02,low,0
STU-2026-0218,0.0108,0.6202,3.86,4.14,0,0,0.0,0.0,0,0,0.0266,low,0
STU-2026-0219,-0.0802,-0.0621,4.36,4.22,0,0,0.0,0.0,0,0,0.02,low,0
STU-2026-0220,0.0274,0.1335,3.82,4.39,0,0,0.0,0.0,0,0,0.0221,low,0
STU-2026-0221,-0.5602,-2.939,1.0,1.0,8,8,0.4652,0.5659,1,1,0.98,high,1
STU-2026-0222,-0.0518,0.6587,3.85,3.92,0,0,0.0,0.0,0,0,0.0416,low,0
STU-2026-0223,-0.1603,-0.6334,3.18,2.75,6,2,0.2536,0.2505,1,0,0.6726,high,1
STU-2026-0224,-0.1711,-1.3897,2.61,2.65,4,0,0.2925,0.2545,1,0,0.6653,high,1
STU-2026-0225,0.0487,0.756,5.0,4.33,0,0,0.0,0.0,0,0,0.02,low,0
STU-2026-0226,0.0483,0.1578,4.37,4.43,0,0,0.0,0.0,1,0,0.02,low,0
STU-2026-0227,0.0229,0.213,3.92,4.25,1,0,0.0,0.0,0,0,0.02,low,0
STU-2026-0228,0.0078,0.2991,4.43,3.96,0,1,0.0,0.0,0,0,0.02,low,0
STU-2026-0229,0.0716,0.4437,4.96,4.26,0,0,0.0,0.0,0,1,0.02,low,0
STU-2026-0230,-0.4319,-3.1291,1.0,1.0,12,7,0.5035,0.5804,3,1,0.98,high,1
STU-2026-0231,-0.0754,-1.0329,2.61,2.39,2,4,0.2387,0.3018,2,0,0.6055,medium,0
STU-2026-0232,0.0505,0.2409,4.12,3.55,0,0,0.0,0.0,0,0,0.02,low,0
STU-2026-0233,0.0161,0.0607,4.57,4.77,0,0,0.0,0.0,0,0,0.02,low,0
STU-2026-0234,-0.1198,-1.0663,2.8,2.48,7,2,0.2649,0.303,0,0,0.6352,medium,0
STU-2026-0235,0.0425,0.1534,3.87,4.05,0,0,0.0,0.0,0,0,0.0217,low,0
STU-2026-0236,0.0619,0.0595,3.77,4.05,0,0,0.0,0.0,0,0,0.02,low,0
STU-2026-0237,0.0466,0.258,3.97,4.11,2,0,0.0,0.0,0,0,0.027,low,0
STU-2026-0238,-0.1347,-1.2985,2.86,2.94,4,2,0.2972,0.3097,2,0,0.6345,medium,0
STU-2026-0239,-0.0607,-0.0176,4.27,4.37,1,0,0.0,0.0,1,0,0.02,low,0
STU-2026-0240,0.0622,-0.1699,3.73,3.35,0,1,0.0,0.0,0,0,0.02,low,0
STU-2026-0241,0.0655,0.3946,3.72,4.09,0,0,0.0,0.0,0,0,0.02,low,0
STU-2026-0242,0.0242,-0.0675,3.99,3.82,0,0,0.0,0.0,0,0,0.02,low,0
STU-2026-0243,-0.2502,-1.0045,2.19,1.96,1,1,0.2354,0.2921,1,0,0.5841,medium,0
STU-2026-0244,0.024,0.1329,3.7,3.8,0,0,0.0,0.0,0,0,0.0612,low,0
STU-2026-0245,-0.746,-2.52,1.0,1.0,14,5,0.4792,0.5276,3,0,0.98,high,1
STU-2026-0246,-0.7537,-2.7226,1.0,1.0,4,1,0.3903,0.5499,1,0,0.98,high,1
STU-2026-0247,0.0399,0.5063,3.91,3.81,1,1,0.0,0.0,0,0,0.0474,low,0
STU-2026-0248,-0.0727,-1.731,2.15,2.5,4,1,0.2237,0.3583,0,0,0.6238,medium,0
STU-2026-0249,-0.6618,-3.3939,1.03,1.01,9,5,0.4452,0.5974,1,1,0.98,high,1
STU-2026-0250,-0.0045,0.0628,4.18,4.04,0,0,0.0,0.0,0,0,0.0375,low,0
STU-2026-0251,-0.6209,-3.1224,1.15,1.25,6,5,0.4661,0.5586,3,1,0.98,high,1
STU-2026-0252,0.0456,0.1766,3.72,4.01,0,0,0.0,0.0,1,0,0.0473,low,0
STU-2026-0253,-0.6817,-3.6559,1.0,1.75,8,3,0.502,0.5865,3,0,0.98,high,1
STU-2026-0254,-0.0219,-0.0945,3.73,3.87,0,0,0.0,0.0,0,0,0.02,low,0
STU-2026-0255,-0.0007,0.1689,4.0,4.23,0,2,0.0,0.0,0,0,0.02,low,0
STU-2026-0256,-0.0457,0.0632,4.3,3.86,0,0,0.0,0.0,0,0,0.0643,low,0
STU-2026-0257,0.0146,0.4812,3.69,4.25,0,0,0.0,0.0,1,0,0.0303,low,0
STU-2026-0258,-0.0607,-0.8408,2.37,2.69,4,1,0.2741,0.2987,0,0,0.6104,medium,0
STU-2026-0259,0.0305,0.5007,4.35,4.33,2,0,0.0,0.0,0,0,0.0563,low,0
STU-2026-0260,0.0491,0.316,3.92,4.78,1,1,0.0,0.0,0,0,0.0247,low,0
STU-2026-0261,-0.0283,0.0063,4.33,4.0,0,0,0.0,0.0,0,0,0.02,low,0
STU-2026-0262,-0.1059,-0.7664,2.68,2.69,7,1,0.2101,0.3469,0,0,0.667,high,1
STU-2026-0263,-0.3249,-2.8147,1.0,1.0,7,7,0.5672,0.5882,1,1,0.98,high,1
STU-2026-0264,-0.0301,0.1019,4.4,4.06,1,0,0.0,0.0,0,0,0.02,low,0
STU-2026-0265,0.026,0.1811,4.47,4.06,1,1,0.0,0.0,0,0,0.02,low,0
STU-2026-0266,-0.0264,0.2718,4.06,4.04,0,1,0.0,0.0,0,0,0.02,low,0
STU-2026-0267,-0.0224,-0.0423,4.02,4.31,0,0,0.0,0.0,0,0,0.02,low,0
STU-2026-0268,-0.2551,-0.8118,2.55,2.72,6,0,0.2719,0.3064,0,1,0.6445,medium,0
STU-2026-0269,0.0084,-0.2799,4.09,3.98,0,0,0.0,0.0,0,0,0.0496,low,0
STU-2026-0270,-0.0413,0.2343,4.27,4.5,1,0,0.0,0.0,0,0,0.02,low,0
STU-2026-0271,0.0482,0.6482,4.83,5.0,2,0,0.0,0.0,0,0,0.02,low,0
STU-2026-0272,-0.0821,-1.0985,2.87,2.86,4,0,0.2351,0.2984,0,0,0.6121,medium,0
STU-2026-0273,0.0646,0.3414,4.81,4.94,1,0,0.0,0.0,0,0,0.02,low,0
STU-2026-0274,0.0344,-0.0961,4.17,4.47,0,0,0.0,0.0,0,0,0.02,low,0
STU-2026-0275,-0.1134,-1.0649,2.74,3.22,4,1,0.237,0.3052,0,0,0.6253,medium,0
STU-2026-0276,-0.0811,-1.528,2.33,2.37,2,2,0.241,0.3302,0,0,0.5964,medium,0
STU-2026-0277,0.0177,0.2949,4.42,3.89,0,0,0.0,0.0,0,0,0.02,low,0
STU-2026-0278,-0.0955,-0.1309,3.74,3.92,1,0,0.0,0.0,0,0,0.0397,low,0
STU-2026-0279,-0.4164,-2.6842,1.0,1.12,8,8,0.4833,0.506,2,0,0.98,high,1
STU-2026-0280,-0.0652,0.5277,3.95,4.0,0,0,0.0,0.0,0,0,0.02,low,0
STU-2026-0281,0.0842,0.2866,4.46,4.23,0,2,0.0,0.0,0,0,0.0635,low,0
STU-2026-0282,-0.0001,0.2867,5.0,4.04,0,0,0.0,0.0,0,0,0.02,low,0
STU-2026-0283,-0.0746,-1.0451,3.16,3.02,1,3,0.2697,0.3173,0,0,0.6369,medium,0
STU-2026-0284,-0.2282,-0.7818,2.08,2.47,3,3,0.2464,0.2962,0,0,0.6129,medium,0
STU-2026-0285,-0.6008,-3.1281,1.0,1.24,9,3,0.4862,0.5512,2,0,0.98,high,1
STU-2026-0286,0.136,0.0586,4.92,4.88,2,1,0.0,0.0,0,0,0.0252,low,0
STU-2026-0287,-0.0227,-0.2089,4.02,4.21,0,0,0.0,0.0,1,0,0.0366,low,0
STU-2026-0288,-0.603,-2.5267,1.0,1.0,7,7,0.5411,0.589,1,0,0.98,high,1
STU-2026-0289,-0.1407,0.4285,3.88,3.51,0,2,0.0,0.0,0,0,0.02,low,0
STU-2026-0290,0.0192,0.2838,3.91,3.64,0,0,0.0,0.0,0,0,0.02,low,0
STU-2026-0291,-0.2304,-1.4072,2.63,2.17,3,0,0.2847,0.3127,1,0,0.682,high,1
STU-2026-0292,-0.5125,-2.9707,1.0,1.0,4,2,0.5128,0.5757,2,1,0.98,high,1
STU-2026-0293,-0.0982,-1.3108,3.27,3.21,7,2,0.2791,0.297,0,0,0.6479,medium,0
STU-2026-0294,0.0027,-0.0938,4.05,3.93,0,1,0.0,0.0,0,0,0.0308,low,0
STU-2026-0295,0.1201,-0.0545,4.69,4.47,0,0,0.0,0.0,0,0,0.02,low,0
STU-2026-0296,0.0494,0.3392,4.27,3.95,0,0,0.0,0.0,0,0,0.0528,low,0
STU-2026-0297,0.0414,0.5314,3.96,3.91,0,0,0.0,0.0,0,0,0.0209,low,0
STU-2026-0298,0.0721,0.4302,3.87,4.08,0,0,0.0,0.0,0,0,0.02,low,0
STU-2026-0299,-0.0084,-0.2644,3.67,3.29,0,0,0.0,0.0,0,0,0.02,low,0
STU-2026-0300,-0.5326,-3.3646,1.0,1.23,7,5,0.5162,0.6116,3,0,0.98,high,1
STU-2026-0301,0.0838,0.3038,4.43,4.74,0,0,0.0,0.0,0,0,0.02,low,0
STU-2026-0302,-0.1313,-1.1175,3.4,3.2,3,3,0.2581,0.2935,0,0,0.6436,medium,0
STU-2026-0303,-0.3392,-1.0241,2.74,2.59,6,3,0.2345,0.3542,1,1,0.658,high,1
STU-2026-0304,0.0635,-0.1596,4.39,4.02,0,0,0.0,0.0,0,0,0.0209,low,0
STU-2026-0305,-0.4811,-2.8914,1.07,1.16,14,5,0.5451,0.5206,2,1,0.98,high,1
STU-2026-0306,-0.3437,-3.3949,1.0,1.0,12,4,0.5849,0.5915,2,0,0.98,high,1
STU-2026-0307,-0.0286,0.1833,4.51,3.96,0,0,0.0,0.0,0,0,0.02,low,0
STU-2026-0308,-0.0059,-0.1162,4.76,4.81,2,0,0.0,0.0,0,0,0.02,low,0
STU-2026-0309,-0.1531,-1.0434,3.05,2.87,5,2,0.2829,0.3368,2,1,0.6483,medium,0
STU-2026-0310,-0.4389,-3.3253,1.0,1.0,9,5,0.4345,0.5082,2,1,0.98,high,1
STU-2026-0311,-0.0428,0.0109,4.6,4.57,2,1,0.0,0.0,0,0,0.02,low,0
STU-2026-0312,0.0694,0.0201,4.95,4.78,0,1,0.0,0.0,0,0,0.0212,low,0
STU-2026-0313,-0.0271,0.4258,4.63,4.36,0,0,0.0,0.0,0,1,0.02,low,0
STU-2026-0314,0.0265,-0.1814,4.76,4.56,1,2,0.0,0.0,0,0,0.0614,low,0
STU-2026-0315,-0.0659,-0.0019,4.23,4.01,0,0,0.0,0.0,0,0,0.02,low,0
STU-2026-0316,-0.495,-3.1471,1.14,1.0,6,5,0.4535,0.6033,1,0,0.98,high,1
STU-2026-0317,0.0319,0.3797,5.0,4.62,0,1,0.0,0.0,0,0,0.02,low,0
STU-2026-0318,0.0277,0.2806,4.25,4.15,0,0,0.0,0.0,0,0,0.0243,low,0
STU-2026-0319,-0.0765,-0.8786,2.3,2.12,7,1,0.2466,0.3067,0,1,0.6526,high,1
STU-2026-0320,-0.4532,-3.1712,1.0,1.0,13,4,0.5065,0.5553,2,0,0.98,high,1
STU-2026-0321,0.0293,0.268,3.46,3.72,0,0,0.0,0.0,0,0,0.02,low,0
STU-2026-0322,-0.0248,0.4139,3.53,3.99,0,0,0.0,0.0,0,0,0.02,low,0
STU-2026-0323,-0.0182,0.1236,5.0,5.0,1,0,0.0,0.0,0,0,0.02,low,0
STU-2026-0324,0.0449,0.4342,4.01,3.85,0,0,0.0,0.0,0,0,0.0525,low,0
STU-2026-0325,0.1216,0.223,4.06,4.14,0,0,0.0,0.0,0,0,0.02,low,0
STU-2026-0326,0.0745,-0.1712,4.49,4.21,0,0,0.0,0.0,1,0,0.02,low,0
STU-2026-0327,0.0324,0.1081,4.49,4.59,0,0,0.0,0.0,0,0,0.0654,low,0
STU-2026-0328,0.0166,-0.0765,3.81,4.01,0,1,0.0,0.0,0,0,0.0564,low,0
STU-2026-0329,0.0337,0.4439,3.98,4.32,0,0,0.0,0.0,0,1,0.0351,low,0
STU-2026-0330,0.0817,0.4755,4.83,5.0,0,0,0.0,0.0,0,0,0.02,low,0
STU-2026-0331,0.1359,-0.0173,4.01,4.23,1,1,0.0,0.0,0,0,0.02,low,0
STU-2026-0332,0.0015,0.1755,4.1,4.01,0,0,0.0,0.0,0,0,0.02,low,0
STU-2026-0333,-0.1865,-0.5912,2.86,3.39,1,2,0.3095,0.2998,0,0,0.5853,medium,0
STU-2026-0334,0.0413,0.5331,4.87,4.81,1,0,0.0,0.0,0,0,0.02,low,0
STU-2026-0335,0.0148,0.3211,4.57,4.45,0,0,0.0,0.0,1,0,0.0571,low,0
STU-2026-0336,-0.0514,-0.1547,4.17,4.02,0,0,0.0,0.0,0,0,0.02,low,0
STU-2026-0337,0.0392,-0.0223,4.34,4.42,2,0,0.0,0.0,0,0,0.0231,low,0
STU-2026-0338,0.0382,0.2122,4.9,4.65,0,0,0.0,0.0,1,0,0.02,low,0
STU-2026-0339,-0.1547,-1.0444,3.01,3.16,3,3,0.2656,0.305,0,0,0.6323,medium,0
STU-2026-0340,-0.25,-0.9514,2.51,2.71,6,2,0.2526,0.2685,0,0,0.6894,high,1
STU-2026-0341,-0.1339,-0.6452,2.8,2.21,7,1,0.2483,0.2702,0,0,0.5988,medium,0
STU-2026-0342,-0.0075,0.2558,3.81,4.43,0,0,0.0,0.0,0,0,0.02,low,0
STU-2026-0343,-0.4828,-2.8322,1.22,1.69,13,3,0.5078,0.6764,2,1,0.98,high,1
STU-2026-0344,0.022,0.0916,3.9,3.48,0,0,0.0,0.0,0,0,0.02,low,0
STU-2026-0345,-0.0333,0.3548,4.56,5.0,0,0,0.0,0.0,0,0,0.02,low,0
STU-2026-0346,0.0712,0.3998,4.63,4.3,0,0,0.0,0.0,0,0,0.02,low,0
STU-2026-0347,0.0303,0.2306,3.9,4.59,0,1,0.0,0.0,0,0,0.02,low,0
STU-2026-0348,0.0254,0.3039,4.62,4.53,1,0,0.0,0.0,1,0,0.02,low,0
STU-2026-0349,-0.0267,-0.2495,3.91,3.93,0,0,0.0,0.0,1,0,0.02,low,0
STU-2026-0350,-0.1699,-1.1696,2.98,3.02,4,3,0.2743,0.2727,0,0,0.5541,medium,0
STU-2026-0351,-0.0307,0.6471,4.74,4.37,1,0,0.0,0.0,0,0,0.02,low,0
STU-2026-0352,-0.032,0.5768,4.34,4.07,0,1,0.0,0.0,0,0,0.02,low,0
STU-2026-0353,-0.0581,0.2251,4.39,4.71,0,0,0.0,0.0,0,0,0.02,low,0
STU-2026-0354,-0.0074,-0.7335,5.0,4.9,0,0,0.0,0.0,1,0,0.0435,low,0
STU-2026-0355,-0.1962,-2.5806,1.0,1.19,9,4,0.5641,0.5078,2,0,0.98,high,1
STU-2026-0356,-0.0005,0.1282,4.43,4.42,0,0,0.0,0.0,0,0,0.0532,low,0
STU-2026-0357,0.0807,0.5013,4.43,4.16,0,0,0.0,0.0,0,0,0.02,low,0
STU-2026-0358,0.0039,0.5272,3.6,3.99,1,0,0.0,0.0,0,0,0.02,low,0
STU-2026-0359,0.0893,-0.3291,4.61,4.11,1,0,0.0,0.0,0,0,0.02,low,0
STU-2026-0360,0.0231,0.0421,4.01,4.22,0,0,0.0,0.0,0,0,0.02,low,0
STU-2026-0361,-0.012,-0.4151,4.56,4.71,1,0,0.0,0.0,0,0,0.02,low,0
STU-2026-0362,0.1143,0.3893,3.86,3.46,1,1,0.0,0.0,0,0,0.02,low,0
STU-2026-0363,-0.1605,-1.0744,2.74,2.77,2,2,0.2386,0.3135,1,1,0.6114,medium,0
STU-2026-0364,-0.1885,-1.1067,3.12,3.19,5,2,0.1828,0.2759,2,1,0.6551,high,1
STU-2026-0365,0.0874,0.5907,4.51,4.01,1,0,0.0,0.0,0,0,0.02,low,0
STU-2026-0366,0.0002,0.4694,4.83,4.53,0,0,0.0,0.0,0,0,0.02,low,0
STU-2026-0367,0.0566,0.3148,3.98,3.59,0,0,0.0,0.0,0,0,0.02,low,0
STU-2026-0368,-0.1552,-0.8912,2.34,2.49,2,1,0.2647,0.2852,0,0,0.5995,medium,0
STU-2026-0369,0.0435,0.1756,4.17,4.01,0,0,0.0,0.0,0,0,0.02,low,0
STU-2026-0370,-0.0552,0.6805,4.21,4.51,1,0,0.0,0.0,0,0,0.02,low,0
STU-2026-0371,-0.2172,-1.3243,2.97,2.99,3,2,0.2541,0.3017,0,0,0.6879,high,1
STU-2026-0372,0.0855,0.5954,4.42,4.33,0,1,0.0,0.0,0,1,0.02,low,0
STU-2026-0373,-0.018,0.1709,3.97,4.32,0,0,0.0,0.0,0,1,0.02,low,0
STU-2026-0374,0.0276,-0.2643,4.88,4.86,0,1,0.0,0.0,0,0,0.02,low,0
STU-2026-0375,0.0123,0.1225,4.08,4.18,0,0,0.0,0.0,1,0,0.02,low,0
STU-2026-0376,0.0322,0.0841,4.01,4.46,0,0,0.0,0.0,0,0,0.02,low,0
STU-2026-0377,-0.4449,-3.1009,1.33,1.52,14,3,0.5336,0.6019,3,0,0.98,high,1
STU-2026-0378,-0.6289,-3.1283,1.0,1.0,11,4,0.5711,0.5628,1,0,0.98,high,1
STU-2026-0379,-0.0242,-0.2703,3.57,3.46,0,0,0.0,0.0,0,0,0.02,low,0
STU-2026-0380,0.0437,0.1471,4.57,4.34,0,1,0.0,0.0,0,0,0.02,low,0
STU-2026-0381,-0.0603,0.3917,4.37,3.97,0,0,0.0,0.0,0,0,0.02,low,0
STU-2026-0382,-0.0044,0.1726,4.34,4.43,0,0,0.0,0.0,0,0,0.0312,low,0
STU-2026-0383,0.0185,0.1713,4.1,4.19,0,0,0.0,0.0,0,0,0.02,low,0
STU-2026-0384,-0.011,-0.0828,4.5,4.22,1,0,0.0,0.0,0,0,0.0789,low,0
STU-2026-0385,0.0188,0.544,4.13,3.99,0,0,0.0,0.0,0,0,0.02,low,0
STU-2026-0386,-0.6204,-3.6501,1.0,1.0,14,6,0.496,0.5787,3,0,0.98,high,1
STU-2026-0387,-0.4174,-3.3222,1.0,1.0,12,4,0.4484,0.628,2,0,0.98,high,1
STU-2026-0388,-0.0523,-0.0984,3.74,3.91,0,0,0.0,0.0,0,0,0.0259,low,0
STU-2026-0389,0.0235,0.1964,4.22,3.87,1,0,0.0,0.0,0,0,0.0284,low,0
STU-2026-0390,-0.2454,-1.3586,2.26,2.2,6,4,0.2235,0.2658,0,0,0.6928,high,1
STU-2026-0391,-0.0656,0.1348,4.02,3.59,1,0,0.0,0.0,0,0,0.02,low,0
STU-2026-0392,0.007,0.0885,4.16,4.14,0,0,0.0,0.0,0,0,0.02,low,0
STU-2026-0393,-0.1438,-0.9145,2.03,1.93,3,2,0.2823,0.2752,1,0,0.5665,medium,0
STU-2026-0394,0.0362,0.0741,4.24,3.93,0,0,0.0,0.0,0,1,0.02,low,0
STU-2026-0395,-0.0132,0.2439,4.44,4.49,0,0,0.0,0.0,0,0,0.02,low,0
STU-2026-0396,0.041,0.242,4.44,4.21,0,0,0.0,0.0,0,0,0.02,low,0
STU-2026-0397,-0.3563,-3.2952,1.0,1.0,11,6,0.5736,0.6515,2,0,0.98,high,1
STU-2026-0398,0.0524,0.101,4.75,4.27,0,0,0.0,0.0,0,0,0.02,low,0
STU-2026-0399,-0.0187,0.3117,4.52,4.51,1,1,0.0,0.0,0,0,0.0379,low,0
STU-2026-0400,0.0828,-0.1159,4.51,4.48,0,0,0.0,0.0,0,0,0.0465,low,0
STU-2026-0401,0.0405,0.4866,3.66,3.54,0,0,0.0,0.0,0,0,0.02,low,0
STU-2026-0402,0.043,0.0472,4.25,4.15,0,0,0.0,0.0,0,0,0.02,low,0
STU-2026-0403,-0.0632,-0.015,4.37,4.64,0,1,0.0,0.0,0,0,0.0482,low,0
STU-2026-0404,0.0181,-0.0283,4.35,4.22,1,1,0.0,0.0,0,0,0.02,low,0
STU-2026-0405,-0.0032,0.583,4.11,4.06,0,0,0.0,0.0,0,0,0.02,low,0
STU-2026-0406,0.0097,0.2338,4.17,4.35,1,0,0.0,0.0,0,0,0.02,low,0
STU-2026-0407,-0.1502,-0.9453,3.32,3.25,6,4,0.1987,0.2847,0,0,0.6221,medium,0
STU-2026-0408,0.0308,0.5261,3.86,3.77,1,1,0.0,0.0,0,0,0.0294,low,0
STU-2026-0409,0.0,0.3559,3.42,3.88,0,1,0.0,0.0,0,0,0.0551,low,0
STU-2026-0410,-0.167,-1.2158,2.43,2.68,3,1,0.2412,0.3102,0,0,0.6256,medium,0
STU-2026-0411,0.0641,0.1897,3.93,3.95,1,1,0.0,0.0,0,0,0.02,low,0
STU-2026-0412,-0.2225,-0.9215,2.69,2.64,0,1,0.2692,0.2902,0,0,0.6217,medium,0
STU-2026-0413,0.0961,-0.0518,4.42,4.34,0,1,0.0,0.0,0,0,0.0424,low,0
STU-2026-0414,0.1151,0.3633,4.39,4.66,0,0,0.0,0.0,0,0,0.02,low,0
STU-2026-0415,-0.0095,0.3719,4.18,4.42,0,0,0.0,0.0,0,0,0.0219,low,0
STU-2026-0416,-0.1334,-1.3186,3.31,3.24,6,2,0.2684,0.3015,0,1,0.6424,medium,0
STU-2026-0417,0.0967,-0.0397,4.81,4.7,0,0,0.0,0.0,0,0,0.02,low,0
STU-2026-0418,0.0195,0.2246,4.39,4.77,0,0,0.0,0.0,0,0,0.0484,low,0
STU-2026-0419,-0.0133,-0.0014,3.97,4.21,1,0,0.0,0.0,0,0,0.02,low,0
STU-2026-0420,0.1178,0.3732,4.01,3.77,1,0,0.0,0.0,0,0,0.02,low,0
STU-2026-0421,0.0158,0.2946,4.23,4.46,2,0,0.0,0.0,0,0,0.0344,low,0
STU-2026-0422,0.0367,0.5713,3.49,4.21,1,0,0.0,0.0,0,0,0.02,low,0
STU-2026-0423,0.0195,0.2081,4.21,4.32,0,0,0.0,0.0,0,0,0.02,low,0
STU-2026-0424,-0.1938,-0.6998,2.89,2.95,5,1,0.2718,0.3281,0,0,0.6749,high,1
STU-2026-0425,0.0311,0.532,4.36,4.05,0,0,0.0,0.0,0,0,0.02,low,0
STU-2026-0426,-0.0273,-0.154,3.69,4.11,0,1,0.0,0.0,0,0,0.02,low,0
STU-2026-0427,-0.1283,-1.3405,2.77,2.7,6,0,0.2843,0.2574,0,0,0.6862,high,1
STU-2026-0428,-0.0435,-0.1352,3.66,4.12,1,0,0.0,0.0,0,0,0.0354,low,0
STU-2026-0429,0.036,0.5053,4.55,4.1,0,0,0.0,0.0,0,0,0.02,low,0
STU-2026-0430,0.0055,-0.0856,4.08,3.21,2,2,0.0,0.0,1,0,0.02,low,0
STU-2026-0431,0.0608,0.2478,4.56,4.39,1,0,0.0,0.0,0,0,0.0301,low,0
STU-2026-0432,-0.0001,0.7265,4.29,4.15,0,0,0.0,0.0,0,0,0.02,low,0
STU-2026-0433,0.0493,0.4699,4.73,4.41,0,0,0.0,0.0,0,0,0.02,low,0
STU-2026-0434,0.0555,-0.009,4.21,4.24,1,0,0.0,0.0,0,0,0.02,low,0
STU-2026-0435,-0.1224,-0.9943,2.77,3.21,4,3,0.2681,0.3128,0,0,0.6635,high,1
STU-2026-0436,0.0043,0.0987,4.58,4.11,1,0,0.0,0.0,0,0,0.02,low,0
STU-2026-0437,-0.0643,0.2002,3.89,4.23,0,0,0.0,0.0,0,0,0.02,low,0
STU-2026-0438,-0.9429,-3.0007,1.53,1.41,6,6,0.5097,0.5817,2,0,0.98,high,1
STU-2026-0439,-0.0253,-0.0473,3.89,3.79,0,0,0.0,0.0,0,1,0.02,low,0
STU-2026-0440,-0.0675,0.6149,4.4,4.36,1,1,0.0,0.0,0,1,0.02,low,0
STU-2026-0441,-0.0445,0.2453,4.01,4.01,0,1,0.0,0.0,0,0,0.02,low,0
STU-2026-0442,0.0481,0.4702,4.39,4.91,0,0,0.0,0.0,0,0,0.02,low,0
STU-2026-0443,0.1013,-0.0959,4.27,4.2,0,0,0.0,0.0,0,0,0.02,low,0
STU-2026-0444,-0.0426,0.5631,4.2,4.65,1,0,0.0,0.0,0,0,0.0394,low,0
STU-2026-0445,-0.3391,-3.1284,1.16,1.78,9,5,0.5259,0.5903,4,0,0.98,high,1
STU-2026-0446,0.0507,0.334,3.71,3.74,1,1,0.0,0.0,0,0,0.02,low,0
STU-2026-0447,-0.0743,0.1022,4.96,4.34,1,1,0.0,0.0,0,0,0.02,low,0
STU-2026-0448,-0.1902,-0.9563,1.91,2.26,2,2,0.2861,0.326,0,0,0.6055,medium,0
STU-2026-0449,0.0725,-0.0719,3.51,3.69,0,0,0.0,0.0,0,0,0.0381,low,0
STU-2026-0450,-0.5636,-3.237,1.0,1.0,8,2,0.5689,0.5823,2,0,0.98,high,1
STU-2026-0451,-0.1984,-1.4441,3.02,3.07,3,3,0.2121,0.2841,0,0,0.6303,medium,0
STU-2026-0452,-0.1413,-1.3395,3.22,3.03,6,2,0.2272,0.3258,0,0,0.6498,medium,0
STU-2026-0453,-0.0403,-0.06,4.33,4.09,1,0,0.0,0.0,0,0,0.0511,low,0
STU-2026-0454,0.0396,-0.1431,3.72,3.77,1,2,0.0,0.0,0,0,0.1002,low,0
STU-2026-0455,0.0647,-0.2968,3.95,4.52,0,1,0.0,0.0,1,0,0.0381,low,0
STU-2026-0456,-0.0035,0.311,5.0,5.0,0,0,0.0,0.0,0,0,0.0778,low,0
STU-2026-0457,0.0819,-0.0008,3.57,3.71,1,0,0.0,0.0,0,0,0.02,low,0
STU-2026-0458,0.0216,0.1121,4.5,4.12,0,0,0.0,0.0,0,0,0.02,low,0
STU-2026-0459,-0.0652,0.446,4.54,4.51,0,0,0.0,0.0,0,0,0.02,low,0
STU-2026-0460,-0.6301,-2.8626,1.0,1.67,13,4,0.5184,0.6138,1,0,0.98,high,1
STU-2026-0461,-0.0097,0.7478,4.16,4.55,0,1,0.0,0.0,0,0,0.0331,low,0
STU-2026-0462,-0.1549,-1.1196,2.9,2.98,6,2,0.2807,0.2946,2,1,0.7081,high,1
STU-2026-0463,-0.0029,0.3853,4.41,4.28,0,0,0.0,0.0,0,0,0.02,low,0
STU-2026-0464,-0.1253,-1.0314,3.23,2.8,6,1,0.2536,0.3095,1,0,0.7065,high,1
STU-2026-0465,-0.0713,0.4074,4.78,4.55,1,0,0.0,0.0,0,0,0.02,low,0
STU-2026-0466,0.0215,0.4844,3.84,3.74,0,0,0.0,0.0,0,0,0.02,low,0
STU-2026-0467,-0.1237,-1.1781,2.75,3.27,3,0,0.3258,0.2668,0,1,0.6719,high,1
STU-2026-0468,-0.1154,-1.3951,3.46,3.47,4,2,0.2436,0.327,0,0,0.6713,high,1
STU-2026-0469,0.0502,0.4245,5.0,4.67,0,0,0.0,0.0,0,0,0.02,low,0
STU-2026-0470,-0.1033,-0.6728,2.12,1.96,7,3,0.2355,0.2816,1,1,0.6637,high,1
STU-2026-0471,0.0967,-0.0509,4.71,4.68,0,0,0.0,0.0,0,0,0.02,low,0
STU-2026-0472,-0.5155,-3.5731,1.0,1.0,9,2,0.5055,0.5923,2,0,0.98,high,1
STU-2026-0473,-0.1732,-1.2208,2.42,2.28,7,4,0.2965,0.2999,0,0,0.6592,high,1
STU-2026-0474,0.1197,-0.0663,4.38,4.2,2,0,0.0,0.0,0,0,0.02,low,0
STU-2026-0475,0.0329,0.3873,4.55,4.16,0,0,0.0,0.0,0,0,0.02,low,0
STU-2026-0476,-0.2943,-1.1862,3.03,2.14,0,2,0.2715,0.3116,1,0,0.6501,high,1
STU-2026-0477,-0.2505,-0.4937,3.37,3.46,6,1,0.29,0.2589,0,0,0.6347,medium,0
STU-2026-0478,-0.5716,-2.8511,1.51,1.56,7,3,0.5605,0.5877,1,0,0.98,high,1
STU-2026-0479,0.0651,0.0861,3.68,3.56,0,0,0.0,0.0,0,0,0.0297,low,0
STU-2026-0480,-0.0281,0.1237,3.82,4.18,0,0,0.0,0.0,0,0,0.02,low,0
STU-2026-0481,0.0541,0.2598,4.99,5.0,0,0,0.0,0.0,0,0,0.02,low,0
STU-2026-0482,0.0171,0.5477,4.37,4.41,0,0,0.0,0.0,0,0,0.0542,low,0
STU-2026-0483,-0.345,-2.7287,1.0,1.0,12,4,0.5335,0.5819,1,0,0.98,high,1
STU-2026-0484,0.088,0.2503,4.39,4.46,0,1,0.0,0.0,1,0,0.02,low,0
STU-2026-0485,-0.0345,0.4622,3.92,4.33,0,0,0.0,0.0,0,0,0.0283,low,0
STU-2026-0486,-0.2007,-1.0551,2.58,2.95,4,3,0.2279,0.2801,2,0,0.5967,medium,0
STU-2026-0487,0.0691,0.0656,4.12,4.02,0,0,0.0,0.0,0,0,0.02,low,0
STU-2026-0488,-0.046,-0.0536,4.16,4.05,0,0,0.0,0.0,0,0,0.02,low,0
STU-2026-0489,0.0979,-0.3034,4.01,4.25,0,0,0.0,0.0,0,0,0.0383,low,0
STU-2026-0490,0.0136,-0.0437,3.94,3.85,1,0,0.0,0.0,0,1,0.02,low,0
STU-2026-0491,0.05,0.3323,3.99,4.52,0,0,0.0,0.0,0,0,0.02,low,0
STU-2026-0492,0.0323,0.1113,3.2,3.24,1,0,0.0,0.0,0,0,0.02,low,0
STU-2026-0493,0.0872,0.1555,3.96,4.17,0,0,0.0,0.0,0,0,0.0329,low,0
STU-2026-0494,0.106,0.0678,3.52,3.82,0,1,0.0,0.0,0,0,0.02,low,0
STU-2026-0495,0.0065,0.6023,3.41,4.13,0,0,0.0,0.0,0,0,0.02,low,0
STU-2026-0496,-0.5941,-2.8908,1.0,1.0,6,4,0.4891,0.5887,2,0,0.98,high,1
STU-2026-0497,-0.4083,-3.0007,1.39,1.54,9,4,0.4894,0.6132,4,0,0.98,high,1
STU-2026-0498,-0.2259,-0.9781,3.05,3.15,5,2,0.274,0.2774,1,1,0.6338,medium,0
STU-2026-0499,-0.302,-2.5855,1.0,1.12,14,3,0.4503,0.5739,2,0,0.98,high,1
STU-2026-0500,-0.6027,-3.032,1.0,1.0,10,8,0.4845,0.6756,2,2,0.98,high,1
STU-2026-0501,0.0906,0.7083,4.07,4.25,0,0,0.0,0.0,0,0,0.02,low,0
STU-2026-0502,-0.0914,-0.2614,4.12,4.02,0,0,0.0,0.0,0,0,0.042,low,0
STU-2026-0503,0.0907,-0.0041,3.62,3.79,3,0,0.0,0.0,0,0,0.02,low,0
STU-2026-0504,-0.0225,-0.2543,4.48,4.7,0,0,0.0,0.0,0,0,0.0494,low,0
STU-2026-0505,0.0584,0.3426,3.97,4.09,0,0,0.0,0.0,0,0,0.02,low,0
STU-2026-0506,0.1183,0.3651,3.5,3.71,0,0,0.0,0.0,1,0,0.0235,low,0
STU-2026-0507,0.1091,0.2948,3.83,4.21,0,0,0.0,0.0,0,0,0.02,low,0
STU-2026-0508,0.0168,0.401,4.47,4.36,0,2,0.0,0.0,0,0,0.02,low,0
STU-2026-0509,-0.1634,-1.2712,1.68,1.94,5,2,0.2623,0.2975,0,0,0.6698,high,1
STU-2026-0510,-0.0339,-0.9152,2.53,2.48,2,3,0.253,0.2838,1,0,0.6612,high,1
STU-2026-0511,-0.2139,-1.1124,2.34,2.81,5,2,0.2634,0.3133,0,0,0.6239,medium,0
STU-2026-0512,-0.1263,-1.3135,1.76,1.86,1,2,0.2676,0.3132,2,1,0.6147,medium,0
STU-2026-0513,-0.1648,-1.0236,3.51,3.84,7,3,0.2501,0.2901,1,0,0.6474,medium,0
STU-2026-0514,0.053,0.4639,4.95,4.42,0,0,0.0,0.0,0,0,0.0492,low,0
STU-2026-0515,0.0284,0.3947,3.1,3.75,0,0,0.0,0.0,0,0,0.0212,low,0
STU-2026-0516,-0.7979,-3.066,1.0,1.17,6,5,0.5377,0.553,3,1,0.98,high,1
STU-2026-0517,-0.0159,-1.1067,2.48,2.82,5,1,0.237,0.3234,0,1,0.6677,high,1
STU-2026-0518,-0.5706,-2.8721,1.0,1.0,11,5,0.4971,0.5205,1,2,0.98,high,1
STU-2026-0519,0.045,-0.0011,4.41,4.35,1,0,0.0,0.0,0,0,0.0533,low,0
STU-2026-0520,-0.0071,0.3212,4.01,4.01,0,0,0.0,0.0,0,0,0.02,low,0
STU-2026-0521,0.0392,0.118,4.0,4.19,0,1,0.0,0.0,0,0,0.02,low,0
STU-2026-0522,0.1032,-0.2277,3.95,4.15,0,0,0.0,0.0,0,0,0.0406,low,0
STU-2026-0523,0.0555,0.4266,4.11,4.84,0,1,0.0,0.0,0,0,0.02,low,0
STU-2026-0524,0.0735,0.4329,4.69,4.51,0,0,0.0,0.0,0,0,0.0216,low,0
STU-2026-0525,-0.5291,-2.7832,1.0,1.0,11,8,0.6179,0.5581,1,0,0.98,high,1
STU-2026-0526,-0.0149,0.5923,3.86,4.06,0,0,0.0,0.0,0,0,0.032,low,0
STU-2026-0527,0.035,0.4502,3.82,3.8,0,0,0.0,0.0,0,0,0.02,low,0
STU-2026-0528,0.0267,0.2288,4.27,4.19,1,0,0.0,0.0,1,0,0.02,low,0
STU-2026-0529,-0.0459,0.1427,3.97,4.29,0,1,0.0,0.0,0,0,0.02,low,0
STU-2026-0530,-0.051,0.5986,4.2,4.24,1,1,0.0,0.0,0,0,0.02,low,0
STU-2026-0531,0.0762,0.2124,4.61,4.39,1,0,0.0,0.0,0,0,0.02,low,0
STU-2026-0532,0.0759,0.5126,4.55,4.49,0,0,0.0,0.0,0,0,0.02,low,0
STU-2026-0533,0.0359,0.4617,3.67,3.8,1,0,0.0,0.0,0,0,0.0252,low,0
STU-2026-0534,0.0514,0.0738,4.46,4.5,0,0,0.0,0.0,0,0,0.02,low,0
STU-2026-0535,-0.0147,-0.1308,3.89,4.17,0,1,0.0,0.0,0,0,0.02,low,0
STU-2026-0536,0.014,0.3511,4.93,4.9,0,1,0.0,0.0,0,0,0.02,low,0
STU-2026-0537,0.0105,0.553,4.16,3.9,0,0,0.0,0.0,0,0,0.0442,low,0
STU-2026-0538,-0.0312,0.2574,3.86,4.11,0,1,0.0,0.0,0,0,0.02,low,0
STU-2026-0539,-0.4633,-3.4989,1.0,1.18,14,4,0.4776,0.5648,2,2,0.98,high,1
STU-2026-0540,0.0083,0.583,4.49,4.27,0,0,0.0,0.0,0,0,0.02,low,0
STU-2026-0541,0.1107,-0.1148,3.58,3.56,0,0,0.0,0.0,0,0,0.02,low,0
STU-2026-0542,0.1098,0.0642,3.75,3.82,0,0,0.0,0.0,0,0,0.02,low,0
STU-2026-0543,0.0636,0.2545,3.92,3.84,1,0,0.0,0.0,0,0,0.02,low,0
STU-2026-0544,0.0312,0.1334,3.88,4.68,0,0,0.0,0.0,0,0,0.02,low,0
STU-2026-0545,0.0477,0.1324,3.52,3.42,0,0,0.0,0.0,0,0,0.02,low,0
STU-2026-0546,0.0332,0.6326,4.74,4.18,0,0,0.0,0.0,1,0,0.0394,low,0
STU-2026-0547,0.0343,0.0757,4.71,4.21,0,0,0.0,0.0,0,0,0.0734,low,0
STU-2026-0548,0.0481,0.0725,4.57,4.42,0,1,0.0,0.0,0,0,0.0562,low,0
STU-2026-0549,0.004,0.0272,4.3,4.19,1,0,0.0,0.0,0,0,0.02,low,0
STU-2026-0550,0.0979,0.4929,4.52,4.25,1,1,0.0,0.0,0,0,0.0674,low,0
STU-2026-0551,-0.3304,-3.5108,1.68,1.48,8,4,0.5192,0.5807,2,1,0.98,high,1
STU-2026-0552,-0.4763,-2.4821,1.29,1.16,8,4,0.3885,0.6736,3,1,0.98,high,1
STU-2026-0553,0.1032,0.1799,3.78,3.8,1,0,0.0,0.0,0,0,0.02,low,0
STU-2026-0554,0.0698,0.0629,3.62,4.01,0,0,0.0,0.0,0,0,0.02,low,0
STU-2026-0555,-0.184,-0.9955,2.19,1.94,4,2,0.2614,0.3215,1,0,0.6483,medium,0
STU-2026-0556,-0.1796,0.2181,4.68,4.18,2,0,0.0,0.0,0,1,0.0337,low,0
STU-2026-0557,0.0798,0.5265,3.97,3.43,2,0,0.0,0.0,0,0,0.02,low,0
STU-2026-0558,-0.0106,0.4807,4.87,4.54,1,0,0.0,0.0,0,0,0.02,low,0
STU-2026-0559,0.0299,0.1187,4.31,4.62,0,0,0.0,0.0,0,0,0.02,low,0
STU-2026-0560,0.0816,-0.569,4.52,4.34,0,0,0.0,0.0,0,0,0.02,low,0
STU-2026-0561,-0.0058,0.5768,4.82,4.17,0,0,0.0,0.0,0,0,0.02,low,0
STU-2026-0562,-0.0281,0.6014,4.57,4.09,1,0,0.0,0.0,0,1,0.0461,low,0
STU-2026-0563,-0.2136,-1.252,2.42,2.98,4,0,0.2624,0.3201,0,0,0.6642,high,1
STU-2026-0564,0.0612,0.1425,4.66,4.31,2,0,0.0,0.0,0,1,0.056,low,0
STU-2026-0565,-0.0386,0.2573,4.17,4.29,0,0,0.0,0.0,0,0,0.02,low,0
STU-2026-0566,0.0584,0.1392,4.08,4.3,0,1,0.0,0.0,0,0,0.026,low,0
STU-2026-0567,-0.0459,0.5675,4.04,3.97,0,0,0.0,0.0,0,0,0.02,low,0
STU-2026-0568,-0.0087,0.2021,4.1,3.69,1,1,0.0,0.0,0,0,0.0557,low,0
STU-2026-0569,0.0905,0.3284,4.88,5.0,1,0,0.0,0.0,0,0,0.02,low,0
STU-2026-0570,-0.1974,-1.3301,2.84,2.4,5,0,0.2172,0.2867,0,1,0.7042,high,1
STU-2026-0571,-0.048,0.0228,3.94,4.48,0,0,0.0,0.0,0,0,0.02,low,0
STU-2026-0572,-0.0214,0.0436,4.24,4.07,0,0,0.0,0.0,1,0,0.0315,low,0
STU-2026-0573,0.0481,0.1638,4.08,4.11,1,0,0.0,0.0,0,0,0.02,low,0
STU-2026-0574,-0.593,-2.8054,1.0,1.0,6,5,0.4143,0.5822,2,0,0.98,high,1
STU-2026-0575,-0.0366,-0.2334,4.17,4.29,1,0,0.0,0.0,0,0,0.02,low,0
STU-2026-0576,-0.0473,0.3541,3.72,4.14,1,0,0.0,0.0,0,0,0.02,low,0
STU-2026-0577,0.0324,0.3187,4.02,3.62,0,0,0.0,0.0,1,0,0.02,low,0
STU-2026-0578,-0.0393,0.0052,4.08,3.87,0,0,0.0,0.0,1,0,0.02,low,0
STU-2026-0579,-0.1361,-0.9406,2.51,2.28,5,4,0.2604,0.2928,2,1,0.5627,medium,0
STU-2026-0580,0.0671,0.1185,4.33,4.41,1,0,0.0,0.0,1,0,0.0274,low,0
STU-2026-0581,-0.0007,0.2711,4.66,4.44,0,0,0.0,0.0,0,0,0.02,low,0
STU-2026-0582,-0.4536,-3.0298,1.86,1.95,11,3,0.4323,0.5486,1,1,0.98,high,1
STU-2026-0583,0.0561,0.1326,4.77,4.22,0,0,0.0,0.0,0,1,0.02,low,0
STU-2026-0584,-0.0428,0.3942,4.88,4.26,0,0,0.0,0.0,0,0,0.02,low,0
STU-2026-0585,0.058,0.479,4.41,4.27,0,0,0.0,0.0,1,0,0.0359,low,0
STU-2026-0586,-0.196,-0.677,2.77,2.85,3,1,0.2592,0.2903,0,1,0.6528,high,1
STU-2026-0587,0.1144,0.0035,3.84,3.42,0,1,0.0,0.0,0,0,0.0309,low,0
STU-2026-0588,-0.4341,-2.4223,1.0,1.0,6,3,0.5135,0.5536,2,0,0.98,high,1
STU-2026-0589,0.0638,-0.1265,2.96,3.48,0,0,0.0,0.0,0,0,0.0231,low,0
STU-2026-0590,-0.6506,-2.9672,1.0,1.0,10,4,0.5396,0.6393,1,0,0.98,high,1
STU-2026-0591,-0.0499,0.5844,5.0,4.55,0,0,0.0,0.0,0,0,0.0408,low,0
STU-2026-0592,0.0541,0.6357,4.39,4.38,0,0,0.0,0.0,0,0,0.02,low,0
STU-2026-0593,0.1523,-0.1496,4.53,4.45,1,1,0.0,0.0,0,0,0.02,low,0
STU-2026-0594,-0.052,-0.4628,4.78,4.56,2,0,0.0,0.0,0,0,0.02,low,0
STU-2026-0595,-0.0721,-1.1687,3.54,3.34,4,2,0.2575,0.3012,0,0,0.6725,high,1
STU-2026-0596,-0.0463,0.4361,4.37,3.67,0,1,0.0,0.0,0,0,0.0584,low,0
STU-2026-0597,0.0512,0.028,3.69,4.23,1,0,0.0,0.0,0,0,0.02,low,0
STU-2026-0598,0.005,0.0241,4.48,4.49,1,0,0.0,0.0,0,0,0.02,low,0
STU-2026-0599,-0.2496,-2.8688,1.0,1.28,14,4,0.4969,0.5728,2,2,0.98,high,1
STU-2026-0600,-0.1319,-1.6995,2.4,2.3,3,2,0.2433,0.2886,0,0,0.6338,medium,0
