studentId,examId,subjectId,marksObtained,grade,isPassed,schoolId
STU-2026-0001,EXM-0001,SUB-MATH,20.1,A,True,SCH-001
STU-2026-0002,EXM-0001,SUB-MATH,23.2,A+,True,SCH-001
STU-2026-0003,EXM-0001,SUB-MATH,22.3,A,True,SCH-001
STU-2026-0004,EXM-0001,SUB-MATH,15.0,C,True,SCH-001
STU-2026-0005,EXM-0001,SUB-MATH,18.1,B,True,SCH-001
STU-2026-0006,EXM-0001,SUB-MATH,18.4,B,True,SCH-001
STU-2026-0007,EXM-0001,SUB-MATH,16.8,C,True,SCH-001
STU-2026-0008,EXM-0001,SUB-MATH,17.3,C,True,SCH-001
STU-2026-0009,EXM-0001,SUB-MATH,7.7,F,False,SCH-001
STU-2026-0010,EXM-0001,SUB-MATH,19.1,B,True,SCH-001
STU-2026-0011,EXM-0001,SUB-MATH,22.3,A,True,SCH-001
STU-2026-0012,EXM-0001,SUB-MATH,23.0,A+,True,SCH-001
STU-2026-0013,EXM-0001,SUB-MATH,19.7,B,True,SCH-001
STU-2026-0014,EXM-0001,SUB-MATH,17.1,C,True,SCH-001
STU-2026-0015,EXM-0001,SUB-MATH,22.4,A,True,SCH-001
STU-2026-0016,EXM-0001,SUB-MATH,16.7,C,True,SCH-001
STU-2026-0017,EXM-0001,SUB-MATH,21.5,A,True,SCH-001
STU-2026-0018,EXM-0001,SUB-MATH,19.5,B,True,SCH-001
STU-2026-0019,EXM-0001,SUB-MATH,16.4,C,True,SCH-001
STU-2026-0020,EXM-0001,SUB-MATH,14.4,D,True,SCH-001
STU-2026-0021,EXM-0001,SUB-MATH,12.0,F,True,SCH-001
STU-2026-0022,EXM-0001,SUB-MATH,16.4,C,True,SCH-001
STU-2026-0023,EXM-0001,SUB-MATH,21.6,A,True,SCH-001
STU-2026-0024,EXM-0001,SUB-MATH,21.8,A,True,SCH-001
STU-2026-0025,EXM-0001,SUB-MATH,19.5,B,True,SCH-001
STU-2026-0026,EXM-0001,SUB-MATH,23.3,A+,True,SCH-001
STU-2026-0027,EXM-0001,SUB-MATH,19.8,B,True,SCH-001
STU-2026-0028,EXM-0001,SUB-MATH,14.1,D,True,SCH-001
STU-2026-0029,EXM-0001,SUB-MATH,19.2,B,True,SCH-001
STU-2026-0030,EXM-0001,SUB-MATH,19.6,B,True,SCH-001
STU-2026-0031,EXM-0001,SUB-MATH,20.9,A,True,SCH-001
STU-2026-0032,EXM-0001,SUB-MATH,14.5,D,True,SCH-001
STU-2026-0033,EXM-0001,SUB-MATH,24.8,A+,True,SCH-001
STU-2026-0034,EXM-0001,SUB-MATH,21.1,A,True,SCH-001
STU-2026-0035,EXM-0001,SUB-MATH,20.1,A,True,SCH-001
STU-2026-0036,EXM-0001,SUB-MATH,23.5,A+,True,SCH-001
STU-2026-0037,EXM-0001,SUB-MATH,20.5,A,True,SCH-001
STU-2026-0038,EXM-0001,SUB-MATH,20.3,A,True,SCH-001
STU-2026-0039,EXM-0001,SUB-MATH,12.0,F,True,SCH-001
STU-2026-0040,EXM-0001,SUB-MATH,13.9,D,True,SCH-001
STU-2026-0041,EXM-0001,SUB-MATH,22.4,A,True,SCH-001
STU-2026-0042,EXM-0001,SUB-MATH,18.7,B,True,SCH-001
STU-2026-0043,EXM-0001,SUB-MATH,20.7,A,True,SCH-001
STU-2026-0044,EXM-0001,SUB-MATH,11.7,F,True,SCH-001
STU-2026-0045,EXM-0001,SUB-MATH,16.3,C,True,SCH-001
STU-2026-0046,EXM-0001,SUB-MATH,19.7,B,True,SCH-001
STU-2026-0047,EXM-0001,SUB-MATH,18.8,B,True,SCH-001
STU-2026-0048,EXM-0001,SUB-MATH,18.1,B,True,SCH-001
STU-2026-0049,EXM-0001,SUB-MATH,19.5,B,True,SCH-001
STU-2026-0050,EXM-0001,SUB-MATH,22.4,A,True,SCH-001
STU-2026-0051,EXM-0001,SUB-MATH,20.2,A,True,SCH-001
STU-2026-0052,EXM-0001,SUB-MATH,18.0,B,True,SCH-001
STU-2026-0053,EXM-0001,SUB-MATH,23.3,A+,True,SCH-001
STU-2026-0054,EXM-0001,SUB-MATH,11.0,F,True,SCH-001
STU-2026-0055,EXM-0001,SUB-MATH,21.5,A,True,SCH-001
STU-2026-0056,EXM-0001,SUB-MATH,21.9,A,True,SCH-001
STU-2026-0057,EXM-0001,SUB-MATH,16.2,C,True,SCH-001
STU-2026-0058,EXM-0001,SUB-MATH,17.8,B,True,SCH-001
STU-2026-0059,EXM-0001,SUB-MATH,19.1,B,True,SCH-001
STU-2026-0060,EXM-0001,SUB-MATH,18.0,B,True,SCH-001
STU-2026-0061,EXM-0001,SUB-MATH,21.1,A,True,SCH-001
STU-2026-0062,EXM-0001,SUB-MATH,16.4,C,True,SCH-001
STU-2026-0063,EXM-0001,SUB-MATH,14.8,D,True,SCH-001
STU-2026-0064,EXM-0001,SUB-MATH,20.3,A,True,SCH-001
STU-2026-0065,EXM-0001,SUB-MATH,16.6,C,True,SCH-001
STU-2026-0066,EXM-0001,SUB-MATH,16.3,C,True,SCH-001
STU-2026-0001,EXM-0002,SUB-PHY,18.0,B,True,SCH-001
STU-2026-0002,EXM-0002,SUB-PHY,23.0,A+,True,SCH-001
STU-2026-0003,EXM-0002,SUB-PHY,20.8,A,True,SCH-001
STU-2026-0004,EXM-0002,SUB-PHY,12.7,D,True,SCH-001
STU-2026-0005,EXM-0002,SUB-PHY,18.8,B,True,SCH-001
STU-2026-0006,EXM-0002,SUB-PHY,19.2,B,True,SCH-001
STU-2026-0007,EXM-0002,SUB-PHY,17.3,C,True,SCH-001
STU-2026-0008,EXM-0002,SUB-PHY,12.9,D,True,SCH-001
STU-2026-0009,EXM-0002,SUB-PHY,14.0,D,True,SCH-001
STU-2026-0010,EXM-0002,SUB-PHY,16.8,C,True,SCH-001
STU-2026-0011,EXM-0002,SUB-PHY,21.1,A,True,SCH-001
STU-2026-0012,EXM-0002,SUB-PHY,20.3,A,True,SCH-001
STU-2026-0013,EXM-0002,SUB-PHY,19.0,B,True,SCH-001
STU-2026-0014,EXM-0002,SUB-PHY,15.5,C,True,SCH-001
STU-2026-0015,EXM-0002,SUB-PHY,18.8,B,True,SCH-001
STU-2026-0016,EXM-0002,SUB-PHY,16.2,C,True,SCH-001
STU-2026-0017,EXM-0002,SUB-PHY,18.5,B,True,SCH-001
STU-2026-0018,EXM-0002,SUB-PHY,24.8,A+,True,SCH-001
STU-2026-0019,EXM-0002,SUB-PHY,15.6,C,True,SCH-001
STU-2026-0020,EXM-0002,SUB-PHY,16.9,C,True,SCH-001
STU-2026-0021,EXM-0002,SUB-PHY,12.9,D,True,SCH-001
STU-2026-0022,EXM-0002,SUB-PHY,17.7,B,True,SCH-001
STU-2026-0023,EXM-0002,SUB-PHY,20.8,A,True,SCH-001
STU-2026-0024,EXM-0002,SUB-PHY,17.3,C,True,SCH-001
STU-2026-0025,EXM-0002,SUB-PHY,19.7,B,True,SCH-001
STU-2026-0026,EXM-0002,SUB-PHY,19.5,B,True,SCH-001
STU-2026-0027,EXM-0002,SUB-PHY,20.0,A,True,SCH-001
STU-2026-0028,EXM-0002,SUB-PHY,18.0,B,True,SCH-001
STU-2026-0029,EXM-0002,SUB-PHY,20.7,A,True,SCH-001
STU-2026-0030,EXM-0002,SUB-PHY,21.4,A,True,SCH-001
STU-2026-0031,EXM-0002,SUB-PHY,19.3,B,True,SCH-001
STU-2026-0032,EXM-0002,SUB-PHY,17.5,B,True,SCH-001
STU-2026-0033,EXM-0002,SUB-PHY,24.8,A+,True,SCH-001
STU-2026-0034,EXM-0002,SUB-PHY,21.4,A,True,SCH-001
STU-2026-0035,EXM-0002,SUB-PHY,21.9,A,True,SCH-001
STU-2026-0036,EXM-0002,SUB-PHY,21.5,A,True,SCH-001
STU-2026-0037,EXM-0002,SUB-PHY,18.0,B,True,SCH-001
STU-2026-0038,EXM-0002,SUB-PHY,19.9,B,True,SCH-001
STU-2026-0039,EXM-0002,SUB-PHY,16.5,C,True,SCH-001
STU-2026-0040,EXM-0002,SUB-PHY,16.7,C,True,SCH-001
STU-2026-0041,EXM-0002,SUB-PHY,21.2,A,True,SCH-001
STU-2026-0042,EXM-0002,SUB-PHY,17.5,B,True,SCH-001
STU-2026-0043,EXM-0002,SUB-PHY,16.7,C,True,SCH-001
STU-2026-0044,EXM-0002,SUB-PHY,12.0,F,True,SCH-001
STU-2026-0045,EXM-0002,SUB-PHY,16.3,C,True,SCH-001
STU-2026-0046,EXM-0002,SUB-PHY,16.8,C,True,SCH-001
STU-2026-0047,EXM-0002,SUB-PHY,19.3,B,True,SCH-001
STU-2026-0048,EXM-0002,SUB-PHY,21.2,A,True,SCH-001
STU-2026-0049,EXM-0002,SUB-PHY,21.6,A,True,SCH-001
STU-2026-0050,EXM-0002,SUB-PHY,20.6,A,True,SCH-001
STU-2026-0051,EXM-0002,SUB-PHY,14.7,D,True,SCH-001
STU-2026-0052,EXM-0002,SUB-PHY,18.6,B,True,SCH-001
STU-2026-0053,EXM-0002,SUB-PHY,20.8,A,True,SCH-001
STU-2026-0054,EXM-0002,SUB-PHY,12.3,F,True,SCH-001
STU-2026-0055,EXM-0002,SUB-PHY,21.0,A,True,SCH-001
STU-2026-0056,EXM-0002,SUB-PHY,24.0,A+,True,SCH-001
STU-2026-0057,EXM-0002,SUB-PHY,18.1,B,True,SCH-001
STU-2026-0058,EXM-0002,SUB-PHY,18.3,B,True,SCH-001
STU-2026-0059,EXM-0002,SUB-PHY,18.4,B,True,SCH-001
STU-2026-0060,EXM-0002,SUB-PHY,19.2,B,True,SCH-001
STU-2026-0061,EXM-0002,SUB-PHY,17.7,B,True,SCH-001
STU-2026-0062,EXM-0002,SUB-PHY,17.9,B,True,SCH-001
STU-2026-0063,EXM-0002,SUB-PHY,17.8,B,True,SCH-001
STU-2026-0064,EXM-0002,SUB-PHY,21.0,A,True,SCH-001
STU-2026-0065,EXM-0002,SUB-PHY,21.0,A,True,SCH-001
STU-2026-0066,EXM-0002,SUB-PHY,16.4,C,True,SCH-001
STU-2026-0001,EXM-0003,SUB-CHEM,23.4,A+,True,SCH-001
STU-2026-0002,EXM-0003,SUB-CHEM,24.8,A+,True,SCH-001
STU-2026-0003,EXM-0003,SUB-CHEM,23.3,A+,True,SCH-001
STU-2026-0004,EXM-0003,SUB-CHEM,13.3,D,True,SCH-001
STU-2026-0005,EXM-0003,SUB-CHEM,20.2,A,True,SCH-001
STU-2026-0006,EXM-0003,SUB-CHEM,19.5,B,True,SCH-001
STU-2026-0007,EXM-0003,SUB-CHEM,16.0,C,True,SCH-001
STU-2026-0008,EXM-0003,SUB-CHEM,10.7,F,True,SCH-001
STU-2026-0009,EXM-0003,SUB-CHEM,10.6,F,True,SCH-001
STU-2026-0010,EXM-0003,SUB-CHEM,16.7,C,True,SCH-001
STU-2026-0011,EXM-0003,SUB-CHEM,23.7,A+,True,SCH-001
STU-2026-0012,EXM-0003,SUB-CHEM,22.2,A,True,SCH-001
STU-2026-0013,EXM-0003,SUB-CHEM,23.7,A+,True,SCH-001
STU-2026-0014,EXM-0003,SUB-CHEM,16.8,C,True,SCH-001
STU-2026-0015,EXM-0003,SUB-CHEM,19.7,B,True,SCH-001
STU-2026-0016,EXM-0003,SUB-CHEM,15.3,C,True,SCH-001
STU-2026-0017,EXM-0003,SUB-CHEM,19.4,B,True,SCH-001
STU-2026-0018,EXM-0003,SUB-CHEM,17.7,B,True,SCH-001
STU-2026-0019,EXM-0003,SUB-CHEM,16.3,C,True,SCH-001
STU-2026-0020,EXM-0003,SUB-CHEM,15.4,C,True,SCH-001
STU-2026-0021,EXM-0003,SUB-CHEM,16.6,C,True,SCH-001
STU-2026-0022,EXM-0003,SUB-CHEM,19.5,B,True,SCH-001
STU-2026-0023,EXM-0003,SUB-CHEM,19.8,B,True,SCH-001
STU-2026-0024,EXM-0003,SUB-CHEM,18.7,B,True,SCH-001
STU-2026-0025,EXM-0003,SUB-CHEM,21.8,A,True,SCH-001
STU-2026-0026,EXM-0003,SUB-CHEM,20.2,A,True,SCH-001
STU-2026-0027,EXM-0003,SUB-CHEM,18.9,B,True,SCH-001
STU-2026-0028,EXM-0003,SUB-CHEM,13.3,D,True,SCH-001
STU-2026-0029,EXM-0003,SUB-CHEM,20.9,A,True,SCH-001
STU-2026-0030,EXM-0003,SUB-CHEM,19.7,B,True,SCH-001
STU-2026-0031,EXM-0003,SUB-CHEM,20.0,A,True,SCH-001
STU-2026-0032,EXM-0003,SUB-CHEM,16.9,C,True,SCH-001
STU-2026-0033,EXM-0003,SUB-CHEM,20.9,A,True,SCH-001
STU-2026-0034,EXM-0003,SUB-CHEM,21.3,A,True,SCH-001
STU-2026-0035,EXM-0003,SUB-CHEM,20.7,A,True,SCH-001
STU-2026-0036,EXM-0003,SUB-CHEM,23.2,A+,True,SCH-001
STU-2026-0037,EXM-0003,SUB-CHEM,19.3,B,True,SCH-001
STU-2026-0038,EXM-0003,SUB-CHEM,21.5,A,True,SCH-001
STU-2026-0039,EXM-0003,SUB-CHEM,12.2,F,True,SCH-001
STU-2026-0040,EXM-0003,SUB-CHEM,19.0,B,True,SCH-001
STU-2026-0041,EXM-0003,SUB-CHEM,20.6,A,True,SCH-001
STU-2026-0042,EXM-0003,SUB-CHEM,19.8,B,True,SCH-001
STU-2026-0043,EXM-0003,SUB-CHEM,18.0,B,True,SCH-001
STU-2026-0044,EXM-0003,SUB-CHEM,12.5,D,True,SCH-001
STU-2026-0045,EXM-0003,SUB-CHEM,18.0,B,True,SCH-001
STU-2026-0046,EXM-0003,SUB-CHEM,18.9,B,True,SCH-001
STU-2026-0047,EXM-0003,SUB-CHEM,20.9,A,True,SCH-001
STU-2026-0048,EXM-0003,SUB-CHEM,18.8,B,True,SCH-001
STU-2026-0049,EXM-0003,SUB-CHEM,20.9,A,True,SCH-001
STU-2026-0050,EXM-0003,SUB-CHEM,19.9,B,True,SCH-001
STU-2026-0051,EXM-0003,SUB-CHEM,17.8,B,True,SCH-001
STU-2026-0052,EXM-0003,SUB-CHEM,15.1,C,True,SCH-001
STU-2026-0053,EXM-0003,SUB-CHEM,21.6,A,True,SCH-001
STU-2026-0054,EXM-0003,SUB-CHEM,12.7,D,True,SCH-001
STU-2026-0055,EXM-0003,SUB-CHEM,23.2,A+,True,SCH-001
STU-2026-0056,EXM-0003,SUB-CHEM,22.1,A,True,SCH-001
STU-2026-0057,EXM-0003,SUB-CHEM,16.1,C,True,SCH-001
STU-2026-0058,EXM-0003,SUB-CHEM,19.0,B,True,SCH-001
STU-2026-0059,EXM-0003,SUB-CHEM,19.2,B,True,SCH-001
STU-2026-0060,EXM-0003,SUB-CHEM,17.4,C,True,SCH-001
STU-2026-0061,EXM-0003,SUB-CHEM,20.1,A,True,SCH-001
STU-2026-0062,EXM-0003,SUB-CHEM,15.4,C,True,SCH-001
STU-2026-0063,EXM-0003,SUB-CHEM,19.6,B,True,SCH-001
STU-2026-0064,EXM-0003,SUB-CHEM,19.1,B,True,SCH-001
STU-2026-0065,EXM-0003,SUB-CHEM,17.3,C,True,SCH-001
STU-2026-0066,EXM-0003,SUB-CHEM,14.0,D,True,SCH-001
STU-2026-0001,EXM-0004,SUB-ENG,17.2,C,True,SCH-001
STU-2026-0002,EXM-0004,SUB-ENG,20.6,A,True,SCH-001
STU-2026-0003,EXM-0004,SUB-ENG,23.9,A+,True,SCH-001
STU-2026-0004,EXM-0004,SUB-ENG,9.4,F,True,SCH-001
STU-2026-0005,EXM-0004,SUB-ENG,19.2,B,True,SCH-001
STU-2026-0006,EXM-0004,SUB-ENG,18.8,B,True,SCH-001
STU-2026-0007,EXM-0004,SUB-ENG,18.5,B,True,SCH-001
STU-2026-0008,EXM-0004,SUB-ENG,13.1,D,True,SCH-001
STU-2026-0009,EXM-0004,SUB-ENG,11.6,F,True,SCH-001
STU-2026-0010,EXM-0004,SUB-ENG,18.7,B,True,SCH-001
STU-2026-0011,EXM-0004,SUB-ENG,24.8,A+,True,SCH-001
STU-2026-0012,EXM-0004,SUB-ENG,24.2,A+,True,SCH-001
STU-2026-0013,EXM-0004,SUB-ENG,23.5,A+,True,SCH-001
STU-2026-0014,EXM-0004,SUB-ENG,16.6,C,True,SCH-001
STU-2026-0015,EXM-0004,SUB-ENG,22.0,A,True,SCH-001
STU-2026-0016,EXM-0004,SUB-ENG,11.3,F,True,SCH-001
STU-2026-0017,EXM-0004,SUB-ENG,19.3,B,True,SCH-001
STU-2026-0018,EXM-0004,SUB-ENG,21.9,A,True,SCH-001
STU-2026-0019,EXM-0004,SUB-ENG,14.8,D,True,SCH-001
STU-2026-0020,EXM-0004,SUB-ENG,18.1,B,True,SCH-001
STU-2026-0021,EXM-0004,SUB-ENG,17.6,B,True,SCH-001
STU-2026-0022,EXM-0004,SUB-ENG,16.9,C,True,SCH-001
STU-2026-0023,EXM-0004,SUB-ENG,19.6,B,True,SCH-001
STU-2026-0024,EXM-0004,SUB-ENG,17.2,C,True,SCH-001
STU-2026-0025,EXM-0004,SUB-ENG,20.3,A,True,SCH-001
STU-2026-0026,EXM-0004,SUB-ENG,19.6,B,True,SCH-001
STU-2026-0027,EXM-0004,SUB-ENG,19.3,B,True,SCH-001
STU-2026-0028,EXM-0004,SUB-ENG,15.3,C,True,SCH-001
STU-2026-0029,EXM-0004,SUB-ENG,20.7,A,True,SCH-001
STU-2026-0030,EXM-0004,SUB-ENG,17.1,C,True,SCH-001
STU-2026-0031,EXM-0004,SUB-ENG,19.7,B,True,SCH-001
STU-2026-0032,EXM-0004,SUB-ENG,15.0,C,True,SCH-001
STU-2026-0033,EXM-0004,SUB-ENG,24.0,A+,True,SCH-001
STU-2026-0034,EXM-0004,SUB-ENG,21.5,A,True,SCH-001
STU-2026-0035,EXM-0004,SUB-ENG,20.8,A,True,SCH-001
STU-2026-0036,EXM-0004,SUB-ENG,24.4,A+,True,SCH-001
STU-2026-0037,EXM-0004,SUB-ENG,18.5,B,True,SCH-001
STU-2026-0038,EXM-0004,SUB-ENG,21.0,A,True,SCH-001
STU-2026-0039,EXM-0004,SUB-ENG,15.8,C,True,SCH-001
STU-2026-0040,EXM-0004,SUB-ENG,16.4,C,True,SCH-001
STU-2026-0041,EXM-0004,SUB-ENG,20.7,A,True,SCH-001
STU-2026-0042,EXM-0004,SUB-ENG,18.9,B,True,SCH-001
STU-2026-0043,EXM-0004,SUB-ENG,21.3,A,True,SCH-001
STU-2026-0044,EXM-0004,SUB-ENG,9.7,F,True,SCH-001
STU-2026-0045,EXM-0004,SUB-ENG,15.9,C,True,SCH-001
STU-2026-0046,EXM-0004,SUB-ENG,22.9,A+,True,SCH-001
STU-2026-0047,EXM-0004,SUB-ENG,19.7,B,True,SCH-001
STU-2026-0048,EXM-0004,SUB-ENG,20.1,A,True,SCH-001
STU-2026-0049,EXM-0004,SUB-ENG,20.1,A,True,SCH-001
STU-2026-0050,EXM-0004,SUB-ENG,16.1,C,True,SCH-001
STU-2026-0051,EXM-0004,SUB-ENG,19.4,B,True,SCH-001
STU-2026-0052,EXM-0004,SUB-ENG,17.7,B,True,SCH-001
STU-2026-0053,EXM-0004,SUB-ENG,22.4,A,True,SCH-001
STU-2026-0054,EXM-0004,SUB-ENG,8.5,F,False,SCH-001
STU-2026-0055,EXM-0004,SUB-ENG,21.5,A,True,SCH-001
STU-2026-0056,EXM-0004,SUB-ENG,22.7,A+,True,SCH-001
STU-2026-0057,EXM-0004,SUB-ENG,13.6,D,True,SCH-001
STU-2026-0058,EXM-0004,SUB-ENG,17.4,C,True,SCH-001
STU-2026-0059,EXM-0004,SUB-ENG,18.7,B,True,SCH-001
STU-2026-0060,EXM-0004,SUB-ENG,19.3,B,True,SCH-001
STU-2026-0061,EXM-0004,SUB-ENG,20.2,A,True,SCH-001
STU-2026-0062,EXM-0004,SUB-ENG,16.3,C,True,SCH-001
STU-2026-0063,EXM-0004,SUB-ENG,17.2,C,True,SCH-001
STU-2026-0064,EXM-0004,SUB-ENG,16.1,C,True,SCH-001
STU-2026-0065,EXM-0004,SUB-ENG,20.6,A,True,SCH-001
STU-2026-0066,EXM-0004,SUB-ENG,16.0,C,True,SCH-001
STU-2026-0001,EXM-0005,SUB-HIST,19.0,B,True,SCH-001
STU-2026-0002,EXM-0005,SUB-HIST,21.2,A,True,SCH-001
STU-2026-0003,EXM-0005,SUB-HIST,21.3,A,True,SCH-001
STU-2026-0004,EXM-0005,SUB-HIST,13.2,D,True,SCH-001
STU-2026-0005,EXM-0005,SUB-HIST,19.1,B,True,SCH-001
STU-2026-0006,EXM-0005,SUB-HIST,20.0,A,True,SCH-001
STU-2026-0007,EXM-0005,SUB-HIST,14.7,D,True,SCH-001
STU-2026-0008,EXM-0005,SUB-HIST,11.9,F,True,SCH-001
STU-2026-0009,EXM-0005,SUB-HIST,10.2,F,True,SCH-001
STU-2026-0010,EXM-0005,SUB-HIST,20.2,A,True,SCH-001
STU-2026-0011,EXM-0005,SUB-HIST,22.6,A+,True,SCH-001
STU-2026-0012,EXM-0005,SUB-HIST,22.8,A+,True,SCH-001
STU-2026-0013,EXM-0005,SUB-HIST,21.2,A,True,SCH-001
STU-2026-0014,EXM-0005,SUB-HIST,19.6,B,True,SCH-001
STU-2026-0015,EXM-0005,SUB-HIST,22.3,A,True,SCH-001
STU-2026-0016,EXM-0005,SUB-HIST,15.5,C,True,SCH-001
STU-2026-0017,EXM-0005,SUB-HIST,19.5,B,True,SCH-001
STU-2026-0018,EXM-0005,SUB-HIST,23.6,A+,True,SCH-001
STU-2026-0019,EXM-0005,SUB-HIST,14.5,D,True,SCH-001
STU-2026-0020,EXM-0005,SUB-HIST,16.3,C,True,SCH-001
STU-2026-0021,EXM-0005,SUB-HIST,10.6,F,True,SCH-001
STU-2026-0022,EXM-0005,SUB-HIST,17.0,C,True,SCH-001
STU-2026-0023,EXM-0005,SUB-HIST,18.3,B,True,SCH-001
STU-2026-0024,EXM-0005,SUB-HIST,17.8,B,True,SCH-001
STU-2026-0025,EXM-0005,SUB-HIST,21.8,A,True,SCH-001
STU-2026-0026,EXM-0005,SUB-HIST,20.2,A,True,SCH-001
STU-2026-0027,EXM-0005,SUB-HIST,17.1,C,True,SCH-001
STU-2026-0028,EXM-0005,SUB-HIST,14.5,D,True,SCH-001
STU-2026-0029,EXM-0005,SUB-HIST,17.5,B,True,SCH-001
STU-2026-0030,EXM-0005,SUB-HIST,21.8,A,True,SCH-001
STU-2026-0031,EXM-0005,SUB-HIST,18.0,B,True,SCH-001
STU-2026-0032,EXM-0005,SUB-HIST,15.7,C,True,SCH-001
STU-2026-0033,EXM-0005,SUB-HIST,23.9,A+,True,SCH-001
STU-2026-0034,EXM-0005,SUB-HIST,20.3,A,True,SCH-001
STU-2026-0035,EXM-0005,SUB-HIST,21.2,A,True,SCH-001
STU-2026-0036,EXM-0005,SUB-HIST,20.4,A,True,SCH-001
STU-2026-0037,EXM-0005,SUB-HIST,17.4,C,True,SCH-001
STU-2026-0038,EXM-0005,SUB-HIST,18.9,B,True,SCH-001
STU-2026-0039,EXM-0005,SUB-HIST,15.9,C,True,SCH-001
STU-2026-0040,EXM-0005,SUB-HIST,15.2,C,True,SCH-001
STU-2026-0041,EXM-0005,SUB-HIST,19.8,B,True,SCH-001
STU-2026-0042,EXM-0005,SUB-HIST,20.6,A,True,SCH-001
STU-2026-0043,EXM-0005,SUB-HIST,19.5,B,True,SCH-001
STU-2026-0044,EXM-0005,SUB-HIST,11.5,F,True,SCH-001
STU-2026-0045,EXM-0005,SUB-HIST,20.2,A,True,SCH-001
STU-2026-0046,EXM-0005,SUB-HIST,14.7,D,True,SCH-001
STU-2026-0047,EXM-0005,SUB-HIST,18.4,B,True,SCH-001
STU-2026-0048,EXM-0005,SUB-HIST,20.4,A,True,SCH-001
STU-2026-0049,EXM-0005,SUB-HIST,22.8,A+,True,SCH-001
STU-2026-0050,EXM-0005,SUB-HIST,18.4,B,True,SCH-001
STU-2026-0051,EXM-0005,SUB-HIST,21.5,A,True,SCH-001
STU-2026-0052,EXM-0005,SUB-HIST,19.5,B,True,SCH-001
STU-2026-0053,EXM-0005,SUB-HIST,19.2,B,True,SCH-001
STU-2026-0054,EXM-0005,SUB-HIST,11.0,F,True,SCH-001
STU-2026-0055,EXM-0005,SUB-HIST,23.2,A+,True,SCH-001
STU-2026-0056,EXM-0005,SUB-HIST,21.3,A,True,SCH-001
STU-2026-0057,EXM-0005,SUB-HIST,12.4,F,True,SCH-001
STU-2026-0058,EXM-0005,SUB-HIST,18.0,B,True,SCH-001
STU-2026-0059,EXM-0005,SUB-HIST,21.1,A,True,SCH-001
STU-2026-0060,EXM-0005,SUB-HIST,18.0,B,True,SCH-001
STU-2026-0061,EXM-0005,SUB-HIST,18.8,B,True,SCH-001
STU-2026-0062,EXM-0005,SUB-HIST,20.0,A,True,SCH-001
STU-2026-0063,EXM-0005,SUB-HIST,16.9,C,True,SCH-001
STU-2026-0064,EXM-0005,SUB-HIST,17.0,C,True,SCH-001
STU-2026-0065,EXM-0005,SUB-HIST,15.9,C,True,SCH-001
STU-2026-0066,EXM-0005,SUB-HIST,18.4,B,True,SCH-001
STU-2026-0067,EXM-0006,SUB-MATH,14.3,D,True,SCH-001
STU-2026-0068,EXM-0006,SUB-MATH,22.8,A+,True,SCH-001
STU-2026-0069,EXM-0006,SUB-MATH,14.5,D,True,SCH-001
STU-2026-0070,EXM-0006,SUB-MATH,20.7,A,True,SCH-001
STU-2026-0071,EXM-0006,SUB-MATH,18.4,B,True,SCH-001
STU-2026-0072,EXM-0006,SUB-MATH,16.8,C,True,SCH-001
STU-2026-0073,EXM-0006,SUB-MATH,19.7,B,True,SCH-001
STU-2026-0074,EXM-0006,SUB-MATH,21.9,A,True,SCH-001
STU-2026-0075,EXM-0006,SUB-MATH,20.1,A,True,SCH-001
STU-2026-0076,EXM-0006,SUB-MATH,18.1,B,True,SCH-001
STU-2026-0077,EXM-0006,SUB-MATH,22.2,A,True,SCH-001
STU-2026-0078,EXM-0006,SUB-MATH,18.1,B,True,SCH-001
STU-2026-0079,EXM-0006,SUB-MATH,17.2,C,True,SCH-001
STU-2026-0080,EXM-0006,SUB-MATH,21.0,A,True,SCH-001
STU-2026-0081,EXM-0006,SUB-MATH,20.0,A,True,SCH-001
STU-2026-0082,EXM-0006,SUB-MATH,17.4,C,True,SCH-001
STU-2026-0083,EXM-0006,SUB-MATH,21.5,A,True,SCH-001
STU-2026-0084,EXM-0006,SUB-MATH,23.0,A+,True,SCH-001
STU-2026-0085,EXM-0006,SUB-MATH,22.1,A,True,SCH-001
STU-2026-0086,EXM-0006,SUB-MATH,13.4,D,True,SCH-001
STU-2026-0087,EXM-0006,SUB-MATH,23.8,A+,True,SCH-001
STU-2026-0088,EXM-0006,SUB-MATH,13.8,D,True,SCH-001
STU-2026-0089,EXM-0006,SUB-MATH,15.6,C,True,SCH-001
STU-2026-0090,EXM-0006,SUB-MATH,18.4,B,True,SCH-001
STU-2026-0091,EXM-0006,SUB-MATH,17.1,C,True,SCH-001
STU-2026-0092,EXM-0006,SUB-MATH,16.5,C,True,SCH-001
STU-2026-0093,EXM-0006,SUB-MATH,16.4,C,True,SCH-001
STU-2026-0094,EXM-0006,SUB-MATH,22.6,A+,True,SCH-001
STU-2026-0095,EXM-0006,SUB-MATH,18.2,B,True,SCH-001
STU-2026-0096,EXM-0006,SUB-MATH,17.9,B,True,SCH-001
STU-2026-0097,EXM-0006,SUB-MATH,13.2,D,True,SCH-001
STU-2026-0098,EXM-0006,SUB-MATH,22.1,A,True,SCH-001
STU-2026-0099,EXM-0006,SUB-MATH,24.1,A+,True,SCH-001
STU-2026-0100,EXM-0006,SUB-MATH,15.4,C,True,SCH-001
STU-2026-0101,EXM-0006,SUB-MATH,22.0,A,True,SCH-001
STU-2026-0102,EXM-0006,SUB-MATH,21.8,A,True,SCH-001
STU-2026-0103,EXM-0006,SUB-MATH,17.2,C,True,SCH-001
STU-2026-0104,EXM-0006,SUB-MATH,17.0,C,True,SCH-001
STU-2026-0105,EXM-0006,SUB-MATH,13.8,D,True,SCH-001
STU-2026-0106,EXM-0006,SUB-MATH,16.4,C,True,SCH-001
STU-2026-0107,EXM-0006,SUB-MATH,16.9,C,True,SCH-001
STU-2026-0108,EXM-0006,SUB-MATH,15.0,C,True,SCH-001
STU-2026-0109,EXM-0006,SUB-MATH,21.9,A,True,SCH-001
STU-2026-0110,EXM-0006,SUB-MATH,13.5,D,True,SCH-001
STU-2026-0111,EXM-0006,SUB-MATH,17.2,C,True,SCH-001
STU-2026-0112,EXM-0006,SUB-MATH,19.0,B,True,SCH-001
STU-2026-0113,EXM-0006,SUB-MATH,21.4,A,True,SCH-001
STU-2026-0114,EXM-0006,SUB-MATH,17.8,B,True,SCH-001
STU-2026-0115,EXM-0006,SUB-MATH,19.5,B,True,SCH-001
STU-2026-0116,EXM-0006,SUB-MATH,23.9,A+,True,SCH-001
STU-2026-0117,EXM-0006,SUB-MATH,21.1,A,True,SCH-001
STU-2026-0118,EXM-0006,SUB-MATH,21.3,A,True,SCH-001
STU-2026-0119,EXM-0006,SUB-MATH,24.5,A+,True,SCH-001
STU-2026-0120,EXM-0006,SUB-MATH,8.8,F,False,SCH-001
STU-2026-0121,EXM-0006,SUB-MATH,21.4,A,True,SCH-001
STU-2026-0122,EXM-0006,SUB-MATH,20.0,A,True,SCH-001
STU-2026-0123,EXM-0006,SUB-MATH,18.2,B,True,SCH-001
STU-2026-0124,EXM-0006,SUB-MATH,24.2,A+,True,SCH-001
STU-2026-0125,EXM-0006,SUB-MATH,18.4,B,True,SCH-001
STU-2026-0126,EXM-0006,SUB-MATH,20.2,A,True,SCH-001
STU-2026-0127,EXM-0006,SUB-MATH,18.8,B,True,SCH-001
STU-2026-0128,EXM-0006,SUB-MATH,12.1,F,True,SCH-001
STU-2026-0129,EXM-0006,SUB-MATH,24.7,A+,True,SCH-001
STU-2026-0130,EXM-0006,SUB-MATH,19.2,B,True,SCH-001
STU-2026-0131,EXM-0006,SUB-MATH,17.1,C,True,SCH-001
STU-2026-0132,EXM-0006,SUB-MATH,22.2,A,True,SCH-001
STU-2026-0067,EXM-0007,SUB-PHY,14.1,D,True,SCH-001
STU-2026-0068,EXM-0007,SUB-PHY,24.2,A+,True,SCH-001
STU-2026-0069,EXM-0007,SUB-PHY,18.5,B,True,SCH-001
STU-2026-0070,EXM-0007,SUB-PHY,20.8,A,True,SCH-001
STU-2026-0071,EXM-0007,SUB-PHY,18.2,B,True,SCH-001
STU-2026-0072,EXM-0007,SUB-PHY,15.6,C,True,SCH-001
STU-2026-0073,EXM-0007,SUB-PHY,17.5,B,True,SCH-001
STU-2026-0074,EXM-0007,SUB-PHY,20.4,A,True,SCH-001
STU-2026-0075,EXM-0007,SUB-PHY,19.2,B,True,SCH-001
STU-2026-0076,EXM-0007,SUB-PHY,19.0,B,True,SCH-001
STU-2026-0077,EXM-0007,SUB-PHY,19.3,B,True,SCH-001
STU-2026-0078,EXM-0007,SUB-PHY,16.9,C,True,SCH-001
STU-2026-0079,EXM-0007,SUB-PHY,18.1,B,True,SCH-001
STU-2026-0080,EXM-0007,SUB-PHY,21.0,A,True,SCH-001
STU-2026-0081,EXM-0007,SUB-PHY,15.8,C,True,SCH-001
STU-2026-0082,EXM-0007,SUB-PHY,15.5,C,True,SCH-001
STU-2026-0083,EXM-0007,SUB-PHY,16.2,C,True,SCH-001
STU-2026-0084,EXM-0007,SUB-PHY,24.8,A+,True,SCH-001
STU-2026-0085,EXM-0007,SUB-PHY,19.7,B,True,SCH-001
STU-2026-0086,EXM-0007,SUB-PHY,14.2,D,True,SCH-001
STU-2026-0087,EXM-0007,SUB-PHY,22.2,A,True,SCH-001
STU-2026-0088,EXM-0007,SUB-PHY,16.3,C,True,SCH-001
STU-2026-0089,EXM-0007,SUB-PHY,22.2,A,True,SCH-001
STU-2026-0090,EXM-0007,SUB-PHY,17.3,C,True,SCH-001
STU-2026-0091,EXM-0007,SUB-PHY,19.5,B,True,SCH-001
STU-2026-0092,EXM-0007,SUB-PHY,17.0,C,True,SCH-001
STU-2026-0093,EXM-0007,SUB-PHY,18.4,B,True,SCH-001
STU-2026-0094,EXM-0007,SUB-PHY,23.4,A+,True,SCH-001
STU-2026-0095,EXM-0007,SUB-PHY,16.9,C,True,SCH-001
STU-2026-0096,EXM-0007,SUB-PHY,18.7,B,True,SCH-001
STU-2026-0097,EXM-0007,SUB-PHY,7.8,F,False,SCH-001
STU-2026-0098,EXM-0007,SUB-PHY,22.8,A+,True,SCH-001
STU-2026-0099,EXM-0007,SUB-PHY,24.0,A+,True,SCH-001
STU-2026-0100,EXM-0007,SUB-PHY,18.8,B,True,SCH-001
STU-2026-0101,EXM-0007,SUB-PHY,20.1,A,True,SCH-001
STU-2026-0102,EXM-0007,SUB-PHY,19.6,B,True,SCH-001
STU-2026-0103,EXM-0007,SUB-PHY,16.1,C,True,SCH-001
STU-2026-0104,EXM-0007,SUB-PHY,13.9,D,True,SCH-001
STU-2026-0105,EXM-0007,SUB-PHY,12.6,D,True,SCH-001
STU-2026-0106,EXM-0007,SUB-PHY,12.5,D,True,SCH-001
STU-2026-0107,EXM-0007,SUB-PHY,14.0,D,True,SCH-001
STU-2026-0108,EXM-0007,SUB-PHY,18.1,B,True,SCH-001
STU-2026-0109,EXM-0007,SUB-PHY,23.6,A+,True,SCH-001
STU-2026-0110,EXM-0007,SUB-PHY,14.0,D,True,SCH-001
STU-2026-0111,EXM-0007,SUB-PHY,18.1,B,True,SCH-001
STU-2026-0112,EXM-0007,SUB-PHY,18.2,B,True,SCH-001
STU-2026-0113,EXM-0007,SUB-PHY,20.5,A,True,SCH-001
STU-2026-0114,EXM-0007,SUB-PHY,19.6,B,True,SCH-001
STU-2026-0115,EXM-0007,SUB-PHY,17.8,B,True,SCH-001
STU-2026-0116,EXM-0007,SUB-PHY,21.8,A,True,SCH-001
STU-2026-0117,EXM-0007,SUB-PHY,19.3,B,True,SCH-001
STU-2026-0118,EXM-0007,SUB-PHY,18.5,B,True,SCH-001
STU-2026-0119,EXM-0007,SUB-PHY,23.2,A+,True,SCH-001
STU-2026-0120,EXM-0007,SUB-PHY,7.7,F,False,SCH-001
STU-2026-0121,EXM-0007,SUB-PHY,20.9,A,True,SCH-001
STU-2026-0122,EXM-0007,SUB-PHY,22.3,A,True,SCH-001
STU-2026-0123,EXM-0007,SUB-PHY,18.5,B,True,SCH-001
STU-2026-0124,EXM-0007,SUB-PHY,22.4,A,True,SCH-001
STU-2026-0125,EXM-0007,SUB-PHY,21.6,A,True,SCH-001
STU-2026-0126,EXM-0007,SUB-PHY,21.2,A,True,SCH-001
STU-2026-0127,EXM-0007,SUB-PHY,19.0,B,True,SCH-001
STU-2026-0128,EXM-0007,SUB-PHY,13.9,D,True,SCH-001
STU-2026-0129,EXM-0007,SUB-PHY,23.2,A+,True,SCH-001
STU-2026-0130,EXM-0007,SUB-PHY,18.6,B,True,SCH-001
STU-2026-0131,EXM-0007,SUB-PHY,18.6,B,True,SCH-001
STU-2026-0132,EXM-0007,SUB-PHY,21.1,A,True,SCH-001
STU-2026-0067,EXM-0008,SUB-CHEM,15.4,C,True,SCH-001
STU-2026-0068,EXM-0008,SUB-CHEM,20.8,A,True,SCH-001
STU-2026-0069,EXM-0008,SUB-CHEM,14.3,D,True,SCH-001
STU-2026-0070,EXM-0008,SUB-CHEM,22.6,A+,True,SCH-001
STU-2026-0071,EXM-0008,SUB-CHEM,15.5,C,True,SCH-001
STU-2026-0072,EXM-0008,SUB-CHEM,15.8,C,True,SCH-001
STU-2026-0073,EXM-0008,SUB-CHEM,21.6,A,True,SCH-001
STU-2026-0074,EXM-0008,SUB-CHEM,18.2,B,True,SCH-001
STU-2026-0075,EXM-0008,SUB-CHEM,18.6,B,True,SCH-001
STU-2026-0076,EXM-0008,SUB-CHEM,19.1,B,True,SCH-001
STU-2026-0077,EXM-0008,SUB-CHEM,22.9,A+,True,SCH-001
STU-2026-0078,EXM-0008,SUB-CHEM,18.4,B,True,SCH-001
STU-2026-0079,EXM-0008,SUB-CHEM,18.8,B,True,SCH-001
STU-2026-0080,EXM-0008,SUB-CHEM,23.2,A+,True,SCH-001
STU-2026-0081,EXM-0008,SUB-CHEM,16.2,C,True,SCH-001
STU-2026-0082,EXM-0008,SUB-CHEM,16.8,C,True,SCH-001
STU-2026-0083,EXM-0008,SUB-CHEM,20.2,A,True,SCH-001
STU-2026-0084,EXM-0008,SUB-CHEM,21.1,A,True,SCH-001
STU-2026-0085,EXM-0008,SUB-CHEM,18.8,B,True,SCH-001
STU-2026-0086,EXM-0008,SUB-CHEM,12.0,F,True,SCH-001
STU-2026-0087,EXM-0008,SUB-CHEM,21.8,A,True,SCH-001
STU-2026-0088,EXM-0008,SUB-CHEM,13.5,D,True,SCH-001
STU-2026-0089,EXM-0008,SUB-CHEM,15.9,C,True,SCH-001
STU-2026-0090,EXM-0008,SUB-CHEM,22.2,A,True,SCH-001
STU-2026-0091,EXM-0008,SUB-CHEM,20.0,A,True,SCH-001
STU-2026-0092,EXM-0008,SUB-CHEM,16.5,C,True,SCH-001
STU-2026-0093,EXM-0008,SUB-CHEM,19.8,B,True,SCH-001
STU-2026-0094,EXM-0008,SUB-CHEM,19.3,B,True,SCH-001
STU-2026-0095,EXM-0008,SUB-CHEM,17.4,C,True,SCH-001
STU-2026-0096,EXM-0008,SUB-CHEM,18.6,B,True,SCH-001
STU-2026-0097,EXM-0008,SUB-CHEM,10.4,F,True,SCH-001
STU-2026-0098,EXM-0008,SUB-CHEM,20.2,A,True,SCH-001
STU-2026-0099,EXM-0008,SUB-CHEM,22.5,A+,True,SCH-001
STU-2026-0100,EXM-0008,SUB-CHEM,18.2,B,True,SCH-001
STU-2026-0101,EXM-0008,SUB-CHEM,24.5,A+,True,SCH-001
STU-2026-0102,EXM-0008,SUB-CHEM,21.7,A,True,SCH-001
STU-2026-0103,EXM-0008,SUB-CHEM,19.3,B,True,SCH-001
STU-2026-0104,EXM-0008,SUB-CHEM,15.9,C,True,SCH-001
STU-2026-0105,EXM-0008,SUB-CHEM,14.2,D,True,SCH-001
STU-2026-0106,EXM-0008,SUB-CHEM,14.7,D,True,SCH-001
STU-2026-0107,EXM-0008,SUB-CHEM,13.7,D,True,SCH-001
STU-2026-0108,EXM-0008,SUB-CHEM,20.1,A,True,SCH-001
STU-2026-0109,EXM-0008,SUB-CHEM,23.5,A+,True,SCH-001
STU-2026-0110,EXM-0008,SUB-CHEM,11.4,F,True,SCH-001
STU-2026-0111,EXM-0008,SUB-CHEM,16.2,C,True,SCH-001
STU-2026-0112,EXM-0008,SUB-CHEM,19.3,B,True,SCH-001
STU-2026-0113,EXM-0008,SUB-CHEM,19.4,B,True,SCH-001
STU-2026-0114,EXM-0008,SUB-CHEM,20.3,A,True,SCH-001
STU-2026-0115,EXM-0008,SUB-CHEM,18.4,B,True,SCH-001
STU-2026-0116,EXM-0008,SUB-CHEM,24.8,A+,True,SCH-001
STU-2026-0117,EXM-0008,SUB-CHEM,18.8,B,True,SCH-001
STU-2026-0118,EXM-0008,SUB-CHEM,20.8,A,True,SCH-001
STU-2026-0119,EXM-0008,SUB-CHEM,19.6,B,True,SCH-001
STU-2026-0120,EXM-0008,SUB-CHEM,7.8,F,False,SCH-001
STU-2026-0121,EXM-0008,SUB-CHEM,21.5,A,True,SCH-001
STU-2026-0122,EXM-0008,SUB-CHEM,20.7,A,True,SCH-001
STU-2026-0123,EXM-0008,SUB-CHEM,18.7,B,True,SCH-001
STU-2026-0124,EXM-0008,SUB-CHEM,22.5,A+,True,SCH-001
STU-2026-0125,EXM-0008,SUB-CHEM,15.2,C,True,SCH-001
STU-2026-0126,EXM-0008,SUB-CHEM,18.5,B,True,SCH-001
STU-2026-0127,EXM-0008,SUB-CHEM,20.7,A,True,SCH-001
STU-2026-0128,EXM-0008,SUB-CHEM,12.6,D,True,SCH-001
STU-2026-0129,EXM-0008,SUB-CHEM,22.4,A,True,SCH-001
STU-2026-0130,EXM-0008,SUB-CHEM,16.3,C,True,SCH-001
STU-2026-0131,EXM-0008,SUB-CHEM,22.5,A+,True,SCH-001
STU-2026-0132,EXM-0008,SUB-CHEM,18.1,B,True,SCH-001
STU-2026-0067,EXM-0009,SUB-ENG,10.1,F,True,SCH-001
STU-2026-0068,EXM-0009,SUB-ENG,22.9,A+,True,SCH-001
STU-2026-0069,EXM-0009,SUB-ENG,18.4,B,True,SCH-001
STU-2026-0070,EXM-0009,SUB-ENG,20.5,A,True,SCH-001
STU-2026-0071,EXM-0009,SUB-ENG,17.0,C,True,SCH-001
STU-2026-0072,EXM-0009,SUB-ENG,17.2,C,True,SCH-001
STU-2026-0073,EXM-0009,SUB-ENG,17.5,B,True,SCH-001
STU-2026-0074,EXM-0009,SUB-ENG,21.4,A,True,SCH-001
STU-2026-0075,EXM-0009,SUB-ENG,20.1,A,True,SCH-001
STU-2026-0076,EXM-0009,SUB-ENG,16.6,C,True,SCH-001
STU-2026-0077,EXM-0009,SUB-ENG,16.2,C,True,SCH-001
STU-2026-0078,EXM-0009,SUB-ENG,18.0,B,True,SCH-001
STU-2026-0079,EXM-0009,SUB-ENG,19.7,B,True,SCH-001
STU-2026-0080,EXM-0009,SUB-ENG,21.6,A,True,SCH-001
STU-2026-0081,EXM-0009,SUB-ENG,17.2,C,True,SCH-001
STU-2026-0082,EXM-0009,SUB-ENG,13.8,D,True,SCH-001
STU-2026-0083,EXM-0009,SUB-ENG,20.9,A,True,SCH-001
STU-2026-0084,EXM-0009,SUB-ENG,20.0,A,True,SCH-001
STU-2026-0085,EXM-0009,SUB-ENG,20.1,A,True,SCH-001
STU-2026-0086,EXM-0009,SUB-ENG,18.3,B,True,SCH-001
STU-2026-0087,EXM-0009,SUB-ENG,21.9,A,True,SCH-001
STU-2026-0088,EXM-0009,SUB-ENG,12.0,F,True,SCH-001
STU-2026-0089,EXM-0009,SUB-ENG,21.7,A,True,SCH-001
STU-2026-0090,EXM-0009,SUB-ENG,15.2,C,True,SCH-001
STU-2026-0091,EXM-0009,SUB-ENG,19.1,B,True,SCH-001
STU-2026-0092,EXM-0009,SUB-ENG,17.7,B,True,SCH-001
STU-2026-0093,EXM-0009,SUB-ENG,16.9,C,True,SCH-001
STU-2026-0094,EXM-0009,SUB-ENG,23.8,A+,True,SCH-001
STU-2026-0095,EXM-0009,SUB-ENG,18.1,B,True,SCH-001
STU-2026-0096,EXM-0009,SUB-ENG,19.3,B,True,SCH-001
STU-2026-0097,EXM-0009,SUB-ENG,9.9,F,True,SCH-001
STU-2026-0098,EXM-0009,SUB-ENG,22.7,A+,True,SCH-001
STU-2026-0099,EXM-0009,SUB-ENG,20.1,A,True,SCH-001
STU-2026-0100,EXM-0009,SUB-ENG,15.3,C,True,SCH-001
STU-2026-0101,EXM-0009,SUB-ENG,22.2,A,True,SCH-001
STU-2026-0102,EXM-0009,SUB-ENG,24.1,A+,True,SCH-001
STU-2026-0103,EXM-0009,SUB-ENG,17.1,C,True,SCH-001
STU-2026-0104,EXM-0009,SUB-ENG,14.9,D,True,SCH-001
STU-2026-0105,EXM-0009,SUB-ENG,14.3,D,True,SCH-001
STU-2026-0106,EXM-0009,SUB-ENG,10.8,F,True,SCH-001
STU-2026-0107,EXM-0009,SUB-ENG,10.5,F,True,SCH-001
STU-2026-0108,EXM-0009,SUB-ENG,18.9,B,True,SCH-001
STU-2026-0109,EXM-0009,SUB-ENG,22.0,A,True,SCH-001
STU-2026-0110,EXM-0009,SUB-ENG,12.0,F,True,SCH-001
STU-2026-0111,EXM-0009,SUB-ENG,16.6,C,True,SCH-001
STU-2026-0112,EXM-0009,SUB-ENG,17.4,C,True,SCH-001
STU-2026-0113,EXM-0009,SUB-ENG,19.5,B,True,SCH-001
STU-2026-0114,EXM-0009,SUB-ENG,24.0,A+,True,SCH-001
STU-2026-0115,EXM-0009,SUB-ENG,17.8,B,True,SCH-001
STU-2026-0116,EXM-0009,SUB-ENG,20.6,A,True,SCH-001
STU-2026-0117,EXM-0009,SUB-ENG,20.8,A,True,SCH-001
STU-2026-0118,EXM-0009,SUB-ENG,19.0,B,True,SCH-001
STU-2026-0119,EXM-0009,SUB-ENG,23.2,A+,True,SCH-001
STU-2026-0120,EXM-0009,SUB-ENG,10.1,F,True,SCH-001
STU-2026-0121,EXM-0009,SUB-ENG,20.7,A,True,SCH-001
STU-2026-0122,EXM-0009,SUB-ENG,24.8,A+,True,SCH-001
STU-2026-0123,EXM-0009,SUB-ENG,17.1,C,True,SCH-001
STU-2026-0124,EXM-0009,SUB-ENG,20.1,A,True,SCH-001
STU-2026-0125,EXM-0009,SUB-ENG,17.2,C,True,SCH-001
STU-2026-0126,EXM-0009,SUB-ENG,18.8,B,True,SCH-001
STU-2026-0127,EXM-0009,SUB-ENG,20.1,A,True,SCH-001
STU-2026-0128,EXM-0009,SUB-ENG,12.5,D,True,SCH-001
STU-2026-0129,EXM-0009,SUB-ENG,21.1,A,True,SCH-001
STU-2026-0130,EXM-0009,SUB-ENG,20.7,A,True,SCH-001
STU-2026-0131,EXM-0009,SUB-ENG,19.6,B,True,SCH-001
STU-2026-0132,EXM-0009,SUB-ENG,18.9,B,True,SCH-001
STU-2026-0067,EXM-0010,SUB-HIST,10.1,F,True,SCH-001
STU-2026-0068,EXM-0010,SUB-HIST,21.4,A,True,SCH-001
STU-2026-0069,EXM-0010,SUB-HIST,17.2,C,True,SCH-001
STU-2026-0070,EXM-0010,SUB-HIST,22.1,A,True,SCH-001
STU-2026-0071,EXM-0010,SUB-HIST,17.2,C,True,SCH-001
STU-2026-0072,EXM-0010,SUB-HIST,18.8,B,True,SCH-001
STU-2026-0073,EXM-0010,SUB-HIST,17.1,C,True,SCH-001
STU-2026-0074,EXM-0010,SUB-HIST,19.7,B,True,SCH-001
STU-2026-0075,EXM-0010,SUB-HIST,19.1,B,True,SCH-001
STU-2026-0076,EXM-0010,SUB-HIST,18.1,B,True,SCH-001
STU-2026-0077,EXM-0010,SUB-HIST,20.4,A,True,SCH-001
STU-2026-0078,EXM-0010,SUB-HIST,18.3,B,True,SCH-001
STU-2026-0079,EXM-0010,SUB-HIST,18.6,B,True,SCH-001
STU-2026-0080,EXM-0010,SUB-HIST,22.5,A+,True,SCH-001
STU-2026-0081,EXM-0010,SUB-HIST,16.4,C,True,SCH-001
STU-2026-0082,EXM-0010,SUB-HIST,11.7,F,True,SCH-001
STU-2026-0083,EXM-0010,SUB-HIST,20.4,A,True,SCH-001
STU-2026-0084,EXM-0010,SUB-HIST,19.6,B,True,SCH-001
STU-2026-0085,EXM-0010,SUB-HIST,19.6,B,True,SCH-001
STU-2026-0086,EXM-0010,SUB-HIST,17.0,C,True,SCH-001
STU-2026-0087,EXM-0010,SUB-HIST,24.4,A+,True,SCH-001
STU-2026-0088,EXM-0010,SUB-HIST,14.4,D,True,SCH-001
STU-2026-0089,EXM-0010,SUB-HIST,18.7,B,True,SCH-001
STU-2026-0090,EXM-0010,SUB-HIST,19.5,B,True,SCH-001
STU-2026-0091,EXM-0010,SUB-HIST,18.7,B,True,SCH-001
STU-2026-0092,EXM-0010,SUB-HIST,17.8,B,True,SCH-001
STU-2026-0093,EXM-0010,SUB-HIST,16.5,C,True,SCH-001
STU-2026-0094,EXM-0010,SUB-HIST,20.3,A,True,SCH-001
STU-2026-0095,EXM-0010,SUB-HIST,16.2,C,True,SCH-001
STU-2026-0096,EXM-0010,SUB-HIST,16.1,C,True,SCH-001
STU-2026-0097,EXM-0010,SUB-HIST,5.9,F,False,SCH-001
STU-2026-0098,EXM-0010,SUB-HIST,21.3,A,True,SCH-001
STU-2026-0099,EXM-0010,SUB-HIST,24.2,A+,True,SCH-001
STU-2026-0100,EXM-0010,SUB-HIST,16.9,C,True,SCH-001
STU-2026-0101,EXM-0010,SUB-HIST,20.9,A,True,SCH-001
STU-2026-0102,EXM-0010,SUB-HIST,18.5,B,True,SCH-001
STU-2026-0103,EXM-0010,SUB-HIST,17.2,C,True,SCH-001
STU-2026-0104,EXM-0010,SUB-HIST,10.7,F,True,SCH-001
STU-2026-0105,EXM-0010,SUB-HIST,13.4,D,True,SCH-001
STU-2026-0106,EXM-0010,SUB-HIST,15.2,C,True,SCH-001
STU-2026-0107,EXM-0010,SUB-HIST,15.2,C,True,SCH-001
STU-2026-0108,EXM-0010,SUB-HIST,19.5,B,True,SCH-001
STU-2026-0109,EXM-0010,SUB-HIST,23.5,A+,True,SCH-001
STU-2026-0110,EXM-0010,SUB-HIST,10.9,F,True,SCH-001
STU-2026-0111,EXM-0010,SUB-HIST,15.8,C,True,SCH-001
STU-2026-0112,EXM-0010,SUB-HIST,19.2,B,True,SCH-001
STU-2026-0113,EXM-0010,SUB-HIST,17.3,C,True,SCH-001
STU-2026-0114,EXM-0010,SUB-HIST,20.5,A,True,SCH-001
STU-2026-0115,EXM-0010,SUB-HIST,16.5,C,True,SCH-001
STU-2026-0116,EXM-0010,SUB-HIST,23.1,A+,True,SCH-001
STU-2026-0117,EXM-0010,SUB-HIST,20.0,A,True,SCH-001
STU-2026-0118,EXM-0010,SUB-HIST,21.5,A,True,SCH-001
STU-2026-0119,EXM-0010,SUB-HIST,20.4,A,True,SCH-001
STU-2026-0120,EXM-0010,SUB-HIST,10.8,F,True,SCH-001
STU-2026-0121,EXM-0010,SUB-HIST,20.8,A,True,SCH-001
STU-2026-0122,EXM-0010,SUB-HIST,23.6,A+,True,SCH-001
STU-2026-0123,EXM-0010,SUB-HIST,15.6,C,True,SCH-001
STU-2026-0124,EXM-0010,SUB-HIST,22.3,A,True,SCH-001
STU-2026-0125,EXM-0010,SUB-HIST,20.5,A,True,SCH-001
STU-2026-0126,EXM-0010,SUB-HIST,16.7,C,True,SCH-001
STU-2026-0127,EXM-0010,SUB-HIST,18.9,B,True,SCH-001
STU-2026-0128,EXM-0010,SUB-HIST,12.0,F,True,SCH-001
STU-2026-0129,EXM-0010,SUB-HIST,21.2,A,True,SCH-001
STU-2026-0130,EXM-0010,SUB-HIST,19.3,B,True,SCH-001
STU-2026-0131,EXM-0010,SUB-HIST,19.5,B,True,SCH-001
STU-2026-0132,EXM-0010,SUB-HIST,22.1,A,True,SCH-001
STU-2026-0133,EXM-0011,SUB-MATH,17.1,C,True,SCH-001
STU-2026-0134,EXM-0011,SUB-MATH,22.6,A+,True,SCH-001
STU-2026-0135,EXM-0011,SUB-MATH,19.8,B,True,SCH-001
STU-2026-0136,EXM-0011,SUB-MATH,22.0,A,True,SCH-001
STU-2026-0137,EXM-0011,SUB-MATH,13.2,D,True,SCH-001
STU-2026-0138,EXM-0011,SUB-MATH,19.5,B,True,SCH-001
STU-2026-0139,EXM-0011,SUB-MATH,18.6,B,True,SCH-001
STU-2026-0140,EXM-0011,SUB-MATH,18.5,B,True,SCH-001
STU-2026-0141,EXM-0011,SUB-MATH,19.6,B,True,SCH-001
STU-2026-0142,EXM-0011,SUB-MATH,19.0,B,True,SCH-001
STU-2026-0143,EXM-0011,SUB-MATH,23.9,A+,True,SCH-001
STU-2026-0144,EXM-0011,SUB-MATH,19.8,B,True,SCH-001
STU-2026-0145,EXM-0011,SUB-MATH,18.7,B,True,SCH-001
STU-2026-0146,EXM-0011,SUB-MATH,17.7,B,True,SCH-001
STU-2026-0147,EXM-0011,SUB-MATH,22.4,A,True,SCH-001
STU-2026-0148,EXM-0011,SUB-MATH,21.8,A,True,SCH-001
STU-2026-0149,EXM-0011,SUB-MATH,19.2,B,True,SCH-001
STU-2026-0150,EXM-0011,SUB-MATH,18.2,B,True,SCH-001
STU-2026-0151,EXM-0011,SUB-MATH,18.3,B,True,SCH-001
STU-2026-0152,EXM-0011,SUB-MATH,20.8,A,True,SCH-001
STU-2026-0153,EXM-0011,SUB-MATH,16.1,C,True,SCH-001
STU-2026-0154,EXM-0011,SUB-MATH,17.1,C,True,SCH-001
STU-2026-0155,EXM-0011,SUB-MATH,23.2,A+,True,SCH-001
STU-2026-0156,EXM-0011,SUB-MATH,19.4,B,True,SCH-001
STU-2026-0157,EXM-0011,SUB-MATH,19.1,B,True,SCH-001
STU-2026-0158,EXM-0011,SUB-MATH,19.9,B,True,SCH-001
STU-2026-0159,EXM-0011,SUB-MATH,21.0,A,True,SCH-001
STU-2026-0160,EXM-0011,SUB-MATH,14.9,D,True,SCH-001
STU-2026-0161,EXM-0011,SUB-MATH,19.4,B,True,SCH-001
STU-2026-0162,EXM-0011,SUB-MATH,18.6,B,True,SCH-001
STU-2026-0163,EXM-0011,SUB-MATH,20.4,A,True,SCH-001
STU-2026-0164,EXM-0011,SUB-MATH,19.2,B,True,SCH-001
STU-2026-0165,EXM-0011,SUB-MATH,15.3,C,True,SCH-001
STU-2026-0166,EXM-0011,SUB-MATH,17.5,B,True,SCH-001
STU-2026-0167,EXM-0011,SUB-MATH,22.2,A,True,SCH-001
STU-2026-0168,EXM-0011,SUB-MATH,18.8,B,True,SCH-001
STU-2026-0169,EXM-0011,SUB-MATH,22.0,A,True,SCH-001
STU-2026-0170,EXM-0011,SUB-MATH,16.2,C,True,SCH-001
STU-2026-0171,EXM-0011,SUB-MATH,21.3,A,True,SCH-001
STU-2026-0172,EXM-0011,SUB-MATH,15.6,C,True,SCH-001
STU-2026-0173,EXM-0011,SUB-MATH,14.6,D,True,SCH-001
STU-2026-0174,EXM-0011,SUB-MATH,19.1,B,True,SCH-001
STU-2026-0175,EXM-0011,SUB-MATH,19.8,B,True,SCH-001
STU-2026-0176,EXM-0011,SUB-MATH,18.4,B,True,SCH-001
STU-2026-0177,EXM-0011,SUB-MATH,17.8,B,True,SCH-001
STU-2026-0178,EXM-0011,SUB-MATH,18.6,B,True,SCH-001
STU-2026-0179,EXM-0011,SUB-MATH,18.1,B,True,SCH-001
STU-2026-0180,EXM-0011,SUB-MATH,14.5,D,True,SCH-001
STU-2026-0181,EXM-0011,SUB-MATH,21.0,A,True,SCH-001
STU-2026-0182,EXM-0011,SUB-MATH,17.5,B,True,SCH-001
STU-2026-0183,EXM-0011,SUB-MATH,20.8,A,True,SCH-001
STU-2026-0184,EXM-0011,SUB-MATH,19.8,B,True,SCH-001
STU-2026-0185,EXM-0011,SUB-MATH,15.6,C,True,SCH-001
STU-2026-0186,EXM-0011,SUB-MATH,13.7,D,True,SCH-001
STU-2026-0187,EXM-0011,SUB-MATH,20.5,A,True,SCH-001
STU-2026-0188,EXM-0011,SUB-MATH,21.3,A,True,SCH-001
STU-2026-0189,EXM-0011,SUB-MATH,20.0,A,True,SCH-001
STU-2026-0190,EXM-0011,SUB-MATH,19.5,B,True,SCH-001
STU-2026-0191,EXM-0011,SUB-MATH,19.9,B,True,SCH-001
STU-2026-0192,EXM-0011,SUB-MATH,22.3,A,True,SCH-001
STU-2026-0193,EXM-0011,SUB-MATH,15.2,C,True,SCH-001
STU-2026-0194,EXM-0011,SUB-MATH,18.8,B,True,SCH-001
STU-2026-0195,EXM-0011,SUB-MATH,23.7,A+,True,SCH-001
STU-2026-0196,EXM-0011,SUB-MATH,15.2,C,True,SCH-001
STU-2026-0197,EXM-0011,SUB-MATH,20.5,A,True,SCH-001
STU-2026-0198,EXM-0011,SUB-MATH,20.1,A,True,SCH-001
STU-2026-0133,EXM-0012,SUB-PHY,18.6,B,True,SCH-001
STU-2026-0134,EXM-0012,SUB-PHY,22.3,A,True,SCH-001
STU-2026-0135,EXM-0012,SUB-PHY,23.2,A+,True,SCH-001
STU-2026-0136,EXM-0012,SUB-PHY,24.3,A+,True,SCH-001
STU-2026-0137,EXM-0012,SUB-PHY,17.8,B,True,SCH-001
STU-2026-0138,EXM-0012,SUB-PHY,24.0,A+,True,SCH-001
STU-2026-0139,EXM-0012,SUB-PHY,17.4,C,True,SCH-001
STU-2026-0140,EXM-0012,SUB-PHY,18.4,B,True,SCH-001
STU-2026-0141,EXM-0012,SUB-PHY,20.6,A,True,SCH-001
STU-2026-0142,EXM-0012,SUB-PHY,16.7,C,True,SCH-001
STU-2026-0143,EXM-0012,SUB-PHY,24.4,A+,True,SCH-001
STU-2026-0144,EXM-0012,SUB-PHY,20.8,A,True,SCH-001
STU-2026-0145,EXM-0012,SUB-PHY,23.7,A+,True,SCH-001
STU-2026-0146,EXM-0012,SUB-PHY,17.5,B,True,SCH-001
STU-2026-0147,EXM-0012,SUB-PHY,22.2,A,True,SCH-001
STU-2026-0148,EXM-0012,SUB-PHY,21.4,A,True,SCH-001
STU-2026-0149,EXM-0012,SUB-PHY,17.8,B,True,SCH-001
STU-2026-0150,EXM-0012,SUB-PHY,21.5,A,True,SCH-001
STU-2026-0151,EXM-0012,SUB-PHY,19.9,B,True,SCH-001
STU-2026-0152,EXM-0012,SUB-PHY,18.8,B,True,SCH-001
STU-2026-0153,EXM-0012,SUB-PHY,16.3,C,True,SCH-001
STU-2026-0154,EXM-0012,SUB-PHY,19.4,B,True,SCH-001
STU-2026-0155,EXM-0012,SUB-PHY,20.2,A,True,SCH-001
STU-2026-0156,EXM-0012,SUB-PHY,17.7,B,True,SCH-001
STU-2026-0157,EXM-0012,SUB-PHY,15.3,C,True,SCH-001
STU-2026-0158,EXM-0012,SUB-PHY,19.6,B,True,SCH-001
STU-2026-0159,EXM-0012,SUB-PHY,22.6,A+,True,SCH-001
STU-2026-0160,EXM-0012,SUB-PHY,11.8,F,True,SCH-001
STU-2026-0161,EXM-0012,SUB-PHY,19.8,B,True,SCH-001
STU-2026-0162,EXM-0012,SUB-PHY,18.2,B,True,SCH-001
STU-2026-0163,EXM-0012,SUB-PHY,17.8,B,True,SCH-001
STU-2026-0164,EXM-0012,SUB-PHY,20.0,A,True,SCH-001
STU-2026-0165,EXM-0012,SUB-PHY,15.2,C,True,SCH-001
STU-2026-0166,EXM-0012,SUB-PHY,18.2,B,True,SCH-001
STU-2026-0167,EXM-0012,SUB-PHY,22.2,A,True,SCH-001
STU-2026-0168,EXM-0012,SUB-PHY,15.3,C,True,SCH-001
STU-2026-0169,EXM-0012,SUB-PHY,21.9,A,True,SCH-001
STU-2026-0170,EXM-0012,SUB-PHY,16.1,C,True,SCH-001
STU-2026-0171,EXM-0012,SUB-PHY,20.3,A,True,SCH-001
STU-2026-0172,EXM-0012,SUB-PHY,18.6,B,True,SCH-001
STU-2026-0173,EXM-0012,SUB-PHY,15.4,C,True,SCH-001
STU-2026-0174,EXM-0012,SUB-PHY,17.4,C,True,SCH-001
STU-2026-0175,EXM-0012,SUB-PHY,21.4,A,True,SCH-001
STU-2026-0176,EXM-0012,SUB-PHY,18.5,B,True,SCH-001
STU-2026-0177,EXM-0012,SUB-PHY,15.9,C,True,SCH-001
STU-2026-0178,EXM-0012,SUB-PHY,17.5,B,True,SCH-001
STU-2026-0179,EXM-0012,SUB-PHY,19.1,B,True,SCH-001
STU-2026-0180,EXM-0012,SUB-PHY,10.7,F,True,SCH-001
STU-2026-0181,EXM-0012,SUB-PHY,21.5,A,True,SCH-001
STU-2026-0182,EXM-0012,SUB-PHY,20.8,A,True,SCH-001
STU-2026-0183,EXM-0012,SUB-PHY,19.0,B,True,SCH-001
STU-2026-0184,EXM-0012,SUB-PHY,17.9,B,True,SCH-001
STU-2026-0185,EXM-0012,SUB-PHY,13.7,D,True,SCH-001
STU-2026-0186,EXM-0012,SUB-PHY,12.0,F,True,SCH-001
STU-2026-0187,EXM-0012,SUB-PHY,15.8,C,True,SCH-001
STU-2026-0188,EXM-0012,SUB-PHY,20.5,A,True,SCH-001
STU-2026-0189,EXM-0012,SUB-PHY,23.8,A+,True,SCH-001
STU-2026-0190,EXM-0012,SUB-PHY,18.1,B,True,SCH-001
STU-2026-0191,EXM-0012,SUB-PHY,17.8,B,True,SCH-001
STU-2026-0192,EXM-0012,SUB-PHY,20.9,A,True,SCH-001
STU-2026-0193,EXM-0012,SUB-PHY,16.9,C,True,SCH-001
STU-2026-0194,EXM-0012,SUB-PHY,18.1,B,True,SCH-001
STU-2026-0195,EXM-0012,SUB-PHY,24.8,A+,True,SCH-001
STU-2026-0196,EXM-0012,SUB-PHY,15.8,C,True,SCH-001
STU-2026-0197,EXM-0012,SUB-PHY,17.6,B,True,SCH-001
STU-2026-0198,EXM-0012,SUB-PHY,22.4,A,True,SCH-001
STU-2026-0133,EXM-0013,SUB-CHEM,19.8,B,True,SCH-001
STU-2026-0134,EXM-0013,SUB-CHEM,23.2,A+,True,SCH-001
STU-2026-0135,EXM-0013,SUB-CHEM,21.4,A,True,SCH-001
STU-2026-0136,EXM-0013,SUB-CHEM,20.2,A,True,SCH-001
STU-2026-0137,EXM-0013,SUB-CHEM,15.5,C,True,SCH-001
STU-2026-0138,EXM-0013,SUB-CHEM,21.0,A,True,SCH-001
STU-2026-0139,EXM-0013,SUB-CHEM,18.3,B,True,SCH-001
STU-2026-0140,EXM-0013,SUB-CHEM,15.0,C,True,SCH-001
STU-2026-0141,EXM-0013,SUB-CHEM,17.1,C,True,SCH-001
STU-2026-0142,EXM-0013,SUB-CHEM,17.5,B,True,SCH-001
STU-2026-0143,EXM-0013,SUB-CHEM,24.1,A+,True,SCH-001
STU-2026-0144,EXM-0013,SUB-CHEM,18.7,B,True,SCH-001
STU-2026-0145,EXM-0013,SUB-CHEM,19.2,B,True,SCH-001
STU-2026-0146,EXM-0013,SUB-CHEM,18.3,B,True,SCH-001
STU-2026-0147,EXM-0013,SUB-CHEM,21.1,A,True,SCH-001
STU-2026-0148,EXM-0013,SUB-CHEM,19.9,B,True,SCH-001
STU-2026-0149,EXM-0013,SUB-CHEM,16.0,C,True,SCH-001
STU-2026-0150,EXM-0013,SUB-CHEM,18.0,B,True,SCH-001
STU-2026-0151,EXM-0013,SUB-CHEM,19.5,B,True,SCH-001
STU-2026-0152,EXM-0013,SUB-CHEM,16.9,C,True,SCH-001
STU-2026-0153,EXM-0013,SUB-CHEM,17.2,C,True,SCH-001
STU-2026-0154,EXM-0013,SUB-CHEM,16.5,C,True,SCH-001
STU-2026-0155,EXM-0013,SUB-CHEM,21.5,A,True,SCH-001
STU-2026-0156,EXM-0013,SUB-CHEM,21.1,A,True,SCH-001
STU-2026-0157,EXM-0013,SUB-CHEM,17.3,C,True,SCH-001
STU-2026-0158,EXM-0013,SUB-CHEM,18.2,B,True,SCH-001
STU-2026-0159,EXM-0013,SUB-CHEM,20.2,A,True,SCH-001
STU-2026-0160,EXM-0013,SUB-CHEM,14.3,D,True,SCH-001
STU-2026-0161,EXM-0013,SUB-CHEM,20.0,A,True,SCH-001
STU-2026-0162,EXM-0013,SUB-CHEM,19.4,B,True,SCH-001
STU-2026-0163,EXM-0013,SUB-CHEM,18.7,B,True,SCH-001
STU-2026-0164,EXM-0013,SUB-CHEM,18.2,B,True,SCH-001
STU-2026-0165,EXM-0013,SUB-CHEM,14.7,D,True,SCH-001
STU-2026-0166,EXM-0013,SUB-CHEM,20.8,A,True,SCH-001
STU-2026-0167,EXM-0013,SUB-CHEM,19.9,B,True,SCH-001
STU-2026-0168,EXM-0013,SUB-CHEM,20.2,A,True,SCH-001
STU-2026-0169,EXM-0013,SUB-CHEM,20.3,A,True,SCH-001
STU-2026-0170,EXM-0013,SUB-CHEM,15.5,C,True,SCH-001
STU-2026-0171,EXM-0013,SUB-CHEM,18.8,B,True,SCH-001
STU-2026-0172,EXM-0013,SUB-CHEM,18.0,B,True,SCH-001
STU-2026-0173,EXM-0013,SUB-CHEM,13.1,D,True,SCH-001
STU-2026-0174,EXM-0013,SUB-CHEM,19.7,B,True,SCH-001
STU-2026-0175,EXM-0013,SUB-CHEM,20.9,A,True,SCH-001
STU-2026-0176,EXM-0013,SUB-CHEM,17.3,C,True,SCH-001
STU-2026-0177,EXM-0013,SUB-CHEM,17.4,C,True,SCH-001
STU-2026-0178,EXM-0013,SUB-CHEM,20.4,A,True,SCH-001
STU-2026-0179,EXM-0013,SUB-CHEM,20.9,A,True,SCH-001
STU-2026-0180,EXM-0013,SUB-CHEM,15.2,C,True,SCH-001
STU-2026-0181,EXM-0013,SUB-CHEM,22.1,A,True,SCH-001
STU-2026-0182,EXM-0013,SUB-CHEM,13.6,D,True,SCH-001
STU-2026-0183,EXM-0013,SUB-CHEM,19.1,B,True,SCH-001
STU-2026-0184,EXM-0013,SUB-CHEM,20.2,A,True,SCH-001
STU-2026-0185,EXM-0013,SUB-CHEM,12.5,D,True,SCH-001
STU-2026-0186,EXM-0013,SUB-CHEM,13.7,D,True,SCH-001
STU-2026-0187,EXM-0013,SUB-CHEM,15.7,C,True,SCH-001
STU-2026-0188,EXM-0013,SUB-CHEM,19.5,B,True,SCH-001
STU-2026-0189,EXM-0013,SUB-CHEM,20.8,A,True,SCH-001
STU-2026-0190,EXM-0013,SUB-CHEM,19.1,B,True,SCH-001
STU-2026-0191,EXM-0013,SUB-CHEM,17.7,B,True,SCH-001
STU-2026-0192,EXM-0013,SUB-CHEM,23.3,A+,True,SCH-001
STU-2026-0193,EXM-0013,SUB-CHEM,16.9,C,True,SCH-001
STU-2026-0194,EXM-0013,SUB-CHEM,18.6,B,True,SCH-001
STU-2026-0195,EXM-0013,SUB-CHEM,22.5,A+,True,SCH-001
STU-2026-0196,EXM-0013,SUB-CHEM,13.3,D,True,SCH-001
STU-2026-0197,EXM-0013,SUB-CHEM,20.0,A,True,SCH-001
STU-2026-0198,EXM-0013,SUB-CHEM,24.8,A+,True,SCH-001
STU-2026-0133,EXM-0014,SUB-ENG,19.2,B,True,SCH-001
STU-2026-0134,EXM-0014,SUB-ENG,21.4,A,True,SCH-001
STU-2026-0135,EXM-0014,SUB-ENG,22.3,A,True,SCH-001
STU-2026-0136,EXM-0014,SUB-ENG,20.3,A,True,SCH-001
STU-2026-0137,EXM-0014,SUB-ENG,19.1,B,True,SCH-001
STU-2026-0138,EXM-0014,SUB-ENG,18.1,B,True,SCH-001
STU-2026-0139,EXM-0014,SUB-ENG,18.8,B,True,SCH-001
STU-2026-0140,EXM-0014,SUB-ENG,17.0,C,True,SCH-001
STU-2026-0141,EXM-0014,SUB-ENG,20.6,A,True,SCH-001
STU-2026-0142,EXM-0014,SUB-ENG,19.5,B,True,SCH-001
STU-2026-0143,EXM-0014,SUB-ENG,20.1,A,True,SCH-001
STU-2026-0144,EXM-0014,SUB-ENG,22.0,A,True,SCH-001
STU-2026-0145,EXM-0014,SUB-ENG,18.7,B,True,SCH-001
STU-2026-0146,EXM-0014,SUB-ENG,14.3,D,True,SCH-001
STU-2026-0147,EXM-0014,SUB-ENG,21.0,A,True,SCH-001
STU-2026-0148,EXM-0014,SUB-ENG,17.7,B,True,SCH-001
STU-2026-0149,EXM-0014,SUB-ENG,15.3,C,True,SCH-001
STU-2026-0150,EXM-0014,SUB-ENG,20.6,A,True,SCH-001
STU-2026-0151,EXM-0014,SUB-ENG,18.3,B,True,SCH-001
STU-2026-0152,EXM-0014,SUB-ENG,19.3,B,True,SCH-001
STU-2026-0153,EXM-0014,SUB-ENG,14.7,D,True,SCH-001
STU-2026-0154,EXM-0014,SUB-ENG,17.5,B,True,SCH-001
STU-2026-0155,EXM-0014,SUB-ENG,22.2,A,True,SCH-001
STU-2026-0156,EXM-0014,SUB-ENG,15.8,C,True,SCH-001
STU-2026-0157,EXM-0014,SUB-ENG,18.7,B,True,SCH-001
STU-2026-0158,EXM-0014,SUB-ENG,20.2,A,True,SCH-001
STU-2026-0159,EXM-0014,SUB-ENG,19.8,B,True,SCH-001
STU-2026-0160,EXM-0014,SUB-ENG,11.6,F,True,SCH-001
STU-2026-0161,EXM-0014,SUB-ENG,20.8,A,True,SCH-001
STU-2026-0162,EXM-0014,SUB-ENG,21.6,A,True,SCH-001
STU-2026-0163,EXM-0014,SUB-ENG,19.9,B,True,SCH-001
STU-2026-0164,EXM-0014,SUB-ENG,16.7,C,True,SCH-001
STU-2026-0165,EXM-0014,SUB-ENG,16.9,C,True,SCH-001
STU-2026-0166,EXM-0014,SUB-ENG,17.7,B,True,SCH-001
STU-2026-0167,EXM-0014,SUB-ENG,20.2,A,True,SCH-001
STU-2026-0168,EXM-0014,SUB-ENG,21.4,A,True,SCH-001
STU-2026-0169,EXM-0014,SUB-ENG,22.2,A,True,SCH-001
STU-2026-0170,EXM-0014,SUB-ENG,17.2,C,True,SCH-001
STU-2026-0171,EXM-0014,SUB-ENG,18.1,B,True,SCH-001
STU-2026-0172,EXM-0014,SUB-ENG,17.3,C,True,SCH-001
STU-2026-0173,EXM-0014,SUB-ENG,13.3,D,True,SCH-001
STU-2026-0174,EXM-0014,SUB-ENG,21.4,A,True,SCH-001
STU-2026-0175,EXM-0014,SUB-ENG,17.6,B,True,SCH-001
STU-2026-0176,EXM-0014,SUB-ENG,15.7,C,True,SCH-001
STU-2026-0177,EXM-0014,SUB-ENG,14.0,D,True,SCH-001
STU-2026-0178,EXM-0014,SUB-ENG,18.1,B,True,SCH-001
STU-2026-0179,EXM-0014,SUB-ENG,21.9,A,True,SCH-001
STU-2026-0180,EXM-0014,SUB-ENG,15.8,C,True,SCH-001
STU-2026-0181,EXM-0014,SUB-ENG,20.9,A,True,SCH-001
STU-2026-0182,EXM-0014,SUB-ENG,16.6,C,True,SCH-001
STU-2026-0183,EXM-0014,SUB-ENG,20.5,A,True,SCH-001
STU-2026-0184,EXM-0014,SUB-ENG,19.1,B,True,SCH-001
STU-2026-0185,EXM-0014,SUB-ENG,13.8,D,True,SCH-001
STU-2026-0186,EXM-0014,SUB-ENG,14.0,D,True,SCH-001
STU-2026-0187,EXM-0014,SUB-ENG,18.8,B,True,SCH-001
STU-2026-0188,EXM-0014,SUB-ENG,17.5,B,True,SCH-001
STU-2026-0189,EXM-0014,SUB-ENG,20.6,A,True,SCH-001
STU-2026-0190,EXM-0014,SUB-ENG,19.3,B,True,SCH-001
STU-2026-0191,EXM-0014,SUB-ENG,20.7,A,True,SCH-001
STU-2026-0192,EXM-0014,SUB-ENG,22.1,A,True,SCH-001
STU-2026-0193,EXM-0014,SUB-ENG,16.8,C,True,SCH-001
STU-2026-0194,EXM-0014,SUB-ENG,20.1,A,True,SCH-001
STU-2026-0195,EXM-0014,SUB-ENG,24.8,A+,True,SCH-001
STU-2026-0196,EXM-0014,SUB-ENG,19.6,B,True,SCH-001
STU-2026-0197,EXM-0014,SUB-ENG,19.7,B,True,SCH-001
STU-2026-0198,EXM-0014,SUB-ENG,21.6,A,True,SCH-001
STU-2026-0133,EXM-0015,SUB-HIST,19.2,B,True,SCH-001
STU-2026-0134,EXM-0015,SUB-HIST,22.2,A,True,SCH-001
STU-2026-0135,EXM-0015,SUB-HIST,21.0,A,True,SCH-001
STU-2026-0136,EXM-0015,SUB-HIST,21.8,A,True,SCH-001
STU-2026-0137,EXM-0015,SUB-HIST,15.4,C,True,SCH-001
STU-2026-0138,EXM-0015,SUB-HIST,22.5,A+,True,SCH-001
STU-2026-0139,EXM-0015,SUB-HIST,14.4,D,True,SCH-001
STU-2026-0140,EXM-0015,SUB-HIST,17.5,B,True,SCH-001
STU-2026-0141,EXM-0015,SUB-HIST,19.3,B,True,SCH-001
STU-2026-0142,EXM-0015,SUB-HIST,17.4,C,True,SCH-001
STU-2026-0143,EXM-0015,SUB-HIST,24.7,A+,True,SCH-001
STU-2026-0144,EXM-0015,SUB-HIST,16.2,C,True,SCH-001
STU-2026-0145,EXM-0015,SUB-HIST,20.2,A,True,SCH-001
STU-2026-0146,EXM-0015,SUB-HIST,17.8,B,True,SCH-001
STU-2026-0147,EXM-0015,SUB-HIST,19.0,B,True,SCH-001
STU-2026-0148,EXM-0015,SUB-HIST,19.6,B,True,SCH-001
STU-2026-0149,EXM-0015,SUB-HIST,16.7,C,True,SCH-001
STU-2026-0150,EXM-0015,SUB-HIST,19.3,B,True,SCH-001
STU-2026-0151,EXM-0015,SUB-HIST,18.2,B,True,SCH-001
STU-2026-0152,EXM-0015,SUB-HIST,19.5,B,True,SCH-001
STU-2026-0153,EXM-0015,SUB-HIST,18.3,B,True,SCH-001
STU-2026-0154,EXM-0015,SUB-HIST,19.9,B,True,SCH-001
STU-2026-0155,EXM-0015,SUB-HIST,20.1,A,True,SCH-001
STU-2026-0156,EXM-0015,SUB-HIST,16.9,C,True,SCH-001
STU-2026-0157,EXM-0015,SUB-HIST,18.7,B,True,SCH-001
STU-2026-0158,EXM-0015,SUB-HIST,19.7,B,True,SCH-001
STU-2026-0159,EXM-0015,SUB-HIST,17.1,C,True,SCH-001
STU-2026-0160,EXM-0015,SUB-HIST,14.2,D,True,SCH-001
STU-2026-0161,EXM-0015,SUB-HIST,17.7,B,True,SCH-001
STU-2026-0162,EXM-0015,SUB-HIST,18.4,B,True,SCH-001
STU-2026-0163,EXM-0015,SUB-HIST,15.7,C,True,SCH-001
STU-2026-0164,EXM-0015,SUB-HIST,21.0,A,True,SCH-001
STU-2026-0165,EXM-0015,SUB-HIST,16.9,C,True,SCH-001
STU-2026-0166,EXM-0015,SUB-HIST,16.6,C,True,SCH-001
STU-2026-0167,EXM-0015,SUB-HIST,24.8,A+,True,SCH-001
STU-2026-0168,EXM-0015,SUB-HIST,20.3,A,True,SCH-001
STU-2026-0169,EXM-0015,SUB-HIST,21.4,A,True,SCH-001
STU-2026-0170,EXM-0015,SUB-HIST,13.6,D,True,SCH-001
STU-2026-0171,EXM-0015,SUB-HIST,20.4,A,True,SCH-001
STU-2026-0172,EXM-0015,SUB-HIST,19.1,B,True,SCH-001
STU-2026-0173,EXM-0015,SUB-HIST,17.4,C,True,SCH-001
STU-2026-0174,EXM-0015,SUB-HIST,17.6,B,True,SCH-001
STU-2026-0175,EXM-0015,SUB-HIST,19.2,B,True,SCH-001
STU-2026-0176,EXM-0015,SUB-HIST,18.9,B,True,SCH-001
STU-2026-0177,EXM-0015,SUB-HIST,18.8,B,True,SCH-001
STU-2026-0178,EXM-0015,SUB-HIST,18.1,B,True,SCH-001
STU-2026-0179,EXM-0015,SUB-HIST,20.5,A,True,SCH-001
STU-2026-0180,EXM-0015,SUB-HIST,18.5,B,True,SCH-001
STU-2026-0181,EXM-0015,SUB-HIST,18.8,B,True,SCH-001
STU-2026-0182,EXM-0015,SUB-HIST,16.7,C,True,SCH-001
STU-2026-0183,EXM-0015,SUB-HIST,17.8,B,True,SCH-001
STU-2026-0184,EXM-0015,SUB-HIST,20.1,A,True,SCH-001
STU-2026-0185,EXM-0015,SUB-HIST,12.9,D,True,SCH-001
STU-2026-0186,EXM-0015,SUB-HIST,15.1,C,True,SCH-001
STU-2026-0187,EXM-0015,SUB-HIST,21.6,A,True,SCH-001
STU-2026-0188,EXM-0015,SUB-HIST,18.4,B,True,SCH-001
STU-2026-0189,EXM-0015,SUB-HIST,21.1,A,True,SCH-001
STU-2026-0190,EXM-0015,SUB-HIST,19.8,B,True,SCH-001
STU-2026-0191,EXM-0015,SUB-HIST,20.4,A,True,SCH-001
STU-2026-0192,EXM-0015,SUB-HIST,21.0,A,True,SCH-001
STU-2026-0193,EXM-0015,SUB-HIST,17.0,C,True,SCH-001
STU-2026-0194,EXM-0015,SUB-HIST,19.1,B,True,SCH-001
STU-2026-0195,EXM-0015,SUB-HIST,24.4,A+,True,SCH-001
STU-2026-0196,EXM-0015,SUB-HIST,16.4,C,True,SCH-001
STU-2026-0197,EXM-0015,SUB-HIST,20.0,A,True,SCH-001
STU-2026-0198,EXM-0015,SUB-HIST,22.5,A+,True,SCH-001
STU-2026-0199,EXM-0016,SUB-MATH,18.0,B,True,SCH-001
STU-2026-0200,EXM-0016,SUB-MATH,19.4,B,True,SCH-001
STU-2026-0201,EXM-0016,SUB-MATH,19.6,B,True,SCH-001
STU-2026-0202,EXM-0016,SUB-MATH,16.7,C,True,SCH-001
STU-2026-0203,EXM-0016,SUB-MATH,19.5,B,True,SCH-001
STU-2026-0204,EXM-0016,SUB-MATH,18.5,B,True,SCH-001
STU-2026-0205,EXM-0016,SUB-MATH,17.2,C,True,SCH-001
STU-2026-0206,EXM-0016,SUB-MATH,15.0,C,True,SCH-001
STU-2026-0207,EXM-0016,SUB-MATH,16.1,C,True,SCH-001
STU-2026-0208,EXM-0016,SUB-MATH,21.0,A,True,SCH-001
STU-2026-0209,EXM-0016,SUB-MATH,21.2,A,True,SCH-001
STU-2026-0210,EXM-0016,SUB-MATH,11.2,F,True,SCH-001
STU-2026-0211,EXM-0016,SUB-MATH,20.6,A,True,SCH-001
STU-2026-0212,EXM-0016,SUB-MATH,16.6,C,True,SCH-001
STU-2026-0213,EXM-0016,SUB-MATH,18.6,B,True,SCH-001
STU-2026-0214,EXM-0016,SUB-MATH,21.6,A,True,SCH-001
STU-2026-0215,EXM-0016,SUB-MATH,24.8,A+,True,SCH-001
STU-2026-0216,EXM-0016,SUB-MATH,20.5,A,True,SCH-001
STU-2026-0217,EXM-0016,SUB-MATH,19.7,B,True,SCH-001
STU-2026-0218,EXM-0016,SUB-MATH,24.2,A+,True,SCH-001
STU-2026-0219,EXM-0016,SUB-MATH,22.1,A,True,SCH-001
STU-2026-0220,EXM-0016,SUB-MATH,24.0,A+,True,SCH-001
STU-2026-0221,EXM-0016,SUB-MATH,8.5,F,False,SCH-001
STU-2026-0222,EXM-0016,SUB-MATH,16.7,C,True,SCH-001
STU-2026-0223,EXM-0016,SUB-MATH,17.1,C,True,SCH-001
STU-2026-0224,EXM-0016,SUB-MATH,21.4,A,True,SCH-001
STU-2026-0225,EXM-0016,SUB-MATH,24.8,A+,True,SCH-001
STU-2026-0226,EXM-0016,SUB-MATH,20.5,A,True,SCH-001
STU-2026-0227,EXM-0016,SUB-MATH,18.7,B,True,SCH-001
STU-2026-0228,EXM-0016,SUB-MATH,22.0,A,True,SCH-001
STU-2026-0229,EXM-0016,SUB-MATH,19.2,B,True,SCH-001
STU-2026-0230,EXM-0016,SUB-MATH,10.8,F,True,SCH-001
STU-2026-0231,EXM-0016,SUB-MATH,17.8,B,True,SCH-001
STU-2026-0232,EXM-0016,SUB-MATH,20.1,A,True,SCH-001
STU-2026-0233,EXM-0016,SUB-MATH,19.6,B,True,SCH-001
STU-2026-0234,EXM-0016,SUB-MATH,16.6,C,True,SCH-001
STU-2026-0235,EXM-0016,SUB-MATH,18.8,B,True,SCH-001
STU-2026-0236,EXM-0016,SUB-MATH,17.6,B,True,SCH-001
STU-2026-0237,EXM-0016,SUB-MATH,18.5,B,True,SCH-001
STU-2026-0238,EXM-0016,SUB-MATH,18.8,B,True,SCH-001
STU-2026-0239,EXM-0016,SUB-MATH,18.4,B,True,SCH-001
STU-2026-0240,EXM-0016,SUB-MATH,17.8,B,True,SCH-001
STU-2026-0241,EXM-0016,SUB-MATH,21.6,A,True,SCH-001
STU-2026-0242,EXM-0016,SUB-MATH,24.6,A+,True,SCH-001
STU-2026-0243,EXM-0016,SUB-MATH,19.9,B,True,SCH-001
STU-2026-0244,EXM-0016,SUB-MATH,20.7,A,True,SCH-001
STU-2026-0245,EXM-0016,SUB-MATH,7.1,F,False,SCH-001
STU-2026-0246,EXM-0016,SUB-MATH,8.5,F,False,SCH-001
STU-2026-0247,EXM-0016,SUB-MATH,22.9,A+,True,SCH-001
STU-2026-0248,EXM-0016,SUB-MATH,17.8,B,True,SCH-001
STU-2026-0249,EXM-0016,SUB-MATH,13.4,D,True,SCH-001
STU-2026-0250,EXM-0016,SUB-MATH,17.0,C,True,SCH-001
STU-2026-0251,EXM-0016,SUB-MATH,9.7,F,True,SCH-001
STU-2026-0252,EXM-0016,SUB-MATH,17.4,C,True,SCH-001
STU-2026-0253,EXM-0016,SUB-MATH,7.8,F,False,SCH-001
STU-2026-0254,EXM-0016,SUB-MATH,20.3,A,True,SCH-001
STU-2026-0255,EXM-0016,SUB-MATH,22.0,A,True,SCH-001
STU-2026-0256,EXM-0016,SUB-MATH,18.2,B,True,SCH-001
STU-2026-0257,EXM-0016,SUB-MATH,22.2,A,True,SCH-001
STU-2026-0258,EXM-0016,SUB-MATH,12.8,D,True,SCH-001
STU-2026-0259,EXM-0016,SUB-MATH,20.3,A,True,SCH-001
STU-2026-0260,EXM-0016,SUB-MATH,21.3,A,True,SCH-001
STU-2026-0261,EXM-0016,SUB-MATH,21.6,A,True,SCH-001
STU-2026-0262,EXM-0016,SUB-MATH,20.5,A,True,SCH-001
STU-2026-0263,EXM-0016,SUB-MATH,15.2,C,True,SCH-001
STU-2026-0264,EXM-0016,SUB-MATH,18.1,B,True,SCH-001
STU-2026-0199,EXM-0017,SUB-PHY,17.5,B,True,SCH-001
STU-2026-0200,EXM-0017,SUB-PHY,24.2,A+,True,SCH-001
STU-2026-0201,EXM-0017,SUB-PHY,23.1,A+,True,SCH-001
STU-2026-0202,EXM-0017,SUB-PHY,19.2,B,True,SCH-001
STU-2026-0203,EXM-0017,SUB-PHY,20.4,A,True,SCH-001
STU-2026-0204,EXM-0017,SUB-PHY,19.9,B,True,SCH-001
STU-2026-0205,EXM-0017,SUB-PHY,16.8,C,True,SCH-001
STU-2026-0206,EXM-0017,SUB-PHY,15.7,C,True,SCH-001
STU-2026-0207,EXM-0017,SUB-PHY,20.7,A,True,SCH-001
STU-2026-0208,EXM-0017,SUB-PHY,22.6,A+,True,SCH-001
STU-2026-0209,EXM-0017,SUB-PHY,20.9,A,True,SCH-001
STU-2026-0210,EXM-0017,SUB-PHY,11.1,F,True,SCH-001
STU-2026-0211,EXM-0017,SUB-PHY,20.8,A,True,SCH-001
STU-2026-0212,EXM-0017,SUB-PHY,17.0,C,True,SCH-001
STU-2026-0213,EXM-0017,SUB-PHY,16.7,C,True,SCH-001
STU-2026-0214,EXM-0017,SUB-PHY,23.0,A+,True,SCH-001
STU-2026-0215,EXM-0017,SUB-PHY,20.2,A,True,SCH-001
STU-2026-0216,EXM-0017,SUB-PHY,18.7,B,True,SCH-001
STU-2026-0217,EXM-0017,SUB-PHY,18.3,B,True,SCH-001
STU-2026-0218,EXM-0017,SUB-PHY,22.8,A+,True,SCH-001
STU-2026-0219,EXM-0017,SUB-PHY,17.3,C,True,SCH-001
STU-2026-0220,EXM-0017,SUB-PHY,20.8,A,True,SCH-001
STU-2026-0221,EXM-0017,SUB-PHY,11.3,F,True,SCH-001
STU-2026-0222,EXM-0017,SUB-PHY,17.8,B,True,SCH-001
STU-2026-0223,EXM-0017,SUB-PHY,15.8,C,True,SCH-001
STU-2026-0224,EXM-0017,SUB-PHY,16.9,C,True,SCH-001
STU-2026-0225,EXM-0017,SUB-PHY,22.8,A+,True,SCH-001
STU-2026-0226,EXM-0017,SUB-PHY,24.5,A+,True,SCH-001
STU-2026-0227,EXM-0017,SUB-PHY,19.1,B,True,SCH-001
STU-2026-0228,EXM-0017,SUB-PHY,20.6,A,True,SCH-001
STU-2026-0229,EXM-0017,SUB-PHY,20.1,A,True,SCH-001
STU-2026-0230,EXM-0017,SUB-PHY,9.9,F,True,SCH-001
STU-2026-0231,EXM-0017,SUB-PHY,19.4,B,True,SCH-001
STU-2026-0232,EXM-0017,SUB-PHY,19.6,B,True,SCH-001
STU-2026-0233,EXM-0017,SUB-PHY,18.1,B,True,SCH-001
STU-2026-0234,EXM-0017,SUB-PHY,19.1,B,True,SCH-001
STU-2026-0235,EXM-0017,SUB-PHY,20.9,A,True,SCH-001
STU-2026-0236,EXM-0017,SUB-PHY,20.0,A,True,SCH-001
STU-2026-0237,EXM-0017,SUB-PHY,19.2,B,True,SCH-001
STU-2026-0238,EXM-0017,SUB-PHY,16.9,C,True,SCH-001
STU-2026-0239,EXM-0017,SUB-PHY,17.8,B,True,SCH-001
STU-2026-0240,EXM-0017,SUB-PHY,21.3,A,True,SCH-001
STU-2026-0241,EXM-0017,SUB-PHY,22.7,A+,True,SCH-001
STU-2026-0242,EXM-0017,SUB-PHY,24.8,A+,True,SCH-001
STU-2026-0243,EXM-0017,SUB-PHY,13.8,D,True,SCH-001
STU-2026-0244,EXM-0017,SUB-PHY,21.0,A,True,SCH-001
STU-2026-0245,EXM-0017,SUB-PHY,9.0,F,True,SCH-001
STU-2026-0246,EXM-0017,SUB-PHY,8.6,F,False,SCH-001
STU-2026-0247,EXM-0017,SUB-PHY,23.2,A+,True,SCH-001
STU-2026-0248,EXM-0017,SUB-PHY,16.7,C,True,SCH-001
STU-2026-0249,EXM-0017,SUB-PHY,13.0,D,True,SCH-001
STU-2026-0250,EXM-0017,SUB-PHY,20.4,A,True,SCH-001
STU-2026-0251,EXM-0017,SUB-PHY,8.1,F,False,SCH-001
STU-2026-0252,EXM-0017,SUB-PHY,18.4,B,True,SCH-001
STU-2026-0253,EXM-0017,SUB-PHY,9.8,F,True,SCH-001
STU-2026-0254,EXM-0017,SUB-PHY,21.1,A,True,SCH-001
STU-2026-0255,EXM-0017,SUB-PHY,18.4,B,True,SCH-001
STU-2026-0256,EXM-0017,SUB-PHY,17.7,B,True,SCH-001
STU-2026-0257,EXM-0017,SUB-PHY,20.9,A,True,SCH-001
STU-2026-0258,EXM-0017,SUB-PHY,10.3,F,True,SCH-001
STU-2026-0259,EXM-0017,SUB-PHY,21.4,A,True,SCH-001
STU-2026-0260,EXM-0017,SUB-PHY,22.2,A,True,SCH-001
STU-2026-0261,EXM-0017,SUB-PHY,24.0,A+,True,SCH-001
STU-2026-0262,EXM-0017,SUB-PHY,16.8,C,True,SCH-001
STU-2026-0263,EXM-0017,SUB-PHY,15.9,C,True,SCH-001
STU-2026-0264,EXM-0017,SUB-PHY,16.9,C,True,SCH-001
STU-2026-0199,EXM-0018,SUB-CHEM,16.4,C,True,SCH-001
STU-2026-0200,EXM-0018,SUB-CHEM,22.1,A,True,SCH-001
STU-2026-0201,EXM-0018,SUB-CHEM,23.9,A+,True,SCH-001
STU-2026-0202,EXM-0018,SUB-CHEM,17.9,B,True,SCH-001
STU-2026-0203,EXM-0018,SUB-CHEM,21.6,A,True,SCH-001
STU-2026-0204,EXM-0018,SUB-CHEM,22.4,A,True,SCH-001
STU-2026-0205,EXM-0018,SUB-CHEM,16.8,C,True,SCH-001
STU-2026-0206,EXM-0018,SUB-CHEM,17.1,C,True,SCH-001
STU-2026-0207,EXM-0018,SUB-CHEM,19.5,B,True,SCH-001
STU-2026-0208,EXM-0018,SUB-CHEM,22.1,A,True,SCH-001
STU-2026-0209,EXM-0018,SUB-CHEM,18.2,B,True,SCH-001
STU-2026-0210,EXM-0018,SUB-CHEM,14.0,D,True,SCH-001
STU-2026-0211,EXM-0018,SUB-CHEM,22.0,A,True,SCH-001
STU-2026-0212,EXM-0018,SUB-CHEM,14.7,D,True,SCH-001
STU-2026-0213,EXM-0018,SUB-CHEM,17.0,C,True,SCH-001
STU-2026-0214,EXM-0018,SUB-CHEM,21.7,A,True,SCH-001
STU-2026-0215,EXM-0018,SUB-CHEM,21.8,A,True,SCH-001
STU-2026-0216,EXM-0018,SUB-CHEM,17.9,B,True,SCH-001
STU-2026-0217,EXM-0018,SUB-CHEM,18.0,B,True,SCH-001
STU-2026-0218,EXM-0018,SUB-CHEM,24.2,A+,True,SCH-001
STU-2026-0219,EXM-0018,SUB-CHEM,15.6,C,True,SCH-001
STU-2026-0220,EXM-0018,SUB-CHEM,20.6,A,True,SCH-001
STU-2026-0221,EXM-0018,SUB-CHEM,6.2,F,False,SCH-001
STU-2026-0222,EXM-0018,SUB-CHEM,17.8,B,True,SCH-001
STU-2026-0223,EXM-0018,SUB-CHEM,15.9,C,True,SCH-001
STU-2026-0224,EXM-0018,SUB-CHEM,15.2,C,True,SCH-001
STU-2026-0225,EXM-0018,SUB-CHEM,23.6,A+,True,SCH-001
STU-2026-0226,EXM-0018,SUB-CHEM,22.1,A,True,SCH-001
STU-2026-0227,EXM-0018,SUB-CHEM,20.9,A,True,SCH-001
STU-2026-0228,EXM-0018,SUB-CHEM,19.7,B,True,SCH-001
STU-2026-0229,EXM-0018,SUB-CHEM,23.3,A+,True,SCH-001
STU-2026-0230,EXM-0018,SUB-CHEM,12.0,F,True,SCH-001
STU-2026-0231,EXM-0018,SUB-CHEM,16.9,C,True,SCH-001
STU-2026-0232,EXM-0018,SUB-CHEM,22.9,A+,True,SCH-001
STU-2026-0233,EXM-0018,SUB-CHEM,18.5,B,True,SCH-001
STU-2026-0234,EXM-0018,SUB-CHEM,16.0,C,True,SCH-001
STU-2026-0235,EXM-0018,SUB-CHEM,21.8,A,True,SCH-001
STU-2026-0236,EXM-0018,SUB-CHEM,16.9,C,True,SCH-001
STU-2026-0237,EXM-0018,SUB-CHEM,17.2,C,True,SCH-001
STU-2026-0238,EXM-0018,SUB-CHEM,18.5,B,True,SCH-001
STU-2026-0239,EXM-0018,SUB-CHEM,19.1,B,True,SCH-001
STU-2026-0240,EXM-0018,SUB-CHEM,18.6,B,True,SCH-001
STU-2026-0241,EXM-0018,SUB-CHEM,22.8,A+,True,SCH-001
STU-2026-0242,EXM-0018,SUB-CHEM,23.5,A+,True,SCH-001
STU-2026-0243,EXM-0018,SUB-CHEM,17.7,B,True,SCH-001
STU-2026-0244,EXM-0018,SUB-CHEM,15.9,C,True,SCH-001
STU-2026-0245,EXM-0018,SUB-CHEM,7.1,F,False,SCH-001
STU-2026-0246,EXM-0018,SUB-CHEM,10.2,F,True,SCH-001
STU-2026-0247,EXM-0018,SUB-CHEM,23.1,A+,True,SCH-001
STU-2026-0248,EXM-0018,SUB-CHEM,17.7,B,True,SCH-001
STU-2026-0249,EXM-0018,SUB-CHEM,12.0,F,True,SCH-001
STU-2026-0250,EXM-0018,SUB-CHEM,18.7,B,True,SCH-001
STU-2026-0251,EXM-0018,SUB-CHEM,8.7,F,False,SCH-001
STU-2026-0252,EXM-0018,SUB-CHEM,17.2,C,True,SCH-001
STU-2026-0253,EXM-0018,SUB-CHEM,6.1,F,False,SCH-001
STU-2026-0254,EXM-0018,SUB-CHEM,20.2,A,True,SCH-001
STU-2026-0255,EXM-0018,SUB-CHEM,23.5,A+,True,SCH-001
STU-2026-0256,EXM-0018,SUB-CHEM,17.1,C,True,SCH-001
STU-2026-0257,EXM-0018,SUB-CHEM,20.7,A,True,SCH-001
STU-2026-0258,EXM-0018,SUB-CHEM,11.5,F,True,SCH-001
STU-2026-0259,EXM-0018,SUB-CHEM,22.0,A,True,SCH-001
STU-2026-0260,EXM-0018,SUB-CHEM,23.5,A+,True,SCH-001
STU-2026-0261,EXM-0018,SUB-CHEM,22.2,A,True,SCH-001
STU-2026-0262,EXM-0018,SUB-CHEM,20.0,A,True,SCH-001
STU-2026-0263,EXM-0018,SUB-CHEM,17.3,C,True,SCH-001
STU-2026-0264,EXM-0018,SUB-CHEM,20.6,A,True,SCH-001
STU-2026-0199,EXM-0019,SUB-ENG,18.4,B,True,SCH-001
STU-2026-0200,EXM-0019,SUB-ENG,19.7,B,True,SCH-001
STU-2026-0201,EXM-0019,SUB-ENG,21.4,A,True,SCH-001
STU-2026-0202,EXM-0019,SUB-ENG,18.6,B,True,SCH-001
STU-2026-0203,EXM-0019,SUB-ENG,20.4,A,True,SCH-001
STU-2026-0204,EXM-0019,SUB-ENG,21.5,A,True,SCH-001
STU-2026-0205,EXM-0019,SUB-ENG,19.4,B,True,SCH-001
STU-2026-0206,EXM-0019,SUB-ENG,14.7,D,True,SCH-001
STU-2026-0207,EXM-0019,SUB-ENG,18.5,B,True,SCH-001
STU-2026-0208,EXM-0019,SUB-ENG,21.5,A,True,SCH-001
STU-2026-0209,EXM-0019,SUB-ENG,21.1,A,True,SCH-001
STU-2026-0210,EXM-0019,SUB-ENG,15.5,C,True,SCH-001
STU-2026-0211,EXM-0019,SUB-ENG,20.4,A,True,SCH-001
STU-2026-0212,EXM-0019,SUB-ENG,15.8,C,True,SCH-001
STU-2026-0213,EXM-0019,SUB-ENG,19.0,B,True,SCH-001
STU-2026-0214,EXM-0019,SUB-ENG,21.9,A,True,SCH-001
STU-2026-0215,EXM-0019,SUB-ENG,21.9,A,True,SCH-001
STU-2026-0216,EXM-0019,SUB-ENG,21.7,A,True,SCH-001
STU-2026-0217,EXM-0019,SUB-ENG,19.2,B,True,SCH-001
STU-2026-0218,EXM-0019,SUB-ENG,19.7,B,True,SCH-001
STU-2026-0219,EXM-0019,SUB-ENG,18.7,B,True,SCH-001
STU-2026-0220,EXM-0019,SUB-ENG,20.3,A,True,SCH-001
STU-2026-0221,EXM-0019,SUB-ENG,6.9,F,False,SCH-001
STU-2026-0222,EXM-0019,SUB-ENG,18.4,B,True,SCH-001
STU-2026-0223,EXM-0019,SUB-ENG,14.0,D,True,SCH-001
STU-2026-0224,EXM-0019,SUB-ENG,20.2,A,True,SCH-001
STU-2026-0225,EXM-0019,SUB-ENG,23.9,A+,True,SCH-001
STU-2026-0226,EXM-0019,SUB-ENG,21.7,A,True,SCH-001
STU-2026-0227,EXM-0019,SUB-ENG,18.0,B,True,SCH-001
STU-2026-0228,EXM-0019,SUB-ENG,21.1,A,True,SCH-001
STU-2026-0229,EXM-0019,SUB-ENG,21.0,A,True,SCH-001
STU-2026-0230,EXM-0019,SUB-ENG,10.7,F,True,SCH-001
STU-2026-0231,EXM-0019,SUB-ENG,16.1,C,True,SCH-001
STU-2026-0232,EXM-0019,SUB-ENG,23.4,A+,True,SCH-001
STU-2026-0233,EXM-0019,SUB-ENG,21.7,A,True,SCH-001
STU-2026-0234,EXM-0019,SUB-ENG,15.7,C,True,SCH-001
STU-2026-0235,EXM-0019,SUB-ENG,19.4,B,True,SCH-001
STU-2026-0236,EXM-0019,SUB-ENG,20.6,A,True,SCH-001
STU-2026-0237,EXM-0019,SUB-ENG,16.1,C,True,SCH-001
STU-2026-0238,EXM-0019,SUB-ENG,18.1,B,True,SCH-001
STU-2026-0239,EXM-0019,SUB-ENG,17.2,C,True,SCH-001
STU-2026-0240,EXM-0019,SUB-ENG,16.0,C,True,SCH-001
STU-2026-0241,EXM-0019,SUB-ENG,22.1,A,True,SCH-001
STU-2026-0242,EXM-0019,SUB-ENG,23.1,A+,True,SCH-001
STU-2026-0243,EXM-0019,SUB-ENG,14.4,D,True,SCH-001
STU-2026-0244,EXM-0019,SUB-ENG,21.7,A,True,SCH-001
STU-2026-0245,EXM-0019,SUB-ENG,4.8,F,False,SCH-001
STU-2026-0246,EXM-0019,SUB-ENG,10.0,F,True,SCH-001
STU-2026-0247,EXM-0019,SUB-ENG,21.9,A,True,SCH-001
STU-2026-0248,EXM-0019,SUB-ENG,16.5,C,True,SCH-001
STU-2026-0249,EXM-0019,SUB-ENG,10.9,F,True,SCH-001
STU-2026-0250,EXM-0019,SUB-ENG,19.3,B,True,SCH-001
STU-2026-0251,EXM-0019,SUB-ENG,6.5,F,False,SCH-001
STU-2026-0252,EXM-0019,SUB-ENG,16.5,C,True,SCH-001
STU-2026-0253,EXM-0019,SUB-ENG,7.4,F,False,SCH-001
STU-2026-0254,EXM-0019,SUB-ENG,20.5,A,True,SCH-001
STU-2026-0255,EXM-0019,SUB-ENG,20.0,A,True,SCH-001
STU-2026-0256,EXM-0019,SUB-ENG,14.1,D,True,SCH-001
STU-2026-0257,EXM-0019,SUB-ENG,21.6,A,True,SCH-001
STU-2026-0258,EXM-0019,SUB-ENG,10.2,F,True,SCH-001
STU-2026-0259,EXM-0019,SUB-ENG,18.8,B,True,SCH-001
STU-2026-0260,EXM-0019,SUB-ENG,20.3,A,True,SCH-001
STU-2026-0261,EXM-0019,SUB-ENG,24.7,A+,True,SCH-001
STU-2026-0262,EXM-0019,SUB-ENG,20.5,A,True,SCH-001
STU-2026-0263,EXM-0019,SUB-ENG,16.7,C,True,SCH-001
STU-2026-0264,EXM-0019,SUB-ENG,17.6,B,True,SCH-001
STU-2026-0199,EXM-0020,SUB-HIST,22.8,A+,True,SCH-001
STU-2026-0200,EXM-0020,SUB-HIST,22.3,A,True,SCH-001
STU-2026-0201,EXM-0020,SUB-HIST,20.4,A,True,SCH-001
STU-2026-0202,EXM-0020,SUB-HIST,19.8,B,True,SCH-001
STU-2026-0203,EXM-0020,SUB-HIST,23.7,A+,True,SCH-001
STU-2026-0204,EXM-0020,SUB-HIST,23.5,A+,True,SCH-001
STU-2026-0205,EXM-0020,SUB-HIST,18.2,B,True,SCH-001
STU-2026-0206,EXM-0020,SUB-HIST,16.2,C,True,SCH-001
STU-2026-0207,EXM-0020,SUB-HIST,17.7,B,True,SCH-001
STU-2026-0208,EXM-0020,SUB-HIST,22.4,A,True,SCH-001
STU-2026-0209,EXM-0020,SUB-HIST,18.5,B,True,SCH-001
STU-2026-0210,EXM-0020,SUB-HIST,13.3,D,True,SCH-001
STU-2026-0211,EXM-0020,SUB-HIST,16.9,C,True,SCH-001
STU-2026-0212,EXM-0020,SUB-HIST,17.3,C,True,SCH-001
STU-2026-0213,EXM-0020,SUB-HIST,14.2,D,True,SCH-001
STU-2026-0214,EXM-0020,SUB-HIST,22.4,A,True,SCH-001
STU-2026-0215,EXM-0020,SUB-HIST,20.7,A,True,SCH-001
STU-2026-0216,EXM-0020,SUB-HIST,19.9,B,True,SCH-001
STU-2026-0217,EXM-0020,SUB-HIST,20.0,A,True,SCH-001
STU-2026-0218,EXM-0020,SUB-HIST,21.5,A,True,SCH-001
STU-2026-0219,EXM-0020,SUB-HIST,19.5,B,True,SCH-001
STU-2026-0220,EXM-0020,SUB-HIST,20.7,A,True,SCH-001
STU-2026-0221,EXM-0020,SUB-HIST,9.1,F,True,SCH-001
STU-2026-0222,EXM-0020,SUB-HIST,17.3,C,True,SCH-001
STU-2026-0223,EXM-0020,SUB-HIST,18.5,B,True,SCH-001
STU-2026-0224,EXM-0020,SUB-HIST,21.3,A,True,SCH-001
STU-2026-0225,EXM-0020,SUB-HIST,23.3,A+,True,SCH-001
STU-2026-0226,EXM-0020,SUB-HIST,22.9,A+,True,SCH-001
STU-2026-0227,EXM-0020,SUB-HIST,20.0,A,True,SCH-001
STU-2026-0228,EXM-0020,SUB-HIST,18.6,B,True,SCH-001
STU-2026-0229,EXM-0020,SUB-HIST,23.5,A+,True,SCH-001
STU-2026-0230,EXM-0020,SUB-HIST,14.9,D,True,SCH-001
STU-2026-0231,EXM-0020,SUB-HIST,16.9,C,True,SCH-001
STU-2026-0232,EXM-0020,SUB-HIST,22.1,A,True,SCH-001
STU-2026-0233,EXM-0020,SUB-HIST,21.2,A,True,SCH-001
STU-2026-0234,EXM-0020,SUB-HIST,16.5,C,True,SCH-001
STU-2026-0235,EXM-0020,SUB-HIST,19.3,B,True,SCH-001
STU-2026-0236,EXM-0020,SUB-HIST,18.0,B,True,SCH-001
STU-2026-0237,EXM-0020,SUB-HIST,15.8,C,True,SCH-001
STU-2026-0238,EXM-0020,SUB-HIST,18.7,B,True,SCH-001
STU-2026-0239,EXM-0020,SUB-HIST,19.0,B,True,SCH-001
STU-2026-0240,EXM-0020,SUB-HIST,19.3,B,True,SCH-001
STU-2026-0241,EXM-0020,SUB-HIST,23.6,A+,True,SCH-001
STU-2026-0242,EXM-0020,SUB-HIST,24.3,A+,True,SCH-001
STU-2026-0243,EXM-0020,SUB-HIST,14.9,D,True,SCH-001
STU-2026-0244,EXM-0020,SUB-HIST,22.3,A,True,SCH-001
STU-2026-0245,EXM-0020,SUB-HIST,4.8,F,False,SCH-001
STU-2026-0246,EXM-0020,SUB-HIST,11.4,F,True,SCH-001
STU-2026-0247,EXM-0020,SUB-HIST,24.8,A+,True,SCH-001
STU-2026-0248,EXM-0020,SUB-HIST,15.6,C,True,SCH-001
STU-2026-0249,EXM-0020,SUB-HIST,9.1,F,True,SCH-001
STU-2026-0250,EXM-0020,SUB-HIST,17.8,B,True,SCH-001
STU-2026-0251,EXM-0020,SUB-HIST,7.1,F,False,SCH-001
STU-2026-0252,EXM-0020,SUB-HIST,19.2,B,True,SCH-001
STU-2026-0253,EXM-0020,SUB-HIST,7.5,F,False,SCH-001
STU-2026-0254,EXM-0020,SUB-HIST,19.1,B,True,SCH-001
STU-2026-0255,EXM-0020,SUB-HIST,18.7,B,True,SCH-001
STU-2026-0256,EXM-0020,SUB-HIST,16.1,C,True,SCH-001
STU-2026-0257,EXM-0020,SUB-HIST,18.4,B,True,SCH-001
STU-2026-0258,EXM-0020,SUB-HIST,14.5,D,True,SCH-001
STU-2026-0259,EXM-0020,SUB-HIST,19.8,B,True,SCH-001
STU-2026-0260,EXM-0020,SUB-HIST,23.7,A+,True,SCH-001
STU-2026-0261,EXM-0020,SUB-HIST,20.5,A,True,SCH-001
STU-2026-0262,EXM-0020,SUB-HIST,17.0,C,True,SCH-001
STU-2026-0263,EXM-0020,SUB-HIST,13.6,D,True,SCH-001
STU-2026-0264,EXM-0020,SUB-HIST,18.2,B,True,SCH-001
STU-2026-0265,EXM-0021,SUB-MATH,17.7,B,True,SCH-001
STU-2026-0266,EXM-0021,SUB-MATH,19.1,B,True,SCH-001
STU-2026-0267,EXM-0021,SUB-MATH,17.7,B,True,SCH-001
STU-2026-0268,EXM-0021,SUB-MATH,19.4,B,True,SCH-001
STU-2026-0269,EXM-0021,SUB-MATH,21.9,A,True,SCH-001
STU-2026-0270,EXM-0021,SUB-MATH,22.8,A+,True,SCH-001
STU-2026-0271,EXM-0021,SUB-MATH,16.3,C,True,SCH-001
STU-2026-0272,EXM-0021,SUB-MATH,13.3,D,True,SCH-001
STU-2026-0273,EXM-0021,SUB-MATH,24.1,A+,True,SCH-001
STU-2026-0274,EXM-0021,SUB-MATH,19.9,B,True,SCH-001
STU-2026-0275,EXM-0021,SUB-MATH,12.9,D,True,SCH-001
STU-2026-0276,EXM-0021,SUB-MATH,16.8,C,True,SCH-001
STU-2026-0277,EXM-0021,SUB-MATH,20.8,A,True,SCH-001
STU-2026-0278,EXM-0021,SUB-MATH,24.2,A+,True,SCH-001
STU-2026-0279,EXM-0021,SUB-MATH,10.7,F,True,SCH-001
STU-2026-0280,EXM-0021,SUB-MATH,22.7,A+,True,SCH-001
STU-2026-0281,EXM-0021,SUB-MATH,16.9,C,True,SCH-001
STU-2026-0282,EXM-0021,SUB-MATH,21.7,A,True,SCH-001
STU-2026-0283,EXM-0021,SUB-MATH,17.4,C,True,SCH-001
STU-2026-0284,EXM-0021,SUB-MATH,15.6,C,True,SCH-001
STU-2026-0285,EXM-0021,SUB-MATH,11.2,F,True,SCH-001
STU-2026-0286,EXM-0021,SUB-MATH,14.7,D,True,SCH-001
STU-2026-0287,EXM-0021,SUB-MATH,16.8,C,True,SCH-001
STU-2026-0288,EXM-0021,SUB-MATH,12.1,F,True,SCH-001
STU-2026-0289,EXM-0021,SUB-MATH,24.4,A+,True,SCH-001
STU-2026-0290,EXM-0021,SUB-MATH,16.6,C,True,SCH-001
STU-2026-0291,EXM-0021,SUB-MATH,16.7,C,True,SCH-001
STU-2026-0292,EXM-0021,SUB-MATH,12.5,D,True,SCH-001
STU-2026-0293,EXM-0021,SUB-MATH,15.6,C,True,SCH-001
STU-2026-0294,EXM-0021,SUB-MATH,19.5,B,True,SCH-001
STU-2026-0295,EXM-0021,SUB-MATH,21.1,A,True,SCH-001
STU-2026-0296,EXM-0021,SUB-MATH,24.8,A+,True,SCH-001
STU-2026-0297,EXM-0021,SUB-MATH,22.2,A,True,SCH-001
STU-2026-0298,EXM-0021,SUB-MATH,21.3,A,True,SCH-001
STU-2026-0299,EXM-0021,SUB-MATH,22.2,A,True,SCH-001
STU-2026-0300,EXM-0021,SUB-MATH,12.2,F,True,SCH-001
STU-2026-0301,EXM-0021,SUB-MATH,21.2,A,True,SCH-001
STU-2026-0302,EXM-0021,SUB-MATH,16.2,C,True,SCH-001
STU-2026-0303,EXM-0021,SUB-MATH,19.4,B,True,SCH-001
STU-2026-0304,EXM-0021,SUB-MATH,18.8,B,True,SCH-001
STU-2026-0305,EXM-0021,SUB-MATH,14.3,D,True,SCH-001
STU-2026-0306,EXM-0021,SUB-MATH,13.1,D,True,SCH-001
STU-2026-0307,EXM-0021,SUB-MATH,22.7,A+,True,SCH-001
STU-2026-0308,EXM-0021,SUB-MATH,21.2,A,True,SCH-001
STU-2026-0309,EXM-0021,SUB-MATH,19.1,B,True,SCH-001
STU-2026-0310,EXM-0021,SUB-MATH,9.7,F,True,SCH-001
STU-2026-0311,EXM-0021,SUB-MATH,24.2,A+,True,SCH-001
STU-2026-0312,EXM-0021,SUB-MATH,20.9,A,True,SCH-001
STU-2026-0313,EXM-0021,SUB-MATH,23.2,A+,True,SCH-001
STU-2026-0314,EXM-0021,SUB-MATH,18.6,B,True,SCH-001
STU-2026-0315,EXM-0021,SUB-MATH,17.2,C,True,SCH-001
STU-2026-0316,EXM-0021,SUB-MATH,17.1,C,True,SCH-001
STU-2026-0317,EXM-0021,SUB-MATH,20.0,A,True,SCH-001
STU-2026-0318,EXM-0021,SUB-MATH,24.8,A+,True,SCH-001
STU-2026-0319,EXM-0021,SUB-MATH,17.7,B,True,SCH-001
STU-2026-0320,EXM-0021,SUB-MATH,10.5,F,True,SCH-001
STU-2026-0321,EXM-0021,SUB-MATH,19.5,B,True,SCH-001
STU-2026-0322,EXM-0021,SUB-MATH,22.0,A,True,SCH-001
STU-2026-0323,EXM-0021,SUB-MATH,17.8,B,True,SCH-001
STU-2026-0324,EXM-0021,SUB-MATH,22.9,A+,True,SCH-001
STU-2026-0325,EXM-0021,SUB-MATH,17.1,C,True,SCH-001
STU-2026-0326,EXM-0021,SUB-MATH,21.6,A,True,SCH-001
STU-2026-0327,EXM-0021,SUB-MATH,19.8,B,True,SCH-001
STU-2026-0328,EXM-0021,SUB-MATH,19.3,B,True,SCH-001
STU-2026-0329,EXM-0021,SUB-MATH,21.7,A,True,SCH-001
STU-2026-0330,EXM-0021,SUB-MATH,22.1,A,True,SCH-001
STU-2026-0265,EXM-0022,SUB-PHY,20.7,A,True,SCH-001
STU-2026-0266,EXM-0022,SUB-PHY,17.7,B,True,SCH-001
STU-2026-0267,EXM-0022,SUB-PHY,19.1,B,True,SCH-001
STU-2026-0268,EXM-0022,SUB-PHY,19.2,B,True,SCH-001
STU-2026-0269,EXM-0022,SUB-PHY,20.4,A,True,SCH-001
STU-2026-0270,EXM-0022,SUB-PHY,22.4,A,True,SCH-001
STU-2026-0271,EXM-0022,SUB-PHY,17.5,B,True,SCH-001
STU-2026-0272,EXM-0022,SUB-PHY,15.7,C,True,SCH-001
STU-2026-0273,EXM-0022,SUB-PHY,23.0,A+,True,SCH-001
STU-2026-0274,EXM-0022,SUB-PHY,19.2,B,True,SCH-001
STU-2026-0275,EXM-0022,SUB-PHY,14.7,D,True,SCH-001
STU-2026-0276,EXM-0022,SUB-PHY,15.7,C,True,SCH-001
STU-2026-0277,EXM-0022,SUB-PHY,19.5,B,True,SCH-001
STU-2026-0278,EXM-0022,SUB-PHY,22.5,A+,True,SCH-001
STU-2026-0279,EXM-0022,SUB-PHY,9.9,F,True,SCH-001
STU-2026-0280,EXM-0022,SUB-PHY,21.8,A,True,SCH-001
STU-2026-0281,EXM-0022,SUB-PHY,19.2,B,True,SCH-001
STU-2026-0282,EXM-0022,SUB-PHY,18.7,B,True,SCH-001
STU-2026-0283,EXM-0022,SUB-PHY,11.9,F,True,SCH-001
STU-2026-0284,EXM-0022,SUB-PHY,21.2,A,True,SCH-001
STU-2026-0285,EXM-0022,SUB-PHY,12.4,F,True,SCH-001
STU-2026-0286,EXM-0022,SUB-PHY,17.9,B,True,SCH-001
STU-2026-0287,EXM-0022,SUB-PHY,20.0,A,True,SCH-001
STU-2026-0288,EXM-0022,SUB-PHY,11.3,F,True,SCH-001
STU-2026-0289,EXM-0022,SUB-PHY,23.1,A+,True,SCH-001
STU-2026-0290,EXM-0022,SUB-PHY,20.9,A,True,SCH-001
STU-2026-0291,EXM-0022,SUB-PHY,16.5,C,True,SCH-001
STU-2026-0292,EXM-0022,SUB-PHY,14.9,D,True,SCH-001
STU-2026-0293,EXM-0022,SUB-PHY,20.5,A,True,SCH-001
STU-2026-0294,EXM-0022,SUB-PHY,18.4,B,True,SCH-001
STU-2026-0295,EXM-0022,SUB-PHY,21.0,A,True,SCH-001
STU-2026-0296,EXM-0022,SUB-PHY,20.9,A,True,SCH-001
STU-2026-0297,EXM-0022,SUB-PHY,19.2,B,True,SCH-001
STU-2026-0298,EXM-0022,SUB-PHY,22.4,A,True,SCH-001
STU-2026-0299,EXM-0022,SUB-PHY,23.4,A+,True,SCH-001
STU-2026-0300,EXM-0022,SUB-PHY,11.2,F,True,SCH-001
STU-2026-0301,EXM-0022,SUB-PHY,16.9,C,True,SCH-001
STU-2026-0302,EXM-0022,SUB-PHY,17.3,C,True,SCH-001
STU-2026-0303,EXM-0022,SUB-PHY,21.3,A,True,SCH-001
STU-2026-0304,EXM-0022,SUB-PHY,17.5,B,True,SCH-001
STU-2026-0305,EXM-0022,SUB-PHY,14.2,D,True,SCH-001
STU-2026-0306,EXM-0022,SUB-PHY,9.8,F,True,SCH-001
STU-2026-0307,EXM-0022,SUB-PHY,22.5,A+,True,SCH-001
STU-2026-0308,EXM-0022,SUB-PHY,18.8,B,True,SCH-001
STU-2026-0309,EXM-0022,SUB-PHY,16.4,C,True,SCH-001
STU-2026-0310,EXM-0022,SUB-PHY,9.0,F,True,SCH-001
STU-2026-0311,EXM-0022,SUB-PHY,22.6,A+,True,SCH-001
STU-2026-0312,EXM-0022,SUB-PHY,22.7,A+,True,SCH-001
STU-2026-0313,EXM-0022,SUB-PHY,20.1,A,True,SCH-001
STU-2026-0314,EXM-0022,SUB-PHY,21.1,A,True,SCH-001
STU-2026-0315,EXM-0022,SUB-PHY,18.3,B,True,SCH-001
STU-2026-0316,EXM-0022,SUB-PHY,16.1,C,True,SCH-001
STU-2026-0317,EXM-0022,SUB-PHY,22.5,A+,True,SCH-001
STU-2026-0318,EXM-0022,SUB-PHY,23.4,A+,True,SCH-001
STU-2026-0319,EXM-0022,SUB-PHY,19.1,B,True,SCH-001
STU-2026-0320,EXM-0022,SUB-PHY,10.6,F,True,SCH-001
STU-2026-0321,EXM-0022,SUB-PHY,18.9,B,True,SCH-001
STU-2026-0322,EXM-0022,SUB-PHY,20.0,A,True,SCH-001
STU-2026-0323,EXM-0022,SUB-PHY,13.8,D,True,SCH-001
STU-2026-0324,EXM-0022,SUB-PHY,20.6,A,True,SCH-001
STU-2026-0325,EXM-0022,SUB-PHY,18.7,B,True,SCH-001
STU-2026-0326,EXM-0022,SUB-PHY,16.5,C,True,SCH-001
STU-2026-0327,EXM-0022,SUB-PHY,20.0,A,True,SCH-001
STU-2026-0328,EXM-0022,SUB-PHY,19.6,B,True,SCH-001
STU-2026-0329,EXM-0022,SUB-PHY,22.7,A+,True,SCH-001
STU-2026-0330,EXM-0022,SUB-PHY,18.2,B,True,SCH-001
STU-2026-0265,EXM-0023,SUB-CHEM,20.1,A,True,SCH-001
STU-2026-0266,EXM-0023,SUB-CHEM,18.6,B,True,SCH-001
STU-2026-0267,EXM-0023,SUB-CHEM,17.8,B,True,SCH-001
STU-2026-0268,EXM-0023,SUB-CHEM,18.0,B,True,SCH-001
STU-2026-0269,EXM-0023,SUB-CHEM,22.0,A,True,SCH-001
STU-2026-0270,EXM-0023,SUB-CHEM,21.4,A,True,SCH-001
STU-2026-0271,EXM-0023,SUB-CHEM,17.2,C,True,SCH-001
STU-2026-0272,EXM-0023,SUB-CHEM,17.8,B,True,SCH-001
STU-2026-0273,EXM-0023,SUB-CHEM,21.4,A,True,SCH-001
STU-2026-0274,EXM-0023,SUB-CHEM,14.6,D,True,SCH-001
STU-2026-0275,EXM-0023,SUB-CHEM,14.2,D,True,SCH-001
STU-2026-0276,EXM-0023,SUB-CHEM,15.2,C,True,SCH-001
STU-2026-0277,EXM-0023,SUB-CHEM,18.6,B,True,SCH-001
STU-2026-0278,EXM-0023,SUB-CHEM,22.3,A,True,SCH-001
STU-2026-0279,EXM-0023,SUB-CHEM,8.8,F,False,SCH-001
STU-2026-0280,EXM-0023,SUB-CHEM,24.8,A+,True,SCH-001
STU-2026-0281,EXM-0023,SUB-CHEM,20.5,A,True,SCH-001
STU-2026-0282,EXM-0023,SUB-CHEM,19.1,B,True,SCH-001
STU-2026-0283,EXM-0023,SUB-CHEM,15.6,C,True,SCH-001
STU-2026-0284,EXM-0023,SUB-CHEM,19.4,B,True,SCH-001
STU-2026-0285,EXM-0023,SUB-CHEM,11.3,F,True,SCH-001
STU-2026-0286,EXM-0023,SUB-CHEM,17.8,B,True,SCH-001
STU-2026-0287,EXM-0023,SUB-CHEM,21.5,A,True,SCH-001
STU-2026-0288,EXM-0023,SUB-CHEM,9.8,F,True,SCH-001
STU-2026-0289,EXM-0023,SUB-CHEM,22.7,A+,True,SCH-001
STU-2026-0290,EXM-0023,SUB-CHEM,18.1,B,True,SCH-001
STU-2026-0291,EXM-0023,SUB-CHEM,18.8,B,True,SCH-001
STU-2026-0292,EXM-0023,SUB-CHEM,13.8,D,True,SCH-001
STU-2026-0293,EXM-0023,SUB-CHEM,15.8,C,True,SCH-001
STU-2026-0294,EXM-0023,SUB-CHEM,15.9,C,True,SCH-001
STU-2026-0295,EXM-0023,SUB-CHEM,21.5,A,True,SCH-001
STU-2026-0296,EXM-0023,SUB-CHEM,23.2,A+,True,SCH-001
STU-2026-0297,EXM-0023,SUB-CHEM,17.0,C,True,SCH-001
STU-2026-0298,EXM-0023,SUB-CHEM,20.6,A,True,SCH-001
STU-2026-0299,EXM-0023,SUB-CHEM,20.4,A,True,SCH-001
STU-2026-0300,EXM-0023,SUB-CHEM,9.5,F,True,SCH-001
STU-2026-0301,EXM-0023,SUB-CHEM,19.7,B,True,SCH-001
STU-2026-0302,EXM-0023,SUB-CHEM,14.7,D,True,SCH-001
STU-2026-0303,EXM-0023,SUB-CHEM,20.3,A,True,SCH-001
STU-2026-0304,EXM-0023,SUB-CHEM,17.4,C,True,SCH-001
STU-2026-0305,EXM-0023,SUB-CHEM,14.4,D,True,SCH-001
STU-2026-0306,EXM-0023,SUB-CHEM,11.7,F,True,SCH-001
STU-2026-0307,EXM-0023,SUB-CHEM,21.3,A,True,SCH-001
STU-2026-0308,EXM-0023,SUB-CHEM,19.3,B,True,SCH-001
STU-2026-0309,EXM-0023,SUB-CHEM,16.4,C,True,SCH-001
STU-2026-0310,EXM-0023,SUB-CHEM,12.0,F,True,SCH-001
STU-2026-0311,EXM-0023,SUB-CHEM,23.7,A+,True,SCH-001
STU-2026-0312,EXM-0023,SUB-CHEM,20.8,A,True,SCH-001
STU-2026-0313,EXM-0023,SUB-CHEM,24.1,A+,True,SCH-001
STU-2026-0314,EXM-0023,SUB-CHEM,18.9,B,True,SCH-001
STU-2026-0315,EXM-0023,SUB-CHEM,15.1,C,True,SCH-001
STU-2026-0316,EXM-0023,SUB-CHEM,15.1,C,True,SCH-001
STU-2026-0317,EXM-0023,SUB-CHEM,20.1,A,True,SCH-001
STU-2026-0318,EXM-0023,SUB-CHEM,21.6,A,True,SCH-001
STU-2026-0319,EXM-0023,SUB-CHEM,15.5,C,True,SCH-001
STU-2026-0320,EXM-0023,SUB-CHEM,12.2,F,True,SCH-001
STU-2026-0321,EXM-0023,SUB-CHEM,19.1,B,True,SCH-001
STU-2026-0322,EXM-0023,SUB-CHEM,21.1,A,True,SCH-001
STU-2026-0323,EXM-0023,SUB-CHEM,18.7,B,True,SCH-001
STU-2026-0324,EXM-0023,SUB-CHEM,23.0,A+,True,SCH-001
STU-2026-0325,EXM-0023,SUB-CHEM,19.8,B,True,SCH-001
STU-2026-0326,EXM-0023,SUB-CHEM,19.8,B,True,SCH-001
STU-2026-0327,EXM-0023,SUB-CHEM,22.9,A+,True,SCH-001
STU-2026-0328,EXM-0023,SUB-CHEM,19.5,B,True,SCH-001
STU-2026-0329,EXM-0023,SUB-CHEM,22.3,A,True,SCH-001
STU-2026-0330,EXM-0023,SUB-CHEM,17.6,B,True,SCH-001
STU-2026-0265,EXM-0024,SUB-ENG,22.2,A,True,SCH-001
STU-2026-0266,EXM-0024,SUB-ENG,17.8,B,True,SCH-001
STU-2026-0267,EXM-0024,SUB-ENG,16.3,C,True,SCH-001
STU-2026-0268,EXM-0024,SUB-ENG,19.0,B,True,SCH-001
STU-2026-0269,EXM-0024,SUB-ENG,20.1,A,True,SCH-001
STU-2026-0270,EXM-0024,SUB-ENG,21.7,A,True,SCH-001
STU-2026-0271,EXM-0024,SUB-ENG,12.5,D,True,SCH-001
STU-2026-0272,EXM-0024,SUB-ENG,21.5,A,True,SCH-001
STU-2026-0273,EXM-0024,SUB-ENG,17.6,B,True,SCH-001
STU-2026-0274,EXM-0024,SUB-ENG,17.5,B,True,SCH-001
STU-2026-0275,EXM-0024,SUB-ENG,11.8,F,True,SCH-001
STU-2026-0276,EXM-0024,SUB-ENG,15.1,C,True,SCH-001
STU-2026-0277,EXM-0024,SUB-ENG,17.5,B,True,SCH-001
STU-2026-0278,EXM-0024,SUB-ENG,21.4,A,True,SCH-001
STU-2026-0279,EXM-0024,SUB-ENG,8.8,F,False,SCH-001
STU-2026-0280,EXM-0024,SUB-ENG,22.6,A+,True,SCH-001
STU-2026-0281,EXM-0024,SUB-ENG,19.0,B,True,SCH-001
STU-2026-0282,EXM-0024,SUB-ENG,19.6,B,True,SCH-001
STU-2026-0283,EXM-0024,SUB-ENG,13.8,D,True,SCH-001
STU-2026-0284,EXM-0024,SUB-ENG,22.6,A+,True,SCH-001
STU-2026-0285,EXM-0024,SUB-ENG,11.4,F,True,SCH-001
STU-2026-0286,EXM-0024,SUB-ENG,15.0,C,True,SCH-001
STU-2026-0287,EXM-0024,SUB-ENG,17.7,B,True,SCH-001
STU-2026-0288,EXM-0024,SUB-ENG,9.8,F,True,SCH-001
STU-2026-0289,EXM-0024,SUB-ENG,21.8,A,True,SCH-001
STU-2026-0290,EXM-0024,SUB-ENG,19.6,B,True,SCH-001
STU-2026-0291,EXM-0024,SUB-ENG,13.1,D,True,SCH-001
STU-2026-0292,EXM-0024,SUB-ENG,13.2,D,True,SCH-001
STU-2026-0293,EXM-0024,SUB-ENG,17.6,B,True,SCH-001
STU-2026-0294,EXM-0024,SUB-ENG,17.2,C,True,SCH-001
STU-2026-0295,EXM-0024,SUB-ENG,19.2,B,True,SCH-001
STU-2026-0296,EXM-0024,SUB-ENG,20.5,A,True,SCH-001
STU-2026-0297,EXM-0024,SUB-ENG,17.8,B,True,SCH-001
STU-2026-0298,EXM-0024,SUB-ENG,23.9,A+,True,SCH-001
STU-2026-0299,EXM-0024,SUB-ENG,24.4,A+,True,SCH-001
STU-2026-0300,EXM-0024,SUB-ENG,10.5,F,True,SCH-001
STU-2026-0301,EXM-0024,SUB-ENG,21.4,A,True,SCH-001
STU-2026-0302,EXM-0024,SUB-ENG,15.8,C,True,SCH-001
STU-2026-0303,EXM-0024,SUB-ENG,18.8,B,True,SCH-001
STU-2026-0304,EXM-0024,SUB-ENG,24.0,A+,True,SCH-001
STU-2026-0305,EXM-0024,SUB-ENG,11.3,F,True,SCH-001
STU-2026-0306,EXM-0024,SUB-ENG,8.8,F,False,SCH-001
STU-2026-0307,EXM-0024,SUB-ENG,23.8,A+,True,SCH-001
STU-2026-0308,EXM-0024,SUB-ENG,19.4,B,True,SCH-001
STU-2026-0309,EXM-0024,SUB-ENG,19.0,B,True,SCH-001
STU-2026-0310,EXM-0024,SUB-ENG,11.0,F,True,SCH-001
STU-2026-0311,EXM-0024,SUB-ENG,24.8,A+,True,SCH-001
STU-2026-0312,EXM-0024,SUB-ENG,21.4,A,True,SCH-001
STU-2026-0313,EXM-0024,SUB-ENG,22.0,A,True,SCH-001
STU-2026-0314,EXM-0024,SUB-ENG,19.1,B,True,SCH-001
STU-2026-0315,EXM-0024,SUB-ENG,17.0,C,True,SCH-001
STU-2026-0316,EXM-0024,SUB-ENG,14.0,D,True,SCH-001
STU-2026-0317,EXM-0024,SUB-ENG,21.2,A,True,SCH-001
STU-2026-0318,EXM-0024,SUB-ENG,24.8,A+,True,SCH-001
STU-2026-0319,EXM-0024,SUB-ENG,15.7,C,True,SCH-001
STU-2026-0320,EXM-0024,SUB-ENG,10.0,F,True,SCH-001
STU-2026-0321,EXM-0024,SUB-ENG,19.4,B,True,SCH-001
STU-2026-0322,EXM-0024,SUB-ENG,17.9,B,True,SCH-001
STU-2026-0323,EXM-0024,SUB-ENG,18.0,B,True,SCH-001
STU-2026-0324,EXM-0024,SUB-ENG,19.7,B,True,SCH-001
STU-2026-0325,EXM-0024,SUB-ENG,17.8,B,True,SCH-001
STU-2026-0326,EXM-0024,SUB-ENG,17.4,C,True,SCH-001
STU-2026-0327,EXM-0024,SUB-ENG,20.5,A,True,SCH-001
STU-2026-0328,EXM-0024,SUB-ENG,19.2,B,True,SCH-001
STU-2026-0329,EXM-0024,SUB-ENG,20.0,A,True,SCH-001
STU-2026-0330,EXM-0024,SUB-ENG,19.3,B,True,SCH-001
STU-2026-0265,EXM-0025,SUB-HIST,21.5,A,True,SCH-001
STU-2026-0266,EXM-0025,SUB-HIST,20.7,A,True,SCH-001
STU-2026-0267,EXM-0025,SUB-HIST,18.2,B,True,SCH-001
STU-2026-0268,EXM-0025,SUB-HIST,17.2,C,True,SCH-001
STU-2026-0269,EXM-0025,SUB-HIST,20.9,A,True,SCH-001
STU-2026-0270,EXM-0025,SUB-HIST,20.9,A,True,SCH-001
STU-2026-0271,EXM-0025,SUB-HIST,16.6,C,True,SCH-001
STU-2026-0272,EXM-0025,SUB-HIST,17.9,B,True,SCH-001
STU-2026-0273,EXM-0025,SUB-HIST,20.9,A,True,SCH-001
STU-2026-0274,EXM-0025,SUB-HIST,16.6,C,True,SCH-001
STU-2026-0275,EXM-0025,SUB-HIST,12.6,D,True,SCH-001
STU-2026-0276,EXM-0025,SUB-HIST,14.6,D,True,SCH-001
STU-2026-0277,EXM-0025,SUB-HIST,19.2,B,True,SCH-001
STU-2026-0278,EXM-0025,SUB-HIST,19.1,B,True,SCH-001
STU-2026-0279,EXM-0025,SUB-HIST,7.4,F,False,SCH-001
STU-2026-0280,EXM-0025,SUB-HIST,20.5,A,True,SCH-001
STU-2026-0281,EXM-0025,SUB-HIST,18.9,B,True,SCH-001
STU-2026-0282,EXM-0025,SUB-HIST,21.0,A,True,SCH-001
STU-2026-0283,EXM-0025,SUB-HIST,16.0,C,True,SCH-001
STU-2026-0284,EXM-0025,SUB-HIST,22.5,A+,True,SCH-001
STU-2026-0285,EXM-0025,SUB-HIST,10.1,F,True,SCH-001
STU-2026-0286,EXM-0025,SUB-HIST,14.8,D,True,SCH-001
STU-2026-0287,EXM-0025,SUB-HIST,19.7,B,True,SCH-001
STU-2026-0288,EXM-0025,SUB-HIST,10.4,F,True,SCH-001
STU-2026-0289,EXM-0025,SUB-HIST,24.8,A+,True,SCH-001
STU-2026-0290,EXM-0025,SUB-HIST,18.6,B,True,SCH-001
STU-2026-0291,EXM-0025,SUB-HIST,18.7,B,True,SCH-001
STU-2026-0292,EXM-0025,SUB-HIST,11.3,F,True,SCH-001
STU-2026-0293,EXM-0025,SUB-HIST,17.2,C,True,SCH-001
STU-2026-0294,EXM-0025,SUB-HIST,17.4,C,True,SCH-001
STU-2026-0295,EXM-0025,SUB-HIST,19.1,B,True,SCH-001
STU-2026-0296,EXM-0025,SUB-HIST,21.9,A,True,SCH-001
STU-2026-0297,EXM-0025,SUB-HIST,18.6,B,True,SCH-001
STU-2026-0298,EXM-0025,SUB-HIST,22.7,A+,True,SCH-001
STU-2026-0299,EXM-0025,SUB-HIST,23.6,A+,True,SCH-001
STU-2026-0300,EXM-0025,SUB-HIST,7.9,F,False,SCH-001
STU-2026-0301,EXM-0025,SUB-HIST,21.1,A,True,SCH-001
STU-2026-0302,EXM-0025,SUB-HIST,18.4,B,True,SCH-001
STU-2026-0303,EXM-0025,SUB-HIST,19.2,B,True,SCH-001
STU-2026-0304,EXM-0025,SUB-HIST,18.7,B,True,SCH-001
STU-2026-0305,EXM-0025,SUB-HIST,13.1,D,True,SCH-001
STU-2026-0306,EXM-0025,SUB-HIST,8.8,F,False,SCH-001
STU-2026-0307,EXM-0025,SUB-HIST,22.2,A,True,SCH-001
STU-2026-0308,EXM-0025,SUB-HIST,22.2,A,True,SCH-001
STU-2026-0309,EXM-0025,SUB-HIST,20.2,A,True,SCH-001
STU-2026-0310,EXM-0025,SUB-HIST,7.1,F,False,SCH-001
STU-2026-0311,EXM-0025,SUB-HIST,24.8,A+,True,SCH-001
STU-2026-0312,EXM-0025,SUB-HIST,18.9,B,True,SCH-001
STU-2026-0313,EXM-0025,SUB-HIST,23.4,A+,True,SCH-001
STU-2026-0314,EXM-0025,SUB-HIST,21.7,A,True,SCH-001
STU-2026-0315,EXM-0025,SUB-HIST,16.6,C,True,SCH-001
STU-2026-0316,EXM-0025,SUB-HIST,13.6,D,True,SCH-001
STU-2026-0317,EXM-0025,SUB-HIST,20.4,A,True,SCH-001
STU-2026-0318,EXM-0025,SUB-HIST,24.8,A+,True,SCH-001
STU-2026-0319,EXM-0025,SUB-HIST,18.8,B,True,SCH-001
STU-2026-0320,EXM-0025,SUB-HIST,9.7,F,True,SCH-001
STU-2026-0321,EXM-0025,SUB-HIST,22.4,A,True,SCH-001
STU-2026-0322,EXM-0025,SUB-HIST,23.4,A+,True,SCH-001
STU-2026-0323,EXM-0025,SUB-HIST,18.7,B,True,SCH-001
STU-2026-0324,EXM-0025,SUB-HIST,19.6,B,True,SCH-001
STU-2026-0325,EXM-0025,SUB-HIST,19.1,B,True,SCH-001
STU-2026-0326,EXM-0025,SUB-HIST,18.4,B,True,SCH-001
STU-2026-0327,EXM-0025,SUB-HIST,22.2,A,True,SCH-001
STU-2026-0328,EXM-0025,SUB-HIST,18.6,B,True,SCH-001
STU-2026-0329,EXM-0025,SUB-HIST,21.2,A,True,SCH-001
STU-2026-0330,EXM-0025,SUB-HIST,18.3,B,True,SCH-001
STU-2026-0331,EXM-0026,SUB-MATH,17.8,B,True,SCH-001
STU-2026-0332,EXM-0026,SUB-MATH,16.9,C,True,SCH-001
STU-2026-0333,EXM-0026,SUB-MATH,17.6,B,True,SCH-001
STU-2026-0334,EXM-0026,SUB-MATH,19.5,B,True,SCH-001
STU-2026-0335,EXM-0026,SUB-MATH,18.0,B,True,SCH-001
STU-2026-0336,EXM-0026,SUB-MATH,18.6,B,True,SCH-001
STU-2026-0337,EXM-0026,SUB-MATH,16.2,C,True,SCH-001
STU-2026-0338,EXM-0026,SUB-MATH,20.0,A,True,SCH-001
STU-2026-0339,EXM-0026,SUB-MATH,15.1,C,True,SCH-001
STU-2026-0340,EXM-0026,SUB-MATH,19.7,B,True,SCH-001
STU-2026-0341,EXM-0026,SUB-MATH,16.2,C,True,SCH-001
STU-2026-0342,EXM-0026,SUB-MATH,19.2,B,True,SCH-001
STU-2026-0343,EXM-0026,SUB-MATH,11.6,F,True,SCH-001
STU-2026-0344,EXM-0026,SUB-MATH,13.7,D,True,SCH-001
STU-2026-0345,EXM-0026,SUB-MATH,16.2,C,True,SCH-001
STU-2026-0346,EXM-0026,SUB-MATH,19.5,B,True,SCH-001
STU-2026-0347,EXM-0026,SUB-MATH,24.8,A+,True,SCH-001
STU-2026-0348,EXM-0026,SUB-MATH,16.9,C,True,SCH-001
STU-2026-0349,EXM-0026,SUB-MATH,21.0,A,True,SCH-001
STU-2026-0350,EXM-0026,SUB-MATH,21.9,A,True,SCH-001
STU-2026-0351,EXM-0026,SUB-MATH,16.4,C,True,SCH-001
STU-2026-0352,EXM-0026,SUB-MATH,18.6,B,True,SCH-001
STU-2026-0353,EXM-0026,SUB-MATH,21.0,A,True,SCH-001
STU-2026-0354,EXM-0026,SUB-MATH,19.8,B,True,SCH-001
STU-2026-0355,EXM-0026,SUB-MATH,13.4,D,True,SCH-001
STU-2026-0356,EXM-0026,SUB-MATH,22.2,A,True,SCH-001
STU-2026-0357,EXM-0026,SUB-MATH,17.0,C,True,SCH-001
STU-2026-0358,EXM-0026,SUB-MATH,20.1,A,True,SCH-001
STU-2026-0359,EXM-0026,SUB-MATH,20.2,A,True,SCH-001
STU-2026-0360,EXM-0026,SUB-MATH,21.4,A,True,SCH-001
STU-2026-0361,EXM-0026,SUB-MATH,18.4,B,True,SCH-001
STU-2026-0362,EXM-0026,SUB-MATH,16.5,C,True,SCH-001
STU-2026-0363,EXM-0026,SUB-MATH,21.4,A,True,SCH-001
STU-2026-0364,EXM-0026,SUB-MATH,17.7,B,True,SCH-001
STU-2026-0365,EXM-0026,SUB-MATH,24.8,A+,True,SCH-001
STU-2026-0366,EXM-0026,SUB-MATH,23.0,A+,True,SCH-001
STU-2026-0367,EXM-0026,SUB-MATH,18.4,B,True,SCH-001
STU-2026-0368,EXM-0026,SUB-MATH,14.2,D,True,SCH-001
STU-2026-0369,EXM-0026,SUB-MATH,23.3,A+,True,SCH-001
STU-2026-0370,EXM-0026,SUB-MATH,21.5,A,True,SCH-001
STU-2026-0371,EXM-0026,SUB-MATH,14.4,D,True,SCH-001
STU-2026-0372,EXM-0026,SUB-MATH,19.5,B,True,SCH-001
STU-2026-0373,EXM-0026,SUB-MATH,16.6,C,True,SCH-001
STU-2026-0374,EXM-0026,SUB-MATH,20.4,A,True,SCH-001
STU-2026-0375,EXM-0026,SUB-MATH,21.8,A,True,SCH-001
STU-2026-0376,EXM-0026,SUB-MATH,20.5,A,True,SCH-001
STU-2026-0377,EXM-0026,SUB-MATH,18.0,B,True,SCH-001
STU-2026-0378,EXM-0026,SUB-MATH,10.2,F,True,SCH-001
STU-2026-0379,EXM-0026,SUB-MATH,19.3,B,True,SCH-001
STU-2026-0380,EXM-0026,SUB-MATH,14.7,D,True,SCH-001
STU-2026-0381,EXM-0026,SUB-MATH,22.4,A,True,SCH-001
STU-2026-0382,EXM-0026,SUB-MATH,19.0,B,True,SCH-001
STU-2026-0383,EXM-0026,SUB-MATH,18.4,B,True,SCH-001
STU-2026-0384,EXM-0026,SUB-MATH,21.9,A,True,SCH-001
STU-2026-0385,EXM-0026,SUB-MATH,19.2,B,True,SCH-001
STU-2026-0386,EXM-0026,SUB-MATH,12.9,D,True,SCH-001
STU-2026-0387,EXM-0026,SUB-MATH,11.9,F,True,SCH-001
STU-2026-0388,EXM-0026,SUB-MATH,15.8,C,True,SCH-001
STU-2026-0389,EXM-0026,SUB-MATH,22.9,A+,True,SCH-001
STU-2026-0390,EXM-0026,SUB-MATH,19.5,B,True,SCH-001
STU-2026-0391,EXM-0026,SUB-MATH,19.1,B,True,SCH-001
STU-2026-0392,EXM-0026,SUB-MATH,21.5,A,True,SCH-001
STU-2026-0393,EXM-0026,SUB-MATH,19.0,B,True,SCH-001
STU-2026-0394,EXM-0026,SUB-MATH,17.5,B,True,SCH-001
STU-2026-0395,EXM-0026,SUB-MATH,16.1,C,True,SCH-001
STU-2026-0396,EXM-0026,SUB-MATH,21.5,A,True,SCH-001
STU-2026-0331,EXM-0027,SUB-PHY,18.4,B,True,SCH-001
STU-2026-0332,EXM-0027,SUB-PHY,18.6,B,True,SCH-001
STU-2026-0333,EXM-0027,SUB-PHY,21.0,A,True,SCH-001
STU-2026-0334,EXM-0027,SUB-PHY,21.4,A,True,SCH-001
STU-2026-0335,EXM-0027,SUB-PHY,19.8,B,True,SCH-001
STU-2026-0336,EXM-0027,SUB-PHY,19.4,B,True,SCH-001
STU-2026-0337,EXM-0027,SUB-PHY,19.4,B,True,SCH-001
STU-2026-0338,EXM-0027,SUB-PHY,18.0,B,True,SCH-001
STU-2026-0339,EXM-0027,SUB-PHY,15.8,C,True,SCH-001
STU-2026-0340,EXM-0027,SUB-PHY,20.8,A,True,SCH-001
STU-2026-0341,EXM-0027,SUB-PHY,16.2,C,True,SCH-001
STU-2026-0342,EXM-0027,SUB-PHY,17.4,C,True,SCH-001
STU-2026-0343,EXM-0027,SUB-PHY,10.3,F,True,SCH-001
STU-2026-0344,EXM-0027,SUB-PHY,15.0,C,True,SCH-001
STU-2026-0345,EXM-0027,SUB-PHY,18.2,B,True,SCH-001
STU-2026-0346,EXM-0027,SUB-PHY,18.8,B,True,SCH-001
STU-2026-0347,EXM-0027,SUB-PHY,22.8,A+,True,SCH-001
STU-2026-0348,EXM-0027,SUB-PHY,20.0,A,True,SCH-001
STU-2026-0349,EXM-0027,SUB-PHY,18.5,B,True,SCH-001
STU-2026-0350,EXM-0027,SUB-PHY,17.1,C,True,SCH-001
STU-2026-0351,EXM-0027,SUB-PHY,20.3,A,True,SCH-001
STU-2026-0352,EXM-0027,SUB-PHY,19.4,B,True,SCH-001
STU-2026-0353,EXM-0027,SUB-PHY,18.1,B,True,SCH-001
STU-2026-0354,EXM-0027,SUB-PHY,20.7,A,True,SCH-001
STU-2026-0355,EXM-0027,SUB-PHY,10.6,F,True,SCH-001
STU-2026-0356,EXM-0027,SUB-PHY,21.5,A,True,SCH-001
STU-2026-0357,EXM-0027,SUB-PHY,17.2,C,True,SCH-001
STU-2026-0358,EXM-0027,SUB-PHY,18.7,B,True,SCH-001
STU-2026-0359,EXM-0027,SUB-PHY,18.7,B,True,SCH-001
STU-2026-0360,EXM-0027,SUB-PHY,20.6,A,True,SCH-001
STU-2026-0361,EXM-0027,SUB-PHY,16.5,C,True,SCH-001
STU-2026-0362,EXM-0027,SUB-PHY,17.3,C,True,SCH-001
STU-2026-0363,EXM-0027,SUB-PHY,19.4,B,True,SCH-001
STU-2026-0364,EXM-0027,SUB-PHY,15.2,C,True,SCH-001
STU-2026-0365,EXM-0027,SUB-PHY,23.8,A+,True,SCH-001
STU-2026-0366,EXM-0027,SUB-PHY,20.3,A,True,SCH-001
STU-2026-0367,EXM-0027,SUB-PHY,19.2,B,True,SCH-001
STU-2026-0368,EXM-0027,SUB-PHY,17.0,C,True,SCH-001
STU-2026-0369,EXM-0027,SUB-PHY,22.9,A+,True,SCH-001
STU-2026-0370,EXM-0027,SUB-PHY,20.8,A,True,SCH-001
STU-2026-0371,EXM-0027,SUB-PHY,18.0,B,True,SCH-001
STU-2026-0372,EXM-0027,SUB-PHY,17.1,C,True,SCH-001
STU-2026-0373,EXM-0027,SUB-PHY,18.2,B,True,SCH-001
STU-2026-0374,EXM-0027,SUB-PHY,21.2,A,True,SCH-001
STU-2026-0375,EXM-0027,SUB-PHY,16.4,C,True,SCH-001
STU-2026-0376,EXM-0027,SUB-PHY,20.7,A,True,SCH-001
STU-2026-0377,EXM-0027,SUB-PHY,16.8,C,True,SCH-001
STU-2026-0378,EXM-0027,SUB-PHY,8.2,F,False,SCH-001
STU-2026-0379,EXM-0027,SUB-PHY,19.9,B,True,SCH-001
STU-2026-0380,EXM-0027,SUB-PHY,18.3,B,True,SCH-001
STU-2026-0381,EXM-0027,SUB-PHY,23.6,A+,True,SCH-001
STU-2026-0382,EXM-0027,SUB-PHY,19.7,B,True,SCH-001
STU-2026-0383,EXM-0027,SUB-PHY,18.2,B,True,SCH-001
STU-2026-0384,EXM-0027,SUB-PHY,20.9,A,True,SCH-001
STU-2026-0385,EXM-0027,SUB-PHY,21.2,A,True,SCH-001
STU-2026-0386,EXM-0027,SUB-PHY,15.8,C,True,SCH-001
STU-2026-0387,EXM-0027,SUB-PHY,12.0,F,True,SCH-001
STU-2026-0388,EXM-0027,SUB-PHY,16.1,C,True,SCH-001
STU-2026-0389,EXM-0027,SUB-PHY,20.6,A,True,SCH-001
STU-2026-0390,EXM-0027,SUB-PHY,16.9,C,True,SCH-001
STU-2026-0391,EXM-0027,SUB-PHY,16.9,C,True,SCH-001
STU-2026-0392,EXM-0027,SUB-PHY,22.8,A+,True,SCH-001
STU-2026-0393,EXM-0027,SUB-PHY,18.3,B,True,SCH-001
STU-2026-0394,EXM-0027,SUB-PHY,16.5,C,True,SCH-001
STU-2026-0395,EXM-0027,SUB-PHY,21.9,A,True,SCH-001
STU-2026-0396,EXM-0027,SUB-PHY,19.4,B,True,SCH-001
STU-2026-0331,EXM-0028,SUB-CHEM,16.8,C,True,SCH-001
STU-2026-0332,EXM-0028,SUB-CHEM,19.7,B,True,SCH-001
STU-2026-0333,EXM-0028,SUB-CHEM,18.9,B,True,SCH-001
STU-2026-0334,EXM-0028,SUB-CHEM,21.0,A,True,SCH-001
STU-2026-0335,EXM-0028,SUB-CHEM,19.3,B,True,SCH-001
STU-2026-0336,EXM-0028,SUB-CHEM,21.0,A,True,SCH-001
STU-2026-0337,EXM-0028,SUB-CHEM,18.7,B,True,SCH-001
STU-2026-0338,EXM-0028,SUB-CHEM,20.3,A,True,SCH-001
STU-2026-0339,EXM-0028,SUB-CHEM,12.5,D,True,SCH-001
STU-2026-0340,EXM-0028,SUB-CHEM,18.2,B,True,SCH-001
STU-2026-0341,EXM-0028,SUB-CHEM,16.2,C,True,SCH-001
STU-2026-0342,EXM-0028,SUB-CHEM,19.9,B,True,SCH-001
STU-2026-0343,EXM-0028,SUB-CHEM,18.8,B,True,SCH-001
STU-2026-0344,EXM-0028,SUB-CHEM,17.4,C,True,SCH-001
STU-2026-0345,EXM-0028,SUB-CHEM,13.9,D,True,SCH-001
STU-2026-0346,EXM-0028,SUB-CHEM,18.5,B,True,SCH-001
STU-2026-0347,EXM-0028,SUB-CHEM,20.1,A,True,SCH-001
STU-2026-0348,EXM-0028,SUB-CHEM,18.7,B,True,SCH-001
STU-2026-0349,EXM-0028,SUB-CHEM,20.3,A,True,SCH-001
STU-2026-0350,EXM-0028,SUB-CHEM,17.5,B,True,SCH-001
STU-2026-0351,EXM-0028,SUB-CHEM,20.3,A,True,SCH-001
STU-2026-0352,EXM-0028,SUB-CHEM,21.5,A,True,SCH-001
STU-2026-0353,EXM-0028,SUB-CHEM,18.4,B,True,SCH-001
STU-2026-0354,EXM-0028,SUB-CHEM,23.2,A+,True,SCH-001
STU-2026-0355,EXM-0028,SUB-CHEM,10.7,F,True,SCH-001
STU-2026-0356,EXM-0028,SUB-CHEM,21.5,A,True,SCH-001
STU-2026-0357,EXM-0028,SUB-CHEM,19.1,B,True,SCH-001
STU-2026-0358,EXM-0028,SUB-CHEM,21.4,A,True,SCH-001
STU-2026-0359,EXM-0028,SUB-CHEM,17.4,C,True,SCH-001
STU-2026-0360,EXM-0028,SUB-CHEM,21.4,A,True,SCH-001
STU-2026-0361,EXM-0028,SUB-CHEM,21.0,A,True,SCH-001
STU-2026-0362,EXM-0028,SUB-CHEM,17.5,B,True,SCH-001
STU-2026-0363,EXM-0028,SUB-CHEM,17.5,B,True,SCH-001
STU-2026-0364,EXM-0028,SUB-CHEM,18.0,B,True,SCH-001
STU-2026-0365,EXM-0028,SUB-CHEM,21.2,A,True,SCH-001
STU-2026-0366,EXM-0028,SUB-CHEM,21.6,A,True,SCH-001
STU-2026-0367,EXM-0028,SUB-CHEM,17.6,B,True,SCH-001
STU-2026-0368,EXM-0028,SUB-CHEM,13.7,D,True,SCH-001
STU-2026-0369,EXM-0028,SUB-CHEM,23.4,A+,True,SCH-001
STU-2026-0370,EXM-0028,SUB-CHEM,22.1,A,True,SCH-001
STU-2026-0371,EXM-0028,SUB-CHEM,15.5,C,True,SCH-001
STU-2026-0372,EXM-0028,SUB-CHEM,17.3,C,True,SCH-001
STU-2026-0373,EXM-0028,SUB-CHEM,19.1,B,True,SCH-001
STU-2026-0374,EXM-0028,SUB-CHEM,17.7,B,True,SCH-001
STU-2026-0375,EXM-0028,SUB-CHEM,16.7,C,True,SCH-001
STU-2026-0376,EXM-0028,SUB-CHEM,18.9,B,True,SCH-001
STU-2026-0377,EXM-0028,SUB-CHEM,19.1,B,True,SCH-001
STU-2026-0378,EXM-0028,SUB-CHEM,10.5,F,True,SCH-001
STU-2026-0379,EXM-0028,SUB-CHEM,19.4,B,True,SCH-001
STU-2026-0380,EXM-0028,SUB-CHEM,16.6,C,True,SCH-001
STU-2026-0381,EXM-0028,SUB-CHEM,19.9,B,True,SCH-001
STU-2026-0382,EXM-0028,SUB-CHEM,16.4,C,True,SCH-001
STU-2026-0383,EXM-0028,SUB-CHEM,16.4,C,True,SCH-001
STU-2026-0384,EXM-0028,SUB-CHEM,23.3,A+,True,SCH-001
STU-2026-0385,EXM-0028,SUB-CHEM,17.0,C,True,SCH-001
STU-2026-0386,EXM-0028,SUB-CHEM,13.0,D,True,SCH-001
STU-2026-0387,EXM-0028,SUB-CHEM,12.2,F,True,SCH-001
STU-2026-0388,EXM-0028,SUB-CHEM,18.4,B,True,SCH-001
STU-2026-0389,EXM-0028,SUB-CHEM,20.8,A,True,SCH-001
STU-2026-0390,EXM-0028,SUB-CHEM,19.1,B,True,SCH-001
STU-2026-0391,EXM-0028,SUB-CHEM,14.8,D,True,SCH-001
STU-2026-0392,EXM-0028,SUB-CHEM,20.1,A,True,SCH-001
STU-2026-0393,EXM-0028,SUB-CHEM,17.4,C,True,SCH-001
STU-2026-0394,EXM-0028,SUB-CHEM,15.4,C,True,SCH-001
STU-2026-0395,EXM-0028,SUB-CHEM,19.1,B,True,SCH-001
STU-2026-0396,EXM-0028,SUB-CHEM,19.9,B,True,SCH-001
STU-2026-0331,EXM-0029,SUB-ENG,18.1,B,True,SCH-001
STU-2026-0332,EXM-0029,SUB-ENG,17.9,B,True,SCH-001
STU-2026-0333,EXM-0029,SUB-ENG,19.5,B,True,SCH-001
STU-2026-0334,EXM-0029,SUB-ENG,20.9,A,True,SCH-001
STU-2026-0335,EXM-0029,SUB-ENG,16.0,C,True,SCH-001
STU-2026-0336,EXM-0029,SUB-ENG,21.6,A,True,SCH-001
STU-2026-0337,EXM-0029,SUB-ENG,17.2,C,True,SCH-001
STU-2026-0338,EXM-0029,SUB-ENG,17.7,B,True,SCH-001
STU-2026-0339,EXM-0029,SUB-ENG,16.0,C,True,SCH-001
STU-2026-0340,EXM-0029,SUB-ENG,21.6,A,True,SCH-001
STU-2026-0341,EXM-0029,SUB-ENG,16.4,C,True,SCH-001
STU-2026-0342,EXM-0029,SUB-ENG,21.7,A,True,SCH-001
STU-2026-0343,EXM-0029,SUB-ENG,12.7,D,True,SCH-001
STU-2026-0344,EXM-0029,SUB-ENG,15.4,C,True,SCH-001
STU-2026-0345,EXM-0029,SUB-ENG,18.4,B,True,SCH-001
STU-2026-0346,EXM-0029,SUB-ENG,16.5,C,True,SCH-001
STU-2026-0347,EXM-0029,SUB-ENG,21.4,A,True,SCH-001
STU-2026-0348,EXM-0029,SUB-ENG,18.1,B,True,SCH-001
STU-2026-0349,EXM-0029,SUB-ENG,18.2,B,True,SCH-001
STU-2026-0350,EXM-0029,SUB-ENG,20.6,A,True,SCH-001
STU-2026-0351,EXM-0029,SUB-ENG,21.6,A,True,SCH-001
STU-2026-0352,EXM-0029,SUB-ENG,19.8,B,True,SCH-001
STU-2026-0353,EXM-0029,SUB-ENG,20.4,A,True,SCH-001
STU-2026-0354,EXM-0029,SUB-ENG,23.8,A+,True,SCH-001
STU-2026-0355,EXM-0029,SUB-ENG,10.0,F,True,SCH-001
STU-2026-0356,EXM-0029,SUB-ENG,21.1,A,True,SCH-001
STU-2026-0357,EXM-0029,SUB-ENG,16.3,C,True,SCH-001
STU-2026-0358,EXM-0029,SUB-ENG,21.0,A,True,SCH-001
STU-2026-0359,EXM-0029,SUB-ENG,19.4,B,True,SCH-001
STU-2026-0360,EXM-0029,SUB-ENG,23.7,A+,True,SCH-001
STU-2026-0361,EXM-0029,SUB-ENG,16.5,C,True,SCH-001
STU-2026-0362,EXM-0029,SUB-ENG,17.0,C,True,SCH-001
STU-2026-0363,EXM-0029,SUB-ENG,18.1,B,True,SCH-001
STU-2026-0364,EXM-0029,SUB-ENG,19.6,B,True,SCH-001
STU-2026-0365,EXM-0029,SUB-ENG,19.2,B,True,SCH-001
STU-2026-0366,EXM-0029,SUB-ENG,24.0,A+,True,SCH-001
STU-2026-0367,EXM-0029,SUB-ENG,19.7,B,True,SCH-001
STU-2026-0368,EXM-0029,SUB-ENG,14.2,D,True,SCH-001
STU-2026-0369,EXM-0029,SUB-ENG,21.8,A,True,SCH-001
STU-2026-0370,EXM-0029,SUB-ENG,23.6,A+,True,SCH-001
STU-2026-0371,EXM-0029,SUB-ENG,15.9,C,True,SCH-001
STU-2026-0372,EXM-0029,SUB-ENG,20.9,A,True,SCH-001
STU-2026-0373,EXM-0029,SUB-ENG,19.8,B,True,SCH-001
STU-2026-0374,EXM-0029,SUB-ENG,17.0,C,True,SCH-001
STU-2026-0375,EXM-0029,SUB-ENG,21.3,A,True,SCH-001
STU-2026-0376,EXM-0029,SUB-ENG,19.5,B,True,SCH-001
STU-2026-0377,EXM-0029,SUB-ENG,17.3,C,True,SCH-001
STU-2026-0378,EXM-0029,SUB-ENG,8.1,F,False,SCH-001
STU-2026-0379,EXM-0029,SUB-ENG,17.0,C,True,SCH-001
STU-2026-0380,EXM-0029,SUB-ENG,17.7,B,True,SCH-001
STU-2026-0381,EXM-0029,SUB-ENG,19.2,B,True,SCH-001
STU-2026-0382,EXM-0029,SUB-ENG,18.8,B,True,SCH-001
STU-2026-0383,EXM-0029,SUB-ENG,17.7,B,True,SCH-001
STU-2026-0384,EXM-0029,SUB-ENG,21.0,A,True,SCH-001
STU-2026-0385,EXM-0029,SUB-ENG,19.3,B,True,SCH-001
STU-2026-0386,EXM-0029,SUB-ENG,14.7,D,True,SCH-001
STU-2026-0387,EXM-0029,SUB-ENG,7.2,F,False,SCH-001
STU-2026-0388,EXM-0029,SUB-ENG,16.8,C,True,SCH-001
STU-2026-0389,EXM-0029,SUB-ENG,23.3,A+,True,SCH-001
STU-2026-0390,EXM-0029,SUB-ENG,17.5,B,True,SCH-001
STU-2026-0391,EXM-0029,SUB-ENG,21.9,A,True,SCH-001
STU-2026-0392,EXM-0029,SUB-ENG,20.5,A,True,SCH-001
STU-2026-0393,EXM-0029,SUB-ENG,16.8,C,True,SCH-001
STU-2026-0394,EXM-0029,SUB-ENG,14.4,D,True,SCH-001
STU-2026-0395,EXM-0029,SUB-ENG,19.6,B,True,SCH-001
STU-2026-0396,EXM-0029,SUB-ENG,22.2,A,True,SCH-001
STU-2026-0331,EXM-0030,SUB-HIST,18.8,B,True,SCH-001
STU-2026-0332,EXM-0030,SUB-HIST,18.2,B,True,SCH-001
STU-2026-0333,EXM-0030,SUB-HIST,19.5,B,True,SCH-001
STU-2026-0334,EXM-0030,SUB-HIST,22.1,A,True,SCH-001
STU-2026-0335,EXM-0030,SUB-HIST,21.0,A,True,SCH-001
STU-2026-0336,EXM-0030,SUB-HIST,24.0,A+,True,SCH-001
STU-2026-0337,EXM-0030,SUB-HIST,20.8,A,True,SCH-001
STU-2026-0338,EXM-0030,SUB-HIST,19.2,B,True,SCH-001
STU-2026-0339,EXM-0030,SUB-HIST,12.8,D,True,SCH-001
STU-2026-0340,EXM-0030,SUB-HIST,21.9,A,True,SCH-001
STU-2026-0341,EXM-0030,SUB-HIST,17.8,B,True,SCH-001
STU-2026-0342,EXM-0030,SUB-HIST,19.7,B,True,SCH-001
STU-2026-0343,EXM-0030,SUB-HIST,12.1,F,True,SCH-001
STU-2026-0344,EXM-0030,SUB-HIST,13.9,D,True,SCH-001
STU-2026-0345,EXM-0030,SUB-HIST,16.6,C,True,SCH-001
STU-2026-0346,EXM-0030,SUB-HIST,18.6,B,True,SCH-001
STU-2026-0347,EXM-0030,SUB-HIST,23.0,A+,True,SCH-001
STU-2026-0348,EXM-0030,SUB-HIST,19.4,B,True,SCH-001
STU-2026-0349,EXM-0030,SUB-HIST,21.3,A,True,SCH-001
STU-2026-0350,EXM-0030,SUB-HIST,20.1,A,True,SCH-001
STU-2026-0351,EXM-0030,SUB-HIST,21.1,A,True,SCH-001
STU-2026-0352,EXM-0030,SUB-HIST,20.0,A,True,SCH-001
STU-2026-0353,EXM-0030,SUB-HIST,20.5,A,True,SCH-001
STU-2026-0354,EXM-0030,SUB-HIST,23.3,A+,True,SCH-001
STU-2026-0355,EXM-0030,SUB-HIST,9.8,F,True,SCH-001
STU-2026-0356,EXM-0030,SUB-HIST,22.1,A,True,SCH-001
STU-2026-0357,EXM-0030,SUB-HIST,17.2,C,True,SCH-001
STU-2026-0358,EXM-0030,SUB-HIST,20.6,A,True,SCH-001
STU-2026-0359,EXM-0030,SUB-HIST,18.8,B,True,SCH-001
STU-2026-0360,EXM-0030,SUB-HIST,22.4,A,True,SCH-001
STU-2026-0361,EXM-0030,SUB-HIST,18.3,B,True,SCH-001
STU-2026-0362,EXM-0030,SUB-HIST,16.6,C,True,SCH-001
STU-2026-0363,EXM-0030,SUB-HIST,19.1,B,True,SCH-001
STU-2026-0364,EXM-0030,SUB-HIST,17.0,C,True,SCH-001
STU-2026-0365,EXM-0030,SUB-HIST,21.6,A,True,SCH-001
STU-2026-0366,EXM-0030,SUB-HIST,22.9,A+,True,SCH-001
STU-2026-0367,EXM-0030,SUB-HIST,18.4,B,True,SCH-001
STU-2026-0368,EXM-0030,SUB-HIST,14.2,D,True,SCH-001
STU-2026-0369,EXM-0030,SUB-HIST,21.7,A,True,SCH-001
STU-2026-0370,EXM-0030,SUB-HIST,21.0,A,True,SCH-001
STU-2026-0371,EXM-0030,SUB-HIST,13.3,D,True,SCH-001
STU-2026-0372,EXM-0030,SUB-HIST,18.8,B,True,SCH-001
STU-2026-0373,EXM-0030,SUB-HIST,18.7,B,True,SCH-001
STU-2026-0374,EXM-0030,SUB-HIST,19.3,B,True,SCH-001
STU-2026-0375,EXM-0030,SUB-HIST,19.2,B,True,SCH-001
STU-2026-0376,EXM-0030,SUB-HIST,19.4,B,True,SCH-001
STU-2026-0377,EXM-0030,SUB-HIST,17.5,B,True,SCH-001
STU-2026-0378,EXM-0030,SUB-HIST,9.6,F,True,SCH-001
STU-2026-0379,EXM-0030,SUB-HIST,18.6,B,True,SCH-001
STU-2026-0380,EXM-0030,SUB-HIST,17.6,B,True,SCH-001
STU-2026-0381,EXM-0030,SUB-HIST,22.9,A+,True,SCH-001
STU-2026-0382,EXM-0030,SUB-HIST,20.9,A,True,SCH-001
STU-2026-0383,EXM-0030,SUB-HIST,18.0,B,True,SCH-001
STU-2026-0384,EXM-0030,SUB-HIST,20.8,A,True,SCH-001
STU-2026-0385,EXM-0030,SUB-HIST,20.8,A,True,SCH-001
STU-2026-0386,EXM-0030,SUB-HIST,12.2,F,True,SCH-001
STU-2026-0387,EXM-0030,SUB-HIST,10.4,F,True,SCH-001
STU-2026-0388,EXM-0030,SUB-HIST,16.5,C,True,SCH-001
STU-2026-0389,EXM-0030,SUB-HIST,19.3,B,True,SCH-001
STU-2026-0390,EXM-0030,SUB-HIST,15.2,C,True,SCH-001
STU-2026-0391,EXM-0030,SUB-HIST,18.5,B,True,SCH-001
STU-2026-0392,EXM-0030,SUB-HIST,21.1,A,True,SCH-001
STU-2026-0393,EXM-0030,SUB-HIST,16.8,C,True,SCH-001
STU-2026-0394,EXM-0030,SUB-HIST,16.0,C,True,SCH-001
STU-2026-0395,EXM-0030,SUB-HIST,19.3,B,True,SCH-001
STU-2026-0396,EXM-0030,SUB-HIST,19.4,B,True,SCH-001
STU-2026-0397,EXM-0031,SUB-MATH,13.6,D,True,SCH-001
STU-2026-0398,EXM-0031,SUB-MATH,21.9,A,True,SCH-001
STU-2026-0399,EXM-0031,SUB-MATH,21.3,A,True,SCH-001
STU-2026-0400,EXM-0031,SUB-MATH,20.1,A,True,SCH-001
STU-2026-0401,EXM-0031,SUB-MATH,17.0,C,True,SCH-001
STU-2026-0402,EXM-0031,SUB-MATH,22.9,A+,True,SCH-001
STU-2026-0403,EXM-0031,SUB-MATH,23.9,A+,True,SCH-001
STU-2026-0404,EXM-0031,SUB-MATH,19.5,B,True,SCH-001
STU-2026-0405,EXM-0031,SUB-MATH,15.2,C,True,SCH-001
STU-2026-0406,EXM-0031,SUB-MATH,19.4,B,True,SCH-001
STU-2026-0407,EXM-0031,SUB-MATH,18.5,B,True,SCH-001
STU-2026-0408,EXM-0031,SUB-MATH,19.5,B,True,SCH-001
STU-2026-0409,EXM-0031,SUB-MATH,16.8,C,True,SCH-001
STU-2026-0410,EXM-0031,SUB-MATH,16.9,C,True,SCH-001
STU-2026-0411,EXM-0031,SUB-MATH,24.8,A+,True,SCH-001
STU-2026-0412,EXM-0031,SUB-MATH,13.3,D,True,SCH-001
STU-2026-0413,EXM-0031,SUB-MATH,19.2,B,True,SCH-001
STU-2026-0414,EXM-0031,SUB-MATH,18.1,B,True,SCH-001
STU-2026-0415,EXM-0031,SUB-MATH,19.5,B,True,SCH-001
STU-2026-0416,EXM-0031,SUB-MATH,15.8,C,True,SCH-001
STU-2026-0417,EXM-0031,SUB-MATH,18.7,B,True,SCH-001
STU-2026-0418,EXM-0031,SUB-MATH,21.6,A,True,SCH-001
STU-2026-0419,EXM-0031,SUB-MATH,19.9,B,True,SCH-001
STU-2026-0420,EXM-0031,SUB-MATH,20.6,A,True,SCH-001
STU-2026-0421,EXM-0031,SUB-MATH,22.3,A,True,SCH-001
STU-2026-0422,EXM-0031,SUB-MATH,21.5,A,True,SCH-001
STU-2026-0423,EXM-0031,SUB-MATH,22.1,A,True,SCH-001
STU-2026-0424,EXM-0031,SUB-MATH,21.1,A,True,SCH-001
STU-2026-0425,EXM-0031,SUB-MATH,16.8,C,True,SCH-001
STU-2026-0426,EXM-0031,SUB-MATH,21.6,A,True,SCH-001
STU-2026-0427,EXM-0031,SUB-MATH,18.4,B,True,SCH-001
STU-2026-0428,EXM-0031,SUB-MATH,21.6,A,True,SCH-001
STU-2026-0429,EXM-0031,SUB-MATH,24.8,A+,True,SCH-001
STU-2026-0430,EXM-0031,SUB-MATH,23.3,A+,True,SCH-001
STU-2026-0431,EXM-0031,SUB-MATH,15.1,C,True,SCH-001
STU-2026-0432,EXM-0031,SUB-MATH,19.7,B,True,SCH-001
STU-2026-0433,EXM-0031,SUB-MATH,20.3,A,True,SCH-001
STU-2026-0434,EXM-0031,SUB-MATH,20.9,A,True,SCH-001
STU-2026-0435,EXM-0031,SUB-MATH,14.8,D,True,SCH-001
STU-2026-0436,EXM-0031,SUB-MATH,15.7,C,True,SCH-001
STU-2026-0437,EXM-0031,SUB-MATH,22.4,A,True,SCH-001
STU-2026-0438,EXM-0031,SUB-MATH,9.7,F,True,SCH-001
STU-2026-0439,EXM-0031,SUB-MATH,14.9,D,True,SCH-001
STU-2026-0440,EXM-0031,SUB-MATH,17.1,C,True,SCH-001
STU-2026-0441,EXM-0031,SUB-MATH,17.2,C,True,SCH-001
STU-2026-0442,EXM-0031,SUB-MATH,19.4,B,True,SCH-001
STU-2026-0443,EXM-0031,SUB-MATH,21.8,A,True,SCH-001
STU-2026-0444,EXM-0031,SUB-MATH,21.9,A,True,SCH-001
STU-2026-0445,EXM-0031,SUB-MATH,16.0,C,True,SCH-001
STU-2026-0446,EXM-0031,SUB-MATH,21.0,A,True,SCH-001
STU-2026-0447,EXM-0031,SUB-MATH,24.8,A+,True,SCH-001
STU-2026-0448,EXM-0031,SUB-MATH,16.8,C,True,SCH-001
STU-2026-0449,EXM-0031,SUB-MATH,22.8,A+,True,SCH-001
STU-2026-0450,EXM-0031,SUB-MATH,15.5,C,True,SCH-001
STU-2026-0451,EXM-0031,SUB-MATH,14.6,D,True,SCH-001
STU-2026-0452,EXM-0031,SUB-MATH,18.1,B,True,SCH-001
STU-2026-0453,EXM-0031,SUB-MATH,24.8,A+,True,SCH-001
STU-2026-0454,EXM-0031,SUB-MATH,22.6,A+,True,SCH-001
STU-2026-0455,EXM-0031,SUB-MATH,24.8,A+,True,SCH-001
STU-2026-0456,EXM-0031,SUB-MATH,20.6,A,True,SCH-001
STU-2026-0457,EXM-0031,SUB-MATH,19.2,B,True,SCH-001
STU-2026-0458,EXM-0031,SUB-MATH,17.9,B,True,SCH-001
STU-2026-0459,EXM-0031,SUB-MATH,21.6,A,True,SCH-001
STU-2026-0460,EXM-0031,SUB-MATH,9.8,F,True,SCH-001
STU-2026-0461,EXM-0031,SUB-MATH,16.8,C,True,SCH-001
STU-2026-0462,EXM-0031,SUB-MATH,17.8,B,True,SCH-001
STU-2026-0397,EXM-0032,SUB-PHY,10.5,F,True,SCH-001
STU-2026-0398,EXM-0032,SUB-PHY,17.6,B,True,SCH-001
STU-2026-0399,EXM-0032,SUB-PHY,16.5,C,True,SCH-001
STU-2026-0400,EXM-0032,SUB-PHY,17.1,C,True,SCH-001
STU-2026-0401,EXM-0032,SUB-PHY,20.7,A,True,SCH-001
STU-2026-0402,EXM-0032,SUB-PHY,22.5,A+,True,SCH-001
STU-2026-0403,EXM-0032,SUB-PHY,23.5,A+,True,SCH-001
STU-2026-0404,EXM-0032,SUB-PHY,18.7,B,True,SCH-001
STU-2026-0405,EXM-0032,SUB-PHY,18.6,B,True,SCH-001
STU-2026-0406,EXM-0032,SUB-PHY,22.8,A+,True,SCH-001
STU-2026-0407,EXM-0032,SUB-PHY,20.6,A,True,SCH-001
STU-2026-0408,EXM-0032,SUB-PHY,18.4,B,True,SCH-001
STU-2026-0409,EXM-0032,SUB-PHY,17.4,C,True,SCH-001
STU-2026-0410,EXM-0032,SUB-PHY,14.8,D,True,SCH-001
STU-2026-0411,EXM-0032,SUB-PHY,23.2,A+,True,SCH-001
STU-2026-0412,EXM-0032,SUB-PHY,14.4,D,True,SCH-001
STU-2026-0413,EXM-0032,SUB-PHY,17.7,B,True,SCH-001
STU-2026-0414,EXM-0032,SUB-PHY,21.6,A,True,SCH-001
STU-2026-0415,EXM-0032,SUB-PHY,18.3,B,True,SCH-001
STU-2026-0416,EXM-0032,SUB-PHY,14.6,D,True,SCH-001
STU-2026-0417,EXM-0032,SUB-PHY,21.9,A,True,SCH-001
STU-2026-0418,EXM-0032,SUB-PHY,20.7,A,True,SCH-001
STU-2026-0419,EXM-0032,SUB-PHY,20.1,A,True,SCH-001
STU-2026-0420,EXM-0032,SUB-PHY,19.7,B,True,SCH-001
STU-2026-0421,EXM-0032,SUB-PHY,21.1,A,True,SCH-001
STU-2026-0422,EXM-0032,SUB-PHY,16.8,C,True,SCH-001
STU-2026-0423,EXM-0032,SUB-PHY,19.7,B,True,SCH-001
STU-2026-0424,EXM-0032,SUB-PHY,19.7,B,True,SCH-001
STU-2026-0425,EXM-0032,SUB-PHY,18.0,B,True,SCH-001
STU-2026-0426,EXM-0032,SUB-PHY,21.2,A,True,SCH-001
STU-2026-0427,EXM-0032,SUB-PHY,15.1,C,True,SCH-001
STU-2026-0428,EXM-0032,SUB-PHY,19.7,B,True,SCH-001
STU-2026-0429,EXM-0032,SUB-PHY,23.5,A+,True,SCH-001
STU-2026-0430,EXM-0032,SUB-PHY,19.1,B,True,SCH-001
STU-2026-0431,EXM-0032,SUB-PHY,16.4,C,True,SCH-001
STU-2026-0432,EXM-0032,SUB-PHY,19.8,B,True,SCH-001
STU-2026-0433,EXM-0032,SUB-PHY,18.3,B,True,SCH-001
STU-2026-0434,EXM-0032,SUB-PHY,21.3,A,True,SCH-001
STU-2026-0435,EXM-0032,SUB-PHY,18.8,B,True,SCH-001
STU-2026-0436,EXM-0032,SUB-PHY,18.8,B,True,SCH-001
STU-2026-0437,EXM-0032,SUB-PHY,19.5,B,True,SCH-001
STU-2026-0438,EXM-0032,SUB-PHY,11.2,F,True,SCH-001
STU-2026-0439,EXM-0032,SUB-PHY,16.8,C,True,SCH-001
STU-2026-0440,EXM-0032,SUB-PHY,19.9,B,True,SCH-001
STU-2026-0441,EXM-0032,SUB-PHY,17.0,C,True,SCH-001
STU-2026-0442,EXM-0032,SUB-PHY,18.8,B,True,SCH-001
STU-2026-0443,EXM-0032,SUB-PHY,20.2,A,True,SCH-001
STU-2026-0444,EXM-0032,SUB-PHY,21.9,A,True,SCH-001
STU-2026-0445,EXM-0032,SUB-PHY,15.6,C,True,SCH-001
STU-2026-0446,EXM-0032,SUB-PHY,21.9,A,True,SCH-001
STU-2026-0447,EXM-0032,SUB-PHY,23.1,A+,True,SCH-001
STU-2026-0448,EXM-0032,SUB-PHY,18.5,B,True,SCH-001
STU-2026-0449,EXM-0032,SUB-PHY,23.5,A+,True,SCH-001
STU-2026-0450,EXM-0032,SUB-PHY,16.0,C,True,SCH-001
STU-2026-0451,EXM-0032,SUB-PHY,13.3,D,True,SCH-001
STU-2026-0452,EXM-0032,SUB-PHY,20.3,A,True,SCH-001
STU-2026-0453,EXM-0032,SUB-PHY,23.6,A+,True,SCH-001
STU-2026-0454,EXM-0032,SUB-PHY,22.6,A+,True,SCH-001
STU-2026-0455,EXM-0032,SUB-PHY,22.7,A+,True,SCH-001
STU-2026-0456,EXM-0032,SUB-PHY,19.5,B,True,SCH-001
STU-2026-0457,EXM-0032,SUB-PHY,20.1,A,True,SCH-001
STU-2026-0458,EXM-0032,SUB-PHY,16.4,C,True,SCH-001
STU-2026-0459,EXM-0032,SUB-PHY,24.7,A+,True,SCH-001
STU-2026-0460,EXM-0032,SUB-PHY,11.6,F,True,SCH-001
STU-2026-0461,EXM-0032,SUB-PHY,18.6,B,True,SCH-001
STU-2026-0462,EXM-0032,SUB-PHY,19.0,B,True,SCH-001
STU-2026-0397,EXM-0033,SUB-CHEM,12.7,D,True,SCH-001
STU-2026-0398,EXM-0033,SUB-CHEM,21.9,A,True,SCH-001
STU-2026-0399,EXM-0033,SUB-CHEM,16.3,C,True,SCH-001
STU-2026-0400,EXM-0033,SUB-CHEM,19.6,B,True,SCH-001
STU-2026-0401,EXM-0033,SUB-CHEM,15.4,C,True,SCH-001
STU-2026-0402,EXM-0033,SUB-CHEM,19.4,B,True,SCH-001
STU-2026-0403,EXM-0033,SUB-CHEM,22.7,A+,True,SCH-001
STU-2026-0404,EXM-0033,SUB-CHEM,19.0,B,True,SCH-001
STU-2026-0405,EXM-0033,SUB-CHEM,17.9,B,True,SCH-001
STU-2026-0406,EXM-0033,SUB-CHEM,17.6,B,True,SCH-001
STU-2026-0407,EXM-0033,SUB-CHEM,17.4,C,True,SCH-001
STU-2026-0408,EXM-0033,SUB-CHEM,18.2,B,True,SCH-001
STU-2026-0409,EXM-0033,SUB-CHEM,20.0,A,True,SCH-001
STU-2026-0410,EXM-0033,SUB-CHEM,17.7,B,True,SCH-001
STU-2026-0411,EXM-0033,SUB-CHEM,23.9,A+,True,SCH-001
STU-2026-0412,EXM-0033,SUB-CHEM,14.6,D,True,SCH-001
STU-2026-0413,EXM-0033,SUB-CHEM,19.0,B,True,SCH-001
STU-2026-0414,EXM-0033,SUB-CHEM,17.8,B,True,SCH-001
STU-2026-0415,EXM-0033,SUB-CHEM,17.0,C,True,SCH-001
STU-2026-0416,EXM-0033,SUB-CHEM,19.2,B,True,SCH-001
STU-2026-0417,EXM-0033,SUB-CHEM,19.5,B,True,SCH-001
STU-2026-0418,EXM-0033,SUB-CHEM,20.8,A,True,SCH-001
STU-2026-0419,EXM-0033,SUB-CHEM,19.2,B,True,SCH-001
STU-2026-0420,EXM-0033,SUB-CHEM,17.8,B,True,SCH-001
STU-2026-0421,EXM-0033,SUB-CHEM,21.9,A,True,SCH-001
STU-2026-0422,EXM-0033,SUB-CHEM,19.8,B,True,SCH-001
STU-2026-0423,EXM-0033,SUB-CHEM,23.9,A+,True,SCH-001
STU-2026-0424,EXM-0033,SUB-CHEM,18.4,B,True,SCH-001
STU-2026-0425,EXM-0033,SUB-CHEM,13.7,D,True,SCH-001
STU-2026-0426,EXM-0033,SUB-CHEM,23.5,A+,True,SCH-001
STU-2026-0427,EXM-0033,SUB-CHEM,20.5,A,True,SCH-001
STU-2026-0428,EXM-0033,SUB-CHEM,20.2,A,True,SCH-001
STU-2026-0429,EXM-0033,SUB-CHEM,24.2,A+,True,SCH-001
STU-2026-0430,EXM-0033,SUB-CHEM,17.6,B,True,SCH-001
STU-2026-0431,EXM-0033,SUB-CHEM,15.2,C,True,SCH-001
STU-2026-0432,EXM-0033,SUB-CHEM,22.7,A+,True,SCH-001
STU-2026-0433,EXM-0033,SUB-CHEM,20.5,A,True,SCH-001
STU-2026-0434,EXM-0033,SUB-CHEM,24.4,A+,True,SCH-001
STU-2026-0435,EXM-0033,SUB-CHEM,17.6,B,True,SCH-001
STU-2026-0436,EXM-0033,SUB-CHEM,19.6,B,True,SCH-001
STU-2026-0437,EXM-0033,SUB-CHEM,18.4,B,True,SCH-001
STU-2026-0438,EXM-0033,SUB-CHEM,9.4,F,True,SCH-001
STU-2026-0439,EXM-0033,SUB-CHEM,19.8,B,True,SCH-001
STU-2026-0440,EXM-0033,SUB-CHEM,18.2,B,True,SCH-001
STU-2026-0441,EXM-0033,SUB-CHEM,17.6,B,True,SCH-001
STU-2026-0442,EXM-0033,SUB-CHEM,21.7,A,True,SCH-001
STU-2026-0443,EXM-0033,SUB-CHEM,19.2,B,True,SCH-001
STU-2026-0444,EXM-0033,SUB-CHEM,19.3,B,True,SCH-001
STU-2026-0445,EXM-0033,SUB-CHEM,12.6,D,True,SCH-001
STU-2026-0446,EXM-0033,SUB-CHEM,20.0,A,True,SCH-001
STU-2026-0447,EXM-0033,SUB-CHEM,18.7,B,True,SCH-001
STU-2026-0448,EXM-0033,SUB-CHEM,13.0,D,True,SCH-001
STU-2026-0449,EXM-0033,SUB-CHEM,22.3,A,True,SCH-001
STU-2026-0450,EXM-0033,SUB-CHEM,16.4,C,True,SCH-001
STU-2026-0451,EXM-0033,SUB-CHEM,13.4,D,True,SCH-001
STU-2026-0452,EXM-0033,SUB-CHEM,20.0,A,True,SCH-001
STU-2026-0453,EXM-0033,SUB-CHEM,22.3,A,True,SCH-001
STU-2026-0454,EXM-0033,SUB-CHEM,23.0,A+,True,SCH-001
STU-2026-0455,EXM-0033,SUB-CHEM,23.2,A+,True,SCH-001
STU-2026-0456,EXM-0033,SUB-CHEM,19.2,B,True,SCH-001
STU-2026-0457,EXM-0033,SUB-CHEM,19.1,B,True,SCH-001
STU-2026-0458,EXM-0033,SUB-CHEM,15.2,C,True,SCH-001
STU-2026-0459,EXM-0033,SUB-CHEM,21.1,A,True,SCH-001
STU-2026-0460,EXM-0033,SUB-CHEM,12.9,D,True,SCH-001
STU-2026-0461,EXM-0033,SUB-CHEM,17.2,C,True,SCH-001
STU-2026-0462,EXM-0033,SUB-CHEM,16.6,C,True,SCH-001
STU-2026-0397,EXM-0034,SUB-ENG,11.0,F,True,SCH-001
STU-2026-0398,EXM-0034,SUB-ENG,20.8,A,True,SCH-001
STU-2026-0399,EXM-0034,SUB-ENG,18.3,B,True,SCH-001
STU-2026-0400,EXM-0034,SUB-ENG,17.7,B,True,SCH-001
STU-2026-0401,EXM-0034,SUB-ENG,20.5,A,True,SCH-001
STU-2026-0402,EXM-0034,SUB-ENG,22.6,A+,True,SCH-001
STU-2026-0403,EXM-0034,SUB-ENG,20.0,A,True,SCH-001
STU-2026-0404,EXM-0034,SUB-ENG,21.4,A,True,SCH-001
STU-2026-0405,EXM-0034,SUB-ENG,15.0,C,True,SCH-001
STU-2026-0406,EXM-0034,SUB-ENG,18.1,B,True,SCH-001
STU-2026-0407,EXM-0034,SUB-ENG,18.7,B,True,SCH-001
STU-2026-0408,EXM-0034,SUB-ENG,16.6,C,True,SCH-001
STU-2026-0409,EXM-0034,SUB-ENG,19.4,B,True,SCH-001
STU-2026-0410,EXM-0034,SUB-ENG,16.0,C,True,SCH-001
STU-2026-0411,EXM-0034,SUB-ENG,22.2,A,True,SCH-001
STU-2026-0412,EXM-0034,SUB-ENG,12.6,D,True,SCH-001
STU-2026-0413,EXM-0034,SUB-ENG,18.6,B,True,SCH-001
STU-2026-0414,EXM-0034,SUB-ENG,21.4,A,True,SCH-001
STU-2026-0415,EXM-0034,SUB-ENG,21.8,A,True,SCH-001
STU-2026-0416,EXM-0034,SUB-ENG,17.1,C,True,SCH-001
STU-2026-0417,EXM-0034,SUB-ENG,23.7,A+,True,SCH-001
STU-2026-0418,EXM-0034,SUB-ENG,23.1,A+,True,SCH-001
STU-2026-0419,EXM-0034,SUB-ENG,19.0,B,True,SCH-001
STU-2026-0420,EXM-0034,SUB-ENG,20.1,A,True,SCH-001
STU-2026-0421,EXM-0034,SUB-ENG,22.5,A+,True,SCH-001
STU-2026-0422,EXM-0034,SUB-ENG,21.1,A,True,SCH-001
STU-2026-0423,EXM-0034,SUB-ENG,20.2,A,True,SCH-001
STU-2026-0424,EXM-0034,SUB-ENG,16.0,C,True,SCH-001
STU-2026-0425,EXM-0034,SUB-ENG,18.9,B,True,SCH-001
STU-2026-0426,EXM-0034,SUB-ENG,23.5,A+,True,SCH-001
STU-2026-0427,EXM-0034,SUB-ENG,17.8,B,True,SCH-001
STU-2026-0428,EXM-0034,SUB-ENG,18.0,B,True,SCH-001
STU-2026-0429,EXM-0034,SUB-ENG,24.8,A+,True,SCH-001
STU-2026-0430,EXM-0034,SUB-ENG,17.1,C,True,SCH-001
STU-2026-0431,EXM-0034,SUB-ENG,15.9,C,True,SCH-001
STU-2026-0432,EXM-0034,SUB-ENG,19.8,B,True,SCH-001
STU-2026-0433,EXM-0034,SUB-ENG,19.9,B,True,SCH-001
STU-2026-0434,EXM-0034,SUB-ENG,20.6,A,True,SCH-001
STU-2026-0435,EXM-0034,SUB-ENG,16.5,C,True,SCH-001
STU-2026-0436,EXM-0034,SUB-ENG,20.8,A,True,SCH-001
STU-2026-0437,EXM-0034,SUB-ENG,18.6,B,True,SCH-001
STU-2026-0438,EXM-0034,SUB-ENG,11.1,F,True,SCH-001
STU-2026-0439,EXM-0034,SUB-ENG,15.8,C,True,SCH-001
STU-2026-0440,EXM-0034,SUB-ENG,17.9,B,True,SCH-001
STU-2026-0441,EXM-0034,SUB-ENG,14.8,D,True,SCH-001
STU-2026-0442,EXM-0034,SUB-ENG,17.7,B,True,SCH-001
STU-2026-0443,EXM-0034,SUB-ENG,21.3,A,True,SCH-001
STU-2026-0444,EXM-0034,SUB-ENG,19.1,B,True,SCH-001
STU-2026-0445,EXM-0034,SUB-ENG,13.6,D,True,SCH-001
STU-2026-0446,EXM-0034,SUB-ENG,19.3,B,True,SCH-001
STU-2026-0447,EXM-0034,SUB-ENG,23.7,A+,True,SCH-001
STU-2026-0448,EXM-0034,SUB-ENG,13.2,D,True,SCH-001
STU-2026-0449,EXM-0034,SUB-ENG,23.6,A+,True,SCH-001
STU-2026-0450,EXM-0034,SUB-ENG,15.7,C,True,SCH-001
STU-2026-0451,EXM-0034,SUB-ENG,11.8,F,True,SCH-001
STU-2026-0452,EXM-0034,SUB-ENG,16.5,C,True,SCH-001
STU-2026-0453,EXM-0034,SUB-ENG,22.4,A,True,SCH-001
STU-2026-0454,EXM-0034,SUB-ENG,22.5,A+,True,SCH-001
STU-2026-0455,EXM-0034,SUB-ENG,21.2,A,True,SCH-001
STU-2026-0456,EXM-0034,SUB-ENG,17.4,C,True,SCH-001
STU-2026-0457,EXM-0034,SUB-ENG,20.6,A,True,SCH-001
STU-2026-0458,EXM-0034,SUB-ENG,15.4,C,True,SCH-001
STU-2026-0459,EXM-0034,SUB-ENG,24.8,A+,True,SCH-001
STU-2026-0460,EXM-0034,SUB-ENG,12.4,F,True,SCH-001
STU-2026-0461,EXM-0034,SUB-ENG,19.1,B,True,SCH-001
STU-2026-0462,EXM-0034,SUB-ENG,18.3,B,True,SCH-001
STU-2026-0397,EXM-0035,SUB-HIST,9.5,F,True,SCH-001
STU-2026-0398,EXM-0035,SUB-HIST,19.0,B,True,SCH-001
STU-2026-0399,EXM-0035,SUB-HIST,16.8,C,True,SCH-001
STU-2026-0400,EXM-0035,SUB-HIST,16.5,C,True,SCH-001
STU-2026-0401,EXM-0035,SUB-HIST,19.0,B,True,SCH-001
STU-2026-0402,EXM-0035,SUB-HIST,20.6,A,True,SCH-001
STU-2026-0403,EXM-0035,SUB-HIST,23.4,A+,True,SCH-001
STU-2026-0404,EXM-0035,SUB-HIST,19.7,B,True,SCH-001
STU-2026-0405,EXM-0035,SUB-HIST,13.6,D,True,SCH-001
STU-2026-0406,EXM-0035,SUB-HIST,17.6,B,True,SCH-001
STU-2026-0407,EXM-0035,SUB-HIST,16.9,C,True,SCH-001
STU-2026-0408,EXM-0035,SUB-HIST,17.4,C,True,SCH-001
STU-2026-0409,EXM-0035,SUB-HIST,18.1,B,True,SCH-001
STU-2026-0410,EXM-0035,SUB-HIST,16.4,C,True,SCH-001
STU-2026-0411,EXM-0035,SUB-HIST,22.0,A,True,SCH-001
STU-2026-0412,EXM-0035,SUB-HIST,16.3,C,True,SCH-001
STU-2026-0413,EXM-0035,SUB-HIST,20.8,A,True,SCH-001
STU-2026-0414,EXM-0035,SUB-HIST,16.3,C,True,SCH-001
STU-2026-0415,EXM-0035,SUB-HIST,15.8,C,True,SCH-001
STU-2026-0416,EXM-0035,SUB-HIST,16.8,C,True,SCH-001
STU-2026-0417,EXM-0035,SUB-HIST,21.6,A,True,SCH-001
STU-2026-0418,EXM-0035,SUB-HIST,15.2,C,True,SCH-001
STU-2026-0419,EXM-0035,SUB-HIST,16.8,C,True,SCH-001
STU-2026-0420,EXM-0035,SUB-HIST,16.0,C,True,SCH-001
STU-2026-0421,EXM-0035,SUB-HIST,20.5,A,True,SCH-001
STU-2026-0422,EXM-0035,SUB-HIST,21.7,A,True,SCH-001
STU-2026-0423,EXM-0035,SUB-HIST,21.0,A,True,SCH-001
STU-2026-0424,EXM-0035,SUB-HIST,18.7,B,True,SCH-001
STU-2026-0425,EXM-0035,SUB-HIST,14.8,D,True,SCH-001
STU-2026-0426,EXM-0035,SUB-HIST,24.7,A+,True,SCH-001
STU-2026-0427,EXM-0035,SUB-HIST,17.0,C,True,SCH-001
STU-2026-0428,EXM-0035,SUB-HIST,18.7,B,True,SCH-001
STU-2026-0429,EXM-0035,SUB-HIST,24.8,A+,True,SCH-001
STU-2026-0430,EXM-0035,SUB-HIST,20.1,A,True,SCH-001
STU-2026-0431,EXM-0035,SUB-HIST,16.9,C,True,SCH-001
STU-2026-0432,EXM-0035,SUB-HIST,21.7,A,True,SCH-001
STU-2026-0433,EXM-0035,SUB-HIST,18.6,B,True,SCH-001
STU-2026-0434,EXM-0035,SUB-HIST,20.6,A,True,SCH-001
STU-2026-0435,EXM-0035,SUB-HIST,18.2,B,True,SCH-001
STU-2026-0436,EXM-0035,SUB-HIST,20.9,A,True,SCH-001
STU-2026-0437,EXM-0035,SUB-HIST,17.9,B,True,SCH-001
STU-2026-0438,EXM-0035,SUB-HIST,10.7,F,True,SCH-001
STU-2026-0439,EXM-0035,SUB-HIST,14.8,D,True,SCH-001
STU-2026-0440,EXM-0035,SUB-HIST,20.1,A,True,SCH-001
STU-2026-0441,EXM-0035,SUB-HIST,22.4,A,True,SCH-001
STU-2026-0442,EXM-0035,SUB-HIST,22.7,A+,True,SCH-001
STU-2026-0443,EXM-0035,SUB-HIST,17.0,C,True,SCH-001
STU-2026-0444,EXM-0035,SUB-HIST,20.8,A,True,SCH-001
STU-2026-0445,EXM-0035,SUB-HIST,14.2,D,True,SCH-001
STU-2026-0446,EXM-0035,SUB-HIST,19.1,B,True,SCH-001
STU-2026-0447,EXM-0035,SUB-HIST,24.8,A+,True,SCH-001
STU-2026-0448,EXM-0035,SUB-HIST,16.6,C,True,SCH-001
STU-2026-0449,EXM-0035,SUB-HIST,22.4,A,True,SCH-001
STU-2026-0450,EXM-0035,SUB-HIST,16.2,C,True,SCH-001
STU-2026-0451,EXM-0035,SUB-HIST,12.6,D,True,SCH-001
STU-2026-0452,EXM-0035,SUB-HIST,20.8,A,True,SCH-001
STU-2026-0453,EXM-0035,SUB-HIST,23.0,A+,True,SCH-001
STU-2026-0454,EXM-0035,SUB-HIST,24.8,A+,True,SCH-001
STU-2026-0455,EXM-0035,SUB-HIST,21.6,A,True,SCH-001
STU-2026-0456,EXM-0035,SUB-HIST,15.9,C,True,SCH-001
STU-2026-0457,EXM-0035,SUB-HIST,18.5,B,True,SCH-001
STU-2026-0458,EXM-0035,SUB-HIST,16.7,C,True,SCH-001
STU-2026-0459,EXM-0035,SUB-HIST,21.6,A,True,SCH-001
STU-2026-0460,EXM-0035,SUB-HIST,9.7,F,True,SCH-001
STU-2026-0461,EXM-0035,SUB-HIST,18.7,B,True,SCH-001
STU-2026-0462,EXM-0035,SUB-HIST,16.4,C,True,SCH-001
STU-2026-0463,EXM-0036,SUB-MATH,24.2,A+,True,SCH-001
STU-2026-0464,EXM-0036,SUB-MATH,13.6,D,True,SCH-001
STU-2026-0465,EXM-0036,SUB-MATH,17.7,B,True,SCH-001
STU-2026-0466,EXM-0036,SUB-MATH,18.8,B,True,SCH-001
STU-2026-0467,EXM-0036,SUB-MATH,18.2,B,True,SCH-001
STU-2026-0468,EXM-0036,SUB-MATH,17.1,C,True,SCH-001
STU-2026-0469,EXM-0036,SUB-MATH,15.9,C,True,SCH-001
STU-2026-0470,EXM-0036,SUB-MATH,15.7,C,True,SCH-001
STU-2026-0471,EXM-0036,SUB-MATH,20.5,A,True,SCH-001
STU-2026-0472,EXM-0036,SUB-MATH,13.2,D,True,SCH-001
STU-2026-0473,EXM-0036,SUB-MATH,17.0,C,True,SCH-001
STU-2026-0474,EXM-0036,SUB-MATH,19.0,B,True,SCH-001
STU-2026-0475,EXM-0036,SUB-MATH,20.0,A,True,SCH-001
STU-2026-0476,EXM-0036,SUB-MATH,16.7,C,True,SCH-001
STU-2026-0477,EXM-0036,SUB-MATH,15.7,C,True,SCH-001
STU-2026-0478,EXM-0036,SUB-MATH,12.3,F,True,SCH-001
STU-2026-0479,EXM-0036,SUB-MATH,20.8,A,True,SCH-001
STU-2026-0480,EXM-0036,SUB-MATH,17.6,B,True,SCH-001
STU-2026-0481,EXM-0036,SUB-MATH,20.8,A,True,SCH-001
STU-2026-0482,EXM-0036,SUB-MATH,17.3,C,True,SCH-001
STU-2026-0483,EXM-0036,SUB-MATH,10.9,F,True,SCH-001
STU-2026-0484,EXM-0036,SUB-MATH,22.0,A,True,SCH-001
STU-2026-0485,EXM-0036,SUB-MATH,24.3,A+,True,SCH-001
STU-2026-0486,EXM-0036,SUB-MATH,17.2,C,True,SCH-001
STU-2026-0487,EXM-0036,SUB-MATH,19.0,B,True,SCH-001
STU-2026-0488,EXM-0036,SUB-MATH,18.6,B,True,SCH-001
STU-2026-0489,EXM-0036,SUB-MATH,19.9,B,True,SCH-001
STU-2026-0490,EXM-0036,SUB-MATH,21.2,A,True,SCH-001
STU-2026-0491,EXM-0036,SUB-MATH,19.5,B,True,SCH-001
STU-2026-0492,EXM-0036,SUB-MATH,21.9,A,True,SCH-001
STU-2026-0493,EXM-0036,SUB-MATH,17.6,B,True,SCH-001
STU-2026-0494,EXM-0036,SUB-MATH,19.7,B,True,SCH-001
STU-2026-0495,EXM-0036,SUB-MATH,19.1,B,True,SCH-001
STU-2026-0496,EXM-0036,SUB-MATH,14.3,D,True,SCH-001
STU-2026-0497,EXM-0036,SUB-MATH,15.2,C,True,SCH-001
STU-2026-0498,EXM-0036,SUB-MATH,11.6,F,True,SCH-001
STU-2026-0499,EXM-0036,SUB-MATH,7.4,F,False,SCH-001
STU-2026-0500,EXM-0036,SUB-MATH,16.7,C,True,SCH-001
STU-2026-0501,EXM-0036,SUB-MATH,20.8,A,True,SCH-001
STU-2026-0502,EXM-0036,SUB-MATH,17.6,B,True,SCH-001
STU-2026-0503,EXM-0036,SUB-MATH,18.0,B,True,SCH-001
STU-2026-0504,EXM-0036,SUB-MATH,21.9,A,True,SCH-001
STU-2026-0505,EXM-0036,SUB-MATH,24.1,A+,True,SCH-001
STU-2026-0506,EXM-0036,SUB-MATH,20.6,A,True,SCH-001
STU-2026-0507,EXM-0036,SUB-MATH,18.3,B,True,SCH-001
STU-2026-0508,EXM-0036,SUB-MATH,19.6,B,True,SCH-001
STU-2026-0509,EXM-0036,SUB-MATH,15.6,C,True,SCH-001
STU-2026-0510,EXM-0036,SUB-MATH,17.0,C,True,SCH-001
STU-2026-0511,EXM-0036,SUB-MATH,12.7,D,True,SCH-001
STU-2026-0512,EXM-0036,SUB-MATH,14.5,D,True,SCH-001
STU-2026-0513,EXM-0036,SUB-MATH,15.4,C,True,SCH-001
STU-2026-0514,EXM-0036,SUB-MATH,22.5,A+,True,SCH-001
STU-2026-0515,EXM-0036,SUB-MATH,18.4,B,True,SCH-001
STU-2026-0516,EXM-0036,SUB-MATH,9.0,F,True,SCH-001
STU-2026-0517,EXM-0036,SUB-MATH,14.5,D,True,SCH-001
STU-2026-0518,EXM-0036,SUB-MATH,13.3,D,True,SCH-001
STU-2026-0519,EXM-0036,SUB-MATH,19.4,B,True,SCH-001
STU-2026-0520,EXM-0036,SUB-MATH,21.7,A,True,SCH-001
STU-2026-0521,EXM-0036,SUB-MATH,18.0,B,True,SCH-001
STU-2026-0522,EXM-0036,SUB-MATH,16.2,C,True,SCH-001
STU-2026-0523,EXM-0036,SUB-MATH,20.6,A,True,SCH-001
STU-2026-0524,EXM-0036,SUB-MATH,18.9,B,True,SCH-001
STU-2026-0525,EXM-0036,SUB-MATH,15.2,C,True,SCH-001
STU-2026-0526,EXM-0036,SUB-MATH,15.1,C,True,SCH-001
STU-2026-0527,EXM-0036,SUB-MATH,21.0,A,True,SCH-001
STU-2026-0528,EXM-0036,SUB-MATH,20.3,A,True,SCH-001
STU-2026-0463,EXM-0037,SUB-PHY,24.8,A+,True,SCH-001
STU-2026-0464,EXM-0037,SUB-PHY,14.3,D,True,SCH-001
STU-2026-0465,EXM-0037,SUB-PHY,17.1,C,True,SCH-001
STU-2026-0466,EXM-0037,SUB-PHY,19.7,B,True,SCH-001
STU-2026-0467,EXM-0037,SUB-PHY,15.9,C,True,SCH-001
STU-2026-0468,EXM-0037,SUB-PHY,18.5,B,True,SCH-001
STU-2026-0469,EXM-0037,SUB-PHY,19.8,B,True,SCH-001
STU-2026-0470,EXM-0037,SUB-PHY,16.9,C,True,SCH-001
STU-2026-0471,EXM-0037,SUB-PHY,22.5,A+,True,SCH-001
STU-2026-0472,EXM-0037,SUB-PHY,11.9,F,True,SCH-001
STU-2026-0473,EXM-0037,SUB-PHY,18.4,B,True,SCH-001
STU-2026-0474,EXM-0037,SUB-PHY,18.2,B,True,SCH-001
STU-2026-0475,EXM-0037,SUB-PHY,18.3,B,True,SCH-001
STU-2026-0476,EXM-0037,SUB-PHY,14.5,D,True,SCH-001
STU-2026-0477,EXM-0037,SUB-PHY,17.5,B,True,SCH-001
STU-2026-0478,EXM-0037,SUB-PHY,14.2,D,True,SCH-001
STU-2026-0479,EXM-0037,SUB-PHY,17.1,C,True,SCH-001
STU-2026-0480,EXM-0037,SUB-PHY,16.4,C,True,SCH-001
STU-2026-0481,EXM-0037,SUB-PHY,19.0,B,True,SCH-001
STU-2026-0482,EXM-0037,SUB-PHY,17.0,C,True,SCH-001
STU-2026-0483,EXM-0037,SUB-PHY,7.4,F,False,SCH-001
STU-2026-0484,EXM-0037,SUB-PHY,21.3,A,True,SCH-001
STU-2026-0485,EXM-0037,SUB-PHY,24.8,A+,True,SCH-001
STU-2026-0486,EXM-0037,SUB-PHY,21.2,A,True,SCH-001
STU-2026-0487,EXM-0037,SUB-PHY,22.5,A+,True,SCH-001
STU-2026-0488,EXM-0037,SUB-PHY,17.3,C,True,SCH-001
STU-2026-0489,EXM-0037,SUB-PHY,19.2,B,True,SCH-001
STU-2026-0490,EXM-0037,SUB-PHY,16.8,C,True,SCH-001
STU-2026-0491,EXM-0037,SUB-PHY,20.8,A,True,SCH-001
STU-2026-0492,EXM-0037,SUB-PHY,20.6,A,True,SCH-001
STU-2026-0493,EXM-0037,SUB-PHY,20.2,A,True,SCH-001
STU-2026-0494,EXM-0037,SUB-PHY,23.0,A+,True,SCH-001
STU-2026-0495,EXM-0037,SUB-PHY,21.6,A,True,SCH-001
STU-2026-0496,EXM-0037,SUB-PHY,12.7,D,True,SCH-001
STU-2026-0497,EXM-0037,SUB-PHY,15.7,C,True,SCH-001
STU-2026-0498,EXM-0037,SUB-PHY,12.6,D,True,SCH-001
STU-2026-0499,EXM-0037,SUB-PHY,6.9,F,False,SCH-001
STU-2026-0500,EXM-0037,SUB-PHY,14.2,D,True,SCH-001
STU-2026-0501,EXM-0037,SUB-PHY,21.3,A,True,SCH-001
STU-2026-0502,EXM-0037,SUB-PHY,20.4,A,True,SCH-001
STU-2026-0503,EXM-0037,SUB-PHY,16.1,C,True,SCH-001
STU-2026-0504,EXM-0037,SUB-PHY,21.4,A,True,SCH-001
STU-2026-0505,EXM-0037,SUB-PHY,19.5,B,True,SCH-001
STU-2026-0506,EXM-0037,SUB-PHY,18.9,B,True,SCH-001
STU-2026-0507,EXM-0037,SUB-PHY,23.2,A+,True,SCH-001
STU-2026-0508,EXM-0037,SUB-PHY,21.3,A,True,SCH-001
STU-2026-0509,EXM-0037,SUB-PHY,16.8,C,True,SCH-001
STU-2026-0510,EXM-0037,SUB-PHY,16.9,C,True,SCH-001
STU-2026-0511,EXM-0037,SUB-PHY,13.7,D,True,SCH-001
STU-2026-0512,EXM-0037,SUB-PHY,16.5,C,True,SCH-001
STU-2026-0513,EXM-0037,SUB-PHY,14.1,D,True,SCH-001
STU-2026-0514,EXM-0037,SUB-PHY,23.5,A+,True,SCH-001
STU-2026-0515,EXM-0037,SUB-PHY,20.1,A,True,SCH-001
STU-2026-0516,EXM-0037,SUB-PHY,7.7,F,False,SCH-001
STU-2026-0517,EXM-0037,SUB-PHY,17.2,C,True,SCH-001
STU-2026-0518,EXM-0037,SUB-PHY,12.9,D,True,SCH-001
STU-2026-0519,EXM-0037,SUB-PHY,18.9,B,True,SCH-001
STU-2026-0520,EXM-0037,SUB-PHY,21.7,A,True,SCH-001
STU-2026-0521,EXM-0037,SUB-PHY,17.3,C,True,SCH-001
STU-2026-0522,EXM-0037,SUB-PHY,20.5,A,True,SCH-001
STU-2026-0523,EXM-0037,SUB-PHY,23.7,A+,True,SCH-001
STU-2026-0524,EXM-0037,SUB-PHY,18.8,B,True,SCH-001
STU-2026-0525,EXM-0037,SUB-PHY,18.9,B,True,SCH-001
STU-2026-0526,EXM-0037,SUB-PHY,16.2,C,True,SCH-001
STU-2026-0527,EXM-0037,SUB-PHY,20.7,A,True,SCH-001
STU-2026-0528,EXM-0037,SUB-PHY,24.2,A+,True,SCH-001
STU-2026-0463,EXM-0038,SUB-CHEM,22.4,A,True,SCH-001
STU-2026-0464,EXM-0038,SUB-CHEM,15.9,C,True,SCH-001
STU-2026-0465,EXM-0038,SUB-CHEM,19.6,B,True,SCH-001
STU-2026-0466,EXM-0038,SUB-CHEM,18.2,B,True,SCH-001
STU-2026-0467,EXM-0038,SUB-CHEM,19.8,B,True,SCH-001
STU-2026-0468,EXM-0038,SUB-CHEM,17.5,B,True,SCH-001
STU-2026-0469,EXM-0038,SUB-CHEM,15.4,C,True,SCH-001
STU-2026-0470,EXM-0038,SUB-CHEM,15.7,C,True,SCH-001
STU-2026-0471,EXM-0038,SUB-CHEM,22.2,A,True,SCH-001
STU-2026-0472,EXM-0038,SUB-CHEM,12.4,F,True,SCH-001
STU-2026-0473,EXM-0038,SUB-CHEM,16.7,C,True,SCH-001
STU-2026-0474,EXM-0038,SUB-CHEM,18.4,B,True,SCH-001
STU-2026-0475,EXM-0038,SUB-CHEM,21.3,A,True,SCH-001
STU-2026-0476,EXM-0038,SUB-CHEM,13.9,D,True,SCH-001
STU-2026-0477,EXM-0038,SUB-CHEM,16.1,C,True,SCH-001
STU-2026-0478,EXM-0038,SUB-CHEM,16.5,C,True,SCH-001
STU-2026-0479,EXM-0038,SUB-CHEM,15.6,C,True,SCH-001
STU-2026-0480,EXM-0038,SUB-CHEM,14.5,D,True,SCH-001
STU-2026-0481,EXM-0038,SUB-CHEM,20.5,A,True,SCH-001
STU-2026-0482,EXM-0038,SUB-CHEM,16.7,C,True,SCH-001
STU-2026-0483,EXM-0038,SUB-CHEM,8.0,F,False,SCH-001
STU-2026-0484,EXM-0038,SUB-CHEM,21.5,A,True,SCH-001
STU-2026-0485,EXM-0038,SUB-CHEM,24.8,A+,True,SCH-001
STU-2026-0486,EXM-0038,SUB-CHEM,20.2,A,True,SCH-001
STU-2026-0487,EXM-0038,SUB-CHEM,22.5,A+,True,SCH-001
STU-2026-0488,EXM-0038,SUB-CHEM,19.3,B,True,SCH-001
STU-2026-0489,EXM-0038,SUB-CHEM,15.3,C,True,SCH-001
STU-2026-0490,EXM-0038,SUB-CHEM,17.2,C,True,SCH-001
STU-2026-0491,EXM-0038,SUB-CHEM,22.5,A+,True,SCH-001
STU-2026-0492,EXM-0038,SUB-CHEM,21.9,A,True,SCH-001
STU-2026-0493,EXM-0038,SUB-CHEM,17.5,B,True,SCH-001
STU-2026-0494,EXM-0038,SUB-CHEM,18.1,B,True,SCH-001
STU-2026-0495,EXM-0038,SUB-CHEM,16.7,C,True,SCH-001
STU-2026-0496,EXM-0038,SUB-CHEM,12.5,D,True,SCH-001
STU-2026-0497,EXM-0038,SUB-CHEM,17.8,B,True,SCH-001
STU-2026-0498,EXM-0038,SUB-CHEM,12.6,D,True,SCH-001
STU-2026-0499,EXM-0038,SUB-CHEM,11.0,F,True,SCH-001
STU-2026-0500,EXM-0038,SUB-CHEM,14.6,D,True,SCH-001
STU-2026-0501,EXM-0038,SUB-CHEM,21.3,A,True,SCH-001
STU-2026-0502,EXM-0038,SUB-CHEM,17.6,B,True,SCH-001
STU-2026-0503,EXM-0038,SUB-CHEM,17.7,B,True,SCH-001
STU-2026-0504,EXM-0038,SUB-CHEM,18.5,B,True,SCH-001
STU-2026-0505,EXM-0038,SUB-CHEM,19.0,B,True,SCH-001
STU-2026-0506,EXM-0038,SUB-CHEM,18.9,B,True,SCH-001
STU-2026-0507,EXM-0038,SUB-CHEM,18.0,B,True,SCH-001
STU-2026-0508,EXM-0038,SUB-CHEM,16.6,C,True,SCH-001
STU-2026-0509,EXM-0038,SUB-CHEM,15.4,C,True,SCH-001
STU-2026-0510,EXM-0038,SUB-CHEM,16.8,C,True,SCH-001
STU-2026-0511,EXM-0038,SUB-CHEM,16.2,C,True,SCH-001
STU-2026-0512,EXM-0038,SUB-CHEM,16.2,C,True,SCH-001
STU-2026-0513,EXM-0038,SUB-CHEM,15.3,C,True,SCH-001
STU-2026-0514,EXM-0038,SUB-CHEM,21.2,A,True,SCH-001
STU-2026-0515,EXM-0038,SUB-CHEM,19.6,B,True,SCH-001
STU-2026-0516,EXM-0038,SUB-CHEM,7.9,F,False,SCH-001
STU-2026-0517,EXM-0038,SUB-CHEM,18.4,B,True,SCH-001
STU-2026-0518,EXM-0038,SUB-CHEM,16.2,C,True,SCH-001
STU-2026-0519,EXM-0038,SUB-CHEM,17.2,C,True,SCH-001
STU-2026-0520,EXM-0038,SUB-CHEM,21.7,A,True,SCH-001
STU-2026-0521,EXM-0038,SUB-CHEM,14.0,D,True,SCH-001
STU-2026-0522,EXM-0038,SUB-CHEM,20.0,A,True,SCH-001
STU-2026-0523,EXM-0038,SUB-CHEM,17.7,B,True,SCH-001
STU-2026-0524,EXM-0038,SUB-CHEM,17.2,C,True,SCH-001
STU-2026-0525,EXM-0038,SUB-CHEM,17.2,C,True,SCH-001
STU-2026-0526,EXM-0038,SUB-CHEM,18.5,B,True,SCH-001
STU-2026-0527,EXM-0038,SUB-CHEM,20.1,A,True,SCH-001
STU-2026-0528,EXM-0038,SUB-CHEM,20.5,A,True,SCH-001
STU-2026-0463,EXM-0039,SUB-ENG,23.1,A+,True,SCH-001
STU-2026-0464,EXM-0039,SUB-ENG,16.9,C,True,SCH-001
STU-2026-0465,EXM-0039,SUB-ENG,15.8,C,True,SCH-001
STU-2026-0466,EXM-0039,SUB-ENG,18.6,B,True,SCH-001
STU-2026-0467,EXM-0039,SUB-ENG,20.6,A,True,SCH-001
STU-2026-0468,EXM-0039,SUB-ENG,20.6,A,True,SCH-001
STU-2026-0469,EXM-0039,SUB-ENG,17.7,B,True,SCH-001
STU-2026-0470,EXM-0039,SUB-ENG,17.1,C,True,SCH-001
STU-2026-0471,EXM-0039,SUB-ENG,20.2,A,True,SCH-001
STU-2026-0472,EXM-0039,SUB-ENG,11.4,F,True,SCH-001
STU-2026-0473,EXM-0039,SUB-ENG,16.1,C,True,SCH-001
STU-2026-0474,EXM-0039,SUB-ENG,19.1,B,True,SCH-001
STU-2026-0475,EXM-0039,SUB-ENG,20.9,A,True,SCH-001
STU-2026-0476,EXM-0039,SUB-ENG,14.9,D,True,SCH-001
STU-2026-0477,EXM-0039,SUB-ENG,17.1,C,True,SCH-001
STU-2026-0478,EXM-0039,SUB-ENG,17.6,B,True,SCH-001
STU-2026-0479,EXM-0039,SUB-ENG,17.5,B,True,SCH-001
STU-2026-0480,EXM-0039,SUB-ENG,15.6,C,True,SCH-001
STU-2026-0481,EXM-0039,SUB-ENG,19.9,B,True,SCH-001
STU-2026-0482,EXM-0039,SUB-ENG,16.4,C,True,SCH-001
STU-2026-0483,EXM-0039,SUB-ENG,8.9,F,False,SCH-001
STU-2026-0484,EXM-0039,SUB-ENG,22.7,A+,True,SCH-001
STU-2026-0485,EXM-0039,SUB-ENG,23.9,A+,True,SCH-001
STU-2026-0486,EXM-0039,SUB-ENG,22.2,A,True,SCH-001
STU-2026-0487,EXM-0039,SUB-ENG,22.5,A+,True,SCH-001
STU-2026-0488,EXM-0039,SUB-ENG,19.4,B,True,SCH-001
STU-2026-0489,EXM-0039,SUB-ENG,19.3,B,True,SCH-001
STU-2026-0490,EXM-0039,SUB-ENG,17.8,B,True,SCH-001
STU-2026-0491,EXM-0039,SUB-ENG,19.4,B,True,SCH-001
STU-2026-0492,EXM-0039,SUB-ENG,19.9,B,True,SCH-001
STU-2026-0493,EXM-0039,SUB-ENG,21.6,A,True,SCH-001
STU-2026-0494,EXM-0039,SUB-ENG,16.9,C,True,SCH-001
STU-2026-0495,EXM-0039,SUB-ENG,17.3,C,True,SCH-001
STU-2026-0496,EXM-0039,SUB-ENG,9.6,F,True,SCH-001
STU-2026-0497,EXM-0039,SUB-ENG,17.4,C,True,SCH-001
STU-2026-0498,EXM-0039,SUB-ENG,14.5,D,True,SCH-001
STU-2026-0499,EXM-0039,SUB-ENG,9.9,F,True,SCH-001
STU-2026-0500,EXM-0039,SUB-ENG,17.2,C,True,SCH-001
STU-2026-0501,EXM-0039,SUB-ENG,19.2,B,True,SCH-001
STU-2026-0502,EXM-0039,SUB-ENG,19.4,B,True,SCH-001
STU-2026-0503,EXM-0039,SUB-ENG,17.5,B,True,SCH-001
STU-2026-0504,EXM-0039,SUB-ENG,20.3,A,True,SCH-001
STU-2026-0505,EXM-0039,SUB-ENG,22.2,A,True,SCH-001
STU-2026-0506,EXM-0039,SUB-ENG,18.7,B,True,SCH-001
STU-2026-0507,EXM-0039,SUB-ENG,22.0,A,True,SCH-001
STU-2026-0508,EXM-0039,SUB-ENG,20.1,A,True,SCH-001
STU-2026-0509,EXM-0039,SUB-ENG,15.3,C,True,SCH-001
STU-2026-0510,EXM-0039,SUB-ENG,15.1,C,True,SCH-001
STU-2026-0511,EXM-0039,SUB-ENG,10.6,F,True,SCH-001
STU-2026-0512,EXM-0039,SUB-ENG,16.1,C,True,SCH-001
STU-2026-0513,EXM-0039,SUB-ENG,15.4,C,True,SCH-001
STU-2026-0514,EXM-0039,SUB-ENG,20.6,A,True,SCH-001
STU-2026-0515,EXM-0039,SUB-ENG,17.6,B,True,SCH-001
STU-2026-0516,EXM-0039,SUB-ENG,9.5,F,True,SCH-001
STU-2026-0517,EXM-0039,SUB-ENG,18.8,B,True,SCH-001
STU-2026-0518,EXM-0039,SUB-ENG,15.6,C,True,SCH-001
STU-2026-0519,EXM-0039,SUB-ENG,20.2,A,True,SCH-001
STU-2026-0520,EXM-0039,SUB-ENG,23.0,A+,True,SCH-001
STU-2026-0521,EXM-0039,SUB-ENG,17.2,C,True,SCH-001
STU-2026-0522,EXM-0039,SUB-ENG,18.2,B,True,SCH-001
STU-2026-0523,EXM-0039,SUB-ENG,24.5,A+,True,SCH-001
STU-2026-0524,EXM-0039,SUB-ENG,19.8,B,True,SCH-001
STU-2026-0525,EXM-0039,SUB-ENG,16.6,C,True,SCH-001
STU-2026-0526,EXM-0039,SUB-ENG,16.6,C,True,SCH-001
STU-2026-0527,EXM-0039,SUB-ENG,22.8,A+,True,SCH-001
STU-2026-0528,EXM-0039,SUB-ENG,20.0,A,True,SCH-001
STU-2026-0463,EXM-0040,SUB-HIST,24.8,A+,True,SCH-001
STU-2026-0464,EXM-0040,SUB-HIST,17.8,B,True,SCH-001
STU-2026-0465,EXM-0040,SUB-HIST,16.1,C,True,SCH-001
STU-2026-0466,EXM-0040,SUB-HIST,21.1,A,True,SCH-001
STU-2026-0467,EXM-0040,SUB-HIST,17.5,B,True,SCH-001
STU-2026-0468,EXM-0040,SUB-HIST,18.2,B,True,SCH-001
STU-2026-0469,EXM-0040,SUB-HIST,19.4,B,True,SCH-001
STU-2026-0470,EXM-0040,SUB-HIST,15.7,C,True,SCH-001
STU-2026-0471,EXM-0040,SUB-HIST,19.5,B,True,SCH-001
STU-2026-0472,EXM-0040,SUB-HIST,13.8,D,True,SCH-001
STU-2026-0473,EXM-0040,SUB-HIST,13.9,D,True,SCH-001
STU-2026-0474,EXM-0040,SUB-HIST,19.1,B,True,SCH-001
STU-2026-0475,EXM-0040,SUB-HIST,18.4,B,True,SCH-001
STU-2026-0476,EXM-0040,SUB-HIST,17.1,C,True,SCH-001
STU-2026-0477,EXM-0040,SUB-HIST,18.2,B,True,SCH-001
STU-2026-0478,EXM-0040,SUB-HIST,14.4,D,True,SCH-001
STU-2026-0479,EXM-0040,SUB-HIST,20.2,A,True,SCH-001
STU-2026-0480,EXM-0040,SUB-HIST,19.4,B,True,SCH-001
STU-2026-0481,EXM-0040,SUB-HIST,21.1,A,True,SCH-001
STU-2026-0482,EXM-0040,SUB-HIST,17.1,C,True,SCH-001
STU-2026-0483,EXM-0040,SUB-HIST,9.5,F,True,SCH-001
STU-2026-0484,EXM-0040,SUB-HIST,19.7,B,True,SCH-001
STU-2026-0485,EXM-0040,SUB-HIST,21.6,A,True,SCH-001
STU-2026-0486,EXM-0040,SUB-HIST,19.4,B,True,SCH-001
STU-2026-0487,EXM-0040,SUB-HIST,23.7,A+,True,SCH-001
STU-2026-0488,EXM-0040,SUB-HIST,20.5,A,True,SCH-001
STU-2026-0489,EXM-0040,SUB-HIST,18.2,B,True,SCH-001
STU-2026-0490,EXM-0040,SUB-HIST,18.0,B,True,SCH-001
STU-2026-0491,EXM-0040,SUB-HIST,23.1,A+,True,SCH-001
STU-2026-0492,EXM-0040,SUB-HIST,20.0,A,True,SCH-001
STU-2026-0493,EXM-0040,SUB-HIST,17.4,C,True,SCH-001
STU-2026-0494,EXM-0040,SUB-HIST,17.4,C,True,SCH-001
STU-2026-0495,EXM-0040,SUB-HIST,17.3,C,True,SCH-001
STU-2026-0496,EXM-0040,SUB-HIST,11.3,F,True,SCH-001
STU-2026-0497,EXM-0040,SUB-HIST,17.0,C,True,SCH-001
STU-2026-0498,EXM-0040,SUB-HIST,12.4,F,True,SCH-001
STU-2026-0499,EXM-0040,SUB-HIST,9.2,F,True,SCH-001
STU-2026-0500,EXM-0040,SUB-HIST,12.4,F,True,SCH-001
STU-2026-0501,EXM-0040,SUB-HIST,19.3,B,True,SCH-001
STU-2026-0502,EXM-0040,SUB-HIST,16.5,C,True,SCH-001
STU-2026-0503,EXM-0040,SUB-HIST,18.0,B,True,SCH-001
STU-2026-0504,EXM-0040,SUB-HIST,16.5,C,True,SCH-001
STU-2026-0505,EXM-0040,SUB-HIST,20.8,A,True,SCH-001
STU-2026-0506,EXM-0040,SUB-HIST,18.8,B,True,SCH-001
STU-2026-0507,EXM-0040,SUB-HIST,18.0,B,True,SCH-001
STU-2026-0508,EXM-0040,SUB-HIST,17.5,B,True,SCH-001
STU-2026-0509,EXM-0040,SUB-HIST,11.9,F,True,SCH-001
STU-2026-0510,EXM-0040,SUB-HIST,16.6,C,True,SCH-001
STU-2026-0511,EXM-0040,SUB-HIST,11.5,F,True,SCH-001
STU-2026-0512,EXM-0040,SUB-HIST,18.3,B,True,SCH-001
STU-2026-0513,EXM-0040,SUB-HIST,14.0,D,True,SCH-001
STU-2026-0514,EXM-0040,SUB-HIST,19.5,B,True,SCH-001
STU-2026-0515,EXM-0040,SUB-HIST,19.9,B,True,SCH-001
STU-2026-0516,EXM-0040,SUB-HIST,8.2,F,False,SCH-001
STU-2026-0517,EXM-0040,SUB-HIST,17.9,B,True,SCH-001
STU-2026-0518,EXM-0040,SUB-HIST,14.7,D,True,SCH-001
STU-2026-0519,EXM-0040,SUB-HIST,19.9,B,True,SCH-001
STU-2026-0520,EXM-0040,SUB-HIST,24.2,A+,True,SCH-001
STU-2026-0521,EXM-0040,SUB-HIST,18.9,B,True,SCH-001
STU-2026-0522,EXM-0040,SUB-HIST,17.4,C,True,SCH-001
STU-2026-0523,EXM-0040,SUB-HIST,20.9,A,True,SCH-001
STU-2026-0524,EXM-0040,SUB-HIST,19.2,B,True,SCH-001
STU-2026-0525,EXM-0040,SUB-HIST,16.7,C,True,SCH-001
STU-2026-0526,EXM-0040,SUB-HIST,16.0,C,True,SCH-001
STU-2026-0527,EXM-0040,SUB-HIST,16.6,C,True,SCH-001
STU-2026-0528,EXM-0040,SUB-HIST,18.9,B,True,SCH-001
STU-2026-0529,EXM-0041,SUB-MATH,18.0,B,True,SCH-001
STU-2026-0530,EXM-0041,SUB-MATH,16.7,C,True,SCH-001
STU-2026-0531,EXM-0041,SUB-MATH,18.7,B,True,SCH-001
STU-2026-0532,EXM-0041,SUB-MATH,22.0,A,True,SCH-001
STU-2026-0533,EXM-0041,SUB-MATH,20.7,A,True,SCH-001
STU-2026-0534,EXM-0041,SUB-MATH,16.3,C,True,SCH-001
STU-2026-0535,EXM-0041,SUB-MATH,23.2,A+,True,SCH-001
STU-2026-0536,EXM-0041,SUB-MATH,22.2,A,True,SCH-001
STU-2026-0537,EXM-0041,SUB-MATH,24.3,A+,True,SCH-001
STU-2026-0538,EXM-0041,SUB-MATH,19.1,B,True,SCH-001
STU-2026-0539,EXM-0041,SUB-MATH,10.7,F,True,SCH-001
STU-2026-0540,EXM-0041,SUB-MATH,13.3,D,True,SCH-001
STU-2026-0541,EXM-0041,SUB-MATH,15.5,C,True,SCH-001
STU-2026-0542,EXM-0041,SUB-MATH,20.0,A,True,SCH-001
STU-2026-0543,EXM-0041,SUB-MATH,16.6,C,True,SCH-001
STU-2026-0544,EXM-0041,SUB-MATH,19.5,B,True,SCH-001
STU-2026-0545,EXM-0041,SUB-MATH,20.3,A,True,SCH-001
STU-2026-0546,EXM-0041,SUB-MATH,21.5,A,True,SCH-001
STU-2026-0547,EXM-0041,SUB-MATH,18.8,B,True,SCH-001
STU-2026-0548,EXM-0041,SUB-MATH,24.8,A+,True,SCH-001
STU-2026-0549,EXM-0041,SUB-MATH,16.7,C,True,SCH-001
STU-2026-0550,EXM-0041,SUB-MATH,15.9,C,True,SCH-001
STU-2026-0551,EXM-0041,SUB-MATH,13.5,D,True,SCH-001
STU-2026-0552,EXM-0041,SUB-MATH,14.3,D,True,SCH-001
STU-2026-0553,EXM-0041,SUB-MATH,21.3,A,True,SCH-001
STU-2026-0554,EXM-0041,SUB-MATH,23.1,A+,True,SCH-001
STU-2026-0555,EXM-0041,SUB-MATH,17.1,C,True,SCH-001
STU-2026-0556,EXM-0041,SUB-MATH,21.0,A,True,SCH-001
STU-2026-0557,EXM-0041,SUB-MATH,19.8,B,True,SCH-001
STU-2026-0558,EXM-0041,SUB-MATH,20.1,A,True,SCH-001
STU-2026-0559,EXM-0041,SUB-MATH,18.1,B,True,SCH-001
STU-2026-0560,EXM-0041,SUB-MATH,19.0,B,True,SCH-001
STU-2026-0561,EXM-0041,SUB-MATH,23.5,A+,True,SCH-001
STU-2026-0562,EXM-0041,SUB-MATH,16.7,C,True,SCH-001
STU-2026-0563,EXM-0041,SUB-MATH,14.9,D,True,SCH-001
STU-2026-0564,EXM-0041,SUB-MATH,17.8,B,True,SCH-001
STU-2026-0565,EXM-0041,SUB-MATH,22.2,A,True,SCH-001
STU-2026-0566,EXM-0041,SUB-MATH,19.3,B,True,SCH-001
STU-2026-0567,EXM-0041,SUB-MATH,14.7,D,True,SCH-001
STU-2026-0568,EXM-0041,SUB-MATH,18.6,B,True,SCH-001
STU-2026-0569,EXM-0041,SUB-MATH,16.1,C,True,SCH-001
STU-2026-0570,EXM-0041,SUB-MATH,19.8,B,True,SCH-001
STU-2026-0571,EXM-0041,SUB-MATH,24.5,A+,True,SCH-001
STU-2026-0572,EXM-0041,SUB-MATH,20.8,A,True,SCH-001
STU-2026-0573,EXM-0041,SUB-MATH,17.1,C,True,SCH-001
STU-2026-0574,EXM-0041,SUB-MATH,18.2,B,True,SCH-001
STU-2026-0575,EXM-0041,SUB-MATH,23.1,A+,True,SCH-001
STU-2026-0576,EXM-0041,SUB-MATH,12.5,D,True,SCH-001
STU-2026-0577,EXM-0041,SUB-MATH,18.4,B,True,SCH-001
STU-2026-0578,EXM-0041,SUB-MATH,18.5,B,True,SCH-001
STU-2026-0579,EXM-0041,SUB-MATH,19.4,B,True,SCH-001
STU-2026-0580,EXM-0041,SUB-MATH,24.2,A+,True,SCH-001
STU-2026-0581,EXM-0041,SUB-MATH,18.7,B,True,SCH-001
STU-2026-0582,EXM-0041,SUB-MATH,15.4,C,True,SCH-001
STU-2026-0583,EXM-0041,SUB-MATH,20.7,A,True,SCH-001
STU-2026-0584,EXM-0041,SUB-MATH,16.9,C,True,SCH-001
STU-2026-0585,EXM-0041,SUB-MATH,19.2,B,True,SCH-001
STU-2026-0586,EXM-0041,SUB-MATH,17.2,C,True,SCH-001
STU-2026-0587,EXM-0041,SUB-MATH,23.7,A+,True,SCH-001
STU-2026-0588,EXM-0041,SUB-MATH,8.2,F,False,SCH-001
STU-2026-0589,EXM-0041,SUB-MATH,22.0,A,True,SCH-001
STU-2026-0590,EXM-0041,SUB-MATH,12.9,D,True,SCH-001
STU-2026-0591,EXM-0041,SUB-MATH,18.3,B,True,SCH-001
STU-2026-0592,EXM-0041,SUB-MATH,16.6,C,True,SCH-001
STU-2026-0593,EXM-0041,SUB-MATH,21.6,A,True,SCH-001
STU-2026-0594,EXM-0041,SUB-MATH,16.9,C,True,SCH-001
STU-2026-0595,EXM-0041,SUB-MATH,19.0,B,True,SCH-001
STU-2026-0596,EXM-0041,SUB-MATH,23.4,A+,True,SCH-001
STU-2026-0597,EXM-0041,SUB-MATH,20.8,A,True,SCH-001
STU-2026-0598,EXM-0041,SUB-MATH,24.8,A+,True,SCH-001
STU-2026-0599,EXM-0041,SUB-MATH,12.4,F,True,SCH-001
STU-2026-0600,EXM-0041,SUB-MATH,11.4,F,True,SCH-001
STU-2026-0529,EXM-0042,SUB-PHY,20.5,A,True,SCH-001
STU-2026-0530,EXM-0042,SUB-PHY,18.6,B,True,SCH-001
STU-2026-0531,EXM-0042,SUB-PHY,23.5,A+,True,SCH-001
STU-2026-0532,EXM-0042,SUB-PHY,22.7,A+,True,SCH-001
STU-2026-0533,EXM-0042,SUB-PHY,20.8,A,True,SCH-001
STU-2026-0534,EXM-0042,SUB-PHY,13.4,D,True,SCH-001
STU-2026-0535,EXM-0042,SUB-PHY,24.8,A+,True,SCH-001
STU-2026-0536,EXM-0042,SUB-PHY,24.8,A+,True,SCH-001
STU-2026-0537,EXM-0042,SUB-PHY,24.8,A+,True,SCH-001
STU-2026-0538,EXM-0042,SUB-PHY,17.3,C,True,SCH-001
STU-2026-0539,EXM-0042,SUB-PHY,8.0,F,False,SCH-001
STU-2026-0540,EXM-0042,SUB-PHY,13.5,D,True,SCH-001
STU-2026-0541,EXM-0042,SUB-PHY,17.7,B,True,SCH-001
STU-2026-0542,EXM-0042,SUB-PHY,21.6,A,True,SCH-001
STU-2026-0543,EXM-0042,SUB-PHY,15.3,C,True,SCH-001
STU-2026-0544,EXM-0042,SUB-PHY,21.2,A,True,SCH-001
STU-2026-0545,EXM-0042,SUB-PHY,20.3,A,True,SCH-001
STU-2026-0546,EXM-0042,SUB-PHY,19.3,B,True,SCH-001
STU-2026-0547,EXM-0042,SUB-PHY,19.9,B,True,SCH-001
STU-2026-0548,EXM-0042,SUB-PHY,22.4,A,True,SCH-001
STU-2026-0549,EXM-0042,SUB-PHY,17.6,B,True,SCH-001
STU-2026-0550,EXM-0042,SUB-PHY,18.9,B,True,SCH-001
STU-2026-0551,EXM-0042,SUB-PHY,16.0,C,True,SCH-001
STU-2026-0552,EXM-0042,SUB-PHY,12.6,D,True,SCH-001
STU-2026-0553,EXM-0042,SUB-PHY,16.6,C,True,SCH-001
STU-2026-0554,EXM-0042,SUB-PHY,19.8,B,True,SCH-001
STU-2026-0555,EXM-0042,SUB-PHY,15.3,C,True,SCH-001
STU-2026-0556,EXM-0042,SUB-PHY,16.8,C,True,SCH-001
STU-2026-0557,EXM-0042,SUB-PHY,22.0,A,True,SCH-001
STU-2026-0558,EXM-0042,SUB-PHY,19.3,B,True,SCH-001
STU-2026-0559,EXM-0042,SUB-PHY,22.4,A,True,SCH-001
STU-2026-0560,EXM-0042,SUB-PHY,24.8,A+,True,SCH-001
STU-2026-0561,EXM-0042,SUB-PHY,21.6,A,True,SCH-001
STU-2026-0562,EXM-0042,SUB-PHY,20.7,A,True,SCH-001
STU-2026-0563,EXM-0042,SUB-PHY,16.6,C,True,SCH-001
STU-2026-0564,EXM-0042,SUB-PHY,19.8,B,True,SCH-001
STU-2026-0565,EXM-0042,SUB-PHY,21.5,A,True,SCH-001
STU-2026-0566,EXM-0042,SUB-PHY,15.8,C,True,SCH-001
STU-2026-0567,EXM-0042,SUB-PHY,15.4,C,True,SCH-001
STU-2026-0568,EXM-0042,SUB-PHY,18.7,B,True,SCH-001
STU-2026-0569,EXM-0042,SUB-PHY,19.8,B,True,SCH-001
STU-2026-0570,EXM-0042,SUB-PHY,21.8,A,True,SCH-001
STU-2026-0571,EXM-0042,SUB-PHY,22.5,A+,True,SCH-001
STU-2026-0572,EXM-0042,SUB-PHY,15.6,C,True,SCH-001
STU-2026-0573,EXM-0042,SUB-PHY,16.2,C,True,SCH-001
STU-2026-0574,EXM-0042,SUB-PHY,16.7,C,True,SCH-001
STU-2026-0575,EXM-0042,SUB-PHY,24.0,A+,True,SCH-001
STU-2026-0576,EXM-0042,SUB-PHY,16.6,C,True,SCH-001
STU-2026-0577,EXM-0042,SUB-PHY,19.8,B,True,SCH-001
STU-2026-0578,EXM-0042,SUB-PHY,22.5,A+,True,SCH-001
STU-2026-0579,EXM-0042,SUB-PHY,21.7,A,True,SCH-001
STU-2026-0580,EXM-0042,SUB-PHY,23.0,A+,True,SCH-001
STU-2026-0581,EXM-0042,SUB-PHY,17.5,B,True,SCH-001
STU-2026-0582,EXM-0042,SUB-PHY,12.8,D,True,SCH-001
STU-2026-0583,EXM-0042,SUB-PHY,19.3,B,True,SCH-001
STU-2026-0584,EXM-0042,SUB-PHY,17.2,C,True,SCH-001
STU-2026-0585,EXM-0042,SUB-PHY,18.4,B,True,SCH-001
STU-2026-0586,EXM-0042,SUB-PHY,15.7,C,True,SCH-001
STU-2026-0587,EXM-0042,SUB-PHY,24.2,A+,True,SCH-001
STU-2026-0588,EXM-0042,SUB-PHY,4.9,F,False,SCH-001
STU-2026-0589,EXM-0042,SUB-PHY,22.6,A+,True,SCH-001
STU-2026-0590,EXM-0042,SUB-PHY,15.5,C,True,SCH-001
STU-2026-0591,EXM-0042,SUB-PHY,21.1,A,True,SCH-001
STU-2026-0592,EXM-0042,SUB-PHY,17.8,B,True,SCH-001
STU-2026-0593,EXM-0042,SUB-PHY,21.8,A,True,SCH-001
STU-2026-0594,EXM-0042,SUB-PHY,18.4,B,True,SCH-001
STU-2026-0595,EXM-0042,SUB-PHY,19.5,B,True,SCH-001
STU-2026-0596,EXM-0042,SUB-PHY,24.8,A+,True,SCH-001
STU-2026-0597,EXM-0042,SUB-PHY,22.1,A,True,SCH-001
STU-2026-0598,EXM-0042,SUB-PHY,22.3,A,True,SCH-001
STU-2026-0599,EXM-0042,SUB-PHY,11.7,F,True,SCH-001
STU-2026-0600,EXM-0042,SUB-PHY,12.5,D,True,SCH-001
STU-2026-0529,EXM-0043,SUB-CHEM,20.3,A,True,SCH-001
STU-2026-0530,EXM-0043,SUB-CHEM,21.0,A,True,SCH-001
STU-2026-0531,EXM-0043,SUB-CHEM,20.8,A,True,SCH-001
STU-2026-0532,EXM-0043,SUB-CHEM,20.1,A,True,SCH-001
STU-2026-0533,EXM-0043,SUB-CHEM,18.5,B,True,SCH-001
STU-2026-0534,EXM-0043,SUB-CHEM,16.4,C,True,SCH-001
STU-2026-0535,EXM-0043,SUB-CHEM,24.8,A+,True,SCH-001
STU-2026-0536,EXM-0043,SUB-CHEM,21.8,A,True,SCH-001
STU-2026-0537,EXM-0043,SUB-CHEM,24.8,A+,True,SCH-001
STU-2026-0538,EXM-0043,SUB-CHEM,16.3,C,True,SCH-001
STU-2026-0539,EXM-0043,SUB-CHEM,7.4,F,False,SCH-001
STU-2026-0540,EXM-0043,SUB-CHEM,16.2,C,True,SCH-001
STU-2026-0541,EXM-0043,SUB-CHEM,18.3,B,True,SCH-001
STU-2026-0542,EXM-0043,SUB-CHEM,21.9,A,True,SCH-001
STU-2026-0543,EXM-0043,SUB-CHEM,19.2,B,True,SCH-001
STU-2026-0544,EXM-0043,SUB-CHEM,19.9,B,True,SCH-001
STU-2026-0545,EXM-0043,SUB-CHEM,18.9,B,True,SCH-001
STU-2026-0546,EXM-0043,SUB-CHEM,22.7,A+,True,SCH-001
STU-2026-0547,EXM-0043,SUB-CHEM,18.3,B,True,SCH-001
STU-2026-0548,EXM-0043,SUB-CHEM,23.0,A+,True,SCH-001
STU-2026-0549,EXM-0043,SUB-CHEM,15.6,C,True,SCH-001
STU-2026-0550,EXM-0043,SUB-CHEM,20.7,A,True,SCH-001
STU-2026-0551,EXM-0043,SUB-CHEM,16.4,C,True,SCH-001
STU-2026-0552,EXM-0043,SUB-CHEM,13.8,D,True,SCH-001
STU-2026-0553,EXM-0043,SUB-CHEM,18.3,B,True,SCH-001
STU-2026-0554,EXM-0043,SUB-CHEM,23.6,A+,True,SCH-001
STU-2026-0555,EXM-0043,SUB-CHEM,18.2,B,True,SCH-001
STU-2026-0556,EXM-0043,SUB-CHEM,19.3,B,True,SCH-001
STU-2026-0557,EXM-0043,SUB-CHEM,20.7,A,True,SCH-001
STU-2026-0558,EXM-0043,SUB-CHEM,17.3,C,True,SCH-001
STU-2026-0559,EXM-0043,SUB-CHEM,18.5,B,True,SCH-001
STU-2026-0560,EXM-0043,SUB-CHEM,21.6,A,True,SCH-001
STU-2026-0561,EXM-0043,SUB-CHEM,22.3,A,True,SCH-001
STU-2026-0562,EXM-0043,SUB-CHEM,20.4,A,True,SCH-001
STU-2026-0563,EXM-0043,SUB-CHEM,18.2,B,True,SCH-001
STU-2026-0564,EXM-0043,SUB-CHEM,17.3,C,True,SCH-001
STU-2026-0565,EXM-0043,SUB-CHEM,21.9,A,True,SCH-001
STU-2026-0566,EXM-0043,SUB-CHEM,15.0,C,True,SCH-001
STU-2026-0567,EXM-0043,SUB-CHEM,13.7,D,True,SCH-001
STU-2026-0568,EXM-0043,SUB-CHEM,18.8,B,True,SCH-001
STU-2026-0569,EXM-0043,SUB-CHEM,19.7,B,True,SCH-001
STU-2026-0570,EXM-0043,SUB-CHEM,18.8,B,True,SCH-001
STU-2026-0571,EXM-0043,SUB-CHEM,23.6,A+,True,SCH-001
STU-2026-0572,EXM-0043,SUB-CHEM,15.3,C,True,SCH-001
STU-2026-0573,EXM-0043,SUB-CHEM,17.6,B,True,SCH-001
STU-2026-0574,EXM-0043,SUB-CHEM,15.5,C,True,SCH-001
STU-2026-0575,EXM-0043,SUB-CHEM,22.7,A+,True,SCH-001
STU-2026-0576,EXM-0043,SUB-CHEM,18.8,B,True,SCH-001
STU-2026-0577,EXM-0043,SUB-CHEM,21.0,A,True,SCH-001
STU-2026-0578,EXM-0043,SUB-CHEM,20.4,A,True,SCH-001
STU-2026-0579,EXM-0043,SUB-CHEM,21.9,A,True,SCH-001
STU-2026-0580,EXM-0043,SUB-CHEM,21.5,A,True,SCH-001
STU-2026-0581,EXM-0043,SUB-CHEM,15.6,C,True,SCH-001
STU-2026-0582,EXM-0043,SUB-CHEM,15.1,C,True,SCH-001
STU-2026-0583,EXM-0043,SUB-CHEM,23.1,A+,True,SCH-001
STU-2026-0584,EXM-0043,SUB-CHEM,17.1,C,True,SCH-001
STU-2026-0585,EXM-0043,SUB-CHEM,16.4,C,True,SCH-001
STU-2026-0586,EXM-0043,SUB-CHEM,14.5,D,True,SCH-001
STU-2026-0587,EXM-0043,SUB-CHEM,21.8,A,True,SCH-001
STU-2026-0588,EXM-0043,SUB-CHEM,6.2,F,False,SCH-001
STU-2026-0589,EXM-0043,SUB-CHEM,23.5,A+,True,SCH-001
STU-2026-0590,EXM-0043,SUB-CHEM,13.3,D,True,SCH-001
STU-2026-0591,EXM-0043,SUB-CHEM,22.9,A+,True,SCH-001
STU-2026-0592,EXM-0043,SUB-CHEM,14.7,D,True,SCH-001
STU-2026-0593,EXM-0043,SUB-CHEM,18.9,B,True,SCH-001
STU-2026-0594,EXM-0043,SUB-CHEM,21.7,A,True,SCH-001
STU-2026-0595,EXM-0043,SUB-CHEM,14.5,D,True,SCH-001
STU-2026-0596,EXM-0043,SUB-CHEM,23.9,A+,True,SCH-001
STU-2026-0597,EXM-0043,SUB-CHEM,17.3,C,True,SCH-001
STU-2026-0598,EXM-0043,SUB-CHEM,23.9,A+,True,SCH-001
STU-2026-0599,EXM-0043,SUB-CHEM,11.9,F,True,SCH-001
STU-2026-0600,EXM-0043,SUB-CHEM,14.0,D,True,SCH-001
STU-2026-0529,EXM-0044,SUB-ENG,18.5,B,True,SCH-001
STU-2026-0530,EXM-0044,SUB-ENG,16.1,C,True,SCH-001
STU-2026-0531,EXM-0044,SUB-ENG,20.2,A,True,SCH-001
STU-2026-0532,EXM-0044,SUB-ENG,21.5,A,True,SCH-001
STU-2026-0533,EXM-0044,SUB-ENG,20.4,A,True,SCH-001
STU-2026-0534,EXM-0044,SUB-ENG,12.6,D,True,SCH-001
STU-2026-0535,EXM-0044,SUB-ENG,24.3,A+,True,SCH-001
STU-2026-0536,EXM-0044,SUB-ENG,24.5,A+,True,SCH-001
STU-2026-0537,EXM-0044,SUB-ENG,23.1,A+,True,SCH-001
STU-2026-0538,EXM-0044,SUB-ENG,20.2,A,True,SCH-001
STU-2026-0539,EXM-0044,SUB-ENG,10.0,F,True,SCH-001
STU-2026-0540,EXM-0044,SUB-ENG,15.6,C,True,SCH-001
STU-2026-0541,EXM-0044,SUB-ENG,19.3,B,True,SCH-001
STU-2026-0542,EXM-0044,SUB-ENG,23.0,A+,True,SCH-001
STU-2026-0543,EXM-0044,SUB-ENG,16.8,C,True,SCH-001
STU-2026-0544,EXM-0044,SUB-ENG,18.7,B,True,SCH-001
STU-2026-0545,EXM-0044,SUB-ENG,18.2,B,True,SCH-001
STU-2026-0546,EXM-0044,SUB-ENG,20.3,A,True,SCH-001
STU-2026-0547,EXM-0044,SUB-ENG,16.6,C,True,SCH-001
STU-2026-0548,EXM-0044,SUB-ENG,23.5,A+,True,SCH-001
STU-2026-0549,EXM-0044,SUB-ENG,17.4,C,True,SCH-001
STU-2026-0550,EXM-0044,SUB-ENG,17.6,B,True,SCH-001
STU-2026-0551,EXM-0044,SUB-ENG,14.6,D,True,SCH-001
STU-2026-0552,EXM-0044,SUB-ENG,10.7,F,True,SCH-001
STU-2026-0553,EXM-0044,SUB-ENG,16.0,C,True,SCH-001
STU-2026-0554,EXM-0044,SUB-ENG,20.3,A,True,SCH-001
STU-2026-0555,EXM-0044,SUB-ENG,15.7,C,True,SCH-001
STU-2026-0556,EXM-0044,SUB-ENG,18.8,B,True,SCH-001
STU-2026-0557,EXM-0044,SUB-ENG,21.8,A,True,SCH-001
STU-2026-0558,EXM-0044,SUB-ENG,19.2,B,True,SCH-001
STU-2026-0559,EXM-0044,SUB-ENG,20.1,A,True,SCH-001
STU-2026-0560,EXM-0044,SUB-ENG,23.3,A+,True,SCH-001
STU-2026-0561,EXM-0044,SUB-ENG,24.4,A+,True,SCH-001
STU-2026-0562,EXM-0044,SUB-ENG,19.6,B,True,SCH-001
STU-2026-0563,EXM-0044,SUB-ENG,17.1,C,True,SCH-001
STU-2026-0564,EXM-0044,SUB-ENG,19.3,B,True,SCH-001
STU-2026-0565,EXM-0044,SUB-ENG,19.5,B,True,SCH-001
STU-2026-0566,EXM-0044,SUB-ENG,18.2,B,True,SCH-001
STU-2026-0567,EXM-0044,SUB-ENG,14.8,D,True,SCH-001
STU-2026-0568,EXM-0044,SUB-ENG,19.5,B,True,SCH-001
STU-2026-0569,EXM-0044,SUB-ENG,18.0,B,True,SCH-001
STU-2026-0570,EXM-0044,SUB-ENG,20.1,A,True,SCH-001
STU-2026-0571,EXM-0044,SUB-ENG,24.3,A+,True,SCH-001
STU-2026-0572,EXM-0044,SUB-ENG,16.5,C,True,SCH-001
STU-2026-0573,EXM-0044,SUB-ENG,16.0,C,True,SCH-001
STU-2026-0574,EXM-0044,SUB-ENG,17.9,B,True,SCH-001
STU-2026-0575,EXM-0044,SUB-ENG,24.8,A+,True,SCH-001
STU-2026-0576,EXM-0044,SUB-ENG,17.8,B,True,SCH-001
STU-2026-0577,EXM-0044,SUB-ENG,20.1,A,True,SCH-001
STU-2026-0578,EXM-0044,SUB-ENG,19.9,B,True,SCH-001
STU-2026-0579,EXM-0044,SUB-ENG,18.8,B,True,SCH-001
STU-2026-0580,EXM-0044,SUB-ENG,23.9,A+,True,SCH-001
STU-2026-0581,EXM-0044,SUB-ENG,14.5,D,True,SCH-001
STU-2026-0582,EXM-0044,SUB-ENG,14.9,D,True,SCH-001
STU-2026-0583,EXM-0044,SUB-ENG,20.7,A,True,SCH-001
STU-2026-0584,EXM-0044,SUB-ENG,18.6,B,True,SCH-001
STU-2026-0585,EXM-0044,SUB-ENG,16.8,C,True,SCH-001
STU-2026-0586,EXM-0044,SUB-ENG,15.2,C,True,SCH-001
STU-2026-0587,EXM-0044,SUB-ENG,23.0,A+,True,SCH-001
STU-2026-0588,EXM-0044,SUB-ENG,5.8,F,False,SCH-001
STU-2026-0589,EXM-0044,SUB-ENG,23.8,A+,True,SCH-001
STU-2026-0590,EXM-0044,SUB-ENG,14.1,D,True,SCH-001
STU-2026-0591,EXM-0044,SUB-ENG,20.4,A,True,SCH-001
STU-2026-0592,EXM-0044,SUB-ENG,15.4,C,True,SCH-001
STU-2026-0593,EXM-0044,SUB-ENG,21.6,A,True,SCH-001
STU-2026-0594,EXM-0044,SUB-ENG,20.3,A,True,SCH-001
STU-2026-0595,EXM-0044,SUB-ENG,18.8,B,True,SCH-001
STU-2026-0596,EXM-0044,SUB-ENG,19.7,B,True,SCH-001
STU-2026-0597,EXM-0044,SUB-ENG,20.6,A,True,SCH-001
STU-2026-0598,EXM-0044,SUB-ENG,20.8,A,True,SCH-001
STU-2026-0599,EXM-0044,SUB-ENG,12.5,D,True,SCH-001
STU-2026-0600,EXM-0044,SUB-ENG,12.6,D,True,SCH-001
STU-2026-0529,EXM-0045,SUB-HIST,20.3,A,True,SCH-001
STU-2026-0530,EXM-0045,SUB-HIST,18.8,B,True,SCH-001
STU-2026-0531,EXM-0045,SUB-HIST,18.1,B,True,SCH-001
STU-2026-0532,EXM-0045,SUB-HIST,22.6,A+,True,SCH-001
STU-2026-0533,EXM-0045,SUB-HIST,22.3,A,True,SCH-001
STU-2026-0534,EXM-0045,SUB-HIST,17.4,C,True,SCH-001
STU-2026-0535,EXM-0045,SUB-HIST,24.3,A+,True,SCH-001
STU-2026-0536,EXM-0045,SUB-HIST,24.8,A+,True,SCH-001
STU-2026-0537,EXM-0045,SUB-HIST,24.8,A+,True,SCH-001
STU-2026-0538,EXM-0045,SUB-HIST,16.8,C,True,SCH-001
STU-2026-0539,EXM-0045,SUB-HIST,9.8,F,True,SCH-001
STU-2026-0540,EXM-0045,SUB-HIST,14.9,D,True,SCH-001
STU-2026-0541,EXM-0045,SUB-HIST,17.2,C,True,SCH-001
STU-2026-0542,EXM-0045,SUB-HIST,21.4,A,True,SCH-001
STU-2026-0543,EXM-0045,SUB-HIST,15.1,C,True,SCH-001
STU-2026-0544,EXM-0045,SUB-HIST,20.4,A,True,SCH-001
STU-2026-0545,EXM-0045,SUB-HIST,17.8,B,True,SCH-001
STU-2026-0546,EXM-0045,SUB-HIST,22.1,A,True,SCH-001
STU-2026-0547,EXM-0045,SUB-HIST,19.1,B,True,SCH-001
STU-2026-0548,EXM-0045,SUB-HIST,21.8,A,True,SCH-001
STU-2026-0549,EXM-0045,SUB-HIST,17.3,C,True,SCH-001
STU-2026-0550,EXM-0045,SUB-HIST,18.4,B,True,SCH-001
STU-2026-0551,EXM-0045,SUB-HIST,13.0,D,True,SCH-001
STU-2026-0552,EXM-0045,SUB-HIST,13.5,D,True,SCH-001
STU-2026-0553,EXM-0045,SUB-HIST,17.8,B,True,SCH-001
STU-2026-0554,EXM-0045,SUB-HIST,23.1,A+,True,SCH-001
STU-2026-0555,EXM-0045,SUB-HIST,15.6,C,True,SCH-001
STU-2026-0556,EXM-0045,SUB-HIST,17.2,C,True,SCH-001
STU-2026-0557,EXM-0045,SUB-HIST,19.6,B,True,SCH-001
STU-2026-0558,EXM-0045,SUB-HIST,19.9,B,True,SCH-001
STU-2026-0559,EXM-0045,SUB-HIST,19.8,B,True,SCH-001
STU-2026-0560,EXM-0045,SUB-HIST,20.3,A,True,SCH-001
STU-2026-0561,EXM-0045,SUB-HIST,21.2,A,True,SCH-001
STU-2026-0562,EXM-0045,SUB-HIST,18.2,B,True,SCH-001
STU-2026-0563,EXM-0045,SUB-HIST,13.6,D,True,SCH-001
STU-2026-0564,EXM-0045,SUB-HIST,21.6,A,True,SCH-001
STU-2026-0565,EXM-0045,SUB-HIST,19.3,B,True,SCH-001
STU-2026-0566,EXM-0045,SUB-HIST,21.6,A,True,SCH-001
STU-2026-0567,EXM-0045,SUB-HIST,13.5,D,True,SCH-001
STU-2026-0568,EXM-0045,SUB-HIST,19.2,B,True,SCH-001
STU-2026-0569,EXM-0045,SUB-HIST,19.9,B,True,SCH-001
STU-2026-0570,EXM-0045,SUB-HIST,19.8,B,True,SCH-001
STU-2026-0571,EXM-0045,SUB-HIST,24.2,A+,True,SCH-001
STU-2026-0572,EXM-0045,SUB-HIST,19.3,B,True,SCH-001
STU-2026-0573,EXM-0045,SUB-HIST,12.9,D,True,SCH-001
STU-2026-0574,EXM-0045,SUB-HIST,16.3,C,True,SCH-001
STU-2026-0575,EXM-0045,SUB-HIST,23.2,A+,True,SCH-001
STU-2026-0576,EXM-0045,SUB-HIST,16.1,C,True,SCH-001
STU-2026-0577,EXM-0045,SUB-HIST,23.0,A+,True,SCH-001
STU-2026-0578,EXM-0045,SUB-HIST,18.7,B,True,SCH-001
STU-2026-0579,EXM-0045,SUB-HIST,21.5,A,True,SCH-001
STU-2026-0580,EXM-0045,SUB-HIST,24.4,A+,True,SCH-001
STU-2026-0581,EXM-0045,SUB-HIST,19.2,B,True,SCH-001
STU-2026-0582,EXM-0045,SUB-HIST,13.9,D,True,SCH-001
STU-2026-0583,EXM-0045,SUB-HIST,18.9,B,True,SCH-001
STU-2026-0584,EXM-0045,SUB-HIST,20.1,A,True,SCH-001
STU-2026-0585,EXM-0045,SUB-HIST,16.6,C,True,SCH-001
STU-2026-0586,EXM-0045,SUB-HIST,12.9,D,True,SCH-001
STU-2026-0587,EXM-0045,SUB-HIST,23.5,A+,True,SCH-001
STU-2026-0588,EXM-0045,SUB-HIST,5.5,F,False,SCH-001
STU-2026-0589,EXM-0045,SUB-HIST,23.8,A+,True,SCH-001
STU-2026-0590,EXM-0045,SUB-HIST,14.6,D,True,SCH-001
STU-2026-0591,EXM-0045,SUB-HIST,20.0,A,True,SCH-001
STU-2026-0592,EXM-0045,SUB-HIST,13.1,D,True,SCH-001
STU-2026-0593,EXM-0045,SUB-HIST,19.1,B,True,SCH-001
STU-2026-0594,EXM-0045,SUB-HIST,20.0,A,True,SCH-001
STU-2026-0595,EXM-0045,SUB-HIST,16.4,C,True,SCH-001
STU-2026-0596,EXM-0045,SUB-HIST,21.8,A,True,SCH-001
STU-2026-0597,EXM-0045,SUB-HIST,22.8,A+,True,SCH-001
STU-2026-0598,EXM-0045,SUB-HIST,23.9,A+,True,SCH-001
STU-2026-0599,EXM-0045,SUB-HIST,8.7,F,False,SCH-001
STU-2026-0600,EXM-0045,SUB-HIST,14.1,D,True,SCH-001
STU-2026-0001,EXM-0046,SUB-MATH,85.9,A,True,SCH-001
STU-2026-0002,EXM-0046,SUB-MATH,87.2,A,True,SCH-001
STU-2026-0003,EXM-0046,SUB-MATH,83.4,A,True,SCH-001
STU-2026-0004,EXM-0046,SUB-MATH,55.7,D,True,SCH-001
STU-2026-0005,EXM-0046,SUB-MATH,72.3,B,True,SCH-001
STU-2026-0006,EXM-0046,SUB-MATH,77.7,B,True,SCH-001
STU-2026-0007,EXM-0046,SUB-MATH,68.7,C,True,SCH-001
STU-2026-0008,EXM-0046,SUB-MATH,57.1,D,True,SCH-001
STU-2026-0009,EXM-0046,SUB-MATH,51.8,D,True,SCH-001
STU-2026-0010,EXM-0046,SUB-MATH,73.1,B,True,SCH-001
STU-2026-0011,EXM-0046,SUB-MATH,99.0,A+,True,SCH-001
STU-2026-0012,EXM-0046,SUB-MATH,97.2,A+,True,SCH-001
STU-2026-0013,EXM-0046,SUB-MATH,90.3,A+,True,SCH-001
STU-2026-0014,EXM-0046,SUB-MATH,61.4,C,True,SCH-001
STU-2026-0015,EXM-0046,SUB-MATH,89.6,A,True,SCH-001
STU-2026-0016,EXM-0046,SUB-MATH,51.9,D,True,SCH-001
STU-2026-0017,EXM-0046,SUB-MATH,83.2,A,True,SCH-001
STU-2026-0018,EXM-0046,SUB-MATH,84.0,A,True,SCH-001
STU-2026-0019,EXM-0046,SUB-MATH,58.0,D,True,SCH-001
STU-2026-0020,EXM-0046,SUB-MATH,75.1,B,True,SCH-001
STU-2026-0021,EXM-0046,SUB-MATH,47.1,F,True,SCH-001
STU-2026-0022,EXM-0046,SUB-MATH,63.1,C,True,SCH-001
STU-2026-0023,EXM-0046,SUB-MATH,97.2,A+,True,SCH-001
STU-2026-0024,EXM-0046,SUB-MATH,75.7,B,True,SCH-001
STU-2026-0025,EXM-0046,SUB-MATH,73.2,B,True,SCH-001
STU-2026-0026,EXM-0046,SUB-MATH,88.8,A,True,SCH-001
STU-2026-0027,EXM-0046,SUB-MATH,78.3,B,True,SCH-001
STU-2026-0028,EXM-0046,SUB-MATH,58.7,D,True,SCH-001
STU-2026-0029,EXM-0046,SUB-MATH,78.6,B,True,SCH-001
STU-2026-0030,EXM-0046,SUB-MATH,74.2,B,True,SCH-001
STU-2026-0031,EXM-0046,SUB-MATH,87.8,A,True,SCH-001
STU-2026-0032,EXM-0046,SUB-MATH,64.0,C,True,SCH-001
STU-2026-0033,EXM-0046,SUB-MATH,92.4,A+,True,SCH-001
STU-2026-0034,EXM-0046,SUB-MATH,81.5,A,True,SCH-001
STU-2026-0035,EXM-0046,SUB-MATH,94.8,A+,True,SCH-001
STU-2026-0036,EXM-0046,SUB-MATH,89.7,A,True,SCH-001
STU-2026-0037,EXM-0046,SUB-MATH,78.6,B,True,SCH-001
STU-2026-0038,EXM-0046,SUB-MATH,94.9,A+,True,SCH-001
STU-2026-0039,EXM-0046,SUB-MATH,59.7,D,True,SCH-001
STU-2026-0040,EXM-0046,SUB-MATH,59.6,D,True,SCH-001
STU-2026-0041,EXM-0046,SUB-MATH,90.5,A+,True,SCH-001
STU-2026-0042,EXM-0046,SUB-MATH,65.2,C,True,SCH-001
STU-2026-0043,EXM-0046,SUB-MATH,65.7,C,True,SCH-001
STU-2026-0044,EXM-0046,SUB-MATH,25.5,F,False,SCH-001
STU-2026-0045,EXM-0046,SUB-MATH,68.9,C,True,SCH-001
STU-2026-0046,EXM-0046,SUB-MATH,81.5,A,True,SCH-001
STU-2026-0047,EXM-0046,SUB-MATH,78.3,B,True,SCH-001
STU-2026-0048,EXM-0046,SUB-MATH,81.2,A,True,SCH-001
STU-2026-0049,EXM-0046,SUB-MATH,89.2,A,True,SCH-001
STU-2026-0050,EXM-0046,SUB-MATH,88.1,A,True,SCH-001
STU-2026-0051,EXM-0046,SUB-MATH,78.6,B,True,SCH-001
STU-2026-0052,EXM-0046,SUB-MATH,66.5,C,True,SCH-001
STU-2026-0053,EXM-0046,SUB-MATH,85.3,A,True,SCH-001
STU-2026-0054,EXM-0046,SUB-MATH,48.8,F,True,SCH-001
STU-2026-0055,EXM-0046,SUB-MATH,85.0,A,True,SCH-001
STU-2026-0056,EXM-0046,SUB-MATH,93.6,A+,True,SCH-001
STU-2026-0057,EXM-0046,SUB-MATH,68.5,C,True,SCH-001
STU-2026-0058,EXM-0046,SUB-MATH,72.4,B,True,SCH-001
STU-2026-0059,EXM-0046,SUB-MATH,83.0,A,True,SCH-001
STU-2026-0060,EXM-0046,SUB-MATH,85.0,A,True,SCH-001
STU-2026-0061,EXM-0046,SUB-MATH,79.4,B,True,SCH-001
STU-2026-0062,EXM-0046,SUB-MATH,71.5,B,True,SCH-001
STU-2026-0063,EXM-0046,SUB-MATH,68.2,C,True,SCH-001
STU-2026-0064,EXM-0046,SUB-MATH,74.7,B,True,SCH-001
STU-2026-0065,EXM-0046,SUB-MATH,71.4,B,True,SCH-001
STU-2026-0066,EXM-0046,SUB-MATH,62.1,C,True,SCH-001
STU-2026-0001,EXM-0047,SUB-PHY,81.4,A,True,SCH-001
STU-2026-0002,EXM-0047,SUB-PHY,95.7,A+,True,SCH-001
STU-2026-0003,EXM-0047,SUB-PHY,97.3,A+,True,SCH-001
STU-2026-0004,EXM-0047,SUB-PHY,50.1,D,True,SCH-001
STU-2026-0005,EXM-0047,SUB-PHY,75.2,B,True,SCH-001
STU-2026-0006,EXM-0047,SUB-PHY,78.2,B,True,SCH-001
STU-2026-0007,EXM-0047,SUB-PHY,60.7,C,True,SCH-001
STU-2026-0008,EXM-0047,SUB-PHY,36.1,F,True,SCH-001
STU-2026-0009,EXM-0047,SUB-PHY,55.4,D,True,SCH-001
STU-2026-0010,EXM-0047,SUB-PHY,62.3,C,True,SCH-001
STU-2026-0011,EXM-0047,SUB-PHY,85.5,A,True,SCH-001
STU-2026-0012,EXM-0047,SUB-PHY,73.0,B,True,SCH-001
STU-2026-0013,EXM-0047,SUB-PHY,79.2,B,True,SCH-001
STU-2026-0014,EXM-0047,SUB-PHY,71.2,B,True,SCH-001
STU-2026-0015,EXM-0047,SUB-PHY,78.0,B,True,SCH-001
STU-2026-0016,EXM-0047,SUB-PHY,66.2,C,True,SCH-001
STU-2026-0017,EXM-0047,SUB-PHY,69.6,C,True,SCH-001
STU-2026-0018,EXM-0047,SUB-PHY,92.8,A+,True,SCH-001
STU-2026-0019,EXM-0047,SUB-PHY,62.8,C,True,SCH-001
STU-2026-0020,EXM-0047,SUB-PHY,67.5,C,True,SCH-001
STU-2026-0021,EXM-0047,SUB-PHY,60.0,C,True,SCH-001
STU-2026-0022,EXM-0047,SUB-PHY,64.7,C,True,SCH-001
STU-2026-0023,EXM-0047,SUB-PHY,69.0,C,True,SCH-001
STU-2026-0024,EXM-0047,SUB-PHY,64.8,C,True,SCH-001
STU-2026-0025,EXM-0047,SUB-PHY,78.9,B,True,SCH-001
STU-2026-0026,EXM-0047,SUB-PHY,91.0,A+,True,SCH-001
STU-2026-0027,EXM-0047,SUB-PHY,73.2,B,True,SCH-001
STU-2026-0028,EXM-0047,SUB-PHY,69.2,C,True,SCH-001
STU-2026-0029,EXM-0047,SUB-PHY,74.6,B,True,SCH-001
STU-2026-0030,EXM-0047,SUB-PHY,75.1,B,True,SCH-001
STU-2026-0031,EXM-0047,SUB-PHY,84.3,A,True,SCH-001
STU-2026-0032,EXM-0047,SUB-PHY,60.3,C,True,SCH-001
STU-2026-0033,EXM-0047,SUB-PHY,95.9,A+,True,SCH-001
STU-2026-0034,EXM-0047,SUB-PHY,86.6,A,True,SCH-001
STU-2026-0035,EXM-0047,SUB-PHY,90.7,A+,True,SCH-001
STU-2026-0036,EXM-0047,SUB-PHY,85.2,A,True,SCH-001
STU-2026-0037,EXM-0047,SUB-PHY,87.8,A,True,SCH-001
STU-2026-0038,EXM-0047,SUB-PHY,91.2,A+,True,SCH-001
STU-2026-0039,EXM-0047,SUB-PHY,50.0,D,True,SCH-001
STU-2026-0040,EXM-0047,SUB-PHY,60.7,C,True,SCH-001
STU-2026-0041,EXM-0047,SUB-PHY,78.0,B,True,SCH-001
STU-2026-0042,EXM-0047,SUB-PHY,75.5,B,True,SCH-001
STU-2026-0043,EXM-0047,SUB-PHY,73.0,B,True,SCH-001
STU-2026-0044,EXM-0047,SUB-PHY,52.1,D,True,SCH-001
STU-2026-0045,EXM-0047,SUB-PHY,63.6,C,True,SCH-001
STU-2026-0046,EXM-0047,SUB-PHY,73.4,B,True,SCH-001
STU-2026-0047,EXM-0047,SUB-PHY,83.6,A,True,SCH-001
STU-2026-0048,EXM-0047,SUB-PHY,80.2,A,True,SCH-001
STU-2026-0049,EXM-0047,SUB-PHY,89.7,A,True,SCH-001
STU-2026-0050,EXM-0047,SUB-PHY,83.2,A,True,SCH-001
STU-2026-0051,EXM-0047,SUB-PHY,66.6,C,True,SCH-001
STU-2026-0052,EXM-0047,SUB-PHY,79.1,B,True,SCH-001
STU-2026-0053,EXM-0047,SUB-PHY,86.9,A,True,SCH-001
STU-2026-0054,EXM-0047,SUB-PHY,39.9,F,True,SCH-001
STU-2026-0055,EXM-0047,SUB-PHY,92.9,A+,True,SCH-001
STU-2026-0056,EXM-0047,SUB-PHY,93.7,A+,True,SCH-001
STU-2026-0057,EXM-0047,SUB-PHY,69.3,C,True,SCH-001
STU-2026-0058,EXM-0047,SUB-PHY,68.4,C,True,SCH-001
STU-2026-0059,EXM-0047,SUB-PHY,69.8,C,True,SCH-001
STU-2026-0060,EXM-0047,SUB-PHY,83.9,A,True,SCH-001
STU-2026-0061,EXM-0047,SUB-PHY,78.7,B,True,SCH-001
STU-2026-0062,EXM-0047,SUB-PHY,68.2,C,True,SCH-001
STU-2026-0063,EXM-0047,SUB-PHY,71.2,B,True,SCH-001
STU-2026-0064,EXM-0047,SUB-PHY,68.7,C,True,SCH-001
STU-2026-0065,EXM-0047,SUB-PHY,79.7,B,True,SCH-001
STU-2026-0066,EXM-0047,SUB-PHY,55.3,D,True,SCH-001
STU-2026-0001,EXM-0048,SUB-CHEM,82.8,A,True,SCH-001
STU-2026-0002,EXM-0048,SUB-CHEM,89.6,A,True,SCH-001
STU-2026-0003,EXM-0048,SUB-CHEM,89.0,A,True,SCH-001
STU-2026-0004,EXM-0048,SUB-CHEM,50.0,D,True,SCH-001
STU-2026-0005,EXM-0048,SUB-CHEM,80.7,A,True,SCH-001
STU-2026-0006,EXM-0048,SUB-CHEM,78.3,B,True,SCH-001
STU-2026-0007,EXM-0048,SUB-CHEM,65.6,C,True,SCH-001
STU-2026-0008,EXM-0048,SUB-CHEM,44.9,F,True,SCH-001
STU-2026-0009,EXM-0048,SUB-CHEM,47.0,F,True,SCH-001
STU-2026-0010,EXM-0048,SUB-CHEM,70.2,B,True,SCH-001
STU-2026-0011,EXM-0048,SUB-CHEM,95.7,A+,True,SCH-001
STU-2026-0012,EXM-0048,SUB-CHEM,81.3,A,True,SCH-001
STU-2026-0013,EXM-0048,SUB-CHEM,94.6,A+,True,SCH-001
STU-2026-0014,EXM-0048,SUB-CHEM,57.0,D,True,SCH-001
STU-2026-0015,EXM-0048,SUB-CHEM,77.6,B,True,SCH-001
STU-2026-0016,EXM-0048,SUB-CHEM,50.1,D,True,SCH-001
STU-2026-0017,EXM-0048,SUB-CHEM,72.8,B,True,SCH-001
STU-2026-0018,EXM-0048,SUB-CHEM,75.6,B,True,SCH-001
STU-2026-0019,EXM-0048,SUB-CHEM,63.7,C,True,SCH-001
STU-2026-0020,EXM-0048,SUB-CHEM,60.7,C,True,SCH-001
STU-2026-0021,EXM-0048,SUB-CHEM,37.7,F,True,SCH-001
STU-2026-0022,EXM-0048,SUB-CHEM,68.7,C,True,SCH-001
STU-2026-0023,EXM-0048,SUB-CHEM,75.6,B,True,SCH-001
STU-2026-0024,EXM-0048,SUB-CHEM,72.6,B,True,SCH-001
STU-2026-0025,EXM-0048,SUB-CHEM,86.2,A,True,SCH-001
STU-2026-0026,EXM-0048,SUB-CHEM,82.2,A,True,SCH-001
STU-2026-0027,EXM-0048,SUB-CHEM,70.3,B,True,SCH-001
STU-2026-0028,EXM-0048,SUB-CHEM,70.5,B,True,SCH-001
STU-2026-0029,EXM-0048,SUB-CHEM,83.6,A,True,SCH-001
STU-2026-0030,EXM-0048,SUB-CHEM,82.7,A,True,SCH-001
STU-2026-0031,EXM-0048,SUB-CHEM,75.4,B,True,SCH-001
STU-2026-0032,EXM-0048,SUB-CHEM,61.3,C,True,SCH-001
STU-2026-0033,EXM-0048,SUB-CHEM,86.8,A,True,SCH-001
STU-2026-0034,EXM-0048,SUB-CHEM,83.8,A,True,SCH-001
STU-2026-0035,EXM-0048,SUB-CHEM,86.2,A,True,SCH-001
STU-2026-0036,EXM-0048,SUB-CHEM,89.5,A,True,SCH-001
STU-2026-0037,EXM-0048,SUB-CHEM,85.4,A,True,SCH-001
STU-2026-0038,EXM-0048,SUB-CHEM,75.8,B,True,SCH-001
STU-2026-0039,EXM-0048,SUB-CHEM,51.4,D,True,SCH-001
STU-2026-0040,EXM-0048,SUB-CHEM,61.4,C,True,SCH-001
STU-2026-0041,EXM-0048,SUB-CHEM,78.7,B,True,SCH-001
STU-2026-0042,EXM-0048,SUB-CHEM,78.1,B,True,SCH-001
STU-2026-0043,EXM-0048,SUB-CHEM,71.4,B,True,SCH-001
STU-2026-0044,EXM-0048,SUB-CHEM,46.4,F,True,SCH-001
STU-2026-0045,EXM-0048,SUB-CHEM,68.7,C,True,SCH-001
STU-2026-0046,EXM-0048,SUB-CHEM,80.7,A,True,SCH-001
STU-2026-0047,EXM-0048,SUB-CHEM,83.4,A,True,SCH-001
STU-2026-0048,EXM-0048,SUB-CHEM,84.5,A,True,SCH-001
STU-2026-0049,EXM-0048,SUB-CHEM,83.7,A,True,SCH-001
STU-2026-0050,EXM-0048,SUB-CHEM,84.8,A,True,SCH-001
STU-2026-0051,EXM-0048,SUB-CHEM,79.0,B,True,SCH-001
STU-2026-0052,EXM-0048,SUB-CHEM,73.8,B,True,SCH-001
STU-2026-0053,EXM-0048,SUB-CHEM,88.8,A,True,SCH-001
STU-2026-0054,EXM-0048,SUB-CHEM,42.8,F,True,SCH-001
STU-2026-0055,EXM-0048,SUB-CHEM,79.8,B,True,SCH-001
STU-2026-0056,EXM-0048,SUB-CHEM,90.8,A+,True,SCH-001
STU-2026-0057,EXM-0048,SUB-CHEM,63.9,C,True,SCH-001
STU-2026-0058,EXM-0048,SUB-CHEM,78.3,B,True,SCH-001
STU-2026-0059,EXM-0048,SUB-CHEM,79.2,B,True,SCH-001
STU-2026-0060,EXM-0048,SUB-CHEM,67.8,C,True,SCH-001
STU-2026-0061,EXM-0048,SUB-CHEM,78.6,B,True,SCH-001
STU-2026-0062,EXM-0048,SUB-CHEM,64.6,C,True,SCH-001
STU-2026-0063,EXM-0048,SUB-CHEM,92.1,A+,True,SCH-001
STU-2026-0064,EXM-0048,SUB-CHEM,71.2,B,True,SCH-001
STU-2026-0065,EXM-0048,SUB-CHEM,66.5,C,True,SCH-001
STU-2026-0066,EXM-0048,SUB-CHEM,68.7,C,True,SCH-001
STU-2026-0001,EXM-0049,SUB-ENG,75.5,B,True,SCH-001
STU-2026-0002,EXM-0049,SUB-ENG,79.4,B,True,SCH-001
STU-2026-0003,EXM-0049,SUB-ENG,93.9,A+,True,SCH-001
STU-2026-0004,EXM-0049,SUB-ENG,47.4,F,True,SCH-001
STU-2026-0005,EXM-0049,SUB-ENG,83.9,A,True,SCH-001
STU-2026-0006,EXM-0049,SUB-ENG,74.1,B,True,SCH-001
STU-2026-0007,EXM-0049,SUB-ENG,69.6,C,True,SCH-001
STU-2026-0008,EXM-0049,SUB-ENG,43.6,F,True,SCH-001
STU-2026-0009,EXM-0049,SUB-ENG,40.6,F,True,SCH-001
STU-2026-0010,EXM-0049,SUB-ENG,68.9,C,True,SCH-001
STU-2026-0011,EXM-0049,SUB-ENG,93.2,A+,True,SCH-001
STU-2026-0012,EXM-0049,SUB-ENG,93.0,A+,True,SCH-001
STU-2026-0013,EXM-0049,SUB-ENG,83.6,A,True,SCH-001
STU-2026-0014,EXM-0049,SUB-ENG,69.5,C,True,SCH-001
STU-2026-0015,EXM-0049,SUB-ENG,81.4,A,True,SCH-001
STU-2026-0016,EXM-0049,SUB-ENG,65.9,C,True,SCH-001
STU-2026-0017,EXM-0049,SUB-ENG,81.0,A,True,SCH-001
STU-2026-0018,EXM-0049,SUB-ENG,89.3,A,True,SCH-001
STU-2026-0019,EXM-0049,SUB-ENG,71.5,B,True,SCH-001
STU-2026-0020,EXM-0049,SUB-ENG,67.6,C,True,SCH-001
STU-2026-0021,EXM-0049,SUB-ENG,55.5,D,True,SCH-001
STU-2026-0022,EXM-0049,SUB-ENG,70.9,B,True,SCH-001
STU-2026-0023,EXM-0049,SUB-ENG,87.2,A,True,SCH-001
STU-2026-0024,EXM-0049,SUB-ENG,70.4,B,True,SCH-001
STU-2026-0025,EXM-0049,SUB-ENG,70.8,B,True,SCH-001
STU-2026-0026,EXM-0049,SUB-ENG,74.6,B,True,SCH-001
STU-2026-0027,EXM-0049,SUB-ENG,74.7,B,True,SCH-001
STU-2026-0028,EXM-0049,SUB-ENG,67.2,C,True,SCH-001
STU-2026-0029,EXM-0049,SUB-ENG,87.3,A,True,SCH-001
STU-2026-0030,EXM-0049,SUB-ENG,72.2,B,True,SCH-001
STU-2026-0031,EXM-0049,SUB-ENG,85.0,A,True,SCH-001
STU-2026-0032,EXM-0049,SUB-ENG,60.8,C,True,SCH-001
STU-2026-0033,EXM-0049,SUB-ENG,94.6,A+,True,SCH-001
STU-2026-0034,EXM-0049,SUB-ENG,79.9,B,True,SCH-001
STU-2026-0035,EXM-0049,SUB-ENG,88.2,A,True,SCH-001
STU-2026-0036,EXM-0049,SUB-ENG,98.0,A+,True,SCH-001
STU-2026-0037,EXM-0049,SUB-ENG,70.0,B,True,SCH-001
STU-2026-0038,EXM-0049,SUB-ENG,79.5,B,True,SCH-001
STU-2026-0039,EXM-0049,SUB-ENG,49.5,F,True,SCH-001
STU-2026-0040,EXM-0049,SUB-ENG,63.4,C,True,SCH-001
STU-2026-0041,EXM-0049,SUB-ENG,93.9,A+,True,SCH-001
STU-2026-0042,EXM-0049,SUB-ENG,73.2,B,True,SCH-001
STU-2026-0043,EXM-0049,SUB-ENG,85.4,A,True,SCH-001
STU-2026-0044,EXM-0049,SUB-ENG,42.7,F,True,SCH-001
STU-2026-0045,EXM-0049,SUB-ENG,76.4,B,True,SCH-001
STU-2026-0046,EXM-0049,SUB-ENG,75.5,B,True,SCH-001
STU-2026-0047,EXM-0049,SUB-ENG,75.6,B,True,SCH-001
STU-2026-0048,EXM-0049,SUB-ENG,79.6,B,True,SCH-001
STU-2026-0049,EXM-0049,SUB-ENG,82.5,A,True,SCH-001
STU-2026-0050,EXM-0049,SUB-ENG,78.5,B,True,SCH-001
STU-2026-0051,EXM-0049,SUB-ENG,80.7,A,True,SCH-001
STU-2026-0052,EXM-0049,SUB-ENG,66.8,C,True,SCH-001
STU-2026-0053,EXM-0049,SUB-ENG,91.3,A+,True,SCH-001
STU-2026-0054,EXM-0049,SUB-ENG,41.5,F,True,SCH-001
STU-2026-0055,EXM-0049,SUB-ENG,95.5,A+,True,SCH-001
STU-2026-0056,EXM-0049,SUB-ENG,93.7,A+,True,SCH-001
STU-2026-0057,EXM-0049,SUB-ENG,59.3,D,True,SCH-001
STU-2026-0058,EXM-0049,SUB-ENG,74.0,B,True,SCH-001
STU-2026-0059,EXM-0049,SUB-ENG,87.4,A,True,SCH-001
STU-2026-0060,EXM-0049,SUB-ENG,74.9,B,True,SCH-001
STU-2026-0061,EXM-0049,SUB-ENG,88.5,A,True,SCH-001
STU-2026-0062,EXM-0049,SUB-ENG,72.2,B,True,SCH-001
STU-2026-0063,EXM-0049,SUB-ENG,80.7,A,True,SCH-001
STU-2026-0064,EXM-0049,SUB-ENG,69.6,C,True,SCH-001
STU-2026-0065,EXM-0049,SUB-ENG,78.0,B,True,SCH-001
STU-2026-0066,EXM-0049,SUB-ENG,66.6,C,True,SCH-001
STU-2026-0001,EXM-0050,SUB-HIST,74.7,B,True,SCH-001
STU-2026-0002,EXM-0050,SUB-HIST,93.4,A+,True,SCH-001
STU-2026-0003,EXM-0050,SUB-HIST,83.9,A,True,SCH-001
STU-2026-0004,EXM-0050,SUB-HIST,44.6,F,True,SCH-001
STU-2026-0005,EXM-0050,SUB-HIST,67.1,C,True,SCH-001
STU-2026-0006,EXM-0050,SUB-HIST,78.1,B,True,SCH-001
STU-2026-0007,EXM-0050,SUB-HIST,59.3,D,True,SCH-001
STU-2026-0008,EXM-0050,SUB-HIST,48.8,F,True,SCH-001
STU-2026-0009,EXM-0050,SUB-HIST,47.9,F,True,SCH-001
STU-2026-0010,EXM-0050,SUB-HIST,77.4,B,True,SCH-001
STU-2026-0011,EXM-0050,SUB-HIST,79.9,B,True,SCH-001
STU-2026-0012,EXM-0050,SUB-HIST,89.8,A,True,SCH-001
STU-2026-0013,EXM-0050,SUB-HIST,96.3,A+,True,SCH-001
STU-2026-0014,EXM-0050,SUB-HIST,70.6,B,True,SCH-001
STU-2026-0015,EXM-0050,SUB-HIST,90.5,A+,True,SCH-001
STU-2026-0016,EXM-0050,SUB-HIST,58.4,D,True,SCH-001
STU-2026-0017,EXM-0050,SUB-HIST,83.1,A,True,SCH-001
STU-2026-0018,EXM-0050,SUB-HIST,95.0,A+,True,SCH-001
STU-2026-0019,EXM-0050,SUB-HIST,51.1,D,True,SCH-001
STU-2026-0020,EXM-0050,SUB-HIST,64.8,C,True,SCH-001
STU-2026-0021,EXM-0050,SUB-HIST,54.2,D,True,SCH-001
STU-2026-0022,EXM-0050,SUB-HIST,57.3,D,True,SCH-001
STU-2026-0023,EXM-0050,SUB-HIST,84.1,A,True,SCH-001
STU-2026-0024,EXM-0050,SUB-HIST,64.1,C,True,SCH-001
STU-2026-0025,EXM-0050,SUB-HIST,83.1,A,True,SCH-001
STU-2026-0026,EXM-0050,SUB-HIST,84.2,A,True,SCH-001
STU-2026-0027,EXM-0050,SUB-HIST,74.4,B,True,SCH-001
STU-2026-0028,EXM-0050,SUB-HIST,62.5,C,True,SCH-001
STU-2026-0029,EXM-0050,SUB-HIST,71.6,B,True,SCH-001
STU-2026-0030,EXM-0050,SUB-HIST,91.8,A+,True,SCH-001
STU-2026-0031,EXM-0050,SUB-HIST,73.8,B,True,SCH-001
STU-2026-0032,EXM-0050,SUB-HIST,72.8,B,True,SCH-001
STU-2026-0033,EXM-0050,SUB-HIST,99.0,A+,True,SCH-001
STU-2026-0034,EXM-0050,SUB-HIST,82.6,A,True,SCH-001
STU-2026-0035,EXM-0050,SUB-HIST,88.3,A,True,SCH-001
STU-2026-0036,EXM-0050,SUB-HIST,88.8,A,True,SCH-001
STU-2026-0037,EXM-0050,SUB-HIST,66.7,C,True,SCH-001
STU-2026-0038,EXM-0050,SUB-HIST,71.8,B,True,SCH-001
STU-2026-0039,EXM-0050,SUB-HIST,58.0,D,True,SCH-001
STU-2026-0040,EXM-0050,SUB-HIST,50.9,D,True,SCH-001
STU-2026-0041,EXM-0050,SUB-HIST,82.5,A,True,SCH-001
STU-2026-0042,EXM-0050,SUB-HIST,85.1,A,True,SCH-001
STU-2026-0043,EXM-0050,SUB-HIST,75.2,B,True,SCH-001
STU-2026-0044,EXM-0050,SUB-HIST,44.9,F,True,SCH-001
STU-2026-0045,EXM-0050,SUB-HIST,78.1,B,True,SCH-001
STU-2026-0046,EXM-0050,SUB-HIST,73.5,B,True,SCH-001
STU-2026-0047,EXM-0050,SUB-HIST,78.2,B,True,SCH-001
STU-2026-0048,EXM-0050,SUB-HIST,76.5,B,True,SCH-001
STU-2026-0049,EXM-0050,SUB-HIST,86.7,A,True,SCH-001
STU-2026-0050,EXM-0050,SUB-HIST,70.2,B,True,SCH-001
STU-2026-0051,EXM-0050,SUB-HIST,68.6,C,True,SCH-001
STU-2026-0052,EXM-0050,SUB-HIST,70.7,B,True,SCH-001
STU-2026-0053,EXM-0050,SUB-HIST,82.8,A,True,SCH-001
STU-2026-0054,EXM-0050,SUB-HIST,46.6,F,True,SCH-001
STU-2026-0055,EXM-0050,SUB-HIST,79.6,B,True,SCH-001
STU-2026-0056,EXM-0050,SUB-HIST,95.0,A+,True,SCH-001
STU-2026-0057,EXM-0050,SUB-HIST,55.2,D,True,SCH-001
STU-2026-0058,EXM-0050,SUB-HIST,70.6,B,True,SCH-001
STU-2026-0059,EXM-0050,SUB-HIST,83.5,A,True,SCH-001
STU-2026-0060,EXM-0050,SUB-HIST,70.3,B,True,SCH-001
STU-2026-0061,EXM-0050,SUB-HIST,81.4,A,True,SCH-001
STU-2026-0062,EXM-0050,SUB-HIST,73.3,B,True,SCH-001
STU-2026-0063,EXM-0050,SUB-HIST,66.8,C,True,SCH-001
STU-2026-0064,EXM-0050,SUB-HIST,71.3,B,True,SCH-001
STU-2026-0065,EXM-0050,SUB-HIST,74.1,B,True,SCH-001
STU-2026-0066,EXM-0050,SUB-HIST,69.6,C,True,SCH-001
STU-2026-0067,EXM-0051,SUB-MATH,40.8,F,True,SCH-001
STU-2026-0068,EXM-0051,SUB-MATH,86.6,A,True,SCH-001
STU-2026-0069,EXM-0051,SUB-MATH,59.3,D,True,SCH-001
STU-2026-0070,EXM-0051,SUB-MATH,84.0,A,True,SCH-001
STU-2026-0071,EXM-0051,SUB-MATH,67.8,C,True,SCH-001
STU-2026-0072,EXM-0051,SUB-MATH,67.2,C,True,SCH-001
STU-2026-0073,EXM-0051,SUB-MATH,72.5,B,True,SCH-001
STU-2026-0074,EXM-0051,SUB-MATH,86.1,A,True,SCH-001
STU-2026-0075,EXM-0051,SUB-MATH,65.1,C,True,SCH-001
STU-2026-0076,EXM-0051,SUB-MATH,75.1,B,True,SCH-001
STU-2026-0077,EXM-0051,SUB-MATH,80.4,A,True,SCH-001
STU-2026-0078,EXM-0051,SUB-MATH,64.2,C,True,SCH-001
STU-2026-0079,EXM-0051,SUB-MATH,73.4,B,True,SCH-001
STU-2026-0080,EXM-0051,SUB-MATH,86.9,A,True,SCH-001
STU-2026-0081,EXM-0051,SUB-MATH,66.8,C,True,SCH-001
STU-2026-0082,EXM-0051,SUB-MATH,66.1,C,True,SCH-001
STU-2026-0083,EXM-0051,SUB-MATH,81.5,A,True,SCH-001
STU-2026-0084,EXM-0051,SUB-MATH,81.2,A,True,SCH-001
STU-2026-0085,EXM-0051,SUB-MATH,89.2,A,True,SCH-001
STU-2026-0086,EXM-0051,SUB-MATH,59.6,D,True,SCH-001
STU-2026-0087,EXM-0051,SUB-MATH,94.5,A+,True,SCH-001
STU-2026-0088,EXM-0051,SUB-MATH,67.8,C,True,SCH-001
STU-2026-0089,EXM-0051,SUB-MATH,66.8,C,True,SCH-001
STU-2026-0090,EXM-0051,SUB-MATH,63.4,C,True,SCH-001
STU-2026-0091,EXM-0051,SUB-MATH,63.2,C,True,SCH-001
STU-2026-0092,EXM-0051,SUB-MATH,71.0,B,True,SCH-001
STU-2026-0093,EXM-0051,SUB-MATH,66.8,C,True,SCH-001
STU-2026-0094,EXM-0051,SUB-MATH,92.4,A+,True,SCH-001
STU-2026-0095,EXM-0051,SUB-MATH,72.8,B,True,SCH-001
STU-2026-0096,EXM-0051,SUB-MATH,72.0,B,True,SCH-001
STU-2026-0097,EXM-0051,SUB-MATH,38.9,F,True,SCH-001
STU-2026-0098,EXM-0051,SUB-MATH,93.8,A+,True,SCH-001
STU-2026-0099,EXM-0051,SUB-MATH,98.0,A+,True,SCH-001
STU-2026-0100,EXM-0051,SUB-MATH,67.2,C,True,SCH-001
STU-2026-0101,EXM-0051,SUB-MATH,79.2,B,True,SCH-001
STU-2026-0102,EXM-0051,SUB-MATH,88.8,A,True,SCH-001
STU-2026-0103,EXM-0051,SUB-MATH,80.9,A,True,SCH-001
STU-2026-0104,EXM-0051,SUB-MATH,71.2,B,True,SCH-001
STU-2026-0105,EXM-0051,SUB-MATH,60.7,C,True,SCH-001
STU-2026-0106,EXM-0051,SUB-MATH,56.6,D,True,SCH-001
STU-2026-0107,EXM-0051,SUB-MATH,66.5,C,True,SCH-001
STU-2026-0108,EXM-0051,SUB-MATH,76.2,B,True,SCH-001
STU-2026-0109,EXM-0051,SUB-MATH,91.9,A+,True,SCH-001
STU-2026-0110,EXM-0051,SUB-MATH,43.1,F,True,SCH-001
STU-2026-0111,EXM-0051,SUB-MATH,60.6,C,True,SCH-001
STU-2026-0112,EXM-0051,SUB-MATH,74.8,B,True,SCH-001
STU-2026-0113,EXM-0051,SUB-MATH,85.0,A,True,SCH-001
STU-2026-0114,EXM-0051,SUB-MATH,77.9,B,True,SCH-001
STU-2026-0115,EXM-0051,SUB-MATH,82.4,A,True,SCH-001
STU-2026-0116,EXM-0051,SUB-MATH,92.4,A+,True,SCH-001
STU-2026-0117,EXM-0051,SUB-MATH,79.0,B,True,SCH-001
STU-2026-0118,EXM-0051,SUB-MATH,94.4,A+,True,SCH-001
STU-2026-0119,EXM-0051,SUB-MATH,99.0,A+,True,SCH-001
STU-2026-0120,EXM-0051,SUB-MATH,23.7,F,False,SCH-001
STU-2026-0121,EXM-0051,SUB-MATH,87.0,A,True,SCH-001
STU-2026-0122,EXM-0051,SUB-MATH,67.2,C,True,SCH-001
STU-2026-0123,EXM-0051,SUB-MATH,71.4,B,True,SCH-001
STU-2026-0124,EXM-0051,SUB-MATH,94.0,A+,True,SCH-001
STU-2026-0125,EXM-0051,SUB-MATH,74.4,B,True,SCH-001
STU-2026-0126,EXM-0051,SUB-MATH,80.7,A,True,SCH-001
STU-2026-0127,EXM-0051,SUB-MATH,76.5,B,True,SCH-001
STU-2026-0128,EXM-0051,SUB-MATH,35.0,F,True,SCH-001
STU-2026-0129,EXM-0051,SUB-MATH,89.6,A,True,SCH-001
STU-2026-0130,EXM-0051,SUB-MATH,76.0,B,True,SCH-001
STU-2026-0131,EXM-0051,SUB-MATH,67.4,C,True,SCH-001
STU-2026-0132,EXM-0051,SUB-MATH,74.3,B,True,SCH-001
STU-2026-0067,EXM-0052,SUB-PHY,37.1,F,True,SCH-001
STU-2026-0068,EXM-0052,SUB-PHY,83.3,A,True,SCH-001
STU-2026-0069,EXM-0052,SUB-PHY,65.3,C,True,SCH-001
STU-2026-0070,EXM-0052,SUB-PHY,70.1,B,True,SCH-001
STU-2026-0071,EXM-0052,SUB-PHY,81.1,A,True,SCH-001
STU-2026-0072,EXM-0052,SUB-PHY,68.6,C,True,SCH-001
STU-2026-0073,EXM-0052,SUB-PHY,72.0,B,True,SCH-001
STU-2026-0074,EXM-0052,SUB-PHY,86.5,A,True,SCH-001
STU-2026-0075,EXM-0052,SUB-PHY,84.2,A,True,SCH-001
STU-2026-0076,EXM-0052,SUB-PHY,73.5,B,True,SCH-001
STU-2026-0077,EXM-0052,SUB-PHY,81.2,A,True,SCH-001
STU-2026-0078,EXM-0052,SUB-PHY,70.0,B,True,SCH-001
STU-2026-0079,EXM-0052,SUB-PHY,73.4,B,True,SCH-001
STU-2026-0080,EXM-0052,SUB-PHY,82.1,A,True,SCH-001
STU-2026-0081,EXM-0052,SUB-PHY,65.8,C,True,SCH-001
STU-2026-0082,EXM-0052,SUB-PHY,65.5,C,True,SCH-001
STU-2026-0083,EXM-0052,SUB-PHY,71.4,B,True,SCH-001
STU-2026-0084,EXM-0052,SUB-PHY,96.9,A+,True,SCH-001
STU-2026-0085,EXM-0052,SUB-PHY,80.7,A,True,SCH-001
STU-2026-0086,EXM-0052,SUB-PHY,55.3,D,True,SCH-001
STU-2026-0087,EXM-0052,SUB-PHY,86.6,A,True,SCH-001
STU-2026-0088,EXM-0052,SUB-PHY,57.5,D,True,SCH-001
STU-2026-0089,EXM-0052,SUB-PHY,72.8,B,True,SCH-001
STU-2026-0090,EXM-0052,SUB-PHY,77.3,B,True,SCH-001
STU-2026-0091,EXM-0052,SUB-PHY,69.2,C,True,SCH-001
STU-2026-0092,EXM-0052,SUB-PHY,68.0,C,True,SCH-001
STU-2026-0093,EXM-0052,SUB-PHY,71.5,B,True,SCH-001
STU-2026-0094,EXM-0052,SUB-PHY,88.1,A,True,SCH-001
STU-2026-0095,EXM-0052,SUB-PHY,66.2,C,True,SCH-001
STU-2026-0096,EXM-0052,SUB-PHY,66.1,C,True,SCH-001
STU-2026-0097,EXM-0052,SUB-PHY,30.1,F,False,SCH-001
STU-2026-0098,EXM-0052,SUB-PHY,90.1,A+,True,SCH-001
STU-2026-0099,EXM-0052,SUB-PHY,94.7,A+,True,SCH-001
STU-2026-0100,EXM-0052,SUB-PHY,69.5,C,True,SCH-001
STU-2026-0101,EXM-0052,SUB-PHY,77.6,B,True,SCH-001
STU-2026-0102,EXM-0052,SUB-PHY,84.1,A,True,SCH-001
STU-2026-0103,EXM-0052,SUB-PHY,72.3,B,True,SCH-001
STU-2026-0104,EXM-0052,SUB-PHY,52.5,D,True,SCH-001
STU-2026-0105,EXM-0052,SUB-PHY,51.0,D,True,SCH-001
STU-2026-0106,EXM-0052,SUB-PHY,51.8,D,True,SCH-001
STU-2026-0107,EXM-0052,SUB-PHY,68.2,C,True,SCH-001
STU-2026-0108,EXM-0052,SUB-PHY,77.6,B,True,SCH-001
STU-2026-0109,EXM-0052,SUB-PHY,89.0,A,True,SCH-001
STU-2026-0110,EXM-0052,SUB-PHY,55.5,D,True,SCH-001
STU-2026-0111,EXM-0052,SUB-PHY,67.8,C,True,SCH-001
STU-2026-0112,EXM-0052,SUB-PHY,71.9,B,True,SCH-001
STU-2026-0113,EXM-0052,SUB-PHY,78.7,B,True,SCH-001
STU-2026-0114,EXM-0052,SUB-PHY,80.8,A,True,SCH-001
STU-2026-0115,EXM-0052,SUB-PHY,70.0,B,True,SCH-001
STU-2026-0116,EXM-0052,SUB-PHY,92.7,A+,True,SCH-001
STU-2026-0117,EXM-0052,SUB-PHY,83.5,A,True,SCH-001
STU-2026-0118,EXM-0052,SUB-PHY,83.0,A,True,SCH-001
STU-2026-0119,EXM-0052,SUB-PHY,99.0,A+,True,SCH-001
STU-2026-0120,EXM-0052,SUB-PHY,30.1,F,False,SCH-001
STU-2026-0121,EXM-0052,SUB-PHY,93.2,A+,True,SCH-001
STU-2026-0122,EXM-0052,SUB-PHY,99.0,A+,True,SCH-001
STU-2026-0123,EXM-0052,SUB-PHY,66.1,C,True,SCH-001
STU-2026-0124,EXM-0052,SUB-PHY,88.0,A,True,SCH-001
STU-2026-0125,EXM-0052,SUB-PHY,74.8,B,True,SCH-001
STU-2026-0126,EXM-0052,SUB-PHY,79.5,B,True,SCH-001
STU-2026-0127,EXM-0052,SUB-PHY,69.7,C,True,SCH-001
STU-2026-0128,EXM-0052,SUB-PHY,55.2,D,True,SCH-001
STU-2026-0129,EXM-0052,SUB-PHY,90.1,A+,True,SCH-001
STU-2026-0130,EXM-0052,SUB-PHY,69.0,C,True,SCH-001
STU-2026-0131,EXM-0052,SUB-PHY,82.0,A,True,SCH-001
STU-2026-0132,EXM-0052,SUB-PHY,75.9,B,True,SCH-001
STU-2026-0067,EXM-0053,SUB-CHEM,55.8,D,True,SCH-001
STU-2026-0068,EXM-0053,SUB-CHEM,78.3,B,True,SCH-001
STU-2026-0069,EXM-0053,SUB-CHEM,53.2,D,True,SCH-001
STU-2026-0070,EXM-0053,SUB-CHEM,87.7,A,True,SCH-001
STU-2026-0071,EXM-0053,SUB-CHEM,67.0,C,True,SCH-001
STU-2026-0072,EXM-0053,SUB-CHEM,69.5,C,True,SCH-001
STU-2026-0073,EXM-0053,SUB-CHEM,90.1,A+,True,SCH-001
STU-2026-0074,EXM-0053,SUB-CHEM,78.2,B,True,SCH-001
STU-2026-0075,EXM-0053,SUB-CHEM,81.2,A,True,SCH-001
STU-2026-0076,EXM-0053,SUB-CHEM,72.6,B,True,SCH-001
STU-2026-0077,EXM-0053,SUB-CHEM,91.7,A+,True,SCH-001
STU-2026-0078,EXM-0053,SUB-CHEM,65.0,C,True,SCH-001
STU-2026-0079,EXM-0053,SUB-CHEM,72.6,B,True,SCH-001
STU-2026-0080,EXM-0053,SUB-CHEM,85.4,A,True,SCH-001
STU-2026-0081,EXM-0053,SUB-CHEM,65.4,C,True,SCH-001
STU-2026-0082,EXM-0053,SUB-CHEM,65.8,C,True,SCH-001
STU-2026-0083,EXM-0053,SUB-CHEM,82.5,A,True,SCH-001
STU-2026-0084,EXM-0053,SUB-CHEM,87.2,A,True,SCH-001
STU-2026-0085,EXM-0053,SUB-CHEM,82.4,A,True,SCH-001
STU-2026-0086,EXM-0053,SUB-CHEM,58.9,D,True,SCH-001
STU-2026-0087,EXM-0053,SUB-CHEM,77.6,B,True,SCH-001
STU-2026-0088,EXM-0053,SUB-CHEM,56.6,D,True,SCH-001
STU-2026-0089,EXM-0053,SUB-CHEM,73.5,B,True,SCH-001
STU-2026-0090,EXM-0053,SUB-CHEM,71.0,B,True,SCH-001
STU-2026-0091,EXM-0053,SUB-CHEM,71.6,B,True,SCH-001
STU-2026-0092,EXM-0053,SUB-CHEM,64.5,C,True,SCH-001
STU-2026-0093,EXM-0053,SUB-CHEM,83.8,A,True,SCH-001
STU-2026-0094,EXM-0053,SUB-CHEM,83.6,A,True,SCH-001
STU-2026-0095,EXM-0053,SUB-CHEM,69.4,C,True,SCH-001
STU-2026-0096,EXM-0053,SUB-CHEM,75.4,B,True,SCH-001
STU-2026-0097,EXM-0053,SUB-CHEM,36.5,F,True,SCH-001
STU-2026-0098,EXM-0053,SUB-CHEM,93.0,A+,True,SCH-001
STU-2026-0099,EXM-0053,SUB-CHEM,99.0,A+,True,SCH-001
STU-2026-0100,EXM-0053,SUB-CHEM,73.2,B,True,SCH-001
STU-2026-0101,EXM-0053,SUB-CHEM,97.9,A+,True,SCH-001
STU-2026-0102,EXM-0053,SUB-CHEM,80.0,A,True,SCH-001
STU-2026-0103,EXM-0053,SUB-CHEM,74.8,B,True,SCH-001
STU-2026-0104,EXM-0053,SUB-CHEM,69.8,C,True,SCH-001
STU-2026-0105,EXM-0053,SUB-CHEM,54.4,D,True,SCH-001
STU-2026-0106,EXM-0053,SUB-CHEM,48.8,F,True,SCH-001
STU-2026-0107,EXM-0053,SUB-CHEM,65.2,C,True,SCH-001
STU-2026-0108,EXM-0053,SUB-CHEM,74.7,B,True,SCH-001
STU-2026-0109,EXM-0053,SUB-CHEM,89.1,A,True,SCH-001
STU-2026-0110,EXM-0053,SUB-CHEM,40.4,F,True,SCH-001
STU-2026-0111,EXM-0053,SUB-CHEM,66.0,C,True,SCH-001
STU-2026-0112,EXM-0053,SUB-CHEM,84.9,A,True,SCH-001
STU-2026-0113,EXM-0053,SUB-CHEM,79.5,B,True,SCH-001
STU-2026-0114,EXM-0053,SUB-CHEM,82.4,A,True,SCH-001
STU-2026-0115,EXM-0053,SUB-CHEM,72.8,B,True,SCH-001
STU-2026-0116,EXM-0053,SUB-CHEM,99.0,A+,True,SCH-001
STU-2026-0117,EXM-0053,SUB-CHEM,79.2,B,True,SCH-001
STU-2026-0118,EXM-0053,SUB-CHEM,91.8,A+,True,SCH-001
STU-2026-0119,EXM-0053,SUB-CHEM,87.6,A,True,SCH-001
STU-2026-0120,EXM-0053,SUB-CHEM,19.1,F,False,SCH-001
STU-2026-0121,EXM-0053,SUB-CHEM,89.8,A,True,SCH-001
STU-2026-0122,EXM-0053,SUB-CHEM,89.9,A,True,SCH-001
STU-2026-0123,EXM-0053,SUB-CHEM,69.1,C,True,SCH-001
STU-2026-0124,EXM-0053,SUB-CHEM,90.7,A+,True,SCH-001
STU-2026-0125,EXM-0053,SUB-CHEM,70.2,B,True,SCH-001
STU-2026-0126,EXM-0053,SUB-CHEM,80.0,A,True,SCH-001
STU-2026-0127,EXM-0053,SUB-CHEM,84.8,A,True,SCH-001
STU-2026-0128,EXM-0053,SUB-CHEM,45.1,F,True,SCH-001
STU-2026-0129,EXM-0053,SUB-CHEM,92.4,A+,True,SCH-001
STU-2026-0130,EXM-0053,SUB-CHEM,75.1,B,True,SCH-001
STU-2026-0131,EXM-0053,SUB-CHEM,80.8,A,True,SCH-001
STU-2026-0132,EXM-0053,SUB-CHEM,79.3,B,True,SCH-001
STU-2026-0067,EXM-0054,SUB-ENG,49.5,F,True,SCH-001
STU-2026-0068,EXM-0054,SUB-ENG,91.4,A+,True,SCH-001
STU-2026-0069,EXM-0054,SUB-ENG,62.2,C,True,SCH-001
STU-2026-0070,EXM-0054,SUB-ENG,77.4,B,True,SCH-001
STU-2026-0071,EXM-0054,SUB-ENG,66.6,C,True,SCH-001
STU-2026-0072,EXM-0054,SUB-ENG,69.0,C,True,SCH-001
STU-2026-0073,EXM-0054,SUB-ENG,71.6,B,True,SCH-001
STU-2026-0074,EXM-0054,SUB-ENG,88.6,A,True,SCH-001
STU-2026-0075,EXM-0054,SUB-ENG,67.3,C,True,SCH-001
STU-2026-0076,EXM-0054,SUB-ENG,59.2,D,True,SCH-001
STU-2026-0077,EXM-0054,SUB-ENG,65.8,C,True,SCH-001
STU-2026-0078,EXM-0054,SUB-ENG,63.3,C,True,SCH-001
STU-2026-0079,EXM-0054,SUB-ENG,77.4,B,True,SCH-001
STU-2026-0080,EXM-0054,SUB-ENG,82.9,A,True,SCH-001
STU-2026-0081,EXM-0054,SUB-ENG,72.7,B,True,SCH-001
STU-2026-0082,EXM-0054,SUB-ENG,66.0,C,True,SCH-001
STU-2026-0083,EXM-0054,SUB-ENG,71.8,B,True,SCH-001
STU-2026-0084,EXM-0054,SUB-ENG,83.7,A,True,SCH-001
STU-2026-0085,EXM-0054,SUB-ENG,72.2,B,True,SCH-001
STU-2026-0086,EXM-0054,SUB-ENG,69.1,C,True,SCH-001
STU-2026-0087,EXM-0054,SUB-ENG,93.2,A+,True,SCH-001
STU-2026-0088,EXM-0054,SUB-ENG,49.2,F,True,SCH-001
STU-2026-0089,EXM-0054,SUB-ENG,84.5,A,True,SCH-001
STU-2026-0090,EXM-0054,SUB-ENG,72.2,B,True,SCH-001
STU-2026-0091,EXM-0054,SUB-ENG,81.5,A,True,SCH-001
STU-2026-0092,EXM-0054,SUB-ENG,72.5,B,True,SCH-001
STU-2026-0093,EXM-0054,SUB-ENG,75.6,B,True,SCH-001
STU-2026-0094,EXM-0054,SUB-ENG,99.0,A+,True,SCH-001
STU-2026-0095,EXM-0054,SUB-ENG,70.5,B,True,SCH-001
STU-2026-0096,EXM-0054,SUB-ENG,76.9,B,True,SCH-001
STU-2026-0097,EXM-0054,SUB-ENG,33.9,F,False,SCH-001
STU-2026-0098,EXM-0054,SUB-ENG,98.2,A+,True,SCH-001
STU-2026-0099,EXM-0054,SUB-ENG,94.8,A+,True,SCH-001
STU-2026-0100,EXM-0054,SUB-ENG,66.0,C,True,SCH-001
STU-2026-0101,EXM-0054,SUB-ENG,89.7,A,True,SCH-001
STU-2026-0102,EXM-0054,SUB-ENG,93.1,A+,True,SCH-001
STU-2026-0103,EXM-0054,SUB-ENG,63.5,C,True,SCH-001
STU-2026-0104,EXM-0054,SUB-ENG,63.1,C,True,SCH-001
STU-2026-0105,EXM-0054,SUB-ENG,60.8,C,True,SCH-001
STU-2026-0106,EXM-0054,SUB-ENG,56.4,D,True,SCH-001
STU-2026-0107,EXM-0054,SUB-ENG,42.8,F,True,SCH-001
STU-2026-0108,EXM-0054,SUB-ENG,73.5,B,True,SCH-001
STU-2026-0109,EXM-0054,SUB-ENG,87.5,A,True,SCH-001
STU-2026-0110,EXM-0054,SUB-ENG,45.7,F,True,SCH-001
STU-2026-0111,EXM-0054,SUB-ENG,57.6,D,True,SCH-001
STU-2026-0112,EXM-0054,SUB-ENG,75.6,B,True,SCH-001
STU-2026-0113,EXM-0054,SUB-ENG,68.1,C,True,SCH-001
STU-2026-0114,EXM-0054,SUB-ENG,84.4,A,True,SCH-001
STU-2026-0115,EXM-0054,SUB-ENG,71.0,B,True,SCH-001
STU-2026-0116,EXM-0054,SUB-ENG,93.9,A+,True,SCH-001
STU-2026-0117,EXM-0054,SUB-ENG,79.2,B,True,SCH-001
STU-2026-0118,EXM-0054,SUB-ENG,75.8,B,True,SCH-001
STU-2026-0119,EXM-0054,SUB-ENG,99.0,A+,True,SCH-001
STU-2026-0120,EXM-0054,SUB-ENG,37.6,F,True,SCH-001
STU-2026-0121,EXM-0054,SUB-ENG,87.5,A,True,SCH-001
STU-2026-0122,EXM-0054,SUB-ENG,99.0,A+,True,SCH-001
STU-2026-0123,EXM-0054,SUB-ENG,66.8,C,True,SCH-001
STU-2026-0124,EXM-0054,SUB-ENG,82.8,A,True,SCH-001
STU-2026-0125,EXM-0054,SUB-ENG,65.3,C,True,SCH-001
STU-2026-0126,EXM-0054,SUB-ENG,73.7,B,True,SCH-001
STU-2026-0127,EXM-0054,SUB-ENG,75.1,B,True,SCH-001
STU-2026-0128,EXM-0054,SUB-ENG,49.6,F,True,SCH-001
STU-2026-0129,EXM-0054,SUB-ENG,78.1,B,True,SCH-001
STU-2026-0130,EXM-0054,SUB-ENG,77.5,B,True,SCH-001
STU-2026-0131,EXM-0054,SUB-ENG,87.5,A,True,SCH-001
STU-2026-0132,EXM-0054,SUB-ENG,83.8,A,True,SCH-001
STU-2026-0067,EXM-0055,SUB-HIST,46.5,F,True,SCH-001
STU-2026-0068,EXM-0055,SUB-HIST,98.3,A+,True,SCH-001
STU-2026-0069,EXM-0055,SUB-HIST,64.5,C,True,SCH-001
STU-2026-0070,EXM-0055,SUB-HIST,73.3,B,True,SCH-001
STU-2026-0071,EXM-0055,SUB-HIST,77.0,B,True,SCH-001
STU-2026-0072,EXM-0055,SUB-HIST,73.6,B,True,SCH-001
STU-2026-0073,EXM-0055,SUB-HIST,73.6,B,True,SCH-001
STU-2026-0074,EXM-0055,SUB-HIST,82.0,A,True,SCH-001
STU-2026-0075,EXM-0055,SUB-HIST,69.9,C,True,SCH-001
STU-2026-0076,EXM-0055,SUB-HIST,73.3,B,True,SCH-001
STU-2026-0077,EXM-0055,SUB-HIST,76.0,B,True,SCH-001
STU-2026-0078,EXM-0055,SUB-HIST,70.6,B,True,SCH-001
STU-2026-0079,EXM-0055,SUB-HIST,65.9,C,True,SCH-001
STU-2026-0080,EXM-0055,SUB-HIST,80.6,A,True,SCH-001
STU-2026-0081,EXM-0055,SUB-HIST,69.9,C,True,SCH-001
STU-2026-0082,EXM-0055,SUB-HIST,56.6,D,True,SCH-001
STU-2026-0083,EXM-0055,SUB-HIST,77.7,B,True,SCH-001
STU-2026-0084,EXM-0055,SUB-HIST,80.1,A,True,SCH-001
STU-2026-0085,EXM-0055,SUB-HIST,75.7,B,True,SCH-001
STU-2026-0086,EXM-0055,SUB-HIST,59.4,D,True,SCH-001
STU-2026-0087,EXM-0055,SUB-HIST,84.7,A,True,SCH-001
STU-2026-0088,EXM-0055,SUB-HIST,63.8,C,True,SCH-001
STU-2026-0089,EXM-0055,SUB-HIST,89.1,A,True,SCH-001
STU-2026-0090,EXM-0055,SUB-HIST,78.5,B,True,SCH-001
STU-2026-0091,EXM-0055,SUB-HIST,72.2,B,True,SCH-001
STU-2026-0092,EXM-0055,SUB-HIST,73.7,B,True,SCH-001
STU-2026-0093,EXM-0055,SUB-HIST,61.0,C,True,SCH-001
STU-2026-0094,EXM-0055,SUB-HIST,78.4,B,True,SCH-001
STU-2026-0095,EXM-0055,SUB-HIST,66.1,C,True,SCH-001
STU-2026-0096,EXM-0055,SUB-HIST,67.1,C,True,SCH-001
STU-2026-0097,EXM-0055,SUB-HIST,27.8,F,False,SCH-001
STU-2026-0098,EXM-0055,SUB-HIST,91.0,A+,True,SCH-001
STU-2026-0099,EXM-0055,SUB-HIST,96.6,A+,True,SCH-001
STU-2026-0100,EXM-0055,SUB-HIST,68.8,C,True,SCH-001
STU-2026-0101,EXM-0055,SUB-HIST,83.0,A,True,SCH-001
STU-2026-0102,EXM-0055,SUB-HIST,78.7,B,True,SCH-001
STU-2026-0103,EXM-0055,SUB-HIST,70.9,B,True,SCH-001
STU-2026-0104,EXM-0055,SUB-HIST,40.7,F,True,SCH-001
STU-2026-0105,EXM-0055,SUB-HIST,55.5,D,True,SCH-001
STU-2026-0106,EXM-0055,SUB-HIST,48.8,F,True,SCH-001
STU-2026-0107,EXM-0055,SUB-HIST,67.0,C,True,SCH-001
STU-2026-0108,EXM-0055,SUB-HIST,78.2,B,True,SCH-001
STU-2026-0109,EXM-0055,SUB-HIST,95.7,A+,True,SCH-001
STU-2026-0110,EXM-0055,SUB-HIST,48.2,F,True,SCH-001
STU-2026-0111,EXM-0055,SUB-HIST,60.8,C,True,SCH-001
STU-2026-0112,EXM-0055,SUB-HIST,75.6,B,True,SCH-001
STU-2026-0113,EXM-0055,SUB-HIST,64.9,C,True,SCH-001
STU-2026-0114,EXM-0055,SUB-HIST,88.1,A,True,SCH-001
STU-2026-0115,EXM-0055,SUB-HIST,70.6,B,True,SCH-001
STU-2026-0116,EXM-0055,SUB-HIST,88.6,A,True,SCH-001
STU-2026-0117,EXM-0055,SUB-HIST,80.1,A,True,SCH-001
STU-2026-0118,EXM-0055,SUB-HIST,79.1,B,True,SCH-001
STU-2026-0119,EXM-0055,SUB-HIST,93.7,A+,True,SCH-001
STU-2026-0120,EXM-0055,SUB-HIST,44.9,F,True,SCH-001
STU-2026-0121,EXM-0055,SUB-HIST,71.4,B,True,SCH-001
STU-2026-0122,EXM-0055,SUB-HIST,86.5,A,True,SCH-001
STU-2026-0123,EXM-0055,SUB-HIST,60.8,C,True,SCH-001
STU-2026-0124,EXM-0055,SUB-HIST,87.4,A,True,SCH-001
STU-2026-0125,EXM-0055,SUB-HIST,71.9,B,True,SCH-001
STU-2026-0126,EXM-0055,SUB-HIST,83.1,A,True,SCH-001
STU-2026-0127,EXM-0055,SUB-HIST,78.2,B,True,SCH-001
STU-2026-0128,EXM-0055,SUB-HIST,35.8,F,True,SCH-001
STU-2026-0129,EXM-0055,SUB-HIST,86.0,A,True,SCH-001
STU-2026-0130,EXM-0055,SUB-HIST,66.9,C,True,SCH-001
STU-2026-0131,EXM-0055,SUB-HIST,75.9,B,True,SCH-001
STU-2026-0132,EXM-0055,SUB-HIST,88.0,A,True,SCH-001
STU-2026-0133,EXM-0056,SUB-MATH,71.6,B,True,SCH-001
STU-2026-0134,EXM-0056,SUB-MATH,81.1,A,True,SCH-001
STU-2026-0135,EXM-0056,SUB-MATH,90.3,A+,True,SCH-001
STU-2026-0136,EXM-0056,SUB-MATH,83.4,A,True,SCH-001
STU-2026-0137,EXM-0056,SUB-MATH,55.3,D,True,SCH-001
STU-2026-0138,EXM-0056,SUB-MATH,90.5,A+,True,SCH-001
STU-2026-0139,EXM-0056,SUB-MATH,70.4,B,True,SCH-001
STU-2026-0140,EXM-0056,SUB-MATH,69.2,C,True,SCH-001
STU-2026-0141,EXM-0056,SUB-MATH,62.1,C,True,SCH-001
STU-2026-0142,EXM-0056,SUB-MATH,65.8,C,True,SCH-001
STU-2026-0143,EXM-0056,SUB-MATH,99.0,A+,True,SCH-001
STU-2026-0144,EXM-0056,SUB-MATH,75.5,B,True,SCH-001
STU-2026-0145,EXM-0056,SUB-MATH,84.1,A,True,SCH-001
STU-2026-0146,EXM-0056,SUB-MATH,61.3,C,True,SCH-001
STU-2026-0147,EXM-0056,SUB-MATH,86.0,A,True,SCH-001
STU-2026-0148,EXM-0056,SUB-MATH,78.9,B,True,SCH-001
STU-2026-0149,EXM-0056,SUB-MATH,66.0,C,True,SCH-001
STU-2026-0150,EXM-0056,SUB-MATH,83.1,A,True,SCH-001
STU-2026-0151,EXM-0056,SUB-MATH,83.4,A,True,SCH-001
STU-2026-0152,EXM-0056,SUB-MATH,89.4,A,True,SCH-001
STU-2026-0153,EXM-0056,SUB-MATH,71.1,B,True,SCH-001
STU-2026-0154,EXM-0056,SUB-MATH,67.2,C,True,SCH-001
STU-2026-0155,EXM-0056,SUB-MATH,84.4,A,True,SCH-001
STU-2026-0156,EXM-0056,SUB-MATH,80.1,A,True,SCH-001
STU-2026-0157,EXM-0056,SUB-MATH,79.0,B,True,SCH-001
STU-2026-0158,EXM-0056,SUB-MATH,85.7,A,True,SCH-001
STU-2026-0159,EXM-0056,SUB-MATH,93.6,A+,True,SCH-001
STU-2026-0160,EXM-0056,SUB-MATH,54.4,D,True,SCH-001
STU-2026-0161,EXM-0056,SUB-MATH,80.6,A,True,SCH-001
STU-2026-0162,EXM-0056,SUB-MATH,74.1,B,True,SCH-001
STU-2026-0163,EXM-0056,SUB-MATH,81.9,A,True,SCH-001
STU-2026-0164,EXM-0056,SUB-MATH,86.6,A,True,SCH-001
STU-2026-0165,EXM-0056,SUB-MATH,65.2,C,True,SCH-001
STU-2026-0166,EXM-0056,SUB-MATH,66.8,C,True,SCH-001
STU-2026-0167,EXM-0056,SUB-MATH,82.9,A,True,SCH-001
STU-2026-0168,EXM-0056,SUB-MATH,71.1,B,True,SCH-001
STU-2026-0169,EXM-0056,SUB-MATH,74.1,B,True,SCH-001
STU-2026-0170,EXM-0056,SUB-MATH,60.9,C,True,SCH-001
STU-2026-0171,EXM-0056,SUB-MATH,80.3,A,True,SCH-001
STU-2026-0172,EXM-0056,SUB-MATH,71.0,B,True,SCH-001
STU-2026-0173,EXM-0056,SUB-MATH,58.7,D,True,SCH-001
STU-2026-0174,EXM-0056,SUB-MATH,66.8,C,True,SCH-001
STU-2026-0175,EXM-0056,SUB-MATH,85.0,A,True,SCH-001
STU-2026-0176,EXM-0056,SUB-MATH,79.5,B,True,SCH-001
STU-2026-0177,EXM-0056,SUB-MATH,83.3,A,True,SCH-001
STU-2026-0178,EXM-0056,SUB-MATH,72.4,B,True,SCH-001
STU-2026-0179,EXM-0056,SUB-MATH,80.0,A,True,SCH-001
STU-2026-0180,EXM-0056,SUB-MATH,60.9,C,True,SCH-001
STU-2026-0181,EXM-0056,SUB-MATH,80.3,A,True,SCH-001
STU-2026-0182,EXM-0056,SUB-MATH,74.1,B,True,SCH-001
STU-2026-0183,EXM-0056,SUB-MATH,74.1,B,True,SCH-001
STU-2026-0184,EXM-0056,SUB-MATH,80.3,A,True,SCH-001
STU-2026-0185,EXM-0056,SUB-MATH,58.7,D,True,SCH-001
STU-2026-0186,EXM-0056,SUB-MATH,40.5,F,True,SCH-001
STU-2026-0187,EXM-0056,SUB-MATH,70.9,B,True,SCH-001
STU-2026-0188,EXM-0056,SUB-MATH,86.6,A,True,SCH-001
STU-2026-0189,EXM-0056,SUB-MATH,89.5,A,True,SCH-001
STU-2026-0190,EXM-0056,SUB-MATH,79.4,B,True,SCH-001
STU-2026-0191,EXM-0056,SUB-MATH,78.6,B,True,SCH-001
STU-2026-0192,EXM-0056,SUB-MATH,90.7,A+,True,SCH-001
STU-2026-0193,EXM-0056,SUB-MATH,68.0,C,True,SCH-001
STU-2026-0194,EXM-0056,SUB-MATH,79.1,B,True,SCH-001
STU-2026-0195,EXM-0056,SUB-MATH,94.7,A+,True,SCH-001
STU-2026-0196,EXM-0056,SUB-MATH,66.0,C,True,SCH-001
STU-2026-0197,EXM-0056,SUB-MATH,77.8,B,True,SCH-001
STU-2026-0198,EXM-0056,SUB-MATH,85.2,A,True,SCH-001
STU-2026-0133,EXM-0057,SUB-PHY,74.8,B,True,SCH-001
STU-2026-0134,EXM-0057,SUB-PHY,88.1,A,True,SCH-001
STU-2026-0135,EXM-0057,SUB-PHY,98.1,A+,True,SCH-001
STU-2026-0136,EXM-0057,SUB-PHY,83.1,A,True,SCH-001
STU-2026-0137,EXM-0057,SUB-PHY,69.0,C,True,SCH-001
STU-2026-0138,EXM-0057,SUB-PHY,88.8,A,True,SCH-001
STU-2026-0139,EXM-0057,SUB-PHY,68.6,C,True,SCH-001
STU-2026-0140,EXM-0057,SUB-PHY,66.2,C,True,SCH-001
STU-2026-0141,EXM-0057,SUB-PHY,80.1,A,True,SCH-001
STU-2026-0142,EXM-0057,SUB-PHY,76.8,B,True,SCH-001
STU-2026-0143,EXM-0057,SUB-PHY,99.0,A+,True,SCH-001
STU-2026-0144,EXM-0057,SUB-PHY,76.9,B,True,SCH-001
STU-2026-0145,EXM-0057,SUB-PHY,78.6,B,True,SCH-001
STU-2026-0146,EXM-0057,SUB-PHY,67.7,C,True,SCH-001
STU-2026-0147,EXM-0057,SUB-PHY,84.0,A,True,SCH-001
STU-2026-0148,EXM-0057,SUB-PHY,87.1,A,True,SCH-001
STU-2026-0149,EXM-0057,SUB-PHY,73.1,B,True,SCH-001
STU-2026-0150,EXM-0057,SUB-PHY,81.8,A,True,SCH-001
STU-2026-0151,EXM-0057,SUB-PHY,75.6,B,True,SCH-001
STU-2026-0152,EXM-0057,SUB-PHY,69.3,C,True,SCH-001
STU-2026-0153,EXM-0057,SUB-PHY,74.1,B,True,SCH-001
STU-2026-0154,EXM-0057,SUB-PHY,79.3,B,True,SCH-001
STU-2026-0155,EXM-0057,SUB-PHY,96.0,A+,True,SCH-001
STU-2026-0156,EXM-0057,SUB-PHY,74.4,B,True,SCH-001
STU-2026-0157,EXM-0057,SUB-PHY,52.3,D,True,SCH-001
STU-2026-0158,EXM-0057,SUB-PHY,82.5,A,True,SCH-001
STU-2026-0159,EXM-0057,SUB-PHY,93.5,A+,True,SCH-001
STU-2026-0160,EXM-0057,SUB-PHY,55.1,D,True,SCH-001
STU-2026-0161,EXM-0057,SUB-PHY,87.6,A,True,SCH-001
STU-2026-0162,EXM-0057,SUB-PHY,75.3,B,True,SCH-001
STU-2026-0163,EXM-0057,SUB-PHY,76.3,B,True,SCH-001
STU-2026-0164,EXM-0057,SUB-PHY,83.9,A,True,SCH-001
STU-2026-0165,EXM-0057,SUB-PHY,64.2,C,True,SCH-001
STU-2026-0166,EXM-0057,SUB-PHY,70.1,B,True,SCH-001
STU-2026-0167,EXM-0057,SUB-PHY,90.9,A+,True,SCH-001
STU-2026-0168,EXM-0057,SUB-PHY,66.6,C,True,SCH-001
STU-2026-0169,EXM-0057,SUB-PHY,80.2,A,True,SCH-001
STU-2026-0170,EXM-0057,SUB-PHY,76.0,B,True,SCH-001
STU-2026-0171,EXM-0057,SUB-PHY,82.5,A,True,SCH-001
STU-2026-0172,EXM-0057,SUB-PHY,68.7,C,True,SCH-001
STU-2026-0173,EXM-0057,SUB-PHY,69.3,C,True,SCH-001
STU-2026-0174,EXM-0057,SUB-PHY,55.8,D,True,SCH-001
STU-2026-0175,EXM-0057,SUB-PHY,79.4,B,True,SCH-001
STU-2026-0176,EXM-0057,SUB-PHY,75.5,B,True,SCH-001
STU-2026-0177,EXM-0057,SUB-PHY,67.4,C,True,SCH-001
STU-2026-0178,EXM-0057,SUB-PHY,60.4,C,True,SCH-001
STU-2026-0179,EXM-0057,SUB-PHY,84.7,A,True,SCH-001
STU-2026-0180,EXM-0057,SUB-PHY,46.0,F,True,SCH-001
STU-2026-0181,EXM-0057,SUB-PHY,79.8,B,True,SCH-001
STU-2026-0182,EXM-0057,SUB-PHY,77.2,B,True,SCH-001
STU-2026-0183,EXM-0057,SUB-PHY,78.3,B,True,SCH-001
STU-2026-0184,EXM-0057,SUB-PHY,68.8,C,True,SCH-001
STU-2026-0185,EXM-0057,SUB-PHY,52.3,D,True,SCH-001
STU-2026-0186,EXM-0057,SUB-PHY,43.4,F,True,SCH-001
STU-2026-0187,EXM-0057,SUB-PHY,76.9,B,True,SCH-001
STU-2026-0188,EXM-0057,SUB-PHY,79.6,B,True,SCH-001
STU-2026-0189,EXM-0057,SUB-PHY,85.6,A,True,SCH-001
STU-2026-0190,EXM-0057,SUB-PHY,73.3,B,True,SCH-001
STU-2026-0191,EXM-0057,SUB-PHY,72.2,B,True,SCH-001
STU-2026-0192,EXM-0057,SUB-PHY,73.8,B,True,SCH-001
STU-2026-0193,EXM-0057,SUB-PHY,69.9,C,True,SCH-001
STU-2026-0194,EXM-0057,SUB-PHY,72.9,B,True,SCH-001
STU-2026-0195,EXM-0057,SUB-PHY,93.7,A+,True,SCH-001
STU-2026-0196,EXM-0057,SUB-PHY,61.7,C,True,SCH-001
STU-2026-0197,EXM-0057,SUB-PHY,79.3,B,True,SCH-001
STU-2026-0198,EXM-0057,SUB-PHY,91.7,A+,True,SCH-001
STU-2026-0133,EXM-0058,SUB-CHEM,78.0,B,True,SCH-001
STU-2026-0134,EXM-0058,SUB-CHEM,91.1,A+,True,SCH-001
STU-2026-0135,EXM-0058,SUB-CHEM,76.4,B,True,SCH-001
STU-2026-0136,EXM-0058,SUB-CHEM,98.0,A+,True,SCH-001
STU-2026-0137,EXM-0058,SUB-CHEM,60.4,C,True,SCH-001
STU-2026-0138,EXM-0058,SUB-CHEM,84.9,A,True,SCH-001
STU-2026-0139,EXM-0058,SUB-CHEM,68.3,C,True,SCH-001
STU-2026-0140,EXM-0058,SUB-CHEM,58.8,D,True,SCH-001
STU-2026-0141,EXM-0058,SUB-CHEM,84.8,A,True,SCH-001
STU-2026-0142,EXM-0058,SUB-CHEM,69.1,C,True,SCH-001
STU-2026-0143,EXM-0058,SUB-CHEM,84.6,A,True,SCH-001
STU-2026-0144,EXM-0058,SUB-CHEM,66.0,C,True,SCH-001
STU-2026-0145,EXM-0058,SUB-CHEM,77.9,B,True,SCH-001
STU-2026-0146,EXM-0058,SUB-CHEM,67.8,C,True,SCH-001
STU-2026-0147,EXM-0058,SUB-CHEM,78.7,B,True,SCH-001
STU-2026-0148,EXM-0058,SUB-CHEM,77.2,B,True,SCH-001
STU-2026-0149,EXM-0058,SUB-CHEM,68.9,C,True,SCH-001
STU-2026-0150,EXM-0058,SUB-CHEM,82.8,A,True,SCH-001
STU-2026-0151,EXM-0058,SUB-CHEM,80.7,A,True,SCH-001
STU-2026-0152,EXM-0058,SUB-CHEM,71.1,B,True,SCH-001
STU-2026-0153,EXM-0058,SUB-CHEM,65.4,C,True,SCH-001
STU-2026-0154,EXM-0058,SUB-CHEM,78.4,B,True,SCH-001
STU-2026-0155,EXM-0058,SUB-CHEM,81.2,A,True,SCH-001
STU-2026-0156,EXM-0058,SUB-CHEM,69.7,C,True,SCH-001
STU-2026-0157,EXM-0058,SUB-CHEM,64.4,C,True,SCH-001
STU-2026-0158,EXM-0058,SUB-CHEM,77.4,B,True,SCH-001
STU-2026-0159,EXM-0058,SUB-CHEM,80.3,A,True,SCH-001
STU-2026-0160,EXM-0058,SUB-CHEM,51.9,D,True,SCH-001
STU-2026-0161,EXM-0058,SUB-CHEM,85.4,A,True,SCH-001
STU-2026-0162,EXM-0058,SUB-CHEM,77.4,B,True,SCH-001
STU-2026-0163,EXM-0058,SUB-CHEM,79.7,B,True,SCH-001
STU-2026-0164,EXM-0058,SUB-CHEM,75.4,B,True,SCH-001
STU-2026-0165,EXM-0058,SUB-CHEM,70.7,B,True,SCH-001
STU-2026-0166,EXM-0058,SUB-CHEM,77.5,B,True,SCH-001
STU-2026-0167,EXM-0058,SUB-CHEM,81.6,A,True,SCH-001
STU-2026-0168,EXM-0058,SUB-CHEM,81.1,A,True,SCH-001
STU-2026-0169,EXM-0058,SUB-CHEM,86.4,A,True,SCH-001
STU-2026-0170,EXM-0058,SUB-CHEM,63.7,C,True,SCH-001
STU-2026-0171,EXM-0058,SUB-CHEM,82.9,A,True,SCH-001
STU-2026-0172,EXM-0058,SUB-CHEM,68.0,C,True,SCH-001
STU-2026-0173,EXM-0058,SUB-CHEM,58.1,D,True,SCH-001
STU-2026-0174,EXM-0058,SUB-CHEM,81.7,A,True,SCH-001
STU-2026-0175,EXM-0058,SUB-CHEM,86.4,A,True,SCH-001
STU-2026-0176,EXM-0058,SUB-CHEM,76.9,B,True,SCH-001
STU-2026-0177,EXM-0058,SUB-CHEM,65.1,C,True,SCH-001
STU-2026-0178,EXM-0058,SUB-CHEM,63.6,C,True,SCH-001
STU-2026-0179,EXM-0058,SUB-CHEM,80.0,A,True,SCH-001
STU-2026-0180,EXM-0058,SUB-CHEM,56.4,D,True,SCH-001
STU-2026-0181,EXM-0058,SUB-CHEM,72.3,B,True,SCH-001
STU-2026-0182,EXM-0058,SUB-CHEM,62.5,C,True,SCH-001
STU-2026-0183,EXM-0058,SUB-CHEM,58.4,D,True,SCH-001
STU-2026-0184,EXM-0058,SUB-CHEM,73.6,B,True,SCH-001
STU-2026-0185,EXM-0058,SUB-CHEM,46.6,F,True,SCH-001
STU-2026-0186,EXM-0058,SUB-CHEM,50.6,D,True,SCH-001
STU-2026-0187,EXM-0058,SUB-CHEM,74.5,B,True,SCH-001
STU-2026-0188,EXM-0058,SUB-CHEM,61.3,C,True,SCH-001
STU-2026-0189,EXM-0058,SUB-CHEM,85.4,A,True,SCH-001
STU-2026-0190,EXM-0058,SUB-CHEM,79.6,B,True,SCH-001
STU-2026-0191,EXM-0058,SUB-CHEM,70.1,B,True,SCH-001
STU-2026-0192,EXM-0058,SUB-CHEM,88.7,A,True,SCH-001
STU-2026-0193,EXM-0058,SUB-CHEM,67.5,C,True,SCH-001
STU-2026-0194,EXM-0058,SUB-CHEM,78.2,B,True,SCH-001
STU-2026-0195,EXM-0058,SUB-CHEM,93.9,A+,True,SCH-001
STU-2026-0196,EXM-0058,SUB-CHEM,54.4,D,True,SCH-001
STU-2026-0197,EXM-0058,SUB-CHEM,81.1,A,True,SCH-001
STU-2026-0198,EXM-0058,SUB-CHEM,87.2,A,True,SCH-001
STU-2026-0133,EXM-0059,SUB-ENG,66.9,C,True,SCH-001
STU-2026-0134,EXM-0059,SUB-ENG,84.2,A,True,SCH-001
STU-2026-0135,EXM-0059,SUB-ENG,87.6,A,True,SCH-001
STU-2026-0136,EXM-0059,SUB-ENG,77.8,B,True,SCH-001
STU-2026-0137,EXM-0059,SUB-ENG,68.1,C,True,SCH-001
STU-2026-0138,EXM-0059,SUB-ENG,76.4,B,True,SCH-001
STU-2026-0139,EXM-0059,SUB-ENG,66.4,C,True,SCH-001
STU-2026-0140,EXM-0059,SUB-ENG,67.1,C,True,SCH-001
STU-2026-0141,EXM-0059,SUB-ENG,92.1,A+,True,SCH-001
STU-2026-0142,EXM-0059,SUB-ENG,80.0,A,True,SCH-001
STU-2026-0143,EXM-0059,SUB-ENG,94.9,A+,True,SCH-001
STU-2026-0144,EXM-0059,SUB-ENG,87.9,A,True,SCH-001
STU-2026-0145,EXM-0059,SUB-ENG,64.5,C,True,SCH-001
STU-2026-0146,EXM-0059,SUB-ENG,66.5,C,True,SCH-001
STU-2026-0147,EXM-0059,SUB-ENG,80.8,A,True,SCH-001
STU-2026-0148,EXM-0059,SUB-ENG,77.5,B,True,SCH-001
STU-2026-0149,EXM-0059,SUB-ENG,70.0,B,True,SCH-001
STU-2026-0150,EXM-0059,SUB-ENG,75.9,B,True,SCH-001
STU-2026-0151,EXM-0059,SUB-ENG,70.0,B,True,SCH-001
STU-2026-0152,EXM-0059,SUB-ENG,69.3,C,True,SCH-001
STU-2026-0153,EXM-0059,SUB-ENG,65.4,C,True,SCH-001
STU-2026-0154,EXM-0059,SUB-ENG,72.3,B,True,SCH-001
STU-2026-0155,EXM-0059,SUB-ENG,81.2,A,True,SCH-001
STU-2026-0156,EXM-0059,SUB-ENG,68.2,C,True,SCH-001
STU-2026-0157,EXM-0059,SUB-ENG,78.6,B,True,SCH-001
STU-2026-0158,EXM-0059,SUB-ENG,88.8,A,True,SCH-001
STU-2026-0159,EXM-0059,SUB-ENG,80.9,A,True,SCH-001
STU-2026-0160,EXM-0059,SUB-ENG,60.0,C,True,SCH-001
STU-2026-0161,EXM-0059,SUB-ENG,95.4,A+,True,SCH-001
STU-2026-0162,EXM-0059,SUB-ENG,78.6,B,True,SCH-001
STU-2026-0163,EXM-0059,SUB-ENG,77.6,B,True,SCH-001
STU-2026-0164,EXM-0059,SUB-ENG,65.1,C,True,SCH-001
STU-2026-0165,EXM-0059,SUB-ENG,61.8,C,True,SCH-001
STU-2026-0166,EXM-0059,SUB-ENG,83.0,A,True,SCH-001
STU-2026-0167,EXM-0059,SUB-ENG,73.7,B,True,SCH-001
STU-2026-0168,EXM-0059,SUB-ENG,90.2,A+,True,SCH-001
STU-2026-0169,EXM-0059,SUB-ENG,79.9,B,True,SCH-001
STU-2026-0170,EXM-0059,SUB-ENG,73.2,B,True,SCH-001
STU-2026-0171,EXM-0059,SUB-ENG,79.3,B,True,SCH-001
STU-2026-0172,EXM-0059,SUB-ENG,74.4,B,True,SCH-001
STU-2026-0173,EXM-0059,SUB-ENG,52.5,D,True,SCH-001
STU-2026-0174,EXM-0059,SUB-ENG,76.7,B,True,SCH-001
STU-2026-0175,EXM-0059,SUB-ENG,83.4,A,True,SCH-001
STU-2026-0176,EXM-0059,SUB-ENG,73.3,B,True,SCH-001
STU-2026-0177,EXM-0059,SUB-ENG,70.2,B,True,SCH-001
STU-2026-0178,EXM-0059,SUB-ENG,76.3,B,True,SCH-001
STU-2026-0179,EXM-0059,SUB-ENG,79.3,B,True,SCH-001
STU-2026-0180,EXM-0059,SUB-ENG,67.9,C,True,SCH-001
STU-2026-0181,EXM-0059,SUB-ENG,80.0,A,True,SCH-001
STU-2026-0182,EXM-0059,SUB-ENG,68.8,C,True,SCH-001
STU-2026-0183,EXM-0059,SUB-ENG,92.0,A+,True,SCH-001
STU-2026-0184,EXM-0059,SUB-ENG,75.0,B,True,SCH-001
STU-2026-0185,EXM-0059,SUB-ENG,55.2,D,True,SCH-001
STU-2026-0186,EXM-0059,SUB-ENG,46.6,F,True,SCH-001
STU-2026-0187,EXM-0059,SUB-ENG,74.3,B,True,SCH-001
STU-2026-0188,EXM-0059,SUB-ENG,81.9,A,True,SCH-001
STU-2026-0189,EXM-0059,SUB-ENG,82.5,A,True,SCH-001
STU-2026-0190,EXM-0059,SUB-ENG,80.6,A,True,SCH-001
STU-2026-0191,EXM-0059,SUB-ENG,79.4,B,True,SCH-001
STU-2026-0192,EXM-0059,SUB-ENG,89.2,A,True,SCH-001
STU-2026-0193,EXM-0059,SUB-ENG,63.6,C,True,SCH-001
STU-2026-0194,EXM-0059,SUB-ENG,74.6,B,True,SCH-001
STU-2026-0195,EXM-0059,SUB-ENG,97.3,A+,True,SCH-001
STU-2026-0196,EXM-0059,SUB-ENG,71.2,B,True,SCH-001
STU-2026-0197,EXM-0059,SUB-ENG,76.1,B,True,SCH-001
STU-2026-0198,EXM-0059,SUB-ENG,93.2,A+,True,SCH-001
STU-2026-0133,EXM-0060,SUB-HIST,75.7,B,True,SCH-001
STU-2026-0134,EXM-0060,SUB-HIST,85.3,A,True,SCH-001
STU-2026-0135,EXM-0060,SUB-HIST,89.9,A,True,SCH-001
STU-2026-0136,EXM-0060,SUB-HIST,79.2,B,True,SCH-001
STU-2026-0137,EXM-0060,SUB-HIST,60.5,C,True,SCH-001
STU-2026-0138,EXM-0060,SUB-HIST,90.7,A+,True,SCH-001
STU-2026-0139,EXM-0060,SUB-HIST,60.6,C,True,SCH-001
STU-2026-0140,EXM-0060,SUB-HIST,66.2,C,True,SCH-001
STU-2026-0141,EXM-0060,SUB-HIST,83.7,A,True,SCH-001
STU-2026-0142,EXM-0060,SUB-HIST,66.3,C,True,SCH-001
STU-2026-0143,EXM-0060,SUB-HIST,99.0,A+,True,SCH-001
STU-2026-0144,EXM-0060,SUB-HIST,70.1,B,True,SCH-001
STU-2026-0145,EXM-0060,SUB-HIST,78.0,B,True,SCH-001
STU-2026-0146,EXM-0060,SUB-HIST,59.1,D,True,SCH-001
STU-2026-0147,EXM-0060,SUB-HIST,79.4,B,True,SCH-001
STU-2026-0148,EXM-0060,SUB-HIST,83.8,A,True,SCH-001
STU-2026-0149,EXM-0060,SUB-HIST,69.6,C,True,SCH-001
STU-2026-0150,EXM-0060,SUB-HIST,69.3,C,True,SCH-001
STU-2026-0151,EXM-0060,SUB-HIST,76.6,B,True,SCH-001
STU-2026-0152,EXM-0060,SUB-HIST,73.9,B,True,SCH-001
STU-2026-0153,EXM-0060,SUB-HIST,65.8,C,True,SCH-001
STU-2026-0154,EXM-0060,SUB-HIST,81.5,A,True,SCH-001
STU-2026-0155,EXM-0060,SUB-HIST,94.6,A+,True,SCH-001
STU-2026-0156,EXM-0060,SUB-HIST,68.6,C,True,SCH-001
STU-2026-0157,EXM-0060,SUB-HIST,65.1,C,True,SCH-001
STU-2026-0158,EXM-0060,SUB-HIST,85.3,A,True,SCH-001
STU-2026-0159,EXM-0060,SUB-HIST,82.8,A,True,SCH-001
STU-2026-0160,EXM-0060,SUB-HIST,61.4,C,True,SCH-001
STU-2026-0161,EXM-0060,SUB-HIST,87.1,A,True,SCH-001
STU-2026-0162,EXM-0060,SUB-HIST,68.6,C,True,SCH-001
STU-2026-0163,EXM-0060,SUB-HIST,83.3,A,True,SCH-001
STU-2026-0164,EXM-0060,SUB-HIST,81.0,A,True,SCH-001
STU-2026-0165,EXM-0060,SUB-HIST,70.8,B,True,SCH-001
STU-2026-0166,EXM-0060,SUB-HIST,67.6,C,True,SCH-001
STU-2026-0167,EXM-0060,SUB-HIST,93.0,A+,True,SCH-001
STU-2026-0168,EXM-0060,SUB-HIST,75.1,B,True,SCH-001
STU-2026-0169,EXM-0060,SUB-HIST,83.7,A,True,SCH-001
STU-2026-0170,EXM-0060,SUB-HIST,57.5,D,True,SCH-001
STU-2026-0171,EXM-0060,SUB-HIST,71.6,B,True,SCH-001
STU-2026-0172,EXM-0060,SUB-HIST,67.4,C,True,SCH-001
STU-2026-0173,EXM-0060,SUB-HIST,56.9,D,True,SCH-001
STU-2026-0174,EXM-0060,SUB-HIST,67.6,C,True,SCH-001
STU-2026-0175,EXM-0060,SUB-HIST,64.2,C,True,SCH-001
STU-2026-0176,EXM-0060,SUB-HIST,66.7,C,True,SCH-001
STU-2026-0177,EXM-0060,SUB-HIST,69.0,C,True,SCH-001
STU-2026-0178,EXM-0060,SUB-HIST,80.8,A,True,SCH-001
STU-2026-0179,EXM-0060,SUB-HIST,87.1,A,True,SCH-001
STU-2026-0180,EXM-0060,SUB-HIST,65.3,C,True,SCH-001
STU-2026-0181,EXM-0060,SUB-HIST,87.2,A,True,SCH-001
STU-2026-0182,EXM-0060,SUB-HIST,71.4,B,True,SCH-001
STU-2026-0183,EXM-0060,SUB-HIST,80.9,A,True,SCH-001
STU-2026-0184,EXM-0060,SUB-HIST,77.1,B,True,SCH-001
STU-2026-0185,EXM-0060,SUB-HIST,48.3,F,True,SCH-001
STU-2026-0186,EXM-0060,SUB-HIST,47.2,F,True,SCH-001
STU-2026-0187,EXM-0060,SUB-HIST,75.7,B,True,SCH-001
STU-2026-0188,EXM-0060,SUB-HIST,84.4,A,True,SCH-001
STU-2026-0189,EXM-0060,SUB-HIST,91.5,A+,True,SCH-001
STU-2026-0190,EXM-0060,SUB-HIST,79.6,B,True,SCH-001
STU-2026-0191,EXM-0060,SUB-HIST,70.3,B,True,SCH-001
STU-2026-0192,EXM-0060,SUB-HIST,78.3,B,True,SCH-001
STU-2026-0193,EXM-0060,SUB-HIST,71.1,B,True,SCH-001
STU-2026-0194,EXM-0060,SUB-HIST,65.0,C,True,SCH-001
STU-2026-0195,EXM-0060,SUB-HIST,98.9,A+,True,SCH-001
STU-2026-0196,EXM-0060,SUB-HIST,65.7,C,True,SCH-001
STU-2026-0197,EXM-0060,SUB-HIST,72.9,B,True,SCH-001
STU-2026-0198,EXM-0060,SUB-HIST,96.5,A+,True,SCH-001
STU-2026-0199,EXM-0061,SUB-MATH,72.8,B,True,SCH-001
STU-2026-0200,EXM-0061,SUB-MATH,88.2,A,True,SCH-001
STU-2026-0201,EXM-0061,SUB-MATH,75.6,B,True,SCH-001
STU-2026-0202,EXM-0061,SUB-MATH,73.5,B,True,SCH-001
STU-2026-0203,EXM-0061,SUB-MATH,80.4,A,True,SCH-001
STU-2026-0204,EXM-0061,SUB-MATH,82.9,A,True,SCH-001
STU-2026-0205,EXM-0061,SUB-MATH,74.6,B,True,SCH-001
STU-2026-0206,EXM-0061,SUB-MATH,68.9,C,True,SCH-001
STU-2026-0207,EXM-0061,SUB-MATH,74.4,B,True,SCH-001
STU-2026-0208,EXM-0061,SUB-MATH,84.5,A,True,SCH-001
STU-2026-0209,EXM-0061,SUB-MATH,73.2,B,True,SCH-001
STU-2026-0210,EXM-0061,SUB-MATH,38.3,F,True,SCH-001
STU-2026-0211,EXM-0061,SUB-MATH,77.4,B,True,SCH-001
STU-2026-0212,EXM-0061,SUB-MATH,69.2,C,True,SCH-001
STU-2026-0213,EXM-0061,SUB-MATH,74.6,B,True,SCH-001
STU-2026-0214,EXM-0061,SUB-MATH,96.2,A+,True,SCH-001
STU-2026-0215,EXM-0061,SUB-MATH,96.2,A+,True,SCH-001
STU-2026-0216,EXM-0061,SUB-MATH,91.8,A+,True,SCH-001
STU-2026-0217,EXM-0061,SUB-MATH,77.0,B,True,SCH-001
STU-2026-0218,EXM-0061,SUB-MATH,80.9,A,True,SCH-001
STU-2026-0219,EXM-0061,SUB-MATH,83.6,A,True,SCH-001
STU-2026-0220,EXM-0061,SUB-MATH,83.1,A,True,SCH-001
STU-2026-0221,EXM-0061,SUB-MATH,27.0,F,False,SCH-001
STU-2026-0222,EXM-0061,SUB-MATH,75.5,B,True,SCH-001
STU-2026-0223,EXM-0061,SUB-MATH,62.8,C,True,SCH-001
STU-2026-0224,EXM-0061,SUB-MATH,87.4,A,True,SCH-001
STU-2026-0225,EXM-0061,SUB-MATH,88.1,A,True,SCH-001
STU-2026-0226,EXM-0061,SUB-MATH,78.1,B,True,SCH-001
STU-2026-0227,EXM-0061,SUB-MATH,82.1,A,True,SCH-001
STU-2026-0228,EXM-0061,SUB-MATH,87.7,A,True,SCH-001
STU-2026-0229,EXM-0061,SUB-MATH,82.2,A,True,SCH-001
STU-2026-0230,EXM-0061,SUB-MATH,40.2,F,True,SCH-001
STU-2026-0231,EXM-0061,SUB-MATH,62.4,C,True,SCH-001
STU-2026-0232,EXM-0061,SUB-MATH,79.1,B,True,SCH-001
STU-2026-0233,EXM-0061,SUB-MATH,82.9,A,True,SCH-001
STU-2026-0234,EXM-0061,SUB-MATH,72.4,B,True,SCH-001
STU-2026-0235,EXM-0061,SUB-MATH,73.0,B,True,SCH-001
STU-2026-0236,EXM-0061,SUB-MATH,72.1,B,True,SCH-001
STU-2026-0237,EXM-0061,SUB-MATH,79.7,B,True,SCH-001
STU-2026-0238,EXM-0061,SUB-MATH,67.7,C,True,SCH-001
STU-2026-0239,EXM-0061,SUB-MATH,70.5,B,True,SCH-001
STU-2026-0240,EXM-0061,SUB-MATH,76.3,B,True,SCH-001
STU-2026-0241,EXM-0061,SUB-MATH,99.0,A+,True,SCH-001
STU-2026-0242,EXM-0061,SUB-MATH,99.0,A+,True,SCH-001
STU-2026-0243,EXM-0061,SUB-MATH,71.7,B,True,SCH-001
STU-2026-0244,EXM-0061,SUB-MATH,86.4,A,True,SCH-001
STU-2026-0245,EXM-0061,SUB-MATH,26.2,F,False,SCH-001
STU-2026-0246,EXM-0061,SUB-MATH,30.7,F,False,SCH-001
STU-2026-0247,EXM-0061,SUB-MATH,93.9,A+,True,SCH-001
STU-2026-0248,EXM-0061,SUB-MATH,69.5,C,True,SCH-001
STU-2026-0249,EXM-0061,SUB-MATH,43.1,F,True,SCH-001
STU-2026-0250,EXM-0061,SUB-MATH,75.8,B,True,SCH-001
STU-2026-0251,EXM-0061,SUB-MATH,31.1,F,False,SCH-001
STU-2026-0252,EXM-0061,SUB-MATH,75.1,B,True,SCH-001
STU-2026-0253,EXM-0061,SUB-MATH,21.4,F,False,SCH-001
STU-2026-0254,EXM-0061,SUB-MATH,70.5,B,True,SCH-001
STU-2026-0255,EXM-0061,SUB-MATH,89.8,A,True,SCH-001
STU-2026-0256,EXM-0061,SUB-MATH,70.5,B,True,SCH-001
STU-2026-0257,EXM-0061,SUB-MATH,79.6,B,True,SCH-001
STU-2026-0258,EXM-0061,SUB-MATH,57.7,D,True,SCH-001
STU-2026-0259,EXM-0061,SUB-MATH,87.1,A,True,SCH-001
STU-2026-0260,EXM-0061,SUB-MATH,90.3,A+,True,SCH-001
STU-2026-0261,EXM-0061,SUB-MATH,83.5,A,True,SCH-001
STU-2026-0262,EXM-0061,SUB-MATH,74.7,B,True,SCH-001
STU-2026-0263,EXM-0061,SUB-MATH,67.8,C,True,SCH-001
STU-2026-0264,EXM-0061,SUB-MATH,79.5,B,True,SCH-001
STU-2026-0199,EXM-0062,SUB-PHY,75.4,B,True,SCH-001
STU-2026-0200,EXM-0062,SUB-PHY,82.8,A,True,SCH-001
STU-2026-0201,EXM-0062,SUB-PHY,92.2,A+,True,SCH-001
STU-2026-0202,EXM-0062,SUB-PHY,79.0,B,True,SCH-001
STU-2026-0203,EXM-0062,SUB-PHY,77.2,B,True,SCH-001
STU-2026-0204,EXM-0062,SUB-PHY,72.7,B,True,SCH-001
STU-2026-0205,EXM-0062,SUB-PHY,71.0,B,True,SCH-001
STU-2026-0206,EXM-0062,SUB-PHY,59.0,D,True,SCH-001
STU-2026-0207,EXM-0062,SUB-PHY,84.4,A,True,SCH-001
STU-2026-0208,EXM-0062,SUB-PHY,74.5,B,True,SCH-001
STU-2026-0209,EXM-0062,SUB-PHY,93.6,A+,True,SCH-001
STU-2026-0210,EXM-0062,SUB-PHY,35.4,F,True,SCH-001
STU-2026-0211,EXM-0062,SUB-PHY,75.8,B,True,SCH-001
STU-2026-0212,EXM-0062,SUB-PHY,66.5,C,True,SCH-001
STU-2026-0213,EXM-0062,SUB-PHY,66.5,C,True,SCH-001
STU-2026-0214,EXM-0062,SUB-PHY,88.2,A,True,SCH-001
STU-2026-0215,EXM-0062,SUB-PHY,81.4,A,True,SCH-001
STU-2026-0216,EXM-0062,SUB-PHY,80.6,A,True,SCH-001
STU-2026-0217,EXM-0062,SUB-PHY,80.6,A,True,SCH-001
STU-2026-0218,EXM-0062,SUB-PHY,86.8,A,True,SCH-001
STU-2026-0219,EXM-0062,SUB-PHY,64.8,C,True,SCH-001
STU-2026-0220,EXM-0062,SUB-PHY,81.0,A,True,SCH-001
STU-2026-0221,EXM-0062,SUB-PHY,30.9,F,False,SCH-001
STU-2026-0222,EXM-0062,SUB-PHY,65.4,C,True,SCH-001
STU-2026-0223,EXM-0062,SUB-PHY,63.9,C,True,SCH-001
STU-2026-0224,EXM-0062,SUB-PHY,65.4,C,True,SCH-001
STU-2026-0225,EXM-0062,SUB-PHY,94.4,A+,True,SCH-001
STU-2026-0226,EXM-0062,SUB-PHY,89.6,A,True,SCH-001
STU-2026-0227,EXM-0062,SUB-PHY,74.6,B,True,SCH-001
STU-2026-0228,EXM-0062,SUB-PHY,81.0,A,True,SCH-001
STU-2026-0229,EXM-0062,SUB-PHY,80.7,A,True,SCH-001
STU-2026-0230,EXM-0062,SUB-PHY,39.5,F,True,SCH-001
STU-2026-0231,EXM-0062,SUB-PHY,69.7,C,True,SCH-001
STU-2026-0232,EXM-0062,SUB-PHY,69.5,C,True,SCH-001
STU-2026-0233,EXM-0062,SUB-PHY,70.5,B,True,SCH-001
STU-2026-0234,EXM-0062,SUB-PHY,62.1,C,True,SCH-001
STU-2026-0235,EXM-0062,SUB-PHY,90.8,A+,True,SCH-001
STU-2026-0236,EXM-0062,SUB-PHY,67.3,C,True,SCH-001
STU-2026-0237,EXM-0062,SUB-PHY,71.5,B,True,SCH-001
STU-2026-0238,EXM-0062,SUB-PHY,69.6,C,True,SCH-001
STU-2026-0239,EXM-0062,SUB-PHY,66.4,C,True,SCH-001
STU-2026-0240,EXM-0062,SUB-PHY,81.4,A,True,SCH-001
STU-2026-0241,EXM-0062,SUB-PHY,89.1,A,True,SCH-001
STU-2026-0242,EXM-0062,SUB-PHY,95.4,A+,True,SCH-001
STU-2026-0243,EXM-0062,SUB-PHY,57.5,D,True,SCH-001
STU-2026-0244,EXM-0062,SUB-PHY,72.1,B,True,SCH-001
STU-2026-0245,EXM-0062,SUB-PHY,23.5,F,False,SCH-001
STU-2026-0246,EXM-0062,SUB-PHY,30.5,F,False,SCH-001
STU-2026-0247,EXM-0062,SUB-PHY,91.3,A+,True,SCH-001
STU-2026-0248,EXM-0062,SUB-PHY,69.4,C,True,SCH-001
STU-2026-0249,EXM-0062,SUB-PHY,38.6,F,True,SCH-001
STU-2026-0250,EXM-0062,SUB-PHY,78.1,B,True,SCH-001
STU-2026-0251,EXM-0062,SUB-PHY,32.1,F,False,SCH-001
STU-2026-0252,EXM-0062,SUB-PHY,84.6,A,True,SCH-001
STU-2026-0253,EXM-0062,SUB-PHY,26.4,F,False,SCH-001
STU-2026-0254,EXM-0062,SUB-PHY,70.4,B,True,SCH-001
STU-2026-0255,EXM-0062,SUB-PHY,93.3,A+,True,SCH-001
STU-2026-0256,EXM-0062,SUB-PHY,73.9,B,True,SCH-001
STU-2026-0257,EXM-0062,SUB-PHY,73.2,B,True,SCH-001
STU-2026-0258,EXM-0062,SUB-PHY,46.3,F,True,SCH-001
STU-2026-0259,EXM-0062,SUB-PHY,87.3,A,True,SCH-001
STU-2026-0260,EXM-0062,SUB-PHY,86.9,A,True,SCH-001
STU-2026-0261,EXM-0062,SUB-PHY,98.5,A+,True,SCH-001
STU-2026-0262,EXM-0062,SUB-PHY,65.1,C,True,SCH-001
STU-2026-0263,EXM-0062,SUB-PHY,59.5,D,True,SCH-001
STU-2026-0264,EXM-0062,SUB-PHY,71.6,B,True,SCH-001
STU-2026-0199,EXM-0063,SUB-CHEM,77.0,B,True,SCH-001
STU-2026-0200,EXM-0063,SUB-CHEM,78.3,B,True,SCH-001
STU-2026-0201,EXM-0063,SUB-CHEM,90.3,A+,True,SCH-001
STU-2026-0202,EXM-0063,SUB-CHEM,69.3,C,True,SCH-001
STU-2026-0203,EXM-0063,SUB-CHEM,85.8,A,True,SCH-001
STU-2026-0204,EXM-0063,SUB-CHEM,84.3,A,True,SCH-001
STU-2026-0205,EXM-0063,SUB-CHEM,77.2,B,True,SCH-001
STU-2026-0206,EXM-0063,SUB-CHEM,66.5,C,True,SCH-001
STU-2026-0207,EXM-0063,SUB-CHEM,75.4,B,True,SCH-001
STU-2026-0208,EXM-0063,SUB-CHEM,86.0,A,True,SCH-001
STU-2026-0209,EXM-0063,SUB-CHEM,74.6,B,True,SCH-001
STU-2026-0210,EXM-0063,SUB-CHEM,46.7,F,True,SCH-001
STU-2026-0211,EXM-0063,SUB-CHEM,75.4,B,True,SCH-001
STU-2026-0212,EXM-0063,SUB-CHEM,64.9,C,True,SCH-001
STU-2026-0213,EXM-0063,SUB-CHEM,62.6,C,True,SCH-001
STU-2026-0214,EXM-0063,SUB-CHEM,88.9,A,True,SCH-001
STU-2026-0215,EXM-0063,SUB-CHEM,89.4,A,True,SCH-001
STU-2026-0216,EXM-0063,SUB-CHEM,75.8,B,True,SCH-001
STU-2026-0217,EXM-0063,SUB-CHEM,79.4,B,True,SCH-001
STU-2026-0218,EXM-0063,SUB-CHEM,95.4,A+,True,SCH-001
STU-2026-0219,EXM-0063,SUB-CHEM,65.6,C,True,SCH-001
STU-2026-0220,EXM-0063,SUB-CHEM,77.3,B,True,SCH-001
STU-2026-0221,EXM-0063,SUB-CHEM,20.2,F,False,SCH-001
STU-2026-0222,EXM-0063,SUB-CHEM,75.7,B,True,SCH-001
STU-2026-0223,EXM-0063,SUB-CHEM,57.5,D,True,SCH-001
STU-2026-0224,EXM-0063,SUB-CHEM,69.4,C,True,SCH-001
STU-2026-0225,EXM-0063,SUB-CHEM,99.0,A+,True,SCH-001
STU-2026-0226,EXM-0063,SUB-CHEM,85.9,A,True,SCH-001
STU-2026-0227,EXM-0063,SUB-CHEM,83.3,A,True,SCH-001
STU-2026-0228,EXM-0063,SUB-CHEM,73.2,B,True,SCH-001
STU-2026-0229,EXM-0063,SUB-CHEM,95.8,A+,True,SCH-001
STU-2026-0230,EXM-0063,SUB-CHEM,55.7,D,True,SCH-001
STU-2026-0231,EXM-0063,SUB-CHEM,60.3,C,True,SCH-001
STU-2026-0232,EXM-0063,SUB-CHEM,80.8,A,True,SCH-001
STU-2026-0233,EXM-0063,SUB-CHEM,73.5,B,True,SCH-001
STU-2026-0234,EXM-0063,SUB-CHEM,56.9,D,True,SCH-001
STU-2026-0235,EXM-0063,SUB-CHEM,74.2,B,True,SCH-001
STU-2026-0236,EXM-0063,SUB-CHEM,81.7,A,True,SCH-001
STU-2026-0237,EXM-0063,SUB-CHEM,73.5,B,True,SCH-001
STU-2026-0238,EXM-0063,SUB-CHEM,66.8,C,True,SCH-001
STU-2026-0239,EXM-0063,SUB-CHEM,63.9,C,True,SCH-001
STU-2026-0240,EXM-0063,SUB-CHEM,79.5,B,True,SCH-001
STU-2026-0241,EXM-0063,SUB-CHEM,86.7,A,True,SCH-001
STU-2026-0242,EXM-0063,SUB-CHEM,96.0,A+,True,SCH-001
STU-2026-0243,EXM-0063,SUB-CHEM,72.1,B,True,SCH-001
STU-2026-0244,EXM-0063,SUB-CHEM,71.8,B,True,SCH-001
STU-2026-0245,EXM-0063,SUB-CHEM,23.8,F,False,SCH-001
STU-2026-0246,EXM-0063,SUB-CHEM,37.9,F,True,SCH-001
STU-2026-0247,EXM-0063,SUB-CHEM,95.2,A+,True,SCH-001
STU-2026-0248,EXM-0063,SUB-CHEM,68.7,C,True,SCH-001
STU-2026-0249,EXM-0063,SUB-CHEM,37.6,F,True,SCH-001
STU-2026-0250,EXM-0063,SUB-CHEM,66.8,C,True,SCH-001
STU-2026-0251,EXM-0063,SUB-CHEM,30.0,F,False,SCH-001
STU-2026-0252,EXM-0063,SUB-CHEM,67.5,C,True,SCH-001
STU-2026-0253,EXM-0063,SUB-CHEM,30.7,F,False,SCH-001
STU-2026-0254,EXM-0063,SUB-CHEM,81.4,A,True,SCH-001
STU-2026-0255,EXM-0063,SUB-CHEM,93.3,A+,True,SCH-001
STU-2026-0256,EXM-0063,SUB-CHEM,80.0,A,True,SCH-001
STU-2026-0257,EXM-0063,SUB-CHEM,80.9,A,True,SCH-001
STU-2026-0258,EXM-0063,SUB-CHEM,51.7,D,True,SCH-001
STU-2026-0259,EXM-0063,SUB-CHEM,84.8,A,True,SCH-001
STU-2026-0260,EXM-0063,SUB-CHEM,84.6,A,True,SCH-001
STU-2026-0261,EXM-0063,SUB-CHEM,90.6,A+,True,SCH-001
STU-2026-0262,EXM-0063,SUB-CHEM,88.8,A,True,SCH-001
STU-2026-0263,EXM-0063,SUB-CHEM,63.2,C,True,SCH-001
STU-2026-0264,EXM-0063,SUB-CHEM,90.7,A+,True,SCH-001
STU-2026-0199,EXM-0064,SUB-ENG,73.1,B,True,SCH-001
STU-2026-0200,EXM-0064,SUB-ENG,83.1,A,True,SCH-001
STU-2026-0201,EXM-0064,SUB-ENG,95.1,A+,True,SCH-001
STU-2026-0202,EXM-0064,SUB-ENG,65.1,C,True,SCH-001
STU-2026-0203,EXM-0064,SUB-ENG,87.7,A,True,SCH-001
STU-2026-0204,EXM-0064,SUB-ENG,75.6,B,True,SCH-001
STU-2026-0205,EXM-0064,SUB-ENG,64.7,C,True,SCH-001
STU-2026-0206,EXM-0064,SUB-ENG,55.5,D,True,SCH-001
STU-2026-0207,EXM-0064,SUB-ENG,73.8,B,True,SCH-001
STU-2026-0208,EXM-0064,SUB-ENG,90.0,A+,True,SCH-001
STU-2026-0209,EXM-0064,SUB-ENG,82.7,A,True,SCH-001
STU-2026-0210,EXM-0064,SUB-ENG,44.1,F,True,SCH-001
STU-2026-0211,EXM-0064,SUB-ENG,72.6,B,True,SCH-001
STU-2026-0212,EXM-0064,SUB-ENG,70.9,B,True,SCH-001
STU-2026-0213,EXM-0064,SUB-ENG,75.1,B,True,SCH-001
STU-2026-0214,EXM-0064,SUB-ENG,92.2,A+,True,SCH-001
STU-2026-0215,EXM-0064,SUB-ENG,86.4,A,True,SCH-001
STU-2026-0216,EXM-0064,SUB-ENG,78.8,B,True,SCH-001
STU-2026-0217,EXM-0064,SUB-ENG,80.0,A,True,SCH-001
STU-2026-0218,EXM-0064,SUB-ENG,80.3,A,True,SCH-001
STU-2026-0219,EXM-0064,SUB-ENG,70.3,B,True,SCH-001
STU-2026-0220,EXM-0064,SUB-ENG,82.2,A,True,SCH-001
STU-2026-0221,EXM-0064,SUB-ENG,28.2,F,False,SCH-001
STU-2026-0222,EXM-0064,SUB-ENG,73.8,B,True,SCH-001
STU-2026-0223,EXM-0064,SUB-ENG,58.8,D,True,SCH-001
STU-2026-0224,EXM-0064,SUB-ENG,73.8,B,True,SCH-001
STU-2026-0225,EXM-0064,SUB-ENG,90.6,A+,True,SCH-001
STU-2026-0226,EXM-0064,SUB-ENG,90.3,A+,True,SCH-001
STU-2026-0227,EXM-0064,SUB-ENG,83.9,A,True,SCH-001
STU-2026-0228,EXM-0064,SUB-ENG,77.7,B,True,SCH-001
STU-2026-0229,EXM-0064,SUB-ENG,99.0,A+,True,SCH-001
STU-2026-0230,EXM-0064,SUB-ENG,39.5,F,True,SCH-001
STU-2026-0231,EXM-0064,SUB-ENG,57.3,D,True,SCH-001
STU-2026-0232,EXM-0064,SUB-ENG,93.7,A+,True,SCH-001
STU-2026-0233,EXM-0064,SUB-ENG,84.0,A,True,SCH-001
STU-2026-0234,EXM-0064,SUB-ENG,74.3,B,True,SCH-001
STU-2026-0235,EXM-0064,SUB-ENG,72.1,B,True,SCH-001
STU-2026-0236,EXM-0064,SUB-ENG,74.8,B,True,SCH-001
STU-2026-0237,EXM-0064,SUB-ENG,65.9,C,True,SCH-001
STU-2026-0238,EXM-0064,SUB-ENG,73.2,B,True,SCH-001
STU-2026-0239,EXM-0064,SUB-ENG,64.6,C,True,SCH-001
STU-2026-0240,EXM-0064,SUB-ENG,71.6,B,True,SCH-001
STU-2026-0241,EXM-0064,SUB-ENG,89.3,A,True,SCH-001
STU-2026-0242,EXM-0064,SUB-ENG,87.9,A,True,SCH-001
STU-2026-0243,EXM-0064,SUB-ENG,61.4,C,True,SCH-001
STU-2026-0244,EXM-0064,SUB-ENG,78.9,B,True,SCH-001
STU-2026-0245,EXM-0064,SUB-ENG,24.7,F,False,SCH-001
STU-2026-0246,EXM-0064,SUB-ENG,42.7,F,True,SCH-001
STU-2026-0247,EXM-0064,SUB-ENG,92.2,A+,True,SCH-001
STU-2026-0248,EXM-0064,SUB-ENG,59.9,D,True,SCH-001
STU-2026-0249,EXM-0064,SUB-ENG,34.4,F,False,SCH-001
STU-2026-0250,EXM-0064,SUB-ENG,64.6,C,True,SCH-001
STU-2026-0251,EXM-0064,SUB-ENG,19.0,F,False,SCH-001
STU-2026-0252,EXM-0064,SUB-ENG,64.1,C,True,SCH-001
STU-2026-0253,EXM-0064,SUB-ENG,16.8,F,False,SCH-001
STU-2026-0254,EXM-0064,SUB-ENG,84.8,A,True,SCH-001
STU-2026-0255,EXM-0064,SUB-ENG,88.0,A,True,SCH-001
STU-2026-0256,EXM-0064,SUB-ENG,69.1,C,True,SCH-001
STU-2026-0257,EXM-0064,SUB-ENG,83.2,A,True,SCH-001
STU-2026-0258,EXM-0064,SUB-ENG,51.8,D,True,SCH-001
STU-2026-0259,EXM-0064,SUB-ENG,77.1,B,True,SCH-001
STU-2026-0260,EXM-0064,SUB-ENG,90.4,A+,True,SCH-001
STU-2026-0261,EXM-0064,SUB-ENG,97.2,A+,True,SCH-001
STU-2026-0262,EXM-0064,SUB-ENG,77.9,B,True,SCH-001
STU-2026-0263,EXM-0064,SUB-ENG,63.3,C,True,SCH-001
STU-2026-0264,EXM-0064,SUB-ENG,76.5,B,True,SCH-001
STU-2026-0199,EXM-0065,SUB-HIST,83.7,A,True,SCH-001
STU-2026-0200,EXM-0065,SUB-HIST,81.7,A,True,SCH-001
STU-2026-0201,EXM-0065,SUB-HIST,88.9,A,True,SCH-001
STU-2026-0202,EXM-0065,SUB-HIST,76.1,B,True,SCH-001
STU-2026-0203,EXM-0065,SUB-HIST,86.0,A,True,SCH-001
STU-2026-0204,EXM-0065,SUB-HIST,81.5,A,True,SCH-001
STU-2026-0205,EXM-0065,SUB-HIST,68.7,C,True,SCH-001
STU-2026-0206,EXM-0065,SUB-HIST,59.3,D,True,SCH-001
STU-2026-0207,EXM-0065,SUB-HIST,77.3,B,True,SCH-001
STU-2026-0208,EXM-0065,SUB-HIST,78.8,B,True,SCH-001
STU-2026-0209,EXM-0065,SUB-HIST,72.6,B,True,SCH-001
STU-2026-0210,EXM-0065,SUB-HIST,40.0,F,True,SCH-001
STU-2026-0211,EXM-0065,SUB-HIST,70.1,B,True,SCH-001
STU-2026-0212,EXM-0065,SUB-HIST,61.2,C,True,SCH-001
STU-2026-0213,EXM-0065,SUB-HIST,62.8,C,True,SCH-001
STU-2026-0214,EXM-0065,SUB-HIST,98.1,A+,True,SCH-001
STU-2026-0215,EXM-0065,SUB-HIST,84.2,A,True,SCH-001
STU-2026-0216,EXM-0065,SUB-HIST,87.3,A,True,SCH-001
STU-2026-0217,EXM-0065,SUB-HIST,78.2,B,True,SCH-001
STU-2026-0218,EXM-0065,SUB-HIST,99.0,A+,True,SCH-001
STU-2026-0219,EXM-0065,SUB-HIST,77.4,B,True,SCH-001
STU-2026-0220,EXM-0065,SUB-HIST,80.8,A,True,SCH-001
STU-2026-0221,EXM-0065,SUB-HIST,29.1,F,False,SCH-001
STU-2026-0222,EXM-0065,SUB-HIST,74.2,B,True,SCH-001
STU-2026-0223,EXM-0065,SUB-HIST,73.6,B,True,SCH-001
STU-2026-0224,EXM-0065,SUB-HIST,73.0,B,True,SCH-001
STU-2026-0225,EXM-0065,SUB-HIST,94.8,A+,True,SCH-001
STU-2026-0226,EXM-0065,SUB-HIST,85.4,A,True,SCH-001
STU-2026-0227,EXM-0065,SUB-HIST,76.7,B,True,SCH-001
STU-2026-0228,EXM-0065,SUB-HIST,83.6,A,True,SCH-001
STU-2026-0229,EXM-0065,SUB-HIST,99.0,A+,True,SCH-001
STU-2026-0230,EXM-0065,SUB-HIST,35.5,F,True,SCH-001
STU-2026-0231,EXM-0065,SUB-HIST,70.3,B,True,SCH-001
STU-2026-0232,EXM-0065,SUB-HIST,99.0,A+,True,SCH-001
STU-2026-0233,EXM-0065,SUB-HIST,86.1,A,True,SCH-001
STU-2026-0234,EXM-0065,SUB-HIST,64.6,C,True,SCH-001
STU-2026-0235,EXM-0065,SUB-HIST,78.6,B,True,SCH-001
STU-2026-0236,EXM-0065,SUB-HIST,61.2,C,True,SCH-001
STU-2026-0237,EXM-0065,SUB-HIST,71.9,B,True,SCH-001
STU-2026-0238,EXM-0065,SUB-HIST,73.5,B,True,SCH-001
STU-2026-0239,EXM-0065,SUB-HIST,76.3,B,True,SCH-001
STU-2026-0240,EXM-0065,SUB-HIST,74.4,B,True,SCH-001
STU-2026-0241,EXM-0065,SUB-HIST,97.1,A+,True,SCH-001
STU-2026-0242,EXM-0065,SUB-HIST,92.5,A+,True,SCH-001
STU-2026-0243,EXM-0065,SUB-HIST,68.7,C,True,SCH-001
STU-2026-0244,EXM-0065,SUB-HIST,89.6,A,True,SCH-001
STU-2026-0245,EXM-0065,SUB-HIST,26.0,F,False,SCH-001
STU-2026-0246,EXM-0065,SUB-HIST,35.5,F,True,SCH-001
STU-2026-0247,EXM-0065,SUB-HIST,95.7,A+,True,SCH-001
STU-2026-0248,EXM-0065,SUB-HIST,68.8,C,True,SCH-001
STU-2026-0249,EXM-0065,SUB-HIST,37.6,F,True,SCH-001
STU-2026-0250,EXM-0065,SUB-HIST,79.4,B,True,SCH-001
STU-2026-0251,EXM-0065,SUB-HIST,20.8,F,False,SCH-001
STU-2026-0252,EXM-0065,SUB-HIST,74.6,B,True,SCH-001
STU-2026-0253,EXM-0065,SUB-HIST,31.8,F,False,SCH-001
STU-2026-0254,EXM-0065,SUB-HIST,74.9,B,True,SCH-001
STU-2026-0255,EXM-0065,SUB-HIST,81.1,A,True,SCH-001
STU-2026-0256,EXM-0065,SUB-HIST,64.0,C,True,SCH-001
STU-2026-0257,EXM-0065,SUB-HIST,84.7,A,True,SCH-001
STU-2026-0258,EXM-0065,SUB-HIST,62.0,C,True,SCH-001
STU-2026-0259,EXM-0065,SUB-HIST,78.3,B,True,SCH-001
STU-2026-0260,EXM-0065,SUB-HIST,91.2,A+,True,SCH-001
STU-2026-0261,EXM-0065,SUB-HIST,93.9,A+,True,SCH-001
STU-2026-0262,EXM-0065,SUB-HIST,66.8,C,True,SCH-001
STU-2026-0263,EXM-0065,SUB-HIST,54.4,D,True,SCH-001
STU-2026-0264,EXM-0065,SUB-HIST,77.4,B,True,SCH-001
STU-2026-0265,EXM-0066,SUB-MATH,77.3,B,True,SCH-001
STU-2026-0266,EXM-0066,SUB-MATH,66.9,C,True,SCH-001
STU-2026-0267,EXM-0066,SUB-MATH,64.1,C,True,SCH-001
STU-2026-0268,EXM-0066,SUB-MATH,71.2,B,True,SCH-001
STU-2026-0269,EXM-0066,SUB-MATH,91.2,A+,True,SCH-001
STU-2026-0270,EXM-0066,SUB-MATH,79.1,B,True,SCH-001
STU-2026-0271,EXM-0066,SUB-MATH,62.6,C,True,SCH-001
STU-2026-0272,EXM-0066,SUB-MATH,64.2,C,True,SCH-001
STU-2026-0273,EXM-0066,SUB-MATH,94.4,A+,True,SCH-001
STU-2026-0274,EXM-0066,SUB-MATH,76.3,B,True,SCH-001
STU-2026-0275,EXM-0066,SUB-MATH,49.9,F,True,SCH-001
STU-2026-0276,EXM-0066,SUB-MATH,71.4,B,True,SCH-001
STU-2026-0277,EXM-0066,SUB-MATH,84.7,A,True,SCH-001
STU-2026-0278,EXM-0066,SUB-MATH,89.0,A,True,SCH-001
STU-2026-0279,EXM-0066,SUB-MATH,36.8,F,True,SCH-001
STU-2026-0280,EXM-0066,SUB-MATH,90.8,A+,True,SCH-001
STU-2026-0281,EXM-0066,SUB-MATH,68.5,C,True,SCH-001
STU-2026-0282,EXM-0066,SUB-MATH,73.5,B,True,SCH-001
STU-2026-0283,EXM-0066,SUB-MATH,55.9,D,True,SCH-001
STU-2026-0284,EXM-0066,SUB-MATH,83.8,A,True,SCH-001
STU-2026-0285,EXM-0066,SUB-MATH,48.6,F,True,SCH-001
STU-2026-0286,EXM-0066,SUB-MATH,63.1,C,True,SCH-001
STU-2026-0287,EXM-0066,SUB-MATH,72.6,B,True,SCH-001
STU-2026-0288,EXM-0066,SUB-MATH,31.1,F,False,SCH-001
STU-2026-0289,EXM-0066,SUB-MATH,99.0,A+,True,SCH-001
STU-2026-0290,EXM-0066,SUB-MATH,72.2,B,True,SCH-001
STU-2026-0291,EXM-0066,SUB-MATH,65.6,C,True,SCH-001
STU-2026-0292,EXM-0066,SUB-MATH,40.1,F,True,SCH-001
STU-2026-0293,EXM-0066,SUB-MATH,53.0,D,True,SCH-001
STU-2026-0294,EXM-0066,SUB-MATH,74.5,B,True,SCH-001
STU-2026-0295,EXM-0066,SUB-MATH,76.2,B,True,SCH-001
STU-2026-0296,EXM-0066,SUB-MATH,85.8,A,True,SCH-001
STU-2026-0297,EXM-0066,SUB-MATH,83.9,A,True,SCH-001
STU-2026-0298,EXM-0066,SUB-MATH,90.2,A+,True,SCH-001
STU-2026-0299,EXM-0066,SUB-MATH,92.5,A+,True,SCH-001
STU-2026-0300,EXM-0066,SUB-MATH,29.4,F,False,SCH-001
STU-2026-0301,EXM-0066,SUB-MATH,83.1,A,True,SCH-001
STU-2026-0302,EXM-0066,SUB-MATH,69.7,C,True,SCH-001
STU-2026-0303,EXM-0066,SUB-MATH,77.3,B,True,SCH-001
STU-2026-0304,EXM-0066,SUB-MATH,93.6,A+,True,SCH-001
STU-2026-0305,EXM-0066,SUB-MATH,46.3,F,True,SCH-001
STU-2026-0306,EXM-0066,SUB-MATH,48.0,F,True,SCH-001
STU-2026-0307,EXM-0066,SUB-MATH,90.3,A+,True,SCH-001
STU-2026-0308,EXM-0066,SUB-MATH,89.5,A,True,SCH-001
STU-2026-0309,EXM-0066,SUB-MATH,77.9,B,True,SCH-001
STU-2026-0310,EXM-0066,SUB-MATH,34.2,F,False,SCH-001
STU-2026-0311,EXM-0066,SUB-MATH,93.9,A+,True,SCH-001
STU-2026-0312,EXM-0066,SUB-MATH,75.5,B,True,SCH-001
STU-2026-0313,EXM-0066,SUB-MATH,94.0,A+,True,SCH-001
STU-2026-0314,EXM-0066,SUB-MATH,74.9,B,True,SCH-001
STU-2026-0315,EXM-0066,SUB-MATH,70.2,B,True,SCH-001
STU-2026-0316,EXM-0066,SUB-MATH,70.3,B,True,SCH-001
STU-2026-0317,EXM-0066,SUB-MATH,91.3,A+,True,SCH-001
STU-2026-0318,EXM-0066,SUB-MATH,99.0,A+,True,SCH-001
STU-2026-0319,EXM-0066,SUB-MATH,71.9,B,True,SCH-001
STU-2026-0320,EXM-0066,SUB-MATH,39.0,F,True,SCH-001
STU-2026-0321,EXM-0066,SUB-MATH,86.0,A,True,SCH-001
STU-2026-0322,EXM-0066,SUB-MATH,91.0,A+,True,SCH-001
STU-2026-0323,EXM-0066,SUB-MATH,70.6,B,True,SCH-001
STU-2026-0324,EXM-0066,SUB-MATH,86.0,A,True,SCH-001
STU-2026-0325,EXM-0066,SUB-MATH,75.1,B,True,SCH-001
STU-2026-0326,EXM-0066,SUB-MATH,83.6,A,True,SCH-001
STU-2026-0327,EXM-0066,SUB-MATH,76.0,B,True,SCH-001
STU-2026-0328,EXM-0066,SUB-MATH,73.5,B,True,SCH-001
STU-2026-0329,EXM-0066,SUB-MATH,82.1,A,True,SCH-001
STU-2026-0330,EXM-0066,SUB-MATH,83.3,A,True,SCH-001
STU-2026-0265,EXM-0067,SUB-PHY,85.5,A,True,SCH-001
STU-2026-0266,EXM-0067,SUB-PHY,75.2,B,True,SCH-001
STU-2026-0267,EXM-0067,SUB-PHY,66.9,C,True,SCH-001
STU-2026-0268,EXM-0067,SUB-PHY,74.0,B,True,SCH-001
STU-2026-0269,EXM-0067,SUB-PHY,79.5,B,True,SCH-001
STU-2026-0270,EXM-0067,SUB-PHY,88.7,A,True,SCH-001
STU-2026-0271,EXM-0067,SUB-PHY,64.2,C,True,SCH-001
STU-2026-0272,EXM-0067,SUB-PHY,69.6,C,True,SCH-001
STU-2026-0273,EXM-0067,SUB-PHY,94.7,A+,True,SCH-001
STU-2026-0274,EXM-0067,SUB-PHY,65.4,C,True,SCH-001
STU-2026-0275,EXM-0067,SUB-PHY,60.4,C,True,SCH-001
STU-2026-0276,EXM-0067,SUB-PHY,66.8,C,True,SCH-001
STU-2026-0277,EXM-0067,SUB-PHY,80.8,A,True,SCH-001
STU-2026-0278,EXM-0067,SUB-PHY,87.5,A,True,SCH-001
STU-2026-0279,EXM-0067,SUB-PHY,39.1,F,True,SCH-001
STU-2026-0280,EXM-0067,SUB-PHY,92.1,A+,True,SCH-001
STU-2026-0281,EXM-0067,SUB-PHY,72.8,B,True,SCH-001
STU-2026-0282,EXM-0067,SUB-PHY,71.1,B,True,SCH-001
STU-2026-0283,EXM-0067,SUB-PHY,50.0,D,True,SCH-001
STU-2026-0284,EXM-0067,SUB-PHY,79.3,B,True,SCH-001
STU-2026-0285,EXM-0067,SUB-PHY,41.5,F,True,SCH-001
STU-2026-0286,EXM-0067,SUB-PHY,68.8,C,True,SCH-001
STU-2026-0287,EXM-0067,SUB-PHY,74.3,B,True,SCH-001
STU-2026-0288,EXM-0067,SUB-PHY,22.7,F,False,SCH-001
STU-2026-0289,EXM-0067,SUB-PHY,88.4,A,True,SCH-001
STU-2026-0290,EXM-0067,SUB-PHY,63.2,C,True,SCH-001
STU-2026-0291,EXM-0067,SUB-PHY,59.9,D,True,SCH-001
STU-2026-0292,EXM-0067,SUB-PHY,47.9,F,True,SCH-001
STU-2026-0293,EXM-0067,SUB-PHY,72.4,B,True,SCH-001
STU-2026-0294,EXM-0067,SUB-PHY,66.8,C,True,SCH-001
STU-2026-0295,EXM-0067,SUB-PHY,65.5,C,True,SCH-001
STU-2026-0296,EXM-0067,SUB-PHY,85.9,A,True,SCH-001
STU-2026-0297,EXM-0067,SUB-PHY,80.5,A,True,SCH-001
STU-2026-0298,EXM-0067,SUB-PHY,93.3,A+,True,SCH-001
STU-2026-0299,EXM-0067,SUB-PHY,99.0,A+,True,SCH-001
STU-2026-0300,EXM-0067,SUB-PHY,37.3,F,True,SCH-001
STU-2026-0301,EXM-0067,SUB-PHY,69.8,C,True,SCH-001
STU-2026-0302,EXM-0067,SUB-PHY,74.3,B,True,SCH-001
STU-2026-0303,EXM-0067,SUB-PHY,79.9,B,True,SCH-001
STU-2026-0304,EXM-0067,SUB-PHY,75.6,B,True,SCH-001
STU-2026-0305,EXM-0067,SUB-PHY,44.2,F,True,SCH-001
STU-2026-0306,EXM-0067,SUB-PHY,32.7,F,False,SCH-001
STU-2026-0307,EXM-0067,SUB-PHY,85.7,A,True,SCH-001
STU-2026-0308,EXM-0067,SUB-PHY,77.1,B,True,SCH-001
STU-2026-0309,EXM-0067,SUB-PHY,80.8,A,True,SCH-001
STU-2026-0310,EXM-0067,SUB-PHY,25.9,F,False,SCH-001
STU-2026-0311,EXM-0067,SUB-PHY,81.7,A,True,SCH-001
STU-2026-0312,EXM-0067,SUB-PHY,84.7,A,True,SCH-001
STU-2026-0313,EXM-0067,SUB-PHY,88.6,A,True,SCH-001
STU-2026-0314,EXM-0067,SUB-PHY,83.2,A,True,SCH-001
STU-2026-0315,EXM-0067,SUB-PHY,80.7,A,True,SCH-001
STU-2026-0316,EXM-0067,SUB-PHY,58.0,D,True,SCH-001
STU-2026-0317,EXM-0067,SUB-PHY,85.2,A,True,SCH-001
STU-2026-0318,EXM-0067,SUB-PHY,99.0,A+,True,SCH-001
STU-2026-0319,EXM-0067,SUB-PHY,71.4,B,True,SCH-001
STU-2026-0320,EXM-0067,SUB-PHY,26.4,F,False,SCH-001
STU-2026-0321,EXM-0067,SUB-PHY,69.6,C,True,SCH-001
STU-2026-0322,EXM-0067,SUB-PHY,82.1,A,True,SCH-001
STU-2026-0323,EXM-0067,SUB-PHY,71.7,B,True,SCH-001
STU-2026-0324,EXM-0067,SUB-PHY,87.5,A,True,SCH-001
STU-2026-0325,EXM-0067,SUB-PHY,83.0,A,True,SCH-001
STU-2026-0326,EXM-0067,SUB-PHY,73.3,B,True,SCH-001
STU-2026-0327,EXM-0067,SUB-PHY,81.6,A,True,SCH-001
STU-2026-0328,EXM-0067,SUB-PHY,76.5,B,True,SCH-001
STU-2026-0329,EXM-0067,SUB-PHY,88.7,A,True,SCH-001
STU-2026-0330,EXM-0067,SUB-PHY,73.8,B,True,SCH-001
STU-2026-0265,EXM-0068,SUB-CHEM,90.5,A+,True,SCH-001
STU-2026-0266,EXM-0068,SUB-CHEM,72.3,B,True,SCH-001
STU-2026-0267,EXM-0068,SUB-CHEM,75.1,B,True,SCH-001
STU-2026-0268,EXM-0068,SUB-CHEM,75.6,B,True,SCH-001
STU-2026-0269,EXM-0068,SUB-CHEM,85.9,A,True,SCH-001
STU-2026-0270,EXM-0068,SUB-CHEM,88.9,A,True,SCH-001
STU-2026-0271,EXM-0068,SUB-CHEM,54.9,D,True,SCH-001
STU-2026-0272,EXM-0068,SUB-CHEM,76.1,B,True,SCH-001
STU-2026-0273,EXM-0068,SUB-CHEM,85.8,A,True,SCH-001
STU-2026-0274,EXM-0068,SUB-CHEM,59.9,D,True,SCH-001
STU-2026-0275,EXM-0068,SUB-CHEM,58.7,D,True,SCH-001
STU-2026-0276,EXM-0068,SUB-CHEM,65.9,C,True,SCH-001
STU-2026-0277,EXM-0068,SUB-CHEM,82.8,A,True,SCH-001
STU-2026-0278,EXM-0068,SUB-CHEM,90.1,A+,True,SCH-001
STU-2026-0279,EXM-0068,SUB-CHEM,36.1,F,True,SCH-001
STU-2026-0280,EXM-0068,SUB-CHEM,99.0,A+,True,SCH-001
STU-2026-0281,EXM-0068,SUB-CHEM,86.1,A,True,SCH-001
STU-2026-0282,EXM-0068,SUB-CHEM,66.5,C,True,SCH-001
STU-2026-0283,EXM-0068,SUB-CHEM,60.8,C,True,SCH-001
STU-2026-0284,EXM-0068,SUB-CHEM,77.9,B,True,SCH-001
STU-2026-0285,EXM-0068,SUB-CHEM,51.1,D,True,SCH-001
STU-2026-0286,EXM-0068,SUB-CHEM,67.1,C,True,SCH-001
STU-2026-0287,EXM-0068,SUB-CHEM,77.8,B,True,SCH-001
STU-2026-0288,EXM-0068,SUB-CHEM,42.9,F,True,SCH-001
STU-2026-0289,EXM-0068,SUB-CHEM,89.6,A,True,SCH-001
STU-2026-0290,EXM-0068,SUB-CHEM,83.4,A,True,SCH-001
STU-2026-0291,EXM-0068,SUB-CHEM,78.1,B,True,SCH-001
STU-2026-0292,EXM-0068,SUB-CHEM,45.6,F,True,SCH-001
STU-2026-0293,EXM-0068,SUB-CHEM,82.2,A,True,SCH-001
STU-2026-0294,EXM-0068,SUB-CHEM,71.7,B,True,SCH-001
STU-2026-0295,EXM-0068,SUB-CHEM,83.5,A,True,SCH-001
STU-2026-0296,EXM-0068,SUB-CHEM,96.4,A+,True,SCH-001
STU-2026-0297,EXM-0068,SUB-CHEM,68.5,C,True,SCH-001
STU-2026-0298,EXM-0068,SUB-CHEM,87.1,A,True,SCH-001
STU-2026-0299,EXM-0068,SUB-CHEM,90.4,A+,True,SCH-001
STU-2026-0300,EXM-0068,SUB-CHEM,38.3,F,True,SCH-001
STU-2026-0301,EXM-0068,SUB-CHEM,70.3,B,True,SCH-001
STU-2026-0302,EXM-0068,SUB-CHEM,53.8,D,True,SCH-001
STU-2026-0303,EXM-0068,SUB-CHEM,79.9,B,True,SCH-001
STU-2026-0304,EXM-0068,SUB-CHEM,73.8,B,True,SCH-001
STU-2026-0305,EXM-0068,SUB-CHEM,53.5,D,True,SCH-001
STU-2026-0306,EXM-0068,SUB-CHEM,42.4,F,True,SCH-001
STU-2026-0307,EXM-0068,SUB-CHEM,84.1,A,True,SCH-001
STU-2026-0308,EXM-0068,SUB-CHEM,75.2,B,True,SCH-001
STU-2026-0309,EXM-0068,SUB-CHEM,71.9,B,True,SCH-001
STU-2026-0310,EXM-0068,SUB-CHEM,41.8,F,True,SCH-001
STU-2026-0311,EXM-0068,SUB-CHEM,99.0,A+,True,SCH-001
STU-2026-0312,EXM-0068,SUB-CHEM,81.0,A,True,SCH-001
STU-2026-0313,EXM-0068,SUB-CHEM,93.5,A+,True,SCH-001
STU-2026-0314,EXM-0068,SUB-CHEM,79.5,B,True,SCH-001
STU-2026-0315,EXM-0068,SUB-CHEM,66.6,C,True,SCH-001
STU-2026-0316,EXM-0068,SUB-CHEM,45.4,F,True,SCH-001
STU-2026-0317,EXM-0068,SUB-CHEM,71.9,B,True,SCH-001
STU-2026-0318,EXM-0068,SUB-CHEM,93.2,A+,True,SCH-001
STU-2026-0319,EXM-0068,SUB-CHEM,53.6,D,True,SCH-001
STU-2026-0320,EXM-0068,SUB-CHEM,37.3,F,True,SCH-001
STU-2026-0321,EXM-0068,SUB-CHEM,86.7,A,True,SCH-001
STU-2026-0322,EXM-0068,SUB-CHEM,81.4,A,True,SCH-001
STU-2026-0323,EXM-0068,SUB-CHEM,75.2,B,True,SCH-001
STU-2026-0324,EXM-0068,SUB-CHEM,88.8,A,True,SCH-001
STU-2026-0325,EXM-0068,SUB-CHEM,65.7,C,True,SCH-001
STU-2026-0326,EXM-0068,SUB-CHEM,86.9,A,True,SCH-001
STU-2026-0327,EXM-0068,SUB-CHEM,97.7,A+,True,SCH-001
STU-2026-0328,EXM-0068,SUB-CHEM,66.9,C,True,SCH-001
STU-2026-0329,EXM-0068,SUB-CHEM,87.3,A,True,SCH-001
STU-2026-0330,EXM-0068,SUB-CHEM,71.6,B,True,SCH-001
STU-2026-0265,EXM-0069,SUB-ENG,88.9,A,True,SCH-001
STU-2026-0266,EXM-0069,SUB-ENG,73.3,B,True,SCH-001
STU-2026-0267,EXM-0069,SUB-ENG,75.2,B,True,SCH-001
STU-2026-0268,EXM-0069,SUB-ENG,68.1,C,True,SCH-001
STU-2026-0269,EXM-0069,SUB-ENG,94.0,A+,True,SCH-001
STU-2026-0270,EXM-0069,SUB-ENG,77.7,B,True,SCH-001
STU-2026-0271,EXM-0069,SUB-ENG,62.7,C,True,SCH-001
STU-2026-0272,EXM-0069,SUB-ENG,71.0,B,True,SCH-001
STU-2026-0273,EXM-0069,SUB-ENG,74.2,B,True,SCH-001
STU-2026-0274,EXM-0069,SUB-ENG,68.8,C,True,SCH-001
STU-2026-0275,EXM-0069,SUB-ENG,45.0,F,True,SCH-001
STU-2026-0276,EXM-0069,SUB-ENG,56.9,D,True,SCH-001
STU-2026-0277,EXM-0069,SUB-ENG,76.7,B,True,SCH-001
STU-2026-0278,EXM-0069,SUB-ENG,82.0,A,True,SCH-001
STU-2026-0279,EXM-0069,SUB-ENG,32.7,F,False,SCH-001
STU-2026-0280,EXM-0069,SUB-ENG,87.7,A,True,SCH-001
STU-2026-0281,EXM-0069,SUB-ENG,64.9,C,True,SCH-001
STU-2026-0282,EXM-0069,SUB-ENG,95.9,A+,True,SCH-001
STU-2026-0283,EXM-0069,SUB-ENG,49.7,F,True,SCH-001
STU-2026-0284,EXM-0069,SUB-ENG,83.6,A,True,SCH-001
STU-2026-0285,EXM-0069,SUB-ENG,42.9,F,True,SCH-001
STU-2026-0286,EXM-0069,SUB-ENG,55.2,D,True,SCH-001
STU-2026-0287,EXM-0069,SUB-ENG,67.0,C,True,SCH-001
STU-2026-0288,EXM-0069,SUB-ENG,33.1,F,False,SCH-001
STU-2026-0289,EXM-0069,SUB-ENG,89.2,A,True,SCH-001
STU-2026-0290,EXM-0069,SUB-ENG,77.4,B,True,SCH-001
STU-2026-0291,EXM-0069,SUB-ENG,75.3,B,True,SCH-001
STU-2026-0292,EXM-0069,SUB-ENG,41.9,F,True,SCH-001
STU-2026-0293,EXM-0069,SUB-ENG,67.1,C,True,SCH-001
STU-2026-0294,EXM-0069,SUB-ENG,67.7,C,True,SCH-001
STU-2026-0295,EXM-0069,SUB-ENG,81.7,A,True,SCH-001
STU-2026-0296,EXM-0069,SUB-ENG,91.8,A+,True,SCH-001
STU-2026-0297,EXM-0069,SUB-ENG,73.2,B,True,SCH-001
STU-2026-0298,EXM-0069,SUB-ENG,96.8,A+,True,SCH-001
STU-2026-0299,EXM-0069,SUB-ENG,85.7,A,True,SCH-001
STU-2026-0300,EXM-0069,SUB-ENG,33.3,F,False,SCH-001
STU-2026-0301,EXM-0069,SUB-ENG,69.1,C,True,SCH-001
STU-2026-0302,EXM-0069,SUB-ENG,74.4,B,True,SCH-001
STU-2026-0303,EXM-0069,SUB-ENG,72.3,B,True,SCH-001
STU-2026-0304,EXM-0069,SUB-ENG,80.2,A,True,SCH-001
STU-2026-0305,EXM-0069,SUB-ENG,41.7,F,True,SCH-001
STU-2026-0306,EXM-0069,SUB-ENG,31.6,F,False,SCH-001
STU-2026-0307,EXM-0069,SUB-ENG,87.8,A,True,SCH-001
STU-2026-0308,EXM-0069,SUB-ENG,81.9,A,True,SCH-001
STU-2026-0309,EXM-0069,SUB-ENG,80.9,A,True,SCH-001
STU-2026-0310,EXM-0069,SUB-ENG,39.4,F,True,SCH-001
STU-2026-0311,EXM-0069,SUB-ENG,99.0,A+,True,SCH-001
STU-2026-0312,EXM-0069,SUB-ENG,82.4,A,True,SCH-001
STU-2026-0313,EXM-0069,SUB-ENG,83.6,A,True,SCH-001
STU-2026-0314,EXM-0069,SUB-ENG,69.9,C,True,SCH-001
STU-2026-0315,EXM-0069,SUB-ENG,67.6,C,True,SCH-001
STU-2026-0316,EXM-0069,SUB-ENG,50.5,D,True,SCH-001
STU-2026-0317,EXM-0069,SUB-ENG,90.8,A+,True,SCH-001
STU-2026-0318,EXM-0069,SUB-ENG,94.6,A+,True,SCH-001
STU-2026-0319,EXM-0069,SUB-ENG,72.2,B,True,SCH-001
STU-2026-0320,EXM-0069,SUB-ENG,50.1,D,True,SCH-001
STU-2026-0321,EXM-0069,SUB-ENG,68.6,C,True,SCH-001
STU-2026-0322,EXM-0069,SUB-ENG,83.6,A,True,SCH-001
STU-2026-0323,EXM-0069,SUB-ENG,63.5,C,True,SCH-001
STU-2026-0324,EXM-0069,SUB-ENG,92.1,A+,True,SCH-001
STU-2026-0325,EXM-0069,SUB-ENG,68.8,C,True,SCH-001
STU-2026-0326,EXM-0069,SUB-ENG,83.2,A,True,SCH-001
STU-2026-0327,EXM-0069,SUB-ENG,77.5,B,True,SCH-001
STU-2026-0328,EXM-0069,SUB-ENG,88.2,A,True,SCH-001
STU-2026-0329,EXM-0069,SUB-ENG,82.3,A,True,SCH-001
STU-2026-0330,EXM-0069,SUB-ENG,82.3,A,True,SCH-001
STU-2026-0265,EXM-0070,SUB-HIST,81.7,A,True,SCH-001
STU-2026-0266,EXM-0070,SUB-HIST,83.4,A,True,SCH-001
STU-2026-0267,EXM-0070,SUB-HIST,75.2,B,True,SCH-001
STU-2026-0268,EXM-0070,SUB-HIST,60.9,C,True,SCH-001
STU-2026-0269,EXM-0070,SUB-HIST,88.7,A,True,SCH-001
STU-2026-0270,EXM-0070,SUB-HIST,84.2,A,True,SCH-001
STU-2026-0271,EXM-0070,SUB-HIST,72.8,B,True,SCH-001
STU-2026-0272,EXM-0070,SUB-HIST,68.4,C,True,SCH-001
STU-2026-0273,EXM-0070,SUB-HIST,86.2,A,True,SCH-001
STU-2026-0274,EXM-0070,SUB-HIST,70.2,B,True,SCH-001
STU-2026-0275,EXM-0070,SUB-HIST,56.7,D,True,SCH-001
STU-2026-0276,EXM-0070,SUB-HIST,66.5,C,True,SCH-001
STU-2026-0277,EXM-0070,SUB-HIST,82.1,A,True,SCH-001
STU-2026-0278,EXM-0070,SUB-HIST,82.0,A,True,SCH-001
STU-2026-0279,EXM-0070,SUB-HIST,36.8,F,True,SCH-001
STU-2026-0280,EXM-0070,SUB-HIST,79.9,B,True,SCH-001
STU-2026-0281,EXM-0070,SUB-HIST,84.5,A,True,SCH-001
STU-2026-0282,EXM-0070,SUB-HIST,79.7,B,True,SCH-001
STU-2026-0283,EXM-0070,SUB-HIST,71.6,B,True,SCH-001
STU-2026-0284,EXM-0070,SUB-HIST,77.9,B,True,SCH-001
STU-2026-0285,EXM-0070,SUB-HIST,33.7,F,False,SCH-001
STU-2026-0286,EXM-0070,SUB-HIST,68.1,C,True,SCH-001
STU-2026-0287,EXM-0070,SUB-HIST,77.5,B,True,SCH-001
STU-2026-0288,EXM-0070,SUB-HIST,42.9,F,True,SCH-001
STU-2026-0289,EXM-0070,SUB-HIST,98.4,A+,True,SCH-001
STU-2026-0290,EXM-0070,SUB-HIST,71.1,B,True,SCH-001
STU-2026-0291,EXM-0070,SUB-HIST,75.7,B,True,SCH-001
STU-2026-0292,EXM-0070,SUB-HIST,43.0,F,True,SCH-001
STU-2026-0293,EXM-0070,SUB-HIST,71.6,B,True,SCH-001
STU-2026-0294,EXM-0070,SUB-HIST,64.7,C,True,SCH-001
STU-2026-0295,EXM-0070,SUB-HIST,62.9,C,True,SCH-001
STU-2026-0296,EXM-0070,SUB-HIST,87.7,A,True,SCH-001
STU-2026-0297,EXM-0070,SUB-HIST,70.5,B,True,SCH-001
STU-2026-0298,EXM-0070,SUB-HIST,88.8,A,True,SCH-001
STU-2026-0299,EXM-0070,SUB-HIST,82.7,A,True,SCH-001
STU-2026-0300,EXM-0070,SUB-HIST,40.3,F,True,SCH-001
STU-2026-0301,EXM-0070,SUB-HIST,76.4,B,True,SCH-001
STU-2026-0302,EXM-0070,SUB-HIST,70.4,B,True,SCH-001
STU-2026-0303,EXM-0070,SUB-HIST,75.4,B,True,SCH-001
STU-2026-0304,EXM-0070,SUB-HIST,71.2,B,True,SCH-001
STU-2026-0305,EXM-0070,SUB-HIST,45.2,F,True,SCH-001
STU-2026-0306,EXM-0070,SUB-HIST,36.1,F,True,SCH-001
STU-2026-0307,EXM-0070,SUB-HIST,93.7,A+,True,SCH-001
STU-2026-0308,EXM-0070,SUB-HIST,86.5,A,True,SCH-001
STU-2026-0309,EXM-0070,SUB-HIST,90.7,A+,True,SCH-001
STU-2026-0310,EXM-0070,SUB-HIST,26.8,F,False,SCH-001
STU-2026-0311,EXM-0070,SUB-HIST,92.9,A+,True,SCH-001
STU-2026-0312,EXM-0070,SUB-HIST,71.8,B,True,SCH-001
STU-2026-0313,EXM-0070,SUB-HIST,85.7,A,True,SCH-001
STU-2026-0314,EXM-0070,SUB-HIST,86.5,A,True,SCH-001
STU-2026-0315,EXM-0070,SUB-HIST,77.8,B,True,SCH-001
STU-2026-0316,EXM-0070,SUB-HIST,56.6,D,True,SCH-001
STU-2026-0317,EXM-0070,SUB-HIST,79.0,B,True,SCH-001
STU-2026-0318,EXM-0070,SUB-HIST,99.0,A+,True,SCH-001
STU-2026-0319,EXM-0070,SUB-HIST,72.6,B,True,SCH-001
STU-2026-0320,EXM-0070,SUB-HIST,24.7,F,False,SCH-001
STU-2026-0321,EXM-0070,SUB-HIST,85.4,A,True,SCH-001
STU-2026-0322,EXM-0070,SUB-HIST,85.6,A,True,SCH-001
STU-2026-0323,EXM-0070,SUB-HIST,76.9,B,True,SCH-001
STU-2026-0324,EXM-0070,SUB-HIST,76.6,B,True,SCH-001
STU-2026-0325,EXM-0070,SUB-HIST,67.4,C,True,SCH-001
STU-2026-0326,EXM-0070,SUB-HIST,73.3,B,True,SCH-001
STU-2026-0327,EXM-0070,SUB-HIST,82.5,A,True,SCH-001
STU-2026-0328,EXM-0070,SUB-HIST,70.5,B,True,SCH-001
STU-2026-0329,EXM-0070,SUB-HIST,81.4,A,True,SCH-001
STU-2026-0330,EXM-0070,SUB-HIST,68.0,C,True,SCH-001
STU-2026-0331,EXM-0071,SUB-MATH,73.7,B,True,SCH-001
STU-2026-0332,EXM-0071,SUB-MATH,71.7,B,True,SCH-001
STU-2026-0333,EXM-0071,SUB-MATH,75.3,B,True,SCH-001
STU-2026-0334,EXM-0071,SUB-MATH,75.7,B,True,SCH-001
STU-2026-0335,EXM-0071,SUB-MATH,78.9,B,True,SCH-001
STU-2026-0336,EXM-0071,SUB-MATH,92.9,A+,True,SCH-001
STU-2026-0337,EXM-0071,SUB-MATH,76.7,B,True,SCH-001
STU-2026-0338,EXM-0071,SUB-MATH,81.1,A,True,SCH-001
STU-2026-0339,EXM-0071,SUB-MATH,57.3,D,True,SCH-001
STU-2026-0340,EXM-0071,SUB-MATH,82.5,A,True,SCH-001
STU-2026-0341,EXM-0071,SUB-MATH,57.5,D,True,SCH-001
STU-2026-0342,EXM-0071,SUB-MATH,72.8,B,True,SCH-001
STU-2026-0343,EXM-0071,SUB-MATH,46.2,F,True,SCH-001
STU-2026-0344,EXM-0071,SUB-MATH,61.6,C,True,SCH-001
STU-2026-0345,EXM-0071,SUB-MATH,62.7,C,True,SCH-001
STU-2026-0346,EXM-0071,SUB-MATH,67.0,C,True,SCH-001
STU-2026-0347,EXM-0071,SUB-MATH,89.6,A,True,SCH-001
STU-2026-0348,EXM-0071,SUB-MATH,71.1,B,True,SCH-001
STU-2026-0349,EXM-0071,SUB-MATH,72.3,B,True,SCH-001
STU-2026-0350,EXM-0071,SUB-MATH,90.5,A+,True,SCH-001
STU-2026-0351,EXM-0071,SUB-MATH,64.9,C,True,SCH-001
STU-2026-0352,EXM-0071,SUB-MATH,79.5,B,True,SCH-001
STU-2026-0353,EXM-0071,SUB-MATH,85.1,A,True,SCH-001
STU-2026-0354,EXM-0071,SUB-MATH,77.7,B,True,SCH-001
STU-2026-0355,EXM-0071,SUB-MATH,46.6,F,True,SCH-001
STU-2026-0356,EXM-0071,SUB-MATH,88.8,A,True,SCH-001
STU-2026-0357,EXM-0071,SUB-MATH,69.3,C,True,SCH-001
STU-2026-0358,EXM-0071,SUB-MATH,84.8,A,True,SCH-001
STU-2026-0359,EXM-0071,SUB-MATH,76.4,B,True,SCH-001
STU-2026-0360,EXM-0071,SUB-MATH,87.0,A,True,SCH-001
STU-2026-0361,EXM-0071,SUB-MATH,73.4,B,True,SCH-001
STU-2026-0362,EXM-0071,SUB-MATH,58.0,D,True,SCH-001
STU-2026-0363,EXM-0071,SUB-MATH,81.2,A,True,SCH-001
STU-2026-0364,EXM-0071,SUB-MATH,72.7,B,True,SCH-001
STU-2026-0365,EXM-0071,SUB-MATH,95.6,A+,True,SCH-001
STU-2026-0366,EXM-0071,SUB-MATH,92.6,A+,True,SCH-001
STU-2026-0367,EXM-0071,SUB-MATH,68.9,C,True,SCH-001
STU-2026-0368,EXM-0071,SUB-MATH,50.5,D,True,SCH-001
STU-2026-0369,EXM-0071,SUB-MATH,87.4,A,True,SCH-001
STU-2026-0370,EXM-0071,SUB-MATH,80.6,A,True,SCH-001
STU-2026-0371,EXM-0071,SUB-MATH,50.9,D,True,SCH-001
STU-2026-0372,EXM-0071,SUB-MATH,75.0,B,True,SCH-001
STU-2026-0373,EXM-0071,SUB-MATH,78.5,B,True,SCH-001
STU-2026-0374,EXM-0071,SUB-MATH,71.4,B,True,SCH-001
STU-2026-0375,EXM-0071,SUB-MATH,81.5,A,True,SCH-001
STU-2026-0376,EXM-0071,SUB-MATH,92.2,A+,True,SCH-001
STU-2026-0377,EXM-0071,SUB-MATH,61.2,C,True,SCH-001
STU-2026-0378,EXM-0071,SUB-MATH,28.1,F,False,SCH-001
STU-2026-0379,EXM-0071,SUB-MATH,76.5,B,True,SCH-001
STU-2026-0380,EXM-0071,SUB-MATH,54.8,D,True,SCH-001
STU-2026-0381,EXM-0071,SUB-MATH,83.4,A,True,SCH-001
STU-2026-0382,EXM-0071,SUB-MATH,73.2,B,True,SCH-001
STU-2026-0383,EXM-0071,SUB-MATH,61.9,C,True,SCH-001
STU-2026-0384,EXM-0071,SUB-MATH,84.2,A,True,SCH-001
STU-2026-0385,EXM-0071,SUB-MATH,83.6,A,True,SCH-001
STU-2026-0386,EXM-0071,SUB-MATH,60.0,C,True,SCH-001
STU-2026-0387,EXM-0071,SUB-MATH,33.3,F,False,SCH-001
STU-2026-0388,EXM-0071,SUB-MATH,57.9,D,True,SCH-001
STU-2026-0389,EXM-0071,SUB-MATH,98.1,A+,True,SCH-001
STU-2026-0390,EXM-0071,SUB-MATH,69.2,C,True,SCH-001
STU-2026-0391,EXM-0071,SUB-MATH,77.2,B,True,SCH-001
STU-2026-0392,EXM-0071,SUB-MATH,85.4,A,True,SCH-001
STU-2026-0393,EXM-0071,SUB-MATH,69.5,C,True,SCH-001
STU-2026-0394,EXM-0071,SUB-MATH,59.0,D,True,SCH-001
STU-2026-0395,EXM-0071,SUB-MATH,74.4,B,True,SCH-001
STU-2026-0396,EXM-0071,SUB-MATH,83.4,A,True,SCH-001
STU-2026-0331,EXM-0072,SUB-PHY,76.1,B,True,SCH-001
STU-2026-0332,EXM-0072,SUB-PHY,64.4,C,True,SCH-001
STU-2026-0333,EXM-0072,SUB-PHY,72.0,B,True,SCH-001
STU-2026-0334,EXM-0072,SUB-PHY,79.7,B,True,SCH-001
STU-2026-0335,EXM-0072,SUB-PHY,73.0,B,True,SCH-001
STU-2026-0336,EXM-0072,SUB-PHY,85.1,A,True,SCH-001
STU-2026-0337,EXM-0072,SUB-PHY,77.0,B,True,SCH-001
STU-2026-0338,EXM-0072,SUB-PHY,84.2,A,True,SCH-001
STU-2026-0339,EXM-0072,SUB-PHY,52.8,D,True,SCH-001
STU-2026-0340,EXM-0072,SUB-PHY,81.6,A,True,SCH-001
STU-2026-0341,EXM-0072,SUB-PHY,75.0,B,True,SCH-001
STU-2026-0342,EXM-0072,SUB-PHY,79.9,B,True,SCH-001
STU-2026-0343,EXM-0072,SUB-PHY,47.0,F,True,SCH-001
STU-2026-0344,EXM-0072,SUB-PHY,57.9,D,True,SCH-001
STU-2026-0345,EXM-0072,SUB-PHY,70.4,B,True,SCH-001
STU-2026-0346,EXM-0072,SUB-PHY,76.8,B,True,SCH-001
STU-2026-0347,EXM-0072,SUB-PHY,79.0,B,True,SCH-001
STU-2026-0348,EXM-0072,SUB-PHY,69.0,C,True,SCH-001
STU-2026-0349,EXM-0072,SUB-PHY,71.5,B,True,SCH-001
STU-2026-0350,EXM-0072,SUB-PHY,78.3,B,True,SCH-001
STU-2026-0351,EXM-0072,SUB-PHY,73.9,B,True,SCH-001
STU-2026-0352,EXM-0072,SUB-PHY,75.8,B,True,SCH-001
STU-2026-0353,EXM-0072,SUB-PHY,67.2,C,True,SCH-001
STU-2026-0354,EXM-0072,SUB-PHY,83.2,A,True,SCH-001
STU-2026-0355,EXM-0072,SUB-PHY,36.4,F,True,SCH-001
STU-2026-0356,EXM-0072,SUB-PHY,88.2,A,True,SCH-001
STU-2026-0357,EXM-0072,SUB-PHY,71.8,B,True,SCH-001
STU-2026-0358,EXM-0072,SUB-PHY,80.4,A,True,SCH-001
STU-2026-0359,EXM-0072,SUB-PHY,75.1,B,True,SCH-001
STU-2026-0360,EXM-0072,SUB-PHY,85.4,A,True,SCH-001
STU-2026-0361,EXM-0072,SUB-PHY,66.0,C,True,SCH-001
STU-2026-0362,EXM-0072,SUB-PHY,79.1,B,True,SCH-001
STU-2026-0363,EXM-0072,SUB-PHY,83.7,A,True,SCH-001
STU-2026-0364,EXM-0072,SUB-PHY,64.8,C,True,SCH-001
STU-2026-0365,EXM-0072,SUB-PHY,78.5,B,True,SCH-001
STU-2026-0366,EXM-0072,SUB-PHY,91.2,A+,True,SCH-001
STU-2026-0367,EXM-0072,SUB-PHY,83.6,A,True,SCH-001
STU-2026-0368,EXM-0072,SUB-PHY,66.1,C,True,SCH-001
STU-2026-0369,EXM-0072,SUB-PHY,85.7,A,True,SCH-001
STU-2026-0370,EXM-0072,SUB-PHY,85.4,A,True,SCH-001
STU-2026-0371,EXM-0072,SUB-PHY,66.2,C,True,SCH-001
STU-2026-0372,EXM-0072,SUB-PHY,77.7,B,True,SCH-001
STU-2026-0373,EXM-0072,SUB-PHY,82.2,A,True,SCH-001
STU-2026-0374,EXM-0072,SUB-PHY,76.5,B,True,SCH-001
STU-2026-0375,EXM-0072,SUB-PHY,67.6,C,True,SCH-001
STU-2026-0376,EXM-0072,SUB-PHY,80.0,A,True,SCH-001
STU-2026-0377,EXM-0072,SUB-PHY,63.6,C,True,SCH-001
STU-2026-0378,EXM-0072,SUB-PHY,31.6,F,False,SCH-001
STU-2026-0379,EXM-0072,SUB-PHY,70.0,B,True,SCH-001
STU-2026-0380,EXM-0072,SUB-PHY,72.4,B,True,SCH-001
STU-2026-0381,EXM-0072,SUB-PHY,85.9,A,True,SCH-001
STU-2026-0382,EXM-0072,SUB-PHY,71.1,B,True,SCH-001
STU-2026-0383,EXM-0072,SUB-PHY,74.1,B,True,SCH-001
STU-2026-0384,EXM-0072,SUB-PHY,82.3,A,True,SCH-001
STU-2026-0385,EXM-0072,SUB-PHY,87.9,A,True,SCH-001
STU-2026-0386,EXM-0072,SUB-PHY,53.3,D,True,SCH-001
STU-2026-0387,EXM-0072,SUB-PHY,43.7,F,True,SCH-001
STU-2026-0388,EXM-0072,SUB-PHY,64.3,C,True,SCH-001
STU-2026-0389,EXM-0072,SUB-PHY,82.3,A,True,SCH-001
STU-2026-0390,EXM-0072,SUB-PHY,63.9,C,True,SCH-001
STU-2026-0391,EXM-0072,SUB-PHY,69.8,C,True,SCH-001
STU-2026-0392,EXM-0072,SUB-PHY,91.6,A+,True,SCH-001
STU-2026-0393,EXM-0072,SUB-PHY,70.8,B,True,SCH-001
STU-2026-0394,EXM-0072,SUB-PHY,74.2,B,True,SCH-001
STU-2026-0395,EXM-0072,SUB-PHY,85.4,A,True,SCH-001
STU-2026-0396,EXM-0072,SUB-PHY,86.8,A,True,SCH-001
STU-2026-0331,EXM-0073,SUB-CHEM,69.4,C,True,SCH-001
STU-2026-0332,EXM-0073,SUB-CHEM,85.7,A,True,SCH-001
STU-2026-0333,EXM-0073,SUB-CHEM,83.3,A,True,SCH-001
STU-2026-0334,EXM-0073,SUB-CHEM,92.2,A+,True,SCH-001
STU-2026-0335,EXM-0073,SUB-CHEM,78.1,B,True,SCH-001
STU-2026-0336,EXM-0073,SUB-CHEM,90.6,A+,True,SCH-001
STU-2026-0337,EXM-0073,SUB-CHEM,61.3,C,True,SCH-001
STU-2026-0338,EXM-0073,SUB-CHEM,71.8,B,True,SCH-001
STU-2026-0339,EXM-0073,SUB-CHEM,56.5,D,True,SCH-001
STU-2026-0340,EXM-0073,SUB-CHEM,76.9,B,True,SCH-001
STU-2026-0341,EXM-0073,SUB-CHEM,72.7,B,True,SCH-001
STU-2026-0342,EXM-0073,SUB-CHEM,91.3,A+,True,SCH-001
STU-2026-0343,EXM-0073,SUB-CHEM,62.0,C,True,SCH-001
STU-2026-0344,EXM-0073,SUB-CHEM,76.9,B,True,SCH-001
STU-2026-0345,EXM-0073,SUB-CHEM,79.0,B,True,SCH-001
STU-2026-0346,EXM-0073,SUB-CHEM,76.2,B,True,SCH-001
STU-2026-0347,EXM-0073,SUB-CHEM,88.3,A,True,SCH-001
STU-2026-0348,EXM-0073,SUB-CHEM,76.0,B,True,SCH-001
STU-2026-0349,EXM-0073,SUB-CHEM,81.3,A,True,SCH-001
STU-2026-0350,EXM-0073,SUB-CHEM,70.8,B,True,SCH-001
STU-2026-0351,EXM-0073,SUB-CHEM,78.7,B,True,SCH-001
STU-2026-0352,EXM-0073,SUB-CHEM,65.1,C,True,SCH-001
STU-2026-0353,EXM-0073,SUB-CHEM,86.5,A,True,SCH-001
STU-2026-0354,EXM-0073,SUB-CHEM,95.2,A+,True,SCH-001
STU-2026-0355,EXM-0073,SUB-CHEM,50.4,D,True,SCH-001
STU-2026-0356,EXM-0073,SUB-CHEM,90.1,A+,True,SCH-001
STU-2026-0357,EXM-0073,SUB-CHEM,73.5,B,True,SCH-001
STU-2026-0358,EXM-0073,SUB-CHEM,78.4,B,True,SCH-001
STU-2026-0359,EXM-0073,SUB-CHEM,69.8,C,True,SCH-001
STU-2026-0360,EXM-0073,SUB-CHEM,88.2,A,True,SCH-001
STU-2026-0361,EXM-0073,SUB-CHEM,74.2,B,True,SCH-001
STU-2026-0362,EXM-0073,SUB-CHEM,74.3,B,True,SCH-001
STU-2026-0363,EXM-0073,SUB-CHEM,69.6,C,True,SCH-001
STU-2026-0364,EXM-0073,SUB-CHEM,71.2,B,True,SCH-001
STU-2026-0365,EXM-0073,SUB-CHEM,99.0,A+,True,SCH-001
STU-2026-0366,EXM-0073,SUB-CHEM,71.2,B,True,SCH-001
STU-2026-0367,EXM-0073,SUB-CHEM,83.9,A,True,SCH-001
STU-2026-0368,EXM-0073,SUB-CHEM,57.5,D,True,SCH-001
STU-2026-0369,EXM-0073,SUB-CHEM,99.0,A+,True,SCH-001
STU-2026-0370,EXM-0073,SUB-CHEM,90.3,A+,True,SCH-001
STU-2026-0371,EXM-0073,SUB-CHEM,69.5,C,True,SCH-001
STU-2026-0372,EXM-0073,SUB-CHEM,77.2,B,True,SCH-001
STU-2026-0373,EXM-0073,SUB-CHEM,69.5,C,True,SCH-001
STU-2026-0374,EXM-0073,SUB-CHEM,76.6,B,True,SCH-001
STU-2026-0375,EXM-0073,SUB-CHEM,74.8,B,True,SCH-001
STU-2026-0376,EXM-0073,SUB-CHEM,84.3,A,True,SCH-001
STU-2026-0377,EXM-0073,SUB-CHEM,59.2,D,True,SCH-001
STU-2026-0378,EXM-0073,SUB-CHEM,36.7,F,True,SCH-001
STU-2026-0379,EXM-0073,SUB-CHEM,77.0,B,True,SCH-001
STU-2026-0380,EXM-0073,SUB-CHEM,75.7,B,True,SCH-001
STU-2026-0381,EXM-0073,SUB-CHEM,80.7,A,True,SCH-001
STU-2026-0382,EXM-0073,SUB-CHEM,60.9,C,True,SCH-001
STU-2026-0383,EXM-0073,SUB-CHEM,68.9,C,True,SCH-001
STU-2026-0384,EXM-0073,SUB-CHEM,93.3,A+,True,SCH-001
STU-2026-0385,EXM-0073,SUB-CHEM,78.6,B,True,SCH-001
STU-2026-0386,EXM-0073,SUB-CHEM,50.6,D,True,SCH-001
STU-2026-0387,EXM-0073,SUB-CHEM,45.7,F,True,SCH-001
STU-2026-0388,EXM-0073,SUB-CHEM,60.1,C,True,SCH-001
STU-2026-0389,EXM-0073,SUB-CHEM,83.1,A,True,SCH-001
STU-2026-0390,EXM-0073,SUB-CHEM,75.2,B,True,SCH-001
STU-2026-0391,EXM-0073,SUB-CHEM,67.9,C,True,SCH-001
STU-2026-0392,EXM-0073,SUB-CHEM,87.5,A,True,SCH-001
STU-2026-0393,EXM-0073,SUB-CHEM,71.1,B,True,SCH-001
STU-2026-0394,EXM-0073,SUB-CHEM,68.6,C,True,SCH-001
STU-2026-0395,EXM-0073,SUB-CHEM,69.3,C,True,SCH-001
STU-2026-0396,EXM-0073,SUB-CHEM,87.4,A,True,SCH-001
STU-2026-0331,EXM-0074,SUB-ENG,61.1,C,True,SCH-001
STU-2026-0332,EXM-0074,SUB-ENG,87.9,A,True,SCH-001
STU-2026-0333,EXM-0074,SUB-ENG,79.1,B,True,SCH-001
STU-2026-0334,EXM-0074,SUB-ENG,80.1,A,True,SCH-001
STU-2026-0335,EXM-0074,SUB-ENG,73.7,B,True,SCH-001
STU-2026-0336,EXM-0074,SUB-ENG,87.3,A,True,SCH-001
STU-2026-0337,EXM-0074,SUB-ENG,59.7,D,True,SCH-001
STU-2026-0338,EXM-0074,SUB-ENG,76.2,B,True,SCH-001
STU-2026-0339,EXM-0074,SUB-ENG,59.7,D,True,SCH-001
STU-2026-0340,EXM-0074,SUB-ENG,80.8,A,True,SCH-001
STU-2026-0341,EXM-0074,SUB-ENG,69.4,C,True,SCH-001
STU-2026-0342,EXM-0074,SUB-ENG,76.2,B,True,SCH-001
STU-2026-0343,EXM-0074,SUB-ENG,55.5,D,True,SCH-001
STU-2026-0344,EXM-0074,SUB-ENG,45.9,F,True,SCH-001
STU-2026-0345,EXM-0074,SUB-ENG,58.7,D,True,SCH-001
STU-2026-0346,EXM-0074,SUB-ENG,73.7,B,True,SCH-001
STU-2026-0347,EXM-0074,SUB-ENG,90.3,A+,True,SCH-001
STU-2026-0348,EXM-0074,SUB-ENG,67.7,C,True,SCH-001
STU-2026-0349,EXM-0074,SUB-ENG,93.0,A+,True,SCH-001
STU-2026-0350,EXM-0074,SUB-ENG,76.2,B,True,SCH-001
STU-2026-0351,EXM-0074,SUB-ENG,77.5,B,True,SCH-001
STU-2026-0352,EXM-0074,SUB-ENG,75.7,B,True,SCH-001
STU-2026-0353,EXM-0074,SUB-ENG,79.8,B,True,SCH-001
STU-2026-0354,EXM-0074,SUB-ENG,91.7,A+,True,SCH-001
STU-2026-0355,EXM-0074,SUB-ENG,42.3,F,True,SCH-001
STU-2026-0356,EXM-0074,SUB-ENG,90.0,A+,True,SCH-001
STU-2026-0357,EXM-0074,SUB-ENG,64.2,C,True,SCH-001
STU-2026-0358,EXM-0074,SUB-ENG,86.5,A,True,SCH-001
STU-2026-0359,EXM-0074,SUB-ENG,73.7,B,True,SCH-001
STU-2026-0360,EXM-0074,SUB-ENG,93.4,A+,True,SCH-001
STU-2026-0361,EXM-0074,SUB-ENG,81.7,A,True,SCH-001
STU-2026-0362,EXM-0074,SUB-ENG,67.9,C,True,SCH-001
STU-2026-0363,EXM-0074,SUB-ENG,74.6,B,True,SCH-001
STU-2026-0364,EXM-0074,SUB-ENG,77.6,B,True,SCH-001
STU-2026-0365,EXM-0074,SUB-ENG,83.5,A,True,SCH-001
STU-2026-0366,EXM-0074,SUB-ENG,98.6,A+,True,SCH-001
STU-2026-0367,EXM-0074,SUB-ENG,80.8,A,True,SCH-001
STU-2026-0368,EXM-0074,SUB-ENG,42.4,F,True,SCH-001
STU-2026-0369,EXM-0074,SUB-ENG,97.1,A+,True,SCH-001
STU-2026-0370,EXM-0074,SUB-ENG,91.0,A+,True,SCH-001
STU-2026-0371,EXM-0074,SUB-ENG,57.2,D,True,SCH-001
STU-2026-0372,EXM-0074,SUB-ENG,77.5,B,True,SCH-001
STU-2026-0373,EXM-0074,SUB-ENG,74.6,B,True,SCH-001
STU-2026-0374,EXM-0074,SUB-ENG,75.9,B,True,SCH-001
STU-2026-0375,EXM-0074,SUB-ENG,81.7,A,True,SCH-001
STU-2026-0376,EXM-0074,SUB-ENG,78.1,B,True,SCH-001
STU-2026-0377,EXM-0074,SUB-ENG,63.0,C,True,SCH-001
STU-2026-0378,EXM-0074,SUB-ENG,34.6,F,False,SCH-001
STU-2026-0379,EXM-0074,SUB-ENG,78.7,B,True,SCH-001
STU-2026-0380,EXM-0074,SUB-ENG,76.5,B,True,SCH-001
STU-2026-0381,EXM-0074,SUB-ENG,79.4,B,True,SCH-001
STU-2026-0382,EXM-0074,SUB-ENG,69.4,C,True,SCH-001
STU-2026-0383,EXM-0074,SUB-ENG,73.2,B,True,SCH-001
STU-2026-0384,EXM-0074,SUB-ENG,83.6,A,True,SCH-001
STU-2026-0385,EXM-0074,SUB-ENG,90.0,A+,True,SCH-001
STU-2026-0386,EXM-0074,SUB-ENG,59.8,D,True,SCH-001
STU-2026-0387,EXM-0074,SUB-ENG,25.1,F,False,SCH-001
STU-2026-0388,EXM-0074,SUB-ENG,72.0,B,True,SCH-001
STU-2026-0389,EXM-0074,SUB-ENG,89.8,A,True,SCH-001
STU-2026-0390,EXM-0074,SUB-ENG,73.6,B,True,SCH-001
STU-2026-0391,EXM-0074,SUB-ENG,77.3,B,True,SCH-001
STU-2026-0392,EXM-0074,SUB-ENG,78.1,B,True,SCH-001
STU-2026-0393,EXM-0074,SUB-ENG,70.5,B,True,SCH-001
STU-2026-0394,EXM-0074,SUB-ENG,62.1,C,True,SCH-001
STU-2026-0395,EXM-0074,SUB-ENG,82.2,A,True,SCH-001
STU-2026-0396,EXM-0074,SUB-ENG,84.0,A,True,SCH-001
STU-2026-0331,EXM-0075,SUB-HIST,76.8,B,True,SCH-001
STU-2026-0332,EXM-0075,SUB-HIST,66.4,C,True,SCH-001
STU-2026-0333,EXM-0075,SUB-HIST,81.7,A,True,SCH-001
STU-2026-0334,EXM-0075,SUB-HIST,81.9,A,True,SCH-001
STU-2026-0335,EXM-0075,SUB-HIST,84.1,A,True,SCH-001
STU-2026-0336,EXM-0075,SUB-HIST,88.5,A,True,SCH-001
STU-2026-0337,EXM-0075,SUB-HIST,77.3,B,True,SCH-001
STU-2026-0338,EXM-0075,SUB-HIST,89.7,A,True,SCH-001
STU-2026-0339,EXM-0075,SUB-HIST,52.8,D,True,SCH-001
STU-2026-0340,EXM-0075,SUB-HIST,93.7,A+,True,SCH-001
STU-2026-0341,EXM-0075,SUB-HIST,64.5,C,True,SCH-001
STU-2026-0342,EXM-0075,SUB-HIST,80.7,A,True,SCH-001
STU-2026-0343,EXM-0075,SUB-HIST,56.7,D,True,SCH-001
STU-2026-0344,EXM-0075,SUB-HIST,58.4,D,True,SCH-001
STU-2026-0345,EXM-0075,SUB-HIST,68.0,C,True,SCH-001
STU-2026-0346,EXM-0075,SUB-HIST,88.7,A,True,SCH-001
STU-2026-0347,EXM-0075,SUB-HIST,86.6,A,True,SCH-001
STU-2026-0348,EXM-0075,SUB-HIST,74.5,B,True,SCH-001
STU-2026-0349,EXM-0075,SUB-HIST,87.7,A,True,SCH-001
STU-2026-0350,EXM-0075,SUB-HIST,73.8,B,True,SCH-001
STU-2026-0351,EXM-0075,SUB-HIST,72.0,B,True,SCH-001
STU-2026-0352,EXM-0075,SUB-HIST,64.9,C,True,SCH-001
STU-2026-0353,EXM-0075,SUB-HIST,83.7,A,True,SCH-001
STU-2026-0354,EXM-0075,SUB-HIST,85.5,A,True,SCH-001
STU-2026-0355,EXM-0075,SUB-HIST,35.1,F,True,SCH-001
STU-2026-0356,EXM-0075,SUB-HIST,87.5,A,True,SCH-001
STU-2026-0357,EXM-0075,SUB-HIST,71.6,B,True,SCH-001
STU-2026-0358,EXM-0075,SUB-HIST,86.7,A,True,SCH-001
STU-2026-0359,EXM-0075,SUB-HIST,76.5,B,True,SCH-001
STU-2026-0360,EXM-0075,SUB-HIST,93.4,A+,True,SCH-001
STU-2026-0361,EXM-0075,SUB-HIST,83.0,A,True,SCH-001
STU-2026-0362,EXM-0075,SUB-HIST,66.3,C,True,SCH-001
STU-2026-0363,EXM-0075,SUB-HIST,65.3,C,True,SCH-001
STU-2026-0364,EXM-0075,SUB-HIST,70.5,B,True,SCH-001
STU-2026-0365,EXM-0075,SUB-HIST,86.6,A,True,SCH-001
STU-2026-0366,EXM-0075,SUB-HIST,99.0,A+,True,SCH-001
STU-2026-0367,EXM-0075,SUB-HIST,75.2,B,True,SCH-001
STU-2026-0368,EXM-0075,SUB-HIST,55.0,D,True,SCH-001
STU-2026-0369,EXM-0075,SUB-HIST,82.2,A,True,SCH-001
STU-2026-0370,EXM-0075,SUB-HIST,86.4,A,True,SCH-001
STU-2026-0371,EXM-0075,SUB-HIST,56.1,D,True,SCH-001
STU-2026-0372,EXM-0075,SUB-HIST,77.2,B,True,SCH-001
STU-2026-0373,EXM-0075,SUB-HIST,77.6,B,True,SCH-001
STU-2026-0374,EXM-0075,SUB-HIST,71.8,B,True,SCH-001
STU-2026-0375,EXM-0075,SUB-HIST,71.4,B,True,SCH-001
STU-2026-0376,EXM-0075,SUB-HIST,75.7,B,True,SCH-001
STU-2026-0377,EXM-0075,SUB-HIST,59.6,D,True,SCH-001
STU-2026-0378,EXM-0075,SUB-HIST,36.2,F,True,SCH-001
STU-2026-0379,EXM-0075,SUB-HIST,79.6,B,True,SCH-001
STU-2026-0380,EXM-0075,SUB-HIST,78.8,B,True,SCH-001
STU-2026-0381,EXM-0075,SUB-HIST,89.9,A,True,SCH-001
STU-2026-0382,EXM-0075,SUB-HIST,82.9,A,True,SCH-001
STU-2026-0383,EXM-0075,SUB-HIST,65.5,C,True,SCH-001
STU-2026-0384,EXM-0075,SUB-HIST,77.2,B,True,SCH-001
STU-2026-0385,EXM-0075,SUB-HIST,87.8,A,True,SCH-001
STU-2026-0386,EXM-0075,SUB-HIST,44.6,F,True,SCH-001
STU-2026-0387,EXM-0075,SUB-HIST,34.5,F,False,SCH-001
STU-2026-0388,EXM-0075,SUB-HIST,59.9,D,True,SCH-001
STU-2026-0389,EXM-0075,SUB-HIST,85.6,A,True,SCH-001
STU-2026-0390,EXM-0075,SUB-HIST,64.7,C,True,SCH-001
STU-2026-0391,EXM-0075,SUB-HIST,70.2,B,True,SCH-001
STU-2026-0392,EXM-0075,SUB-HIST,83.2,A,True,SCH-001
STU-2026-0393,EXM-0075,SUB-HIST,70.9,B,True,SCH-001
STU-2026-0394,EXM-0075,SUB-HIST,69.9,C,True,SCH-001
STU-2026-0395,EXM-0075,SUB-HIST,68.2,C,True,SCH-001
STU-2026-0396,EXM-0075,SUB-HIST,79.7,B,True,SCH-001
STU-2026-0397,EXM-0076,SUB-MATH,44.7,F,True,SCH-001
STU-2026-0398,EXM-0076,SUB-MATH,80.7,A,True,SCH-001
STU-2026-0399,EXM-0076,SUB-MATH,81.1,A,True,SCH-001
STU-2026-0400,EXM-0076,SUB-MATH,85.7,A,True,SCH-001
STU-2026-0401,EXM-0076,SUB-MATH,76.3,B,True,SCH-001
STU-2026-0402,EXM-0076,SUB-MATH,90.0,A+,True,SCH-001
STU-2026-0403,EXM-0076,SUB-MATH,99.0,A+,True,SCH-001
STU-2026-0404,EXM-0076,SUB-MATH,77.8,B,True,SCH-001
STU-2026-0405,EXM-0076,SUB-MATH,54.1,D,True,SCH-001
STU-2026-0406,EXM-0076,SUB-MATH,80.4,A,True,SCH-001
STU-2026-0407,EXM-0076,SUB-MATH,78.9,B,True,SCH-001
STU-2026-0408,EXM-0076,SUB-MATH,71.6,B,True,SCH-001
STU-2026-0409,EXM-0076,SUB-MATH,75.8,B,True,SCH-001
STU-2026-0410,EXM-0076,SUB-MATH,82.9,A,True,SCH-001
STU-2026-0411,EXM-0076,SUB-MATH,99.0,A+,True,SCH-001
STU-2026-0412,EXM-0076,SUB-MATH,56.7,D,True,SCH-001
STU-2026-0413,EXM-0076,SUB-MATH,71.9,B,True,SCH-001
STU-2026-0414,EXM-0076,SUB-MATH,65.7,C,True,SCH-001
STU-2026-0415,EXM-0076,SUB-MATH,77.8,B,True,SCH-001
STU-2026-0416,EXM-0076,SUB-MATH,69.0,C,True,SCH-001
STU-2026-0417,EXM-0076,SUB-MATH,77.8,B,True,SCH-001
STU-2026-0418,EXM-0076,SUB-MATH,86.5,A,True,SCH-001
STU-2026-0419,EXM-0076,SUB-MATH,83.1,A,True,SCH-001
STU-2026-0420,EXM-0076,SUB-MATH,82.6,A,True,SCH-001
STU-2026-0421,EXM-0076,SUB-MATH,90.1,A+,True,SCH-001
STU-2026-0422,EXM-0076,SUB-MATH,87.7,A,True,SCH-001
STU-2026-0423,EXM-0076,SUB-MATH,86.7,A,True,SCH-001
STU-2026-0424,EXM-0076,SUB-MATH,80.9,A,True,SCH-001
STU-2026-0425,EXM-0076,SUB-MATH,68.4,C,True,SCH-001
STU-2026-0426,EXM-0076,SUB-MATH,96.6,A+,True,SCH-001
STU-2026-0427,EXM-0076,SUB-MATH,71.7,B,True,SCH-001
STU-2026-0428,EXM-0076,SUB-MATH,92.7,A+,True,SCH-001
STU-2026-0429,EXM-0076,SUB-MATH,94.2,A+,True,SCH-001
STU-2026-0430,EXM-0076,SUB-MATH,93.9,A+,True,SCH-001
STU-2026-0431,EXM-0076,SUB-MATH,63.6,C,True,SCH-001
STU-2026-0432,EXM-0076,SUB-MATH,82.2,A,True,SCH-001
STU-2026-0433,EXM-0076,SUB-MATH,67.9,C,True,SCH-001
STU-2026-0434,EXM-0076,SUB-MATH,78.7,B,True,SCH-001
STU-2026-0435,EXM-0076,SUB-MATH,66.2,C,True,SCH-001
STU-2026-0436,EXM-0076,SUB-MATH,74.8,B,True,SCH-001
STU-2026-0437,EXM-0076,SUB-MATH,81.8,A,True,SCH-001
STU-2026-0438,EXM-0076,SUB-MATH,39.1,F,True,SCH-001
STU-2026-0439,EXM-0076,SUB-MATH,67.0,C,True,SCH-001
STU-2026-0440,EXM-0076,SUB-MATH,70.3,B,True,SCH-001
STU-2026-0441,EXM-0076,SUB-MATH,74.6,B,True,SCH-001
STU-2026-0442,EXM-0076,SUB-MATH,76.8,B,True,SCH-001
STU-2026-0443,EXM-0076,SUB-MATH,92.2,A+,True,SCH-001
STU-2026-0444,EXM-0076,SUB-MATH,93.6,A+,True,SCH-001
STU-2026-0445,EXM-0076,SUB-MATH,54.0,D,True,SCH-001
STU-2026-0446,EXM-0076,SUB-MATH,82.2,A,True,SCH-001
STU-2026-0447,EXM-0076,SUB-MATH,86.9,A,True,SCH-001
STU-2026-0448,EXM-0076,SUB-MATH,52.4,D,True,SCH-001
STU-2026-0449,EXM-0076,SUB-MATH,82.5,A,True,SCH-001
STU-2026-0450,EXM-0076,SUB-MATH,66.9,C,True,SCH-001
STU-2026-0451,EXM-0076,SUB-MATH,53.3,D,True,SCH-001
STU-2026-0452,EXM-0076,SUB-MATH,73.0,B,True,SCH-001
STU-2026-0453,EXM-0076,SUB-MATH,98.4,A+,True,SCH-001
STU-2026-0454,EXM-0076,SUB-MATH,87.3,A,True,SCH-001
STU-2026-0455,EXM-0076,SUB-MATH,93.6,A+,True,SCH-001
STU-2026-0456,EXM-0076,SUB-MATH,83.0,A,True,SCH-001
STU-2026-0457,EXM-0076,SUB-MATH,73.3,B,True,SCH-001
STU-2026-0458,EXM-0076,SUB-MATH,66.9,C,True,SCH-001
STU-2026-0459,EXM-0076,SUB-MATH,88.2,A,True,SCH-001
STU-2026-0460,EXM-0076,SUB-MATH,38.6,F,True,SCH-001
STU-2026-0461,EXM-0076,SUB-MATH,69.9,C,True,SCH-001
STU-2026-0462,EXM-0076,SUB-MATH,65.6,C,True,SCH-001
STU-2026-0397,EXM-0077,SUB-PHY,36.1,F,True,SCH-001
STU-2026-0398,EXM-0077,SUB-PHY,87.0,A,True,SCH-001
STU-2026-0399,EXM-0077,SUB-PHY,77.2,B,True,SCH-001
STU-2026-0400,EXM-0077,SUB-PHY,65.5,C,True,SCH-001
STU-2026-0401,EXM-0077,SUB-PHY,63.9,C,True,SCH-001
STU-2026-0402,EXM-0077,SUB-PHY,73.3,B,True,SCH-001
STU-2026-0403,EXM-0077,SUB-PHY,84.9,A,True,SCH-001
STU-2026-0404,EXM-0077,SUB-PHY,71.1,B,True,SCH-001
STU-2026-0405,EXM-0077,SUB-PHY,67.5,C,True,SCH-001
STU-2026-0406,EXM-0077,SUB-PHY,79.3,B,True,SCH-001
STU-2026-0407,EXM-0077,SUB-PHY,81.9,A,True,SCH-001
STU-2026-0408,EXM-0077,SUB-PHY,81.9,A,True,SCH-001
STU-2026-0409,EXM-0077,SUB-PHY,67.8,C,True,SCH-001
STU-2026-0410,EXM-0077,SUB-PHY,55.0,D,True,SCH-001
STU-2026-0411,EXM-0077,SUB-PHY,90.5,A+,True,SCH-001
STU-2026-0412,EXM-0077,SUB-PHY,53.9,D,True,SCH-001
STU-2026-0413,EXM-0077,SUB-PHY,75.9,B,True,SCH-001
STU-2026-0414,EXM-0077,SUB-PHY,84.8,A,True,SCH-001
STU-2026-0415,EXM-0077,SUB-PHY,74.0,B,True,SCH-001
STU-2026-0416,EXM-0077,SUB-PHY,60.8,C,True,SCH-001
STU-2026-0417,EXM-0077,SUB-PHY,93.4,A+,True,SCH-001
STU-2026-0418,EXM-0077,SUB-PHY,78.5,B,True,SCH-001
STU-2026-0419,EXM-0077,SUB-PHY,83.0,A,True,SCH-001
STU-2026-0420,EXM-0077,SUB-PHY,77.0,B,True,SCH-001
STU-2026-0421,EXM-0077,SUB-PHY,92.4,A+,True,SCH-001
STU-2026-0422,EXM-0077,SUB-PHY,72.2,B,True,SCH-001
STU-2026-0423,EXM-0077,SUB-PHY,85.0,A,True,SCH-001
STU-2026-0424,EXM-0077,SUB-PHY,81.5,A,True,SCH-001
STU-2026-0425,EXM-0077,SUB-PHY,60.1,C,True,SCH-001
STU-2026-0426,EXM-0077,SUB-PHY,98.1,A+,True,SCH-001
STU-2026-0427,EXM-0077,SUB-PHY,64.1,C,True,SCH-001
STU-2026-0428,EXM-0077,SUB-PHY,81.6,A,True,SCH-001
STU-2026-0429,EXM-0077,SUB-PHY,89.8,A,True,SCH-001
STU-2026-0430,EXM-0077,SUB-PHY,81.3,A,True,SCH-001
STU-2026-0431,EXM-0077,SUB-PHY,66.3,C,True,SCH-001
STU-2026-0432,EXM-0077,SUB-PHY,73.4,B,True,SCH-001
STU-2026-0433,EXM-0077,SUB-PHY,75.0,B,True,SCH-001
STU-2026-0434,EXM-0077,SUB-PHY,79.7,B,True,SCH-001
STU-2026-0435,EXM-0077,SUB-PHY,70.1,B,True,SCH-001
STU-2026-0436,EXM-0077,SUB-PHY,75.1,B,True,SCH-001
STU-2026-0437,EXM-0077,SUB-PHY,74.0,B,True,SCH-001
STU-2026-0438,EXM-0077,SUB-PHY,39.6,F,True,SCH-001
STU-2026-0439,EXM-0077,SUB-PHY,68.3,C,True,SCH-001
STU-2026-0440,EXM-0077,SUB-PHY,75.9,B,True,SCH-001
STU-2026-0441,EXM-0077,SUB-PHY,81.9,A,True,SCH-001
STU-2026-0442,EXM-0077,SUB-PHY,71.0,B,True,SCH-001
STU-2026-0443,EXM-0077,SUB-PHY,87.8,A,True,SCH-001
STU-2026-0444,EXM-0077,SUB-PHY,94.7,A+,True,SCH-001
STU-2026-0445,EXM-0077,SUB-PHY,53.4,D,True,SCH-001
STU-2026-0446,EXM-0077,SUB-PHY,84.7,A,True,SCH-001
STU-2026-0447,EXM-0077,SUB-PHY,92.3,A+,True,SCH-001
STU-2026-0448,EXM-0077,SUB-PHY,67.2,C,True,SCH-001
STU-2026-0449,EXM-0077,SUB-PHY,87.0,A,True,SCH-001
STU-2026-0450,EXM-0077,SUB-PHY,56.7,D,True,SCH-001
STU-2026-0451,EXM-0077,SUB-PHY,46.0,F,True,SCH-001
STU-2026-0452,EXM-0077,SUB-PHY,77.1,B,True,SCH-001
STU-2026-0453,EXM-0077,SUB-PHY,86.4,A,True,SCH-001
STU-2026-0454,EXM-0077,SUB-PHY,96.6,A+,True,SCH-001
STU-2026-0455,EXM-0077,SUB-PHY,83.6,A,True,SCH-001
STU-2026-0456,EXM-0077,SUB-PHY,74.2,B,True,SCH-001
STU-2026-0457,EXM-0077,SUB-PHY,89.4,A,True,SCH-001
STU-2026-0458,EXM-0077,SUB-PHY,66.2,C,True,SCH-001
STU-2026-0459,EXM-0077,SUB-PHY,91.7,A+,True,SCH-001
STU-2026-0460,EXM-0077,SUB-PHY,35.8,F,True,SCH-001
STU-2026-0461,EXM-0077,SUB-PHY,77.7,B,True,SCH-001
STU-2026-0462,EXM-0077,SUB-PHY,69.6,C,True,SCH-001
STU-2026-0397,EXM-0078,SUB-CHEM,44.6,F,True,SCH-001
STU-2026-0398,EXM-0078,SUB-CHEM,77.8,B,True,SCH-001
STU-2026-0399,EXM-0078,SUB-CHEM,82.5,A,True,SCH-001
STU-2026-0400,EXM-0078,SUB-CHEM,69.7,C,True,SCH-001
STU-2026-0401,EXM-0078,SUB-CHEM,64.3,C,True,SCH-001
STU-2026-0402,EXM-0078,SUB-CHEM,79.1,B,True,SCH-001
STU-2026-0403,EXM-0078,SUB-CHEM,86.5,A,True,SCH-001
STU-2026-0404,EXM-0078,SUB-CHEM,89.9,A,True,SCH-001
STU-2026-0405,EXM-0078,SUB-CHEM,78.0,B,True,SCH-001
STU-2026-0406,EXM-0078,SUB-CHEM,66.4,C,True,SCH-001
STU-2026-0407,EXM-0078,SUB-CHEM,75.8,B,True,SCH-001
STU-2026-0408,EXM-0078,SUB-CHEM,79.7,B,True,SCH-001
STU-2026-0409,EXM-0078,SUB-CHEM,68.9,C,True,SCH-001
STU-2026-0410,EXM-0078,SUB-CHEM,63.6,C,True,SCH-001
STU-2026-0411,EXM-0078,SUB-CHEM,92.6,A+,True,SCH-001
STU-2026-0412,EXM-0078,SUB-CHEM,61.1,C,True,SCH-001
STU-2026-0413,EXM-0078,SUB-CHEM,79.1,B,True,SCH-001
STU-2026-0414,EXM-0078,SUB-CHEM,69.9,C,True,SCH-001
STU-2026-0415,EXM-0078,SUB-CHEM,66.9,C,True,SCH-001
STU-2026-0416,EXM-0078,SUB-CHEM,71.3,B,True,SCH-001
STU-2026-0417,EXM-0078,SUB-CHEM,82.7,A,True,SCH-001
STU-2026-0418,EXM-0078,SUB-CHEM,81.3,A,True,SCH-001
STU-2026-0419,EXM-0078,SUB-CHEM,80.6,A,True,SCH-001
STU-2026-0420,EXM-0078,SUB-CHEM,70.8,B,True,SCH-001
STU-2026-0421,EXM-0078,SUB-CHEM,83.0,A,True,SCH-001
STU-2026-0422,EXM-0078,SUB-CHEM,79.5,B,True,SCH-001
STU-2026-0423,EXM-0078,SUB-CHEM,90.9,A+,True,SCH-001
STU-2026-0424,EXM-0078,SUB-CHEM,75.9,B,True,SCH-001
STU-2026-0425,EXM-0078,SUB-CHEM,69.0,C,True,SCH-001
STU-2026-0426,EXM-0078,SUB-CHEM,99.0,A+,True,SCH-001
STU-2026-0427,EXM-0078,SUB-CHEM,80.0,A,True,SCH-001
STU-2026-0428,EXM-0078,SUB-CHEM,69.7,C,True,SCH-001
STU-2026-0429,EXM-0078,SUB-CHEM,93.5,A+,True,SCH-001
STU-2026-0430,EXM-0078,SUB-CHEM,71.1,B,True,SCH-001
STU-2026-0431,EXM-0078,SUB-CHEM,62.3,C,True,SCH-001
STU-2026-0432,EXM-0078,SUB-CHEM,86.5,A,True,SCH-001
STU-2026-0433,EXM-0078,SUB-CHEM,76.4,B,True,SCH-001
STU-2026-0434,EXM-0078,SUB-CHEM,99.0,A+,True,SCH-001
STU-2026-0435,EXM-0078,SUB-CHEM,68.1,C,True,SCH-001
STU-2026-0436,EXM-0078,SUB-CHEM,75.9,B,True,SCH-001
STU-2026-0437,EXM-0078,SUB-CHEM,71.1,B,True,SCH-001
STU-2026-0438,EXM-0078,SUB-CHEM,43.0,F,True,SCH-001
STU-2026-0439,EXM-0078,SUB-CHEM,68.9,C,True,SCH-001
STU-2026-0440,EXM-0078,SUB-CHEM,79.4,B,True,SCH-001
STU-2026-0441,EXM-0078,SUB-CHEM,64.5,C,True,SCH-001
STU-2026-0442,EXM-0078,SUB-CHEM,82.3,A,True,SCH-001
STU-2026-0443,EXM-0078,SUB-CHEM,76.3,B,True,SCH-001
STU-2026-0444,EXM-0078,SUB-CHEM,74.0,B,True,SCH-001
STU-2026-0445,EXM-0078,SUB-CHEM,49.6,F,True,SCH-001
STU-2026-0446,EXM-0078,SUB-CHEM,85.5,A,True,SCH-001
STU-2026-0447,EXM-0078,SUB-CHEM,87.5,A,True,SCH-001
STU-2026-0448,EXM-0078,SUB-CHEM,69.1,C,True,SCH-001
STU-2026-0449,EXM-0078,SUB-CHEM,95.5,A+,True,SCH-001
STU-2026-0450,EXM-0078,SUB-CHEM,62.3,C,True,SCH-001
STU-2026-0451,EXM-0078,SUB-CHEM,47.7,F,True,SCH-001
STU-2026-0452,EXM-0078,SUB-CHEM,71.7,B,True,SCH-001
STU-2026-0453,EXM-0078,SUB-CHEM,85.5,A,True,SCH-001
STU-2026-0454,EXM-0078,SUB-CHEM,99.0,A+,True,SCH-001
STU-2026-0455,EXM-0078,SUB-CHEM,97.5,A+,True,SCH-001
STU-2026-0456,EXM-0078,SUB-CHEM,75.2,B,True,SCH-001
STU-2026-0457,EXM-0078,SUB-CHEM,79.9,B,True,SCH-001
STU-2026-0458,EXM-0078,SUB-CHEM,76.0,B,True,SCH-001
STU-2026-0459,EXM-0078,SUB-CHEM,93.7,A+,True,SCH-001
STU-2026-0460,EXM-0078,SUB-CHEM,46.3,F,True,SCH-001
STU-2026-0461,EXM-0078,SUB-CHEM,71.1,B,True,SCH-001
STU-2026-0462,EXM-0078,SUB-CHEM,63.5,C,True,SCH-001
STU-2026-0397,EXM-0079,SUB-ENG,50.8,D,True,SCH-001
STU-2026-0398,EXM-0079,SUB-ENG,83.5,A,True,SCH-001
STU-2026-0399,EXM-0079,SUB-ENG,66.1,C,True,SCH-001
STU-2026-0400,EXM-0079,SUB-ENG,81.9,A,True,SCH-001
STU-2026-0401,EXM-0079,SUB-ENG,78.0,B,True,SCH-001
STU-2026-0402,EXM-0079,SUB-ENG,82.5,A,True,SCH-001
STU-2026-0403,EXM-0079,SUB-ENG,94.1,A+,True,SCH-001
STU-2026-0404,EXM-0079,SUB-ENG,82.3,A,True,SCH-001
STU-2026-0405,EXM-0079,SUB-ENG,67.2,C,True,SCH-001
STU-2026-0406,EXM-0079,SUB-ENG,78.6,B,True,SCH-001
STU-2026-0407,EXM-0079,SUB-ENG,73.2,B,True,SCH-001
STU-2026-0408,EXM-0079,SUB-ENG,73.0,B,True,SCH-001
STU-2026-0409,EXM-0079,SUB-ENG,79.1,B,True,SCH-001
STU-2026-0410,EXM-0079,SUB-ENG,69.5,C,True,SCH-001
STU-2026-0411,EXM-0079,SUB-ENG,80.9,A,True,SCH-001
STU-2026-0412,EXM-0079,SUB-ENG,48.1,F,True,SCH-001
STU-2026-0413,EXM-0079,SUB-ENG,83.0,A,True,SCH-001
STU-2026-0414,EXM-0079,SUB-ENG,71.7,B,True,SCH-001
STU-2026-0415,EXM-0079,SUB-ENG,88.8,A,True,SCH-001
STU-2026-0416,EXM-0079,SUB-ENG,72.1,B,True,SCH-001
STU-2026-0417,EXM-0079,SUB-ENG,87.8,A,True,SCH-001
STU-2026-0418,EXM-0079,SUB-ENG,95.2,A+,True,SCH-001
STU-2026-0419,EXM-0079,SUB-ENG,76.1,B,True,SCH-001
STU-2026-0420,EXM-0079,SUB-ENG,76.8,B,True,SCH-001
STU-2026-0421,EXM-0079,SUB-ENG,87.1,A,True,SCH-001
STU-2026-0422,EXM-0079,SUB-ENG,81.2,A,True,SCH-001
STU-2026-0423,EXM-0079,SUB-ENG,80.5,A,True,SCH-001
STU-2026-0424,EXM-0079,SUB-ENG,86.2,A,True,SCH-001
STU-2026-0425,EXM-0079,SUB-ENG,72.2,B,True,SCH-001
STU-2026-0426,EXM-0079,SUB-ENG,87.5,A,True,SCH-001
STU-2026-0427,EXM-0079,SUB-ENG,70.8,B,True,SCH-001
STU-2026-0428,EXM-0079,SUB-ENG,68.8,C,True,SCH-001
STU-2026-0429,EXM-0079,SUB-ENG,95.4,A+,True,SCH-001
STU-2026-0430,EXM-0079,SUB-ENG,70.6,B,True,SCH-001
STU-2026-0431,EXM-0079,SUB-ENG,75.3,B,True,SCH-001
STU-2026-0432,EXM-0079,SUB-ENG,75.7,B,True,SCH-001
STU-2026-0433,EXM-0079,SUB-ENG,85.4,A,True,SCH-001
STU-2026-0434,EXM-0079,SUB-ENG,88.4,A,True,SCH-001
STU-2026-0435,EXM-0079,SUB-ENG,58.1,D,True,SCH-001
STU-2026-0436,EXM-0079,SUB-ENG,77.3,B,True,SCH-001
STU-2026-0437,EXM-0079,SUB-ENG,74.9,B,True,SCH-001
STU-2026-0438,EXM-0079,SUB-ENG,45.4,F,True,SCH-001
STU-2026-0439,EXM-0079,SUB-ENG,66.5,C,True,SCH-001
STU-2026-0440,EXM-0079,SUB-ENG,73.7,B,True,SCH-001
STU-2026-0441,EXM-0079,SUB-ENG,71.6,B,True,SCH-001
STU-2026-0442,EXM-0079,SUB-ENG,78.4,B,True,SCH-001
STU-2026-0443,EXM-0079,SUB-ENG,87.1,A,True,SCH-001
STU-2026-0444,EXM-0079,SUB-ENG,86.3,A,True,SCH-001
STU-2026-0445,EXM-0079,SUB-ENG,49.5,F,True,SCH-001
STU-2026-0446,EXM-0079,SUB-ENG,81.2,A,True,SCH-001
STU-2026-0447,EXM-0079,SUB-ENG,84.4,A,True,SCH-001
STU-2026-0448,EXM-0079,SUB-ENG,53.3,D,True,SCH-001
STU-2026-0449,EXM-0079,SUB-ENG,92.7,A+,True,SCH-001
STU-2026-0450,EXM-0079,SUB-ENG,62.4,C,True,SCH-001
STU-2026-0451,EXM-0079,SUB-ENG,54.1,D,True,SCH-001
STU-2026-0452,EXM-0079,SUB-ENG,84.7,A,True,SCH-001
STU-2026-0453,EXM-0079,SUB-ENG,99.0,A+,True,SCH-001
STU-2026-0454,EXM-0079,SUB-ENG,91.9,A+,True,SCH-001
STU-2026-0455,EXM-0079,SUB-ENG,99.0,A+,True,SCH-001
STU-2026-0456,EXM-0079,SUB-ENG,64.1,C,True,SCH-001
STU-2026-0457,EXM-0079,SUB-ENG,79.9,B,True,SCH-001
STU-2026-0458,EXM-0079,SUB-ENG,60.2,C,True,SCH-001
STU-2026-0459,EXM-0079,SUB-ENG,92.3,A+,True,SCH-001
STU-2026-0460,EXM-0079,SUB-ENG,47.3,F,True,SCH-001
STU-2026-0461,EXM-0079,SUB-ENG,75.6,B,True,SCH-001
STU-2026-0462,EXM-0079,SUB-ENG,72.7,B,True,SCH-001
STU-2026-0397,EXM-0080,SUB-HIST,46.9,F,True,SCH-001
STU-2026-0398,EXM-0080,SUB-HIST,86.9,A,True,SCH-001
STU-2026-0399,EXM-0080,SUB-HIST,66.3,C,True,SCH-001
STU-2026-0400,EXM-0080,SUB-HIST,62.4,C,True,SCH-001
STU-2026-0401,EXM-0080,SUB-HIST,81.8,A,True,SCH-001
STU-2026-0402,EXM-0080,SUB-HIST,81.9,A,True,SCH-001
STU-2026-0403,EXM-0080,SUB-HIST,99.0,A+,True,SCH-001
STU-2026-0404,EXM-0080,SUB-HIST,73.0,B,True,SCH-001
STU-2026-0405,EXM-0080,SUB-HIST,62.2,C,True,SCH-001
STU-2026-0406,EXM-0080,SUB-HIST,71.0,B,True,SCH-001
STU-2026-0407,EXM-0080,SUB-HIST,70.8,B,True,SCH-001
STU-2026-0408,EXM-0080,SUB-HIST,85.4,A,True,SCH-001
STU-2026-0409,EXM-0080,SUB-HIST,68.5,C,True,SCH-001
STU-2026-0410,EXM-0080,SUB-HIST,61.6,C,True,SCH-001
STU-2026-0411,EXM-0080,SUB-HIST,99.0,A+,True,SCH-001
STU-2026-0412,EXM-0080,SUB-HIST,66.5,C,True,SCH-001
STU-2026-0413,EXM-0080,SUB-HIST,88.0,A,True,SCH-001
STU-2026-0414,EXM-0080,SUB-HIST,71.5,B,True,SCH-001
STU-2026-0415,EXM-0080,SUB-HIST,78.5,B,True,SCH-001
STU-2026-0416,EXM-0080,SUB-HIST,75.7,B,True,SCH-001
STU-2026-0417,EXM-0080,SUB-HIST,92.9,A+,True,SCH-001
STU-2026-0418,EXM-0080,SUB-HIST,82.4,A,True,SCH-001
STU-2026-0419,EXM-0080,SUB-HIST,73.1,B,True,SCH-001
STU-2026-0420,EXM-0080,SUB-HIST,74.8,B,True,SCH-001
STU-2026-0421,EXM-0080,SUB-HIST,96.7,A+,True,SCH-001
STU-2026-0422,EXM-0080,SUB-HIST,81.9,A,True,SCH-001
STU-2026-0423,EXM-0080,SUB-HIST,79.0,B,True,SCH-001
STU-2026-0424,EXM-0080,SUB-HIST,75.7,B,True,SCH-001
STU-2026-0425,EXM-0080,SUB-HIST,60.8,C,True,SCH-001
STU-2026-0426,EXM-0080,SUB-HIST,84.4,A,True,SCH-001
STU-2026-0427,EXM-0080,SUB-HIST,55.0,D,True,SCH-001
STU-2026-0428,EXM-0080,SUB-HIST,81.7,A,True,SCH-001
STU-2026-0429,EXM-0080,SUB-HIST,95.6,A+,True,SCH-001
STU-2026-0430,EXM-0080,SUB-HIST,78.0,B,True,SCH-001
STU-2026-0431,EXM-0080,SUB-HIST,76.7,B,True,SCH-001
STU-2026-0432,EXM-0080,SUB-HIST,85.1,A,True,SCH-001
STU-2026-0433,EXM-0080,SUB-HIST,70.8,B,True,SCH-001
STU-2026-0434,EXM-0080,SUB-HIST,78.9,B,True,SCH-001
STU-2026-0435,EXM-0080,SUB-HIST,72.9,B,True,SCH-001
STU-2026-0436,EXM-0080,SUB-HIST,83.0,A,True,SCH-001
STU-2026-0437,EXM-0080,SUB-HIST,87.9,A,True,SCH-001
STU-2026-0438,EXM-0080,SUB-HIST,44.3,F,True,SCH-001
STU-2026-0439,EXM-0080,SUB-HIST,61.5,C,True,SCH-001
STU-2026-0440,EXM-0080,SUB-HIST,75.4,B,True,SCH-001
STU-2026-0441,EXM-0080,SUB-HIST,80.8,A,True,SCH-001
STU-2026-0442,EXM-0080,SUB-HIST,71.0,B,True,SCH-001
STU-2026-0443,EXM-0080,SUB-HIST,60.9,C,True,SCH-001
STU-2026-0444,EXM-0080,SUB-HIST,89.5,A,True,SCH-001
STU-2026-0445,EXM-0080,SUB-HIST,57.4,D,True,SCH-001
STU-2026-0446,EXM-0080,SUB-HIST,88.5,A,True,SCH-001
STU-2026-0447,EXM-0080,SUB-HIST,89.7,A,True,SCH-001
STU-2026-0448,EXM-0080,SUB-HIST,59.8,D,True,SCH-001
STU-2026-0449,EXM-0080,SUB-HIST,81.2,A,True,SCH-001
STU-2026-0450,EXM-0080,SUB-HIST,55.1,D,True,SCH-001
STU-2026-0451,EXM-0080,SUB-HIST,60.0,C,True,SCH-001
STU-2026-0452,EXM-0080,SUB-HIST,76.6,B,True,SCH-001
STU-2026-0453,EXM-0080,SUB-HIST,94.5,A+,True,SCH-001
STU-2026-0454,EXM-0080,SUB-HIST,98.1,A+,True,SCH-001
STU-2026-0455,EXM-0080,SUB-HIST,88.1,A,True,SCH-001
STU-2026-0456,EXM-0080,SUB-HIST,79.1,B,True,SCH-001
STU-2026-0457,EXM-0080,SUB-HIST,82.4,A,True,SCH-001
STU-2026-0458,EXM-0080,SUB-HIST,75.2,B,True,SCH-001
STU-2026-0459,EXM-0080,SUB-HIST,80.1,A,True,SCH-001
STU-2026-0460,EXM-0080,SUB-HIST,41.7,F,True,SCH-001
STU-2026-0461,EXM-0080,SUB-HIST,69.1,C,True,SCH-001
STU-2026-0462,EXM-0080,SUB-HIST,71.3,B,True,SCH-001
STU-2026-0463,EXM-0081,SUB-MATH,99.0,A+,True,SCH-001
STU-2026-0464,EXM-0081,SUB-MATH,63.6,C,True,SCH-001
STU-2026-0465,EXM-0081,SUB-MATH,73.1,B,True,SCH-001
STU-2026-0466,EXM-0081,SUB-MATH,86.9,A,True,SCH-001
STU-2026-0467,EXM-0081,SUB-MATH,73.8,B,True,SCH-001
STU-2026-0468,EXM-0081,SUB-MATH,73.5,B,True,SCH-001
STU-2026-0469,EXM-0081,SUB-MATH,80.7,A,True,SCH-001
STU-2026-0470,EXM-0081,SUB-MATH,62.6,C,True,SCH-001
STU-2026-0471,EXM-0081,SUB-MATH,82.5,A,True,SCH-001
STU-2026-0472,EXM-0081,SUB-MATH,45.9,F,True,SCH-001
STU-2026-0473,EXM-0081,SUB-MATH,72.9,B,True,SCH-001
STU-2026-0474,EXM-0081,SUB-MATH,80.1,A,True,SCH-001
STU-2026-0475,EXM-0081,SUB-MATH,77.1,B,True,SCH-001
STU-2026-0476,EXM-0081,SUB-MATH,82.8,A,True,SCH-001
STU-2026-0477,EXM-0081,SUB-MATH,64.6,C,True,SCH-001
STU-2026-0478,EXM-0081,SUB-MATH,57.2,D,True,SCH-001
STU-2026-0479,EXM-0081,SUB-MATH,69.2,C,True,SCH-001
STU-2026-0480,EXM-0081,SUB-MATH,61.8,C,True,SCH-001
STU-2026-0481,EXM-0081,SUB-MATH,78.9,B,True,SCH-001
STU-2026-0482,EXM-0081,SUB-MATH,70.1,B,True,SCH-001
STU-2026-0483,EXM-0081,SUB-MATH,34.6,F,False,SCH-001
STU-2026-0484,EXM-0081,SUB-MATH,91.8,A+,True,SCH-001
STU-2026-0485,EXM-0081,SUB-MATH,83.3,A,True,SCH-001
STU-2026-0486,EXM-0081,SUB-MATH,65.8,C,True,SCH-001
STU-2026-0487,EXM-0081,SUB-MATH,90.9,A+,True,SCH-001
STU-2026-0488,EXM-0081,SUB-MATH,77.2,B,True,SCH-001
STU-2026-0489,EXM-0081,SUB-MATH,69.6,C,True,SCH-001
STU-2026-0490,EXM-0081,SUB-MATH,80.6,A,True,SCH-001
STU-2026-0491,EXM-0081,SUB-MATH,86.3,A,True,SCH-001
STU-2026-0492,EXM-0081,SUB-MATH,89.5,A,True,SCH-001
STU-2026-0493,EXM-0081,SUB-MATH,79.9,B,True,SCH-001
STU-2026-0494,EXM-0081,SUB-MATH,78.3,B,True,SCH-001
STU-2026-0495,EXM-0081,SUB-MATH,67.1,C,True,SCH-001
STU-2026-0496,EXM-0081,SUB-MATH,54.5,D,True,SCH-001
STU-2026-0497,EXM-0081,SUB-MATH,50.9,D,True,SCH-001
STU-2026-0498,EXM-0081,SUB-MATH,49.3,F,True,SCH-001
STU-2026-0499,EXM-0081,SUB-MATH,36.9,F,True,SCH-001
STU-2026-0500,EXM-0081,SUB-MATH,64.8,C,True,SCH-001
STU-2026-0501,EXM-0081,SUB-MATH,75.6,B,True,SCH-001
STU-2026-0502,EXM-0081,SUB-MATH,75.4,B,True,SCH-001
STU-2026-0503,EXM-0081,SUB-MATH,73.4,B,True,SCH-001
STU-2026-0504,EXM-0081,SUB-MATH,84.0,A,True,SCH-001
STU-2026-0505,EXM-0081,SUB-MATH,90.9,A+,True,SCH-001
STU-2026-0506,EXM-0081,SUB-MATH,79.5,B,True,SCH-001
STU-2026-0507,EXM-0081,SUB-MATH,71.3,B,True,SCH-001
STU-2026-0508,EXM-0081,SUB-MATH,73.1,B,True,SCH-001
STU-2026-0509,EXM-0081,SUB-MATH,69.9,C,True,SCH-001
STU-2026-0510,EXM-0081,SUB-MATH,68.1,C,True,SCH-001
STU-2026-0511,EXM-0081,SUB-MATH,52.5,D,True,SCH-001
STU-2026-0512,EXM-0081,SUB-MATH,64.4,C,True,SCH-001
STU-2026-0513,EXM-0081,SUB-MATH,55.3,D,True,SCH-001
STU-2026-0514,EXM-0081,SUB-MATH,77.7,B,True,SCH-001
STU-2026-0515,EXM-0081,SUB-MATH,78.2,B,True,SCH-001
STU-2026-0516,EXM-0081,SUB-MATH,41.8,F,True,SCH-001
STU-2026-0517,EXM-0081,SUB-MATH,52.8,D,True,SCH-001
STU-2026-0518,EXM-0081,SUB-MATH,56.0,D,True,SCH-001
STU-2026-0519,EXM-0081,SUB-MATH,79.9,B,True,SCH-001
STU-2026-0520,EXM-0081,SUB-MATH,86.0,A,True,SCH-001
STU-2026-0521,EXM-0081,SUB-MATH,69.4,C,True,SCH-001
STU-2026-0522,EXM-0081,SUB-MATH,71.6,B,True,SCH-001
STU-2026-0523,EXM-0081,SUB-MATH,74.7,B,True,SCH-001
STU-2026-0524,EXM-0081,SUB-MATH,77.6,B,True,SCH-001
STU-2026-0525,EXM-0081,SUB-MATH,58.7,D,True,SCH-001
STU-2026-0526,EXM-0081,SUB-MATH,70.7,B,True,SCH-001
STU-2026-0527,EXM-0081,SUB-MATH,73.4,B,True,SCH-001
STU-2026-0528,EXM-0081,SUB-MATH,76.6,B,True,SCH-001
STU-2026-0463,EXM-0082,SUB-PHY,92.3,A+,True,SCH-001
STU-2026-0464,EXM-0082,SUB-PHY,57.2,D,True,SCH-001
STU-2026-0465,EXM-0082,SUB-PHY,64.1,C,True,SCH-001
STU-2026-0466,EXM-0082,SUB-PHY,72.6,B,True,SCH-001
STU-2026-0467,EXM-0082,SUB-PHY,73.4,B,True,SCH-001
STU-2026-0468,EXM-0082,SUB-PHY,71.3,B,True,SCH-001
STU-2026-0469,EXM-0082,SUB-PHY,73.0,B,True,SCH-001
STU-2026-0470,EXM-0082,SUB-PHY,68.9,C,True,SCH-001
STU-2026-0471,EXM-0082,SUB-PHY,90.6,A+,True,SCH-001
STU-2026-0472,EXM-0082,SUB-PHY,39.4,F,True,SCH-001
STU-2026-0473,EXM-0082,SUB-PHY,67.4,C,True,SCH-001
STU-2026-0474,EXM-0082,SUB-PHY,70.0,B,True,SCH-001
STU-2026-0475,EXM-0082,SUB-PHY,81.1,A,True,SCH-001
STU-2026-0476,EXM-0082,SUB-PHY,65.3,C,True,SCH-001
STU-2026-0477,EXM-0082,SUB-PHY,62.0,C,True,SCH-001
STU-2026-0478,EXM-0082,SUB-PHY,67.6,C,True,SCH-001
STU-2026-0479,EXM-0082,SUB-PHY,60.6,C,True,SCH-001
STU-2026-0480,EXM-0082,SUB-PHY,66.9,C,True,SCH-001
STU-2026-0481,EXM-0082,SUB-PHY,75.9,B,True,SCH-001
STU-2026-0482,EXM-0082,SUB-PHY,77.6,B,True,SCH-001
STU-2026-0483,EXM-0082,SUB-PHY,30.7,F,False,SCH-001
STU-2026-0484,EXM-0082,SUB-PHY,82.5,A,True,SCH-001
STU-2026-0485,EXM-0082,SUB-PHY,98.9,A+,True,SCH-001
STU-2026-0486,EXM-0082,SUB-PHY,76.9,B,True,SCH-001
STU-2026-0487,EXM-0082,SUB-PHY,81.4,A,True,SCH-001
STU-2026-0488,EXM-0082,SUB-PHY,65.7,C,True,SCH-001
STU-2026-0489,EXM-0082,SUB-PHY,73.2,B,True,SCH-001
STU-2026-0490,EXM-0082,SUB-PHY,82.0,A,True,SCH-001
STU-2026-0491,EXM-0082,SUB-PHY,95.6,A+,True,SCH-001
STU-2026-0492,EXM-0082,SUB-PHY,81.8,A,True,SCH-001
STU-2026-0493,EXM-0082,SUB-PHY,77.9,B,True,SCH-001
STU-2026-0494,EXM-0082,SUB-PHY,66.8,C,True,SCH-001
STU-2026-0495,EXM-0082,SUB-PHY,78.6,B,True,SCH-001
STU-2026-0496,EXM-0082,SUB-PHY,41.7,F,True,SCH-001
STU-2026-0497,EXM-0082,SUB-PHY,56.2,D,True,SCH-001
STU-2026-0498,EXM-0082,SUB-PHY,53.7,D,True,SCH-001
STU-2026-0499,EXM-0082,SUB-PHY,35.5,F,True,SCH-001
STU-2026-0500,EXM-0082,SUB-PHY,62.2,C,True,SCH-001
STU-2026-0501,EXM-0082,SUB-PHY,79.6,B,True,SCH-001
STU-2026-0502,EXM-0082,SUB-PHY,76.0,B,True,SCH-001
STU-2026-0503,EXM-0082,SUB-PHY,64.2,C,True,SCH-001
STU-2026-0504,EXM-0082,SUB-PHY,79.2,B,True,SCH-001
STU-2026-0505,EXM-0082,SUB-PHY,81.8,A,True,SCH-001
STU-2026-0506,EXM-0082,SUB-PHY,81.0,A,True,SCH-001
STU-2026-0507,EXM-0082,SUB-PHY,87.2,A,True,SCH-001
STU-2026-0508,EXM-0082,SUB-PHY,81.7,A,True,SCH-001
STU-2026-0509,EXM-0082,SUB-PHY,71.2,B,True,SCH-001
STU-2026-0510,EXM-0082,SUB-PHY,76.4,B,True,SCH-001
STU-2026-0511,EXM-0082,SUB-PHY,49.5,F,True,SCH-001
STU-2026-0512,EXM-0082,SUB-PHY,70.4,B,True,SCH-001
STU-2026-0513,EXM-0082,SUB-PHY,53.1,D,True,SCH-001
STU-2026-0514,EXM-0082,SUB-PHY,83.6,A,True,SCH-001
STU-2026-0515,EXM-0082,SUB-PHY,65.5,C,True,SCH-001
STU-2026-0516,EXM-0082,SUB-PHY,21.1,F,False,SCH-001
STU-2026-0517,EXM-0082,SUB-PHY,69.3,C,True,SCH-001
STU-2026-0518,EXM-0082,SUB-PHY,50.5,D,True,SCH-001
STU-2026-0519,EXM-0082,SUB-PHY,83.4,A,True,SCH-001
STU-2026-0520,EXM-0082,SUB-PHY,89.7,A,True,SCH-001
STU-2026-0521,EXM-0082,SUB-PHY,62.7,C,True,SCH-001
STU-2026-0522,EXM-0082,SUB-PHY,80.2,A,True,SCH-001
STU-2026-0523,EXM-0082,SUB-PHY,84.2,A,True,SCH-001
STU-2026-0524,EXM-0082,SUB-PHY,75.3,B,True,SCH-001
STU-2026-0525,EXM-0082,SUB-PHY,60.7,C,True,SCH-001
STU-2026-0526,EXM-0082,SUB-PHY,68.3,C,True,SCH-001
STU-2026-0527,EXM-0082,SUB-PHY,82.0,A,True,SCH-001
STU-2026-0528,EXM-0082,SUB-PHY,87.6,A,True,SCH-001
STU-2026-0463,EXM-0083,SUB-CHEM,85.6,A,True,SCH-001
STU-2026-0464,EXM-0083,SUB-CHEM,67.5,C,True,SCH-001
STU-2026-0465,EXM-0083,SUB-CHEM,75.3,B,True,SCH-001
STU-2026-0466,EXM-0083,SUB-CHEM,81.1,A,True,SCH-001
STU-2026-0467,EXM-0083,SUB-CHEM,76.8,B,True,SCH-001
STU-2026-0468,EXM-0083,SUB-CHEM,72.4,B,True,SCH-001
STU-2026-0469,EXM-0083,SUB-CHEM,61.9,C,True,SCH-001
STU-2026-0470,EXM-0083,SUB-CHEM,69.6,C,True,SCH-001
STU-2026-0471,EXM-0083,SUB-CHEM,84.4,A,True,SCH-001
STU-2026-0472,EXM-0083,SUB-CHEM,41.5,F,True,SCH-001
STU-2026-0473,EXM-0083,SUB-CHEM,60.0,C,True,SCH-001
STU-2026-0474,EXM-0083,SUB-CHEM,73.4,B,True,SCH-001
STU-2026-0475,EXM-0083,SUB-CHEM,85.0,A,True,SCH-001
STU-2026-0476,EXM-0083,SUB-CHEM,63.0,C,True,SCH-001
STU-2026-0477,EXM-0083,SUB-CHEM,69.6,C,True,SCH-001
STU-2026-0478,EXM-0083,SUB-CHEM,51.0,D,True,SCH-001
STU-2026-0479,EXM-0083,SUB-CHEM,69.6,C,True,SCH-001
STU-2026-0480,EXM-0083,SUB-CHEM,73.0,B,True,SCH-001
STU-2026-0481,EXM-0083,SUB-CHEM,81.0,A,True,SCH-001
STU-2026-0482,EXM-0083,SUB-CHEM,64.8,C,True,SCH-001
STU-2026-0483,EXM-0083,SUB-CHEM,26.6,F,False,SCH-001
STU-2026-0484,EXM-0083,SUB-CHEM,87.3,A,True,SCH-001
STU-2026-0485,EXM-0083,SUB-CHEM,92.9,A+,True,SCH-001
STU-2026-0486,EXM-0083,SUB-CHEM,77.0,B,True,SCH-001
STU-2026-0487,EXM-0083,SUB-CHEM,87.2,A,True,SCH-001
STU-2026-0488,EXM-0083,SUB-CHEM,78.5,B,True,SCH-001
STU-2026-0489,EXM-0083,SUB-CHEM,71.5,B,True,SCH-001
STU-2026-0490,EXM-0083,SUB-CHEM,83.9,A,True,SCH-001
STU-2026-0491,EXM-0083,SUB-CHEM,92.4,A+,True,SCH-001
STU-2026-0492,EXM-0083,SUB-CHEM,87.5,A,True,SCH-001
STU-2026-0493,EXM-0083,SUB-CHEM,74.6,B,True,SCH-001
STU-2026-0494,EXM-0083,SUB-CHEM,69.3,C,True,SCH-001
STU-2026-0495,EXM-0083,SUB-CHEM,58.6,D,True,SCH-001
STU-2026-0496,EXM-0083,SUB-CHEM,37.8,F,True,SCH-001
STU-2026-0497,EXM-0083,SUB-CHEM,61.7,C,True,SCH-001
STU-2026-0498,EXM-0083,SUB-CHEM,65.7,C,True,SCH-001
STU-2026-0499,EXM-0083,SUB-CHEM,29.6,F,False,SCH-001
STU-2026-0500,EXM-0083,SUB-CHEM,68.2,C,True,SCH-001
STU-2026-0501,EXM-0083,SUB-CHEM,83.1,A,True,SCH-001
STU-2026-0502,EXM-0083,SUB-CHEM,74.3,B,True,SCH-001
STU-2026-0503,EXM-0083,SUB-CHEM,71.7,B,True,SCH-001
STU-2026-0504,EXM-0083,SUB-CHEM,83.9,A,True,SCH-001
STU-2026-0505,EXM-0083,SUB-CHEM,84.0,A,True,SCH-001
STU-2026-0506,EXM-0083,SUB-CHEM,84.0,A,True,SCH-001
STU-2026-0507,EXM-0083,SUB-CHEM,70.6,B,True,SCH-001
STU-2026-0508,EXM-0083,SUB-CHEM,65.6,C,True,SCH-001
STU-2026-0509,EXM-0083,SUB-CHEM,65.0,C,True,SCH-001
STU-2026-0510,EXM-0083,SUB-CHEM,67.0,C,True,SCH-001
STU-2026-0511,EXM-0083,SUB-CHEM,61.8,C,True,SCH-001
STU-2026-0512,EXM-0083,SUB-CHEM,53.0,D,True,SCH-001
STU-2026-0513,EXM-0083,SUB-CHEM,68.5,C,True,SCH-001
STU-2026-0514,EXM-0083,SUB-CHEM,82.3,A,True,SCH-001
STU-2026-0515,EXM-0083,SUB-CHEM,71.0,B,True,SCH-001
STU-2026-0516,EXM-0083,SUB-CHEM,33.7,F,False,SCH-001
STU-2026-0517,EXM-0083,SUB-CHEM,79.3,B,True,SCH-001
STU-2026-0518,EXM-0083,SUB-CHEM,57.6,D,True,SCH-001
STU-2026-0519,EXM-0083,SUB-CHEM,71.1,B,True,SCH-001
STU-2026-0520,EXM-0083,SUB-CHEM,88.0,A,True,SCH-001
STU-2026-0521,EXM-0083,SUB-CHEM,57.8,D,True,SCH-001
STU-2026-0522,EXM-0083,SUB-CHEM,84.1,A,True,SCH-001
STU-2026-0523,EXM-0083,SUB-CHEM,68.6,C,True,SCH-001
STU-2026-0524,EXM-0083,SUB-CHEM,70.2,B,True,SCH-001
STU-2026-0525,EXM-0083,SUB-CHEM,70.8,B,True,SCH-001
STU-2026-0526,EXM-0083,SUB-CHEM,58.1,D,True,SCH-001
STU-2026-0527,EXM-0083,SUB-CHEM,77.7,B,True,SCH-001
STU-2026-0528,EXM-0083,SUB-CHEM,88.8,A,True,SCH-001
STU-2026-0463,EXM-0084,SUB-ENG,99.0,A+,True,SCH-001
STU-2026-0464,EXM-0084,SUB-ENG,64.1,C,True,SCH-001
STU-2026-0465,EXM-0084,SUB-ENG,69.7,C,True,SCH-001
STU-2026-0466,EXM-0084,SUB-ENG,78.7,B,True,SCH-001
STU-2026-0467,EXM-0084,SUB-ENG,77.1,B,True,SCH-001
STU-2026-0468,EXM-0084,SUB-ENG,76.2,B,True,SCH-001
STU-2026-0469,EXM-0084,SUB-ENG,67.9,C,True,SCH-001
STU-2026-0470,EXM-0084,SUB-ENG,65.9,C,True,SCH-001
STU-2026-0471,EXM-0084,SUB-ENG,78.3,B,True,SCH-001
STU-2026-0472,EXM-0084,SUB-ENG,39.2,F,True,SCH-001
STU-2026-0473,EXM-0084,SUB-ENG,71.4,B,True,SCH-001
STU-2026-0474,EXM-0084,SUB-ENG,67.2,C,True,SCH-001
STU-2026-0475,EXM-0084,SUB-ENG,73.3,B,True,SCH-001
STU-2026-0476,EXM-0084,SUB-ENG,62.4,C,True,SCH-001
STU-2026-0477,EXM-0084,SUB-ENG,66.1,C,True,SCH-001
STU-2026-0478,EXM-0084,SUB-ENG,69.0,C,True,SCH-001
STU-2026-0479,EXM-0084,SUB-ENG,65.7,C,True,SCH-001
STU-2026-0480,EXM-0084,SUB-ENG,61.3,C,True,SCH-001
STU-2026-0481,EXM-0084,SUB-ENG,79.7,B,True,SCH-001
STU-2026-0482,EXM-0084,SUB-ENG,69.7,C,True,SCH-001
STU-2026-0483,EXM-0084,SUB-ENG,29.8,F,False,SCH-001
STU-2026-0484,EXM-0084,SUB-ENG,88.3,A,True,SCH-001
STU-2026-0485,EXM-0084,SUB-ENG,90.9,A+,True,SCH-001
STU-2026-0486,EXM-0084,SUB-ENG,80.1,A,True,SCH-001
STU-2026-0487,EXM-0084,SUB-ENG,89.3,A,True,SCH-001
STU-2026-0488,EXM-0084,SUB-ENG,77.3,B,True,SCH-001
STU-2026-0489,EXM-0084,SUB-ENG,74.0,B,True,SCH-001
STU-2026-0490,EXM-0084,SUB-ENG,69.4,C,True,SCH-001
STU-2026-0491,EXM-0084,SUB-ENG,83.4,A,True,SCH-001
STU-2026-0492,EXM-0084,SUB-ENG,85.7,A,True,SCH-001
STU-2026-0493,EXM-0084,SUB-ENG,71.8,B,True,SCH-001
STU-2026-0494,EXM-0084,SUB-ENG,78.5,B,True,SCH-001
STU-2026-0495,EXM-0084,SUB-ENG,87.9,A,True,SCH-001
STU-2026-0496,EXM-0084,SUB-ENG,31.2,F,False,SCH-001
STU-2026-0497,EXM-0084,SUB-ENG,47.5,F,True,SCH-001
STU-2026-0498,EXM-0084,SUB-ENG,60.8,C,True,SCH-001
STU-2026-0499,EXM-0084,SUB-ENG,29.8,F,False,SCH-001
STU-2026-0500,EXM-0084,SUB-ENG,61.0,C,True,SCH-001
STU-2026-0501,EXM-0084,SUB-ENG,84.3,A,True,SCH-001
STU-2026-0502,EXM-0084,SUB-ENG,77.1,B,True,SCH-001
STU-2026-0503,EXM-0084,SUB-ENG,74.3,B,True,SCH-001
STU-2026-0504,EXM-0084,SUB-ENG,95.3,A+,True,SCH-001
STU-2026-0505,EXM-0084,SUB-ENG,91.5,A+,True,SCH-001
STU-2026-0506,EXM-0084,SUB-ENG,80.3,A,True,SCH-001
STU-2026-0507,EXM-0084,SUB-ENG,80.3,A,True,SCH-001
STU-2026-0508,EXM-0084,SUB-ENG,84.3,A,True,SCH-001
STU-2026-0509,EXM-0084,SUB-ENG,64.4,C,True,SCH-001
STU-2026-0510,EXM-0084,SUB-ENG,66.5,C,True,SCH-001
STU-2026-0511,EXM-0084,SUB-ENG,44.8,F,True,SCH-001
STU-2026-0512,EXM-0084,SUB-ENG,71.6,B,True,SCH-001
STU-2026-0513,EXM-0084,SUB-ENG,62.5,C,True,SCH-001
STU-2026-0514,EXM-0084,SUB-ENG,80.8,A,True,SCH-001
STU-2026-0515,EXM-0084,SUB-ENG,72.8,B,True,SCH-001
STU-2026-0516,EXM-0084,SUB-ENG,37.0,F,True,SCH-001
STU-2026-0517,EXM-0084,SUB-ENG,71.2,B,True,SCH-001
STU-2026-0518,EXM-0084,SUB-ENG,55.0,D,True,SCH-001
STU-2026-0519,EXM-0084,SUB-ENG,67.4,C,True,SCH-001
STU-2026-0520,EXM-0084,SUB-ENG,91.7,A+,True,SCH-001
STU-2026-0521,EXM-0084,SUB-ENG,71.6,B,True,SCH-001
STU-2026-0522,EXM-0084,SUB-ENG,74.6,B,True,SCH-001
STU-2026-0523,EXM-0084,SUB-ENG,97.3,A+,True,SCH-001
STU-2026-0524,EXM-0084,SUB-ENG,79.4,B,True,SCH-001
STU-2026-0525,EXM-0084,SUB-ENG,57.6,D,True,SCH-001
STU-2026-0526,EXM-0084,SUB-ENG,58.5,D,True,SCH-001
STU-2026-0527,EXM-0084,SUB-ENG,82.3,A,True,SCH-001
STU-2026-0528,EXM-0084,SUB-ENG,84.5,A,True,SCH-001
STU-2026-0463,EXM-0085,SUB-HIST,92.1,A+,True,SCH-001
STU-2026-0464,EXM-0085,SUB-HIST,67.9,C,True,SCH-001
STU-2026-0465,EXM-0085,SUB-HIST,70.5,B,True,SCH-001
STU-2026-0466,EXM-0085,SUB-HIST,77.0,B,True,SCH-001
STU-2026-0467,EXM-0085,SUB-HIST,69.8,C,True,SCH-001
STU-2026-0468,EXM-0085,SUB-HIST,64.7,C,True,SCH-001
STU-2026-0469,EXM-0085,SUB-HIST,82.8,A,True,SCH-001
STU-2026-0470,EXM-0085,SUB-HIST,56.4,D,True,SCH-001
STU-2026-0471,EXM-0085,SUB-HIST,81.2,A,True,SCH-001
STU-2026-0472,EXM-0085,SUB-HIST,42.6,F,True,SCH-001
STU-2026-0473,EXM-0085,SUB-HIST,65.0,C,True,SCH-001
STU-2026-0474,EXM-0085,SUB-HIST,73.7,B,True,SCH-001
STU-2026-0475,EXM-0085,SUB-HIST,73.7,B,True,SCH-001
STU-2026-0476,EXM-0085,SUB-HIST,79.9,B,True,SCH-001
STU-2026-0477,EXM-0085,SUB-HIST,70.4,B,True,SCH-001
STU-2026-0478,EXM-0085,SUB-HIST,63.8,C,True,SCH-001
STU-2026-0479,EXM-0085,SUB-HIST,86.3,A,True,SCH-001
STU-2026-0480,EXM-0085,SUB-HIST,64.3,C,True,SCH-001
STU-2026-0481,EXM-0085,SUB-HIST,86.9,A,True,SCH-001
STU-2026-0482,EXM-0085,SUB-HIST,73.5,B,True,SCH-001
STU-2026-0483,EXM-0085,SUB-HIST,30.9,F,False,SCH-001
STU-2026-0484,EXM-0085,SUB-HIST,80.2,A,True,SCH-001
STU-2026-0485,EXM-0085,SUB-HIST,93.8,A+,True,SCH-001
STU-2026-0486,EXM-0085,SUB-HIST,77.7,B,True,SCH-001
STU-2026-0487,EXM-0085,SUB-HIST,85.1,A,True,SCH-001
STU-2026-0488,EXM-0085,SUB-HIST,72.2,B,True,SCH-001
STU-2026-0489,EXM-0085,SUB-HIST,72.2,B,True,SCH-001
STU-2026-0490,EXM-0085,SUB-HIST,77.5,B,True,SCH-001
STU-2026-0491,EXM-0085,SUB-HIST,84.0,A,True,SCH-001
STU-2026-0492,EXM-0085,SUB-HIST,66.2,C,True,SCH-001
STU-2026-0493,EXM-0085,SUB-HIST,62.9,C,True,SCH-001
STU-2026-0494,EXM-0085,SUB-HIST,77.6,B,True,SCH-001
STU-2026-0495,EXM-0085,SUB-HIST,73.4,B,True,SCH-001
STU-2026-0496,EXM-0085,SUB-HIST,44.3,F,True,SCH-001
STU-2026-0497,EXM-0085,SUB-HIST,56.7,D,True,SCH-001
STU-2026-0498,EXM-0085,SUB-HIST,54.2,D,True,SCH-001
STU-2026-0499,EXM-0085,SUB-HIST,38.7,F,True,SCH-001
STU-2026-0500,EXM-0085,SUB-HIST,52.7,D,True,SCH-001
STU-2026-0501,EXM-0085,SUB-HIST,75.3,B,True,SCH-001
STU-2026-0502,EXM-0085,SUB-HIST,66.3,C,True,SCH-001
STU-2026-0503,EXM-0085,SUB-HIST,67.3,C,True,SCH-001
STU-2026-0504,EXM-0085,SUB-HIST,78.5,B,True,SCH-001
STU-2026-0505,EXM-0085,SUB-HIST,83.7,A,True,SCH-001
STU-2026-0506,EXM-0085,SUB-HIST,73.9,B,True,SCH-001
STU-2026-0507,EXM-0085,SUB-HIST,78.2,B,True,SCH-001
STU-2026-0508,EXM-0085,SUB-HIST,74.9,B,True,SCH-001
STU-2026-0509,EXM-0085,SUB-HIST,53.8,D,True,SCH-001
STU-2026-0510,EXM-0085,SUB-HIST,70.2,B,True,SCH-001
STU-2026-0511,EXM-0085,SUB-HIST,53.3,D,True,SCH-001
STU-2026-0512,EXM-0085,SUB-HIST,63.5,C,True,SCH-001
STU-2026-0513,EXM-0085,SUB-HIST,62.0,C,True,SCH-001
STU-2026-0514,EXM-0085,SUB-HIST,85.7,A,True,SCH-001
STU-2026-0515,EXM-0085,SUB-HIST,71.5,B,True,SCH-001
STU-2026-0516,EXM-0085,SUB-HIST,29.0,F,False,SCH-001
STU-2026-0517,EXM-0085,SUB-HIST,67.5,C,True,SCH-001
STU-2026-0518,EXM-0085,SUB-HIST,67.7,C,True,SCH-001
STU-2026-0519,EXM-0085,SUB-HIST,82.6,A,True,SCH-001
STU-2026-0520,EXM-0085,SUB-HIST,92.9,A+,True,SCH-001
STU-2026-0521,EXM-0085,SUB-HIST,74.6,B,True,SCH-001
STU-2026-0522,EXM-0085,SUB-HIST,68.4,C,True,SCH-001
STU-2026-0523,EXM-0085,SUB-HIST,77.6,B,True,SCH-001
STU-2026-0524,EXM-0085,SUB-HIST,77.4,B,True,SCH-001
STU-2026-0525,EXM-0085,SUB-HIST,69.9,C,True,SCH-001
STU-2026-0526,EXM-0085,SUB-HIST,67.9,C,True,SCH-001
STU-2026-0527,EXM-0085,SUB-HIST,75.2,B,True,SCH-001
STU-2026-0528,EXM-0085,SUB-HIST,73.5,B,True,SCH-001
STU-2026-0529,EXM-0086,SUB-MATH,85.2,A,True,SCH-001
STU-2026-0530,EXM-0086,SUB-MATH,67.8,C,True,SCH-001
STU-2026-0531,EXM-0086,SUB-MATH,74.9,B,True,SCH-001
STU-2026-0532,EXM-0086,SUB-MATH,83.2,A,True,SCH-001
STU-2026-0533,EXM-0086,SUB-MATH,84.6,A,True,SCH-001
STU-2026-0534,EXM-0086,SUB-MATH,64.8,C,True,SCH-001
STU-2026-0535,EXM-0086,SUB-MATH,93.1,A+,True,SCH-001
STU-2026-0536,EXM-0086,SUB-MATH,86.8,A,True,SCH-001
STU-2026-0537,EXM-0086,SUB-MATH,94.8,A+,True,SCH-001
STU-2026-0538,EXM-0086,SUB-MATH,64.7,C,True,SCH-001
STU-2026-0539,EXM-0086,SUB-MATH,43.4,F,True,SCH-001
STU-2026-0540,EXM-0086,SUB-MATH,67.7,C,True,SCH-001
STU-2026-0541,EXM-0086,SUB-MATH,80.5,A,True,SCH-001
STU-2026-0542,EXM-0086,SUB-MATH,78.0,B,True,SCH-001
STU-2026-0543,EXM-0086,SUB-MATH,69.3,C,True,SCH-001
STU-2026-0544,EXM-0086,SUB-MATH,81.6,A,True,SCH-001
STU-2026-0545,EXM-0086,SUB-MATH,85.0,A,True,SCH-001
STU-2026-0546,EXM-0086,SUB-MATH,74.3,B,True,SCH-001
STU-2026-0547,EXM-0086,SUB-MATH,85.0,A,True,SCH-001
STU-2026-0548,EXM-0086,SUB-MATH,91.4,A+,True,SCH-001
STU-2026-0549,EXM-0086,SUB-MATH,75.1,B,True,SCH-001
STU-2026-0550,EXM-0086,SUB-MATH,71.5,B,True,SCH-001
STU-2026-0551,EXM-0086,SUB-MATH,58.7,D,True,SCH-001
STU-2026-0552,EXM-0086,SUB-MATH,55.4,D,True,SCH-001
STU-2026-0553,EXM-0086,SUB-MATH,75.5,B,True,SCH-001
STU-2026-0554,EXM-0086,SUB-MATH,84.6,A,True,SCH-001
STU-2026-0555,EXM-0086,SUB-MATH,70.6,B,True,SCH-001
STU-2026-0556,EXM-0086,SUB-MATH,73.7,B,True,SCH-001
STU-2026-0557,EXM-0086,SUB-MATH,81.2,A,True,SCH-001
STU-2026-0558,EXM-0086,SUB-MATH,71.0,B,True,SCH-001
STU-2026-0559,EXM-0086,SUB-MATH,80.8,A,True,SCH-001
STU-2026-0560,EXM-0086,SUB-MATH,80.1,A,True,SCH-001
STU-2026-0561,EXM-0086,SUB-MATH,93.8,A+,True,SCH-001
STU-2026-0562,EXM-0086,SUB-MATH,75.5,B,True,SCH-001
STU-2026-0563,EXM-0086,SUB-MATH,58.8,D,True,SCH-001
STU-2026-0564,EXM-0086,SUB-MATH,70.7,B,True,SCH-001
STU-2026-0565,EXM-0086,SUB-MATH,90.0,A+,True,SCH-001
STU-2026-0566,EXM-0086,SUB-MATH,79.7,B,True,SCH-001
STU-2026-0567,EXM-0086,SUB-MATH,69.2,C,True,SCH-001
STU-2026-0568,EXM-0086,SUB-MATH,75.8,B,True,SCH-001
STU-2026-0569,EXM-0086,SUB-MATH,73.0,B,True,SCH-001
STU-2026-0570,EXM-0086,SUB-MATH,79.7,B,True,SCH-001
STU-2026-0571,EXM-0086,SUB-MATH,93.0,A+,True,SCH-001
STU-2026-0572,EXM-0086,SUB-MATH,77.9,B,True,SCH-001
STU-2026-0573,EXM-0086,SUB-MATH,83.8,A,True,SCH-001
STU-2026-0574,EXM-0086,SUB-MATH,70.0,B,True,SCH-001
STU-2026-0575,EXM-0086,SUB-MATH,85.0,A,True,SCH-001
STU-2026-0576,EXM-0086,SUB-MATH,58.7,D,True,SCH-001
STU-2026-0577,EXM-0086,SUB-MATH,85.5,A,True,SCH-001
STU-2026-0578,EXM-0086,SUB-MATH,82.3,A,True,SCH-001
STU-2026-0579,EXM-0086,SUB-MATH,92.6,A+,True,SCH-001
STU-2026-0580,EXM-0086,SUB-MATH,98.8,A+,True,SCH-001
STU-2026-0581,EXM-0086,SUB-MATH,65.2,C,True,SCH-001
STU-2026-0582,EXM-0086,SUB-MATH,51.1,D,True,SCH-001
STU-2026-0583,EXM-0086,SUB-MATH,80.6,A,True,SCH-001
STU-2026-0584,EXM-0086,SUB-MATH,62.7,C,True,SCH-001
STU-2026-0585,EXM-0086,SUB-MATH,80.2,A,True,SCH-001
STU-2026-0586,EXM-0086,SUB-MATH,68.3,C,True,SCH-001
STU-2026-0587,EXM-0086,SUB-MATH,83.1,A,True,SCH-001
STU-2026-0588,EXM-0086,SUB-MATH,17.9,F,False,SCH-001
STU-2026-0589,EXM-0086,SUB-MATH,79.9,B,True,SCH-001
STU-2026-0590,EXM-0086,SUB-MATH,51.5,D,True,SCH-001
STU-2026-0591,EXM-0086,SUB-MATH,81.9,A,True,SCH-001
STU-2026-0592,EXM-0086,SUB-MATH,63.6,C,True,SCH-001
STU-2026-0593,EXM-0086,SUB-MATH,82.7,A,True,SCH-001
STU-2026-0594,EXM-0086,SUB-MATH,64.7,C,True,SCH-001
STU-2026-0595,EXM-0086,SUB-MATH,80.6,A,True,SCH-001
STU-2026-0596,EXM-0086,SUB-MATH,95.5,A+,True,SCH-001
STU-2026-0597,EXM-0086,SUB-MATH,86.1,A,True,SCH-001
STU-2026-0598,EXM-0086,SUB-MATH,87.5,A,True,SCH-001
STU-2026-0599,EXM-0086,SUB-MATH,38.9,F,True,SCH-001
STU-2026-0600,EXM-0086,SUB-MATH,51.4,D,True,SCH-001
STU-2026-0529,EXM-0087,SUB-PHY,80.8,A,True,SCH-001
STU-2026-0530,EXM-0087,SUB-PHY,72.0,B,True,SCH-001
STU-2026-0531,EXM-0087,SUB-PHY,81.1,A,True,SCH-001
STU-2026-0532,EXM-0087,SUB-PHY,86.6,A,True,SCH-001
STU-2026-0533,EXM-0087,SUB-PHY,78.9,B,True,SCH-001
STU-2026-0534,EXM-0087,SUB-PHY,51.6,D,True,SCH-001
STU-2026-0535,EXM-0087,SUB-PHY,99.0,A+,True,SCH-001
STU-2026-0536,EXM-0087,SUB-PHY,97.4,A+,True,SCH-001
STU-2026-0537,EXM-0087,SUB-PHY,99.0,A+,True,SCH-001
STU-2026-0538,EXM-0087,SUB-PHY,61.6,C,True,SCH-001
STU-2026-0539,EXM-0087,SUB-PHY,45.2,F,True,SCH-001
STU-2026-0540,EXM-0087,SUB-PHY,57.5,D,True,SCH-001
STU-2026-0541,EXM-0087,SUB-PHY,66.7,C,True,SCH-001
STU-2026-0542,EXM-0087,SUB-PHY,94.2,A+,True,SCH-001
STU-2026-0543,EXM-0087,SUB-PHY,64.1,C,True,SCH-001
STU-2026-0544,EXM-0087,SUB-PHY,84.8,A,True,SCH-001
STU-2026-0545,EXM-0087,SUB-PHY,73.5,B,True,SCH-001
STU-2026-0546,EXM-0087,SUB-PHY,92.9,A+,True,SCH-001
STU-2026-0547,EXM-0087,SUB-PHY,77.0,B,True,SCH-001
STU-2026-0548,EXM-0087,SUB-PHY,98.1,A+,True,SCH-001
STU-2026-0549,EXM-0087,SUB-PHY,64.5,C,True,SCH-001
STU-2026-0550,EXM-0087,SUB-PHY,74.8,B,True,SCH-001
STU-2026-0551,EXM-0087,SUB-PHY,66.3,C,True,SCH-001
STU-2026-0552,EXM-0087,SUB-PHY,47.0,F,True,SCH-001
STU-2026-0553,EXM-0087,SUB-PHY,73.6,B,True,SCH-001
STU-2026-0554,EXM-0087,SUB-PHY,82.9,A,True,SCH-001
STU-2026-0555,EXM-0087,SUB-PHY,69.9,C,True,SCH-001
STU-2026-0556,EXM-0087,SUB-PHY,78.0,B,True,SCH-001
STU-2026-0557,EXM-0087,SUB-PHY,81.3,A,True,SCH-001
STU-2026-0558,EXM-0087,SUB-PHY,85.7,A,True,SCH-001
STU-2026-0559,EXM-0087,SUB-PHY,88.3,A,True,SCH-001
STU-2026-0560,EXM-0087,SUB-PHY,92.2,A+,True,SCH-001
STU-2026-0561,EXM-0087,SUB-PHY,91.0,A+,True,SCH-001
STU-2026-0562,EXM-0087,SUB-PHY,82.4,A,True,SCH-001
STU-2026-0563,EXM-0087,SUB-PHY,65.3,C,True,SCH-001
STU-2026-0564,EXM-0087,SUB-PHY,92.1,A+,True,SCH-001
STU-2026-0565,EXM-0087,SUB-PHY,86.7,A,True,SCH-001
STU-2026-0566,EXM-0087,SUB-PHY,78.0,B,True,SCH-001
STU-2026-0567,EXM-0087,SUB-PHY,61.7,C,True,SCH-001
STU-2026-0568,EXM-0087,SUB-PHY,67.2,C,True,SCH-001
STU-2026-0569,EXM-0087,SUB-PHY,78.4,B,True,SCH-001
STU-2026-0570,EXM-0087,SUB-PHY,83.1,A,True,SCH-001
STU-2026-0571,EXM-0087,SUB-PHY,89.2,A,True,SCH-001
STU-2026-0572,EXM-0087,SUB-PHY,69.7,C,True,SCH-001
STU-2026-0573,EXM-0087,SUB-PHY,69.0,C,True,SCH-001
STU-2026-0574,EXM-0087,SUB-PHY,61.1,C,True,SCH-001
STU-2026-0575,EXM-0087,SUB-PHY,96.2,A+,True,SCH-001
STU-2026-0576,EXM-0087,SUB-PHY,66.9,C,True,SCH-001
STU-2026-0577,EXM-0087,SUB-PHY,83.2,A,True,SCH-001
STU-2026-0578,EXM-0087,SUB-PHY,88.5,A,True,SCH-001
STU-2026-0579,EXM-0087,SUB-PHY,88.9,A,True,SCH-001
STU-2026-0580,EXM-0087,SUB-PHY,89.1,A,True,SCH-001
STU-2026-0581,EXM-0087,SUB-PHY,65.0,C,True,SCH-001
STU-2026-0582,EXM-0087,SUB-PHY,50.8,D,True,SCH-001
STU-2026-0583,EXM-0087,SUB-PHY,65.4,C,True,SCH-001
STU-2026-0584,EXM-0087,SUB-PHY,75.3,B,True,SCH-001
STU-2026-0585,EXM-0087,SUB-PHY,74.1,B,True,SCH-001
STU-2026-0586,EXM-0087,SUB-PHY,63.3,C,True,SCH-001
STU-2026-0587,EXM-0087,SUB-PHY,91.7,A+,True,SCH-001
STU-2026-0588,EXM-0087,SUB-PHY,17.7,F,False,SCH-001
STU-2026-0589,EXM-0087,SUB-PHY,95.3,A+,True,SCH-001
STU-2026-0590,EXM-0087,SUB-PHY,59.8,D,True,SCH-001
STU-2026-0591,EXM-0087,SUB-PHY,86.4,A,True,SCH-001
STU-2026-0592,EXM-0087,SUB-PHY,78.2,B,True,SCH-001
STU-2026-0593,EXM-0087,SUB-PHY,79.6,B,True,SCH-001
STU-2026-0594,EXM-0087,SUB-PHY,69.7,C,True,SCH-001
STU-2026-0595,EXM-0087,SUB-PHY,63.9,C,True,SCH-001
STU-2026-0596,EXM-0087,SUB-PHY,99.0,A+,True,SCH-001
STU-2026-0597,EXM-0087,SUB-PHY,81.0,A,True,SCH-001
STU-2026-0598,EXM-0087,SUB-PHY,96.5,A+,True,SCH-001
STU-2026-0599,EXM-0087,SUB-PHY,37.2,F,True,SCH-001
STU-2026-0600,EXM-0087,SUB-PHY,47.5,F,True,SCH-001
STU-2026-0529,EXM-0088,SUB-CHEM,70.3,B,True,SCH-001
STU-2026-0530,EXM-0088,SUB-CHEM,71.4,B,True,SCH-001
STU-2026-0531,EXM-0088,SUB-CHEM,85.7,A,True,SCH-001
STU-2026-0532,EXM-0088,SUB-CHEM,84.6,A,True,SCH-001
STU-2026-0533,EXM-0088,SUB-CHEM,80.2,A,True,SCH-001
STU-2026-0534,EXM-0088,SUB-CHEM,54.7,D,True,SCH-001
STU-2026-0535,EXM-0088,SUB-CHEM,98.5,A+,True,SCH-001
STU-2026-0536,EXM-0088,SUB-CHEM,99.0,A+,True,SCH-001
STU-2026-0537,EXM-0088,SUB-CHEM,91.2,A+,True,SCH-001
STU-2026-0538,EXM-0088,SUB-CHEM,67.3,C,True,SCH-001
STU-2026-0539,EXM-0088,SUB-CHEM,33.1,F,False,SCH-001
STU-2026-0540,EXM-0088,SUB-CHEM,65.1,C,True,SCH-001
STU-2026-0541,EXM-0088,SUB-CHEM,67.1,C,True,SCH-001
STU-2026-0542,EXM-0088,SUB-CHEM,90.3,A+,True,SCH-001
STU-2026-0543,EXM-0088,SUB-CHEM,63.1,C,True,SCH-001
STU-2026-0544,EXM-0088,SUB-CHEM,85.6,A,True,SCH-001
STU-2026-0545,EXM-0088,SUB-CHEM,76.9,B,True,SCH-001
STU-2026-0546,EXM-0088,SUB-CHEM,93.1,A+,True,SCH-001
STU-2026-0547,EXM-0088,SUB-CHEM,75.4,B,True,SCH-001
STU-2026-0548,EXM-0088,SUB-CHEM,95.0,A+,True,SCH-001
STU-2026-0549,EXM-0088,SUB-CHEM,57.8,D,True,SCH-001
STU-2026-0550,EXM-0088,SUB-CHEM,83.9,A,True,SCH-001
STU-2026-0551,EXM-0088,SUB-CHEM,49.7,F,True,SCH-001
STU-2026-0552,EXM-0088,SUB-CHEM,37.3,F,True,SCH-001
STU-2026-0553,EXM-0088,SUB-CHEM,67.4,C,True,SCH-001
STU-2026-0554,EXM-0088,SUB-CHEM,82.1,A,True,SCH-001
STU-2026-0555,EXM-0088,SUB-CHEM,73.6,B,True,SCH-001
STU-2026-0556,EXM-0088,SUB-CHEM,68.5,C,True,SCH-001
STU-2026-0557,EXM-0088,SUB-CHEM,81.3,A,True,SCH-001
STU-2026-0558,EXM-0088,SUB-CHEM,74.9,B,True,SCH-001
STU-2026-0559,EXM-0088,SUB-CHEM,75.1,B,True,SCH-001
STU-2026-0560,EXM-0088,SUB-CHEM,86.8,A,True,SCH-001
STU-2026-0561,EXM-0088,SUB-CHEM,93.4,A+,True,SCH-001
STU-2026-0562,EXM-0088,SUB-CHEM,81.6,A,True,SCH-001
STU-2026-0563,EXM-0088,SUB-CHEM,77.7,B,True,SCH-001
STU-2026-0564,EXM-0088,SUB-CHEM,81.3,A,True,SCH-001
STU-2026-0565,EXM-0088,SUB-CHEM,81.0,A,True,SCH-001
STU-2026-0566,EXM-0088,SUB-CHEM,63.8,C,True,SCH-001
STU-2026-0567,EXM-0088,SUB-CHEM,65.5,C,True,SCH-001
STU-2026-0568,EXM-0088,SUB-CHEM,64.7,C,True,SCH-001
STU-2026-0569,EXM-0088,SUB-CHEM,83.7,A,True,SCH-001
STU-2026-0570,EXM-0088,SUB-CHEM,91.1,A+,True,SCH-001
STU-2026-0571,EXM-0088,SUB-CHEM,98.0,A+,True,SCH-001
STU-2026-0572,EXM-0088,SUB-CHEM,68.8,C,True,SCH-001
STU-2026-0573,EXM-0088,SUB-CHEM,82.6,A,True,SCH-001
STU-2026-0574,EXM-0088,SUB-CHEM,60.2,C,True,SCH-001
STU-2026-0575,EXM-0088,SUB-CHEM,81.7,A,True,SCH-001
STU-2026-0576,EXM-0088,SUB-CHEM,74.1,B,True,SCH-001
STU-2026-0577,EXM-0088,SUB-CHEM,80.5,A,True,SCH-001
STU-2026-0578,EXM-0088,SUB-CHEM,82.8,A,True,SCH-001
STU-2026-0579,EXM-0088,SUB-CHEM,77.0,B,True,SCH-001
STU-2026-0580,EXM-0088,SUB-CHEM,88.8,A,True,SCH-001
STU-2026-0581,EXM-0088,SUB-CHEM,65.1,C,True,SCH-001
STU-2026-0582,EXM-0088,SUB-CHEM,47.9,F,True,SCH-001
STU-2026-0583,EXM-0088,SUB-CHEM,81.8,A,True,SCH-001
STU-2026-0584,EXM-0088,SUB-CHEM,73.2,B,True,SCH-001
STU-2026-0585,EXM-0088,SUB-CHEM,75.7,B,True,SCH-001
STU-2026-0586,EXM-0088,SUB-CHEM,55.8,D,True,SCH-001
STU-2026-0587,EXM-0088,SUB-CHEM,81.2,A,True,SCH-001
STU-2026-0588,EXM-0088,SUB-CHEM,27.6,F,False,SCH-001
STU-2026-0589,EXM-0088,SUB-CHEM,88.0,A,True,SCH-001
STU-2026-0590,EXM-0088,SUB-CHEM,65.8,C,True,SCH-001
STU-2026-0591,EXM-0088,SUB-CHEM,96.8,A+,True,SCH-001
STU-2026-0592,EXM-0088,SUB-CHEM,61.6,C,True,SCH-001
STU-2026-0593,EXM-0088,SUB-CHEM,72.7,B,True,SCH-001
STU-2026-0594,EXM-0088,SUB-CHEM,82.9,A,True,SCH-001
STU-2026-0595,EXM-0088,SUB-CHEM,58.0,D,True,SCH-001
STU-2026-0596,EXM-0088,SUB-CHEM,93.1,A+,True,SCH-001
STU-2026-0597,EXM-0088,SUB-CHEM,58.8,D,True,SCH-001
STU-2026-0598,EXM-0088,SUB-CHEM,86.8,A,True,SCH-001
STU-2026-0599,EXM-0088,SUB-CHEM,44.9,F,True,SCH-001
STU-2026-0600,EXM-0088,SUB-CHEM,56.6,D,True,SCH-001
STU-2026-0529,EXM-0089,SUB-ENG,72.8,B,True,SCH-001
STU-2026-0530,EXM-0089,SUB-ENG,61.9,C,True,SCH-001
STU-2026-0531,EXM-0089,SUB-ENG,77.6,B,True,SCH-001
STU-2026-0532,EXM-0089,SUB-ENG,80.2,A,True,SCH-001
STU-2026-0533,EXM-0089,SUB-ENG,74.3,B,True,SCH-001
STU-2026-0534,EXM-0089,SUB-ENG,39.0,F,True,SCH-001
STU-2026-0535,EXM-0089,SUB-ENG,97.9,A+,True,SCH-001
STU-2026-0536,EXM-0089,SUB-ENG,89.0,A,True,SCH-001
STU-2026-0537,EXM-0089,SUB-ENG,91.4,A+,True,SCH-001
STU-2026-0538,EXM-0089,SUB-ENG,66.3,C,True,SCH-001
STU-2026-0539,EXM-0089,SUB-ENG,35.1,F,True,SCH-001
STU-2026-0540,EXM-0089,SUB-ENG,57.5,D,True,SCH-001
STU-2026-0541,EXM-0089,SUB-ENG,75.1,B,True,SCH-001
STU-2026-0542,EXM-0089,SUB-ENG,90.9,A+,True,SCH-001
STU-2026-0543,EXM-0089,SUB-ENG,71.3,B,True,SCH-001
STU-2026-0544,EXM-0089,SUB-ENG,89.8,A,True,SCH-001
STU-2026-0545,EXM-0089,SUB-ENG,71.6,B,True,SCH-001
STU-2026-0546,EXM-0089,SUB-ENG,79.9,B,True,SCH-001
STU-2026-0547,EXM-0089,SUB-ENG,79.0,B,True,SCH-001
STU-2026-0548,EXM-0089,SUB-ENG,91.8,A+,True,SCH-001
STU-2026-0549,EXM-0089,SUB-ENG,59.1,D,True,SCH-001
STU-2026-0550,EXM-0089,SUB-ENG,70.7,B,True,SCH-001
STU-2026-0551,EXM-0089,SUB-ENG,53.3,D,True,SCH-001
STU-2026-0552,EXM-0089,SUB-ENG,50.7,D,True,SCH-001
STU-2026-0553,EXM-0089,SUB-ENG,76.4,B,True,SCH-001
STU-2026-0554,EXM-0089,SUB-ENG,84.0,A,True,SCH-001
STU-2026-0555,EXM-0089,SUB-ENG,64.7,C,True,SCH-001
STU-2026-0556,EXM-0089,SUB-ENG,70.6,B,True,SCH-001
STU-2026-0557,EXM-0089,SUB-ENG,83.1,A,True,SCH-001
STU-2026-0558,EXM-0089,SUB-ENG,85.0,A,True,SCH-001
STU-2026-0559,EXM-0089,SUB-ENG,83.6,A,True,SCH-001
STU-2026-0560,EXM-0089,SUB-ENG,90.5,A+,True,SCH-001
STU-2026-0561,EXM-0089,SUB-ENG,98.4,A+,True,SCH-001
STU-2026-0562,EXM-0089,SUB-ENG,76.6,B,True,SCH-001
STU-2026-0563,EXM-0089,SUB-ENG,76.3,B,True,SCH-001
STU-2026-0564,EXM-0089,SUB-ENG,91.7,A+,True,SCH-001
STU-2026-0565,EXM-0089,SUB-ENG,92.1,A+,True,SCH-001
STU-2026-0566,EXM-0089,SUB-ENG,69.3,C,True,SCH-001
STU-2026-0567,EXM-0089,SUB-ENG,63.8,C,True,SCH-001
STU-2026-0568,EXM-0089,SUB-ENG,71.4,B,True,SCH-001
STU-2026-0569,EXM-0089,SUB-ENG,73.4,B,True,SCH-001
STU-2026-0570,EXM-0089,SUB-ENG,68.0,C,True,SCH-001
STU-2026-0571,EXM-0089,SUB-ENG,88.1,A,True,SCH-001
STU-2026-0572,EXM-0089,SUB-ENG,66.5,C,True,SCH-001
STU-2026-0573,EXM-0089,SUB-ENG,63.6,C,True,SCH-001
STU-2026-0574,EXM-0089,SUB-ENG,62.2,C,True,SCH-001
STU-2026-0575,EXM-0089,SUB-ENG,99.0,A+,True,SCH-001
STU-2026-0576,EXM-0089,SUB-ENG,71.0,B,True,SCH-001
STU-2026-0577,EXM-0089,SUB-ENG,85.5,A,True,SCH-001
STU-2026-0578,EXM-0089,SUB-ENG,87.6,A,True,SCH-001
STU-2026-0579,EXM-0089,SUB-ENG,84.9,A,True,SCH-001
STU-2026-0580,EXM-0089,SUB-ENG,99.0,A+,True,SCH-001
STU-2026-0581,EXM-0089,SUB-ENG,66.2,C,True,SCH-001
STU-2026-0582,EXM-0089,SUB-ENG,52.3,D,True,SCH-001
STU-2026-0583,EXM-0089,SUB-ENG,81.4,A,True,SCH-001
STU-2026-0584,EXM-0089,SUB-ENG,76.1,B,True,SCH-001
STU-2026-0585,EXM-0089,SUB-ENG,73.0,B,True,SCH-001
STU-2026-0586,EXM-0089,SUB-ENG,63.1,C,True,SCH-001
STU-2026-0587,EXM-0089,SUB-ENG,92.1,A+,True,SCH-001
STU-2026-0588,EXM-0089,SUB-ENG,24.4,F,False,SCH-001
STU-2026-0589,EXM-0089,SUB-ENG,92.7,A+,True,SCH-001
STU-2026-0590,EXM-0089,SUB-ENG,56.3,D,True,SCH-001
STU-2026-0591,EXM-0089,SUB-ENG,86.7,A,True,SCH-001
STU-2026-0592,EXM-0089,SUB-ENG,61.0,C,True,SCH-001
STU-2026-0593,EXM-0089,SUB-ENG,87.1,A,True,SCH-001
STU-2026-0594,EXM-0089,SUB-ENG,74.5,B,True,SCH-001
STU-2026-0595,EXM-0089,SUB-ENG,65.3,C,True,SCH-001
STU-2026-0596,EXM-0089,SUB-ENG,94.7,A+,True,SCH-001
STU-2026-0597,EXM-0089,SUB-ENG,77.5,B,True,SCH-001
STU-2026-0598,EXM-0089,SUB-ENG,92.6,A+,True,SCH-001
STU-2026-0599,EXM-0089,SUB-ENG,47.9,F,True,SCH-001
STU-2026-0600,EXM-0089,SUB-ENG,55.5,D,True,SCH-001
STU-2026-0529,EXM-0090,SUB-HIST,77.8,B,True,SCH-001
STU-2026-0530,EXM-0090,SUB-HIST,74.9,B,True,SCH-001
STU-2026-0531,EXM-0090,SUB-HIST,81.4,A,True,SCH-001
STU-2026-0532,EXM-0090,SUB-HIST,92.1,A+,True,SCH-001
STU-2026-0533,EXM-0090,SUB-HIST,80.9,A,True,SCH-001
STU-2026-0534,EXM-0090,SUB-HIST,58.5,D,True,SCH-001
STU-2026-0535,EXM-0090,SUB-HIST,99.0,A+,True,SCH-001
STU-2026-0536,EXM-0090,SUB-HIST,95.4,A+,True,SCH-001
STU-2026-0537,EXM-0090,SUB-HIST,99.0,A+,True,SCH-001
STU-2026-0538,EXM-0090,SUB-HIST,80.4,A,True,SCH-001
STU-2026-0539,EXM-0090,SUB-HIST,46.0,F,True,SCH-001
STU-2026-0540,EXM-0090,SUB-HIST,60.9,C,True,SCH-001
STU-2026-0541,EXM-0090,SUB-HIST,56.6,D,True,SCH-001
STU-2026-0542,EXM-0090,SUB-HIST,76.6,B,True,SCH-001
STU-2026-0543,EXM-0090,SUB-HIST,70.4,B,True,SCH-001
STU-2026-0544,EXM-0090,SUB-HIST,84.5,A,True,SCH-001
STU-2026-0545,EXM-0090,SUB-HIST,69.9,C,True,SCH-001
STU-2026-0546,EXM-0090,SUB-HIST,79.3,B,True,SCH-001
STU-2026-0547,EXM-0090,SUB-HIST,77.7,B,True,SCH-001
STU-2026-0548,EXM-0090,SUB-HIST,86.2,A,True,SCH-001
STU-2026-0549,EXM-0090,SUB-HIST,73.3,B,True,SCH-001
STU-2026-0550,EXM-0090,SUB-HIST,76.0,B,True,SCH-001
STU-2026-0551,EXM-0090,SUB-HIST,54.3,D,True,SCH-001
STU-2026-0552,EXM-0090,SUB-HIST,48.8,F,True,SCH-001
STU-2026-0553,EXM-0090,SUB-HIST,74.5,B,True,SCH-001
STU-2026-0554,EXM-0090,SUB-HIST,82.8,A,True,SCH-001
STU-2026-0555,EXM-0090,SUB-HIST,53.9,D,True,SCH-001
STU-2026-0556,EXM-0090,SUB-HIST,75.0,B,True,SCH-001
STU-2026-0557,EXM-0090,SUB-HIST,79.4,B,True,SCH-001
STU-2026-0558,EXM-0090,SUB-HIST,76.4,B,True,SCH-001
STU-2026-0559,EXM-0090,SUB-HIST,82.4,A,True,SCH-001
STU-2026-0560,EXM-0090,SUB-HIST,98.2,A+,True,SCH-001
STU-2026-0561,EXM-0090,SUB-HIST,85.2,A,True,SCH-001
STU-2026-0562,EXM-0090,SUB-HIST,68.5,C,True,SCH-001
STU-2026-0563,EXM-0090,SUB-HIST,74.4,B,True,SCH-001
STU-2026-0564,EXM-0090,SUB-HIST,83.5,A,True,SCH-001
STU-2026-0565,EXM-0090,SUB-HIST,76.5,B,True,SCH-001
STU-2026-0566,EXM-0090,SUB-HIST,89.3,A,True,SCH-001
STU-2026-0567,EXM-0090,SUB-HIST,64.1,C,True,SCH-001
STU-2026-0568,EXM-0090,SUB-HIST,69.8,C,True,SCH-001
STU-2026-0569,EXM-0090,SUB-HIST,66.1,C,True,SCH-001
STU-2026-0570,EXM-0090,SUB-HIST,77.4,B,True,SCH-001
STU-2026-0571,EXM-0090,SUB-HIST,93.2,A+,True,SCH-001
STU-2026-0572,EXM-0090,SUB-HIST,76.6,B,True,SCH-001
STU-2026-0573,EXM-0090,SUB-HIST,62.5,C,True,SCH-001
STU-2026-0574,EXM-0090,SUB-HIST,48.7,F,True,SCH-001
STU-2026-0575,EXM-0090,SUB-HIST,87.2,A,True,SCH-001
STU-2026-0576,EXM-0090,SUB-HIST,70.8,B,True,SCH-001
STU-2026-0577,EXM-0090,SUB-HIST,99.0,A+,True,SCH-001
STU-2026-0578,EXM-0090,SUB-HIST,81.2,A,True,SCH-001
STU-2026-0579,EXM-0090,SUB-HIST,86.5,A,True,SCH-001
STU-2026-0580,EXM-0090,SUB-HIST,94.5,A+,True,SCH-001
STU-2026-0581,EXM-0090,SUB-HIST,71.1,B,True,SCH-001
STU-2026-0582,EXM-0090,SUB-HIST,60.7,C,True,SCH-001
STU-2026-0583,EXM-0090,SUB-HIST,71.0,B,True,SCH-001
STU-2026-0584,EXM-0090,SUB-HIST,78.8,B,True,SCH-001
STU-2026-0585,EXM-0090,SUB-HIST,63.3,C,True,SCH-001
STU-2026-0586,EXM-0090,SUB-HIST,62.9,C,True,SCH-001
STU-2026-0587,EXM-0090,SUB-HIST,87.3,A,True,SCH-001
STU-2026-0588,EXM-0090,SUB-HIST,20.4,F,False,SCH-001
STU-2026-0589,EXM-0090,SUB-HIST,95.0,A+,True,SCH-001
STU-2026-0590,EXM-0090,SUB-HIST,54.3,D,True,SCH-001
STU-2026-0591,EXM-0090,SUB-HIST,86.7,A,True,SCH-001
STU-2026-0592,EXM-0090,SUB-HIST,58.0,D,True,SCH-001
STU-2026-0593,EXM-0090,SUB-HIST,79.8,B,True,SCH-001
STU-2026-0594,EXM-0090,SUB-HIST,75.5,B,True,SCH-001
STU-2026-0595,EXM-0090,SUB-HIST,64.1,C,True,SCH-001
STU-2026-0596,EXM-0090,SUB-HIST,92.3,A+,True,SCH-001
STU-2026-0597,EXM-0090,SUB-HIST,85.6,A,True,SCH-001
STU-2026-0598,EXM-0090,SUB-HIST,89.2,A,True,SCH-001
STU-2026-0599,EXM-0090,SUB-HIST,34.0,F,False,SCH-001
STU-2026-0600,EXM-0090,SUB-HIST,48.9,F,True,SCH-001
STU-2026-0001,EXM-0091,SUB-MATH,20.0,A,True,SCH-001
STU-2026-0002,EXM-0091,SUB-MATH,22.9,A+,True,SCH-001
STU-2026-0003,EXM-0091,SUB-MATH,21.1,A,True,SCH-001
STU-2026-0004,EXM-0091,SUB-MATH,12.3,F,True,SCH-001
STU-2026-0005,EXM-0091,SUB-MATH,18.4,B,True,SCH-001
STU-2026-0006,EXM-0091,SUB-MATH,17.6,B,True,SCH-001
STU-2026-0007,EXM-0091,SUB-MATH,18.2,B,True,SCH-001
STU-2026-0008,EXM-0091,SUB-MATH,12.9,D,True,SCH-001
STU-2026-0009,EXM-0091,SUB-MATH,12.2,F,True,SCH-001
STU-2026-0010,EXM-0091,SUB-MATH,19.0,B,True,SCH-001
STU-2026-0011,EXM-0091,SUB-MATH,23.0,A+,True,SCH-001
STU-2026-0012,EXM-0091,SUB-MATH,20.1,A,True,SCH-001
STU-2026-0013,EXM-0091,SUB-MATH,22.7,A+,True,SCH-001
STU-2026-0014,EXM-0091,SUB-MATH,17.5,B,True,SCH-001
STU-2026-0015,EXM-0091,SUB-MATH,24.3,A+,True,SCH-001
STU-2026-0016,EXM-0091,SUB-MATH,12.2,F,True,SCH-001
STU-2026-0017,EXM-0091,SUB-MATH,22.3,A,True,SCH-001
STU-2026-0018,EXM-0091,SUB-MATH,20.5,A,True,SCH-001
STU-2026-0019,EXM-0091,SUB-MATH,17.8,B,True,SCH-001
STU-2026-0020,EXM-0091,SUB-MATH,16.5,C,True,SCH-001
STU-2026-0021,EXM-0091,SUB-MATH,10.2,F,True,SCH-001
STU-2026-0022,EXM-0091,SUB-MATH,16.1,C,True,SCH-001
STU-2026-0023,EXM-0091,SUB-MATH,17.4,C,True,SCH-001
STU-2026-0024,EXM-0091,SUB-MATH,20.7,A,True,SCH-001
STU-2026-0025,EXM-0091,SUB-MATH,19.0,B,True,SCH-001
STU-2026-0026,EXM-0091,SUB-MATH,20.8,A,True,SCH-001
STU-2026-0027,EXM-0091,SUB-MATH,19.5,B,True,SCH-001
STU-2026-0028,EXM-0091,SUB-MATH,17.1,C,True,SCH-001
STU-2026-0029,EXM-0091,SUB-MATH,21.3,A,True,SCH-001
STU-2026-0030,EXM-0091,SUB-MATH,18.6,B,True,SCH-001
STU-2026-0031,EXM-0091,SUB-MATH,18.6,B,True,SCH-001
STU-2026-0032,EXM-0091,SUB-MATH,15.0,C,True,SCH-001
STU-2026-0033,EXM-0091,SUB-MATH,22.9,A+,True,SCH-001
STU-2026-0034,EXM-0091,SUB-MATH,20.3,A,True,SCH-001
STU-2026-0035,EXM-0091,SUB-MATH,22.6,A+,True,SCH-001
STU-2026-0036,EXM-0091,SUB-MATH,24.6,A+,True,SCH-001
STU-2026-0037,EXM-0091,SUB-MATH,20.5,A,True,SCH-001
STU-2026-0038,EXM-0091,SUB-MATH,19.8,B,True,SCH-001
STU-2026-0039,EXM-0091,SUB-MATH,13.9,D,True,SCH-001
STU-2026-0040,EXM-0091,SUB-MATH,12.4,F,True,SCH-001
STU-2026-0041,EXM-0091,SUB-MATH,18.1,B,True,SCH-001
STU-2026-0042,EXM-0091,SUB-MATH,18.5,B,True,SCH-001
STU-2026-0043,EXM-0091,SUB-MATH,20.3,A,True,SCH-001
STU-2026-0044,EXM-0091,SUB-MATH,8.8,F,False,SCH-001
STU-2026-0045,EXM-0091,SUB-MATH,17.6,B,True,SCH-001
STU-2026-0046,EXM-0091,SUB-MATH,19.7,B,True,SCH-001
STU-2026-0047,EXM-0091,SUB-MATH,18.9,B,True,SCH-001
STU-2026-0048,EXM-0091,SUB-MATH,19.5,B,True,SCH-001
STU-2026-0049,EXM-0091,SUB-MATH,16.8,C,True,SCH-001
STU-2026-0050,EXM-0091,SUB-MATH,21.5,A,True,SCH-001
STU-2026-0051,EXM-0091,SUB-MATH,18.7,B,True,SCH-001
STU-2026-0052,EXM-0091,SUB-MATH,16.2,C,True,SCH-001
STU-2026-0053,EXM-0091,SUB-MATH,23.7,A+,True,SCH-001
STU-2026-0054,EXM-0091,SUB-MATH,8.2,F,False,SCH-001
STU-2026-0055,EXM-0091,SUB-MATH,23.2,A+,True,SCH-001
STU-2026-0056,EXM-0091,SUB-MATH,22.7,A+,True,SCH-001
STU-2026-0057,EXM-0091,SUB-MATH,17.1,C,True,SCH-001
STU-2026-0058,EXM-0091,SUB-MATH,18.3,B,True,SCH-001
STU-2026-0059,EXM-0091,SUB-MATH,21.3,A,True,SCH-001
STU-2026-0060,EXM-0091,SUB-MATH,21.8,A,True,SCH-001
STU-2026-0061,EXM-0091,SUB-MATH,19.2,B,True,SCH-001
STU-2026-0062,EXM-0091,SUB-MATH,18.5,B,True,SCH-001
STU-2026-0063,EXM-0091,SUB-MATH,16.7,C,True,SCH-001
STU-2026-0064,EXM-0091,SUB-MATH,19.0,B,True,SCH-001
STU-2026-0065,EXM-0091,SUB-MATH,15.1,C,True,SCH-001
STU-2026-0066,EXM-0091,SUB-MATH,14.9,D,True,SCH-001
STU-2026-0001,EXM-0092,SUB-PHY,17.1,C,True,SCH-001
STU-2026-0002,EXM-0092,SUB-PHY,20.3,A,True,SCH-001
STU-2026-0003,EXM-0092,SUB-PHY,21.7,A,True,SCH-001
STU-2026-0004,EXM-0092,SUB-PHY,9.9,F,True,SCH-001
STU-2026-0005,EXM-0092,SUB-PHY,18.3,B,True,SCH-001
STU-2026-0006,EXM-0092,SUB-PHY,20.0,A,True,SCH-001
STU-2026-0007,EXM-0092,SUB-PHY,17.1,C,True,SCH-001
STU-2026-0008,EXM-0092,SUB-PHY,8.1,F,False,SCH-001
STU-2026-0009,EXM-0092,SUB-PHY,14.3,D,True,SCH-001
STU-2026-0010,EXM-0092,SUB-PHY,19.7,B,True,SCH-001
STU-2026-0011,EXM-0092,SUB-PHY,21.5,A,True,SCH-001
STU-2026-0012,EXM-0092,SUB-PHY,20.5,A,True,SCH-001
STU-2026-0013,EXM-0092,SUB-PHY,21.1,A,True,SCH-001
STU-2026-0014,EXM-0092,SUB-PHY,18.5,B,True,SCH-001
STU-2026-0015,EXM-0092,SUB-PHY,18.1,B,True,SCH-001
STU-2026-0016,EXM-0092,SUB-PHY,17.4,C,True,SCH-001
STU-2026-0017,EXM-0092,SUB-PHY,17.4,C,True,SCH-001
STU-2026-0018,EXM-0092,SUB-PHY,22.5,A+,True,SCH-001
STU-2026-0019,EXM-0092,SUB-PHY,17.5,B,True,SCH-001
STU-2026-0020,EXM-0092,SUB-PHY,16.5,C,True,SCH-001
STU-2026-0021,EXM-0092,SUB-PHY,12.6,D,True,SCH-001
STU-2026-0022,EXM-0092,SUB-PHY,16.1,C,True,SCH-001
STU-2026-0023,EXM-0092,SUB-PHY,20.7,A,True,SCH-001
STU-2026-0024,EXM-0092,SUB-PHY,16.8,C,True,SCH-001
STU-2026-0025,EXM-0092,SUB-PHY,18.5,B,True,SCH-001
STU-2026-0026,EXM-0092,SUB-PHY,22.0,A,True,SCH-001
STU-2026-0027,EXM-0092,SUB-PHY,18.7,B,True,SCH-001
STU-2026-0028,EXM-0092,SUB-PHY,16.8,C,True,SCH-001
STU-2026-0029,EXM-0092,SUB-PHY,20.7,A,True,SCH-001
STU-2026-0030,EXM-0092,SUB-PHY,17.6,B,True,SCH-001
STU-2026-0031,EXM-0092,SUB-PHY,20.8,A,True,SCH-001
STU-2026-0032,EXM-0092,SUB-PHY,18.7,B,True,SCH-001
STU-2026-0033,EXM-0092,SUB-PHY,24.3,A+,True,SCH-001
STU-2026-0034,EXM-0092,SUB-PHY,20.0,A,True,SCH-001
STU-2026-0035,EXM-0092,SUB-PHY,23.9,A+,True,SCH-001
STU-2026-0036,EXM-0092,SUB-PHY,20.3,A,True,SCH-001
STU-2026-0037,EXM-0092,SUB-PHY,20.6,A,True,SCH-001
STU-2026-0038,EXM-0092,SUB-PHY,22.6,A+,True,SCH-001
STU-2026-0039,EXM-0092,SUB-PHY,15.6,C,True,SCH-001
STU-2026-0040,EXM-0092,SUB-PHY,12.5,D,True,SCH-001
STU-2026-0041,EXM-0092,SUB-PHY,21.5,A,True,SCH-001
STU-2026-0042,EXM-0092,SUB-PHY,18.8,B,True,SCH-001
STU-2026-0043,EXM-0092,SUB-PHY,19.8,B,True,SCH-001
STU-2026-0044,EXM-0092,SUB-PHY,9.7,F,True,SCH-001
STU-2026-0045,EXM-0092,SUB-PHY,17.3,C,True,SCH-001
STU-2026-0046,EXM-0092,SUB-PHY,18.6,B,True,SCH-001
STU-2026-0047,EXM-0092,SUB-PHY,20.4,A,True,SCH-001
STU-2026-0048,EXM-0092,SUB-PHY,21.0,A,True,SCH-001
STU-2026-0049,EXM-0092,SUB-PHY,21.7,A,True,SCH-001
STU-2026-0050,EXM-0092,SUB-PHY,22.3,A,True,SCH-001
STU-2026-0051,EXM-0092,SUB-PHY,16.8,C,True,SCH-001
STU-2026-0052,EXM-0092,SUB-PHY,19.5,B,True,SCH-001
STU-2026-0053,EXM-0092,SUB-PHY,21.1,A,True,SCH-001
STU-2026-0054,EXM-0092,SUB-PHY,12.5,D,True,SCH-001
STU-2026-0055,EXM-0092,SUB-PHY,23.8,A+,True,SCH-001
STU-2026-0056,EXM-0092,SUB-PHY,24.2,A+,True,SCH-001
STU-2026-0057,EXM-0092,SUB-PHY,16.8,C,True,SCH-001
STU-2026-0058,EXM-0092,SUB-PHY,17.6,B,True,SCH-001
STU-2026-0059,EXM-0092,SUB-PHY,20.8,A,True,SCH-001
STU-2026-0060,EXM-0092,SUB-PHY,19.3,B,True,SCH-001
STU-2026-0061,EXM-0092,SUB-PHY,18.6,B,True,SCH-001
STU-2026-0062,EXM-0092,SUB-PHY,19.2,B,True,SCH-001
STU-2026-0063,EXM-0092,SUB-PHY,19.0,B,True,SCH-001
STU-2026-0064,EXM-0092,SUB-PHY,18.6,B,True,SCH-001
STU-2026-0065,EXM-0092,SUB-PHY,17.9,B,True,SCH-001
STU-2026-0066,EXM-0092,SUB-PHY,13.2,D,True,SCH-001
STU-2026-0001,EXM-0093,SUB-CHEM,21.2,A,True,SCH-001
STU-2026-0002,EXM-0093,SUB-CHEM,24.8,A+,True,SCH-001
STU-2026-0003,EXM-0093,SUB-CHEM,24.0,A+,True,SCH-001
STU-2026-0004,EXM-0093,SUB-CHEM,12.2,F,True,SCH-001
STU-2026-0005,EXM-0093,SUB-CHEM,23.0,A+,True,SCH-001
STU-2026-0006,EXM-0093,SUB-CHEM,18.9,B,True,SCH-001
STU-2026-0007,EXM-0093,SUB-CHEM,16.0,C,True,SCH-001
STU-2026-0008,EXM-0093,SUB-CHEM,9.4,F,True,SCH-001
STU-2026-0009,EXM-0093,SUB-CHEM,13.0,D,True,SCH-001
STU-2026-0010,EXM-0093,SUB-CHEM,19.1,B,True,SCH-001
STU-2026-0011,EXM-0093,SUB-CHEM,24.8,A+,True,SCH-001
STU-2026-0012,EXM-0093,SUB-CHEM,21.8,A,True,SCH-001
STU-2026-0013,EXM-0093,SUB-CHEM,24.4,A+,True,SCH-001
STU-2026-0014,EXM-0093,SUB-CHEM,13.3,D,True,SCH-001
STU-2026-0015,EXM-0093,SUB-CHEM,21.1,A,True,SCH-001
STU-2026-0016,EXM-0093,SUB-CHEM,13.2,D,True,SCH-001
STU-2026-0017,EXM-0093,SUB-CHEM,19.2,B,True,SCH-001
STU-2026-0018,EXM-0093,SUB-CHEM,19.4,B,True,SCH-001
STU-2026-0019,EXM-0093,SUB-CHEM,16.2,C,True,SCH-001
STU-2026-0020,EXM-0093,SUB-CHEM,15.5,C,True,SCH-001
STU-2026-0021,EXM-0093,SUB-CHEM,10.8,F,True,SCH-001
STU-2026-0022,EXM-0093,SUB-CHEM,17.2,C,True,SCH-001
STU-2026-0023,EXM-0093,SUB-CHEM,19.8,B,True,SCH-001
STU-2026-0024,EXM-0093,SUB-CHEM,18.1,B,True,SCH-001
STU-2026-0025,EXM-0093,SUB-CHEM,22.8,A+,True,SCH-001
STU-2026-0026,EXM-0093,SUB-CHEM,21.3,A,True,SCH-001
STU-2026-0027,EXM-0093,SUB-CHEM,19.0,B,True,SCH-001
STU-2026-0028,EXM-0093,SUB-CHEM,17.5,B,True,SCH-001
STU-2026-0029,EXM-0093,SUB-CHEM,21.5,A,True,SCH-001
STU-2026-0030,EXM-0093,SUB-CHEM,18.6,B,True,SCH-001
STU-2026-0031,EXM-0093,SUB-CHEM,20.5,A,True,SCH-001
STU-2026-0032,EXM-0093,SUB-CHEM,17.5,B,True,SCH-001
STU-2026-0033,EXM-0093,SUB-CHEM,20.1,A,True,SCH-001
STU-2026-0034,EXM-0093,SUB-CHEM,18.2,B,True,SCH-001
STU-2026-0035,EXM-0093,SUB-CHEM,21.7,A,True,SCH-001
STU-2026-0036,EXM-0093,SUB-CHEM,23.0,A+,True,SCH-001
STU-2026-0037,EXM-0093,SUB-CHEM,21.4,A,True,SCH-001
STU-2026-0038,EXM-0093,SUB-CHEM,21.6,A,True,SCH-001
STU-2026-0039,EXM-0093,SUB-CHEM,13.1,D,True,SCH-001
STU-2026-0040,EXM-0093,SUB-CHEM,14.7,D,True,SCH-001
STU-2026-0041,EXM-0093,SUB-CHEM,18.5,B,True,SCH-001
STU-2026-0042,EXM-0093,SUB-CHEM,16.6,C,True,SCH-001
STU-2026-0043,EXM-0093,SUB-CHEM,21.3,A,True,SCH-001
STU-2026-0044,EXM-0093,SUB-CHEM,10.7,F,True,SCH-001
STU-2026-0045,EXM-0093,SUB-CHEM,15.3,C,True,SCH-001
STU-2026-0046,EXM-0093,SUB-CHEM,19.0,B,True,SCH-001
STU-2026-0047,EXM-0093,SUB-CHEM,21.7,A,True,SCH-001
STU-2026-0048,EXM-0093,SUB-CHEM,20.6,A,True,SCH-001
STU-2026-0049,EXM-0093,SUB-CHEM,21.5,A,True,SCH-001
STU-2026-0050,EXM-0093,SUB-CHEM,19.2,B,True,SCH-001
STU-2026-0051,EXM-0093,SUB-CHEM,17.0,C,True,SCH-001
STU-2026-0052,EXM-0093,SUB-CHEM,18.1,B,True,SCH-001
STU-2026-0053,EXM-0093,SUB-CHEM,21.1,A,True,SCH-001
STU-2026-0054,EXM-0093,SUB-CHEM,10.7,F,True,SCH-001
STU-2026-0055,EXM-0093,SUB-CHEM,21.8,A,True,SCH-001
STU-2026-0056,EXM-0093,SUB-CHEM,23.6,A+,True,SCH-001
STU-2026-0057,EXM-0093,SUB-CHEM,18.5,B,True,SCH-001
STU-2026-0058,EXM-0093,SUB-CHEM,17.4,C,True,SCH-001
STU-2026-0059,EXM-0093,SUB-CHEM,18.3,B,True,SCH-001
STU-2026-0060,EXM-0093,SUB-CHEM,16.0,C,True,SCH-001
STU-2026-0061,EXM-0093,SUB-CHEM,16.8,C,True,SCH-001
STU-2026-0062,EXM-0093,SUB-CHEM,16.3,C,True,SCH-001
STU-2026-0063,EXM-0093,SUB-CHEM,21.0,A,True,SCH-001
STU-2026-0064,EXM-0093,SUB-CHEM,18.3,B,True,SCH-001
STU-2026-0065,EXM-0093,SUB-CHEM,19.4,B,True,SCH-001
STU-2026-0066,EXM-0093,SUB-CHEM,15.6,C,True,SCH-001
STU-2026-0001,EXM-0094,SUB-ENG,20.7,A,True,SCH-001
STU-2026-0002,EXM-0094,SUB-ENG,18.1,B,True,SCH-001
STU-2026-0003,EXM-0094,SUB-ENG,24.8,A+,True,SCH-001
STU-2026-0004,EXM-0094,SUB-ENG,8.0,F,False,SCH-001
STU-2026-0005,EXM-0094,SUB-ENG,21.0,A,True,SCH-001
STU-2026-0006,EXM-0094,SUB-ENG,20.5,A,True,SCH-001
STU-2026-0007,EXM-0094,SUB-ENG,17.8,B,True,SCH-001
STU-2026-0008,EXM-0094,SUB-ENG,10.0,F,True,SCH-001
STU-2026-0009,EXM-0094,SUB-ENG,12.7,D,True,SCH-001
STU-2026-0010,EXM-0094,SUB-ENG,17.7,B,True,SCH-001
STU-2026-0011,EXM-0094,SUB-ENG,23.7,A+,True,SCH-001
STU-2026-0012,EXM-0094,SUB-ENG,21.4,A,True,SCH-001
STU-2026-0013,EXM-0094,SUB-ENG,20.8,A,True,SCH-001
STU-2026-0014,EXM-0094,SUB-ENG,17.5,B,True,SCH-001
STU-2026-0015,EXM-0094,SUB-ENG,18.3,B,True,SCH-001
STU-2026-0016,EXM-0094,SUB-ENG,16.2,C,True,SCH-001
STU-2026-0017,EXM-0094,SUB-ENG,23.0,A+,True,SCH-001
STU-2026-0018,EXM-0094,SUB-ENG,24.7,A+,True,SCH-001
STU-2026-0019,EXM-0094,SUB-ENG,14.6,D,True,SCH-001
STU-2026-0020,EXM-0094,SUB-ENG,18.0,B,True,SCH-001
STU-2026-0021,EXM-0094,SUB-ENG,14.2,D,True,SCH-001
STU-2026-0022,EXM-0094,SUB-ENG,17.6,B,True,SCH-001
STU-2026-0023,EXM-0094,SUB-ENG,19.5,B,True,SCH-001
STU-2026-0024,EXM-0094,SUB-ENG,17.1,C,True,SCH-001
STU-2026-0025,EXM-0094,SUB-ENG,16.8,C,True,SCH-001
STU-2026-0026,EXM-0094,SUB-ENG,18.2,B,True,SCH-001
STU-2026-0027,EXM-0094,SUB-ENG,17.9,B,True,SCH-001
STU-2026-0028,EXM-0094,SUB-ENG,17.0,C,True,SCH-001
STU-2026-0029,EXM-0094,SUB-ENG,20.2,A,True,SCH-001
STU-2026-0030,EXM-0094,SUB-ENG,17.1,C,True,SCH-001
STU-2026-0031,EXM-0094,SUB-ENG,22.8,A+,True,SCH-001
STU-2026-0032,EXM-0094,SUB-ENG,17.2,C,True,SCH-001
STU-2026-0033,EXM-0094,SUB-ENG,24.8,A+,True,SCH-001
STU-2026-0034,EXM-0094,SUB-ENG,22.6,A+,True,SCH-001
STU-2026-0035,EXM-0094,SUB-ENG,20.0,A,True,SCH-001
STU-2026-0036,EXM-0094,SUB-ENG,24.1,A+,True,SCH-001
STU-2026-0037,EXM-0094,SUB-ENG,18.2,B,True,SCH-001
STU-2026-0038,EXM-0094,SUB-ENG,18.0,B,True,SCH-001
STU-2026-0039,EXM-0094,SUB-ENG,13.4,D,True,SCH-001
STU-2026-0040,EXM-0094,SUB-ENG,11.4,F,True,SCH-001
STU-2026-0041,EXM-0094,SUB-ENG,21.6,A,True,SCH-001
STU-2026-0042,EXM-0094,SUB-ENG,23.0,A+,True,SCH-001
STU-2026-0043,EXM-0094,SUB-ENG,21.5,A,True,SCH-001
STU-2026-0044,EXM-0094,SUB-ENG,5.9,F,False,SCH-001
STU-2026-0045,EXM-0094,SUB-ENG,18.4,B,True,SCH-001
STU-2026-0046,EXM-0094,SUB-ENG,17.1,C,True,SCH-001
STU-2026-0047,EXM-0094,SUB-ENG,20.6,A,True,SCH-001
STU-2026-0048,EXM-0094,SUB-ENG,20.1,A,True,SCH-001
STU-2026-0049,EXM-0094,SUB-ENG,19.8,B,True,SCH-001
STU-2026-0050,EXM-0094,SUB-ENG,18.2,B,True,SCH-001
STU-2026-0051,EXM-0094,SUB-ENG,19.8,B,True,SCH-001
STU-2026-0052,EXM-0094,SUB-ENG,18.1,B,True,SCH-001
STU-2026-0053,EXM-0094,SUB-ENG,22.7,A+,True,SCH-001
STU-2026-0054,EXM-0094,SUB-ENG,9.1,F,True,SCH-001
STU-2026-0055,EXM-0094,SUB-ENG,23.1,A+,True,SCH-001
STU-2026-0056,EXM-0094,SUB-ENG,23.4,A+,True,SCH-001
STU-2026-0057,EXM-0094,SUB-ENG,14.9,D,True,SCH-001
STU-2026-0058,EXM-0094,SUB-ENG,17.5,B,True,SCH-001
STU-2026-0059,EXM-0094,SUB-ENG,20.0,A,True,SCH-001
STU-2026-0060,EXM-0094,SUB-ENG,16.3,C,True,SCH-001
STU-2026-0061,EXM-0094,SUB-ENG,19.9,B,True,SCH-001
STU-2026-0062,EXM-0094,SUB-ENG,19.6,B,True,SCH-001
STU-2026-0063,EXM-0094,SUB-ENG,19.2,B,True,SCH-001
STU-2026-0064,EXM-0094,SUB-ENG,16.5,C,True,SCH-001
STU-2026-0065,EXM-0094,SUB-ENG,16.5,C,True,SCH-001
STU-2026-0066,EXM-0094,SUB-ENG,16.5,C,True,SCH-001
STU-2026-0001,EXM-0095,SUB-HIST,20.3,A,True,SCH-001
STU-2026-0002,EXM-0095,SUB-HIST,23.7,A+,True,SCH-001
STU-2026-0003,EXM-0095,SUB-HIST,21.9,A,True,SCH-001
STU-2026-0004,EXM-0095,SUB-HIST,10.9,F,True,SCH-001
STU-2026-0005,EXM-0095,SUB-HIST,16.4,C,True,SCH-001
STU-2026-0006,EXM-0095,SUB-HIST,20.7,A,True,SCH-001
STU-2026-0007,EXM-0095,SUB-HIST,14.8,D,True,SCH-001
STU-2026-0008,EXM-0095,SUB-HIST,12.6,D,True,SCH-001
STU-2026-0009,EXM-0095,SUB-HIST,11.8,F,True,SCH-001
STU-2026-0010,EXM-0095,SUB-HIST,21.0,A,True,SCH-001
STU-2026-0011,EXM-0095,SUB-HIST,21.0,A,True,SCH-001
STU-2026-0012,EXM-0095,SUB-HIST,18.6,B,True,SCH-001
STU-2026-0013,EXM-0095,SUB-HIST,22.2,A,True,SCH-001
STU-2026-0014,EXM-0095,SUB-HIST,20.2,A,True,SCH-001
STU-2026-0015,EXM-0095,SUB-HIST,21.0,A,True,SCH-001
STU-2026-0016,EXM-0095,SUB-HIST,14.1,D,True,SCH-001
STU-2026-0017,EXM-0095,SUB-HIST,20.9,A,True,SCH-001
STU-2026-0018,EXM-0095,SUB-HIST,23.5,A+,True,SCH-001
STU-2026-0019,EXM-0095,SUB-HIST,15.6,C,True,SCH-001
STU-2026-0020,EXM-0095,SUB-HIST,17.6,B,True,SCH-001
STU-2026-0021,EXM-0095,SUB-HIST,11.8,F,True,SCH-001
STU-2026-0022,EXM-0095,SUB-HIST,15.8,C,True,SCH-001
STU-2026-0023,EXM-0095,SUB-HIST,21.2,A,True,SCH-001
STU-2026-0024,EXM-0095,SUB-HIST,17.1,C,True,SCH-001
STU-2026-0025,EXM-0095,SUB-HIST,18.5,B,True,SCH-001
STU-2026-0026,EXM-0095,SUB-HIST,18.8,B,True,SCH-001
STU-2026-0027,EXM-0095,SUB-HIST,18.3,B,True,SCH-001
STU-2026-0028,EXM-0095,SUB-HIST,16.5,C,True,SCH-001
STU-2026-0029,EXM-0095,SUB-HIST,18.2,B,True,SCH-001
STU-2026-0030,EXM-0095,SUB-HIST,23.2,A+,True,SCH-001
STU-2026-0031,EXM-0095,SUB-HIST,19.9,B,True,SCH-001
STU-2026-0032,EXM-0095,SUB-HIST,15.9,C,True,SCH-001
STU-2026-0033,EXM-0095,SUB-HIST,23.6,A+,True,SCH-001
STU-2026-0034,EXM-0095,SUB-HIST,22.6,A+,True,SCH-001
STU-2026-0035,EXM-0095,SUB-HIST,20.1,A,True,SCH-001
STU-2026-0036,EXM-0095,SUB-HIST,19.9,B,True,SCH-001
STU-2026-0037,EXM-0095,SUB-HIST,20.0,A,True,SCH-001
STU-2026-0038,EXM-0095,SUB-HIST,19.4,B,True,SCH-001
STU-2026-0039,EXM-0095,SUB-HIST,13.8,D,True,SCH-001
STU-2026-0040,EXM-0095,SUB-HIST,14.8,D,True,SCH-001
STU-2026-0041,EXM-0095,SUB-HIST,20.5,A,True,SCH-001
STU-2026-0042,EXM-0095,SUB-HIST,21.8,A,True,SCH-001
STU-2026-0043,EXM-0095,SUB-HIST,21.6,A,True,SCH-001
STU-2026-0044,EXM-0095,SUB-HIST,10.7,F,True,SCH-001
STU-2026-0045,EXM-0095,SUB-HIST,20.2,A,True,SCH-001
STU-2026-0046,EXM-0095,SUB-HIST,16.3,C,True,SCH-001
STU-2026-0047,EXM-0095,SUB-HIST,19.2,B,True,SCH-001
STU-2026-0048,EXM-0095,SUB-HIST,18.0,B,True,SCH-001
STU-2026-0049,EXM-0095,SUB-HIST,22.6,A+,True,SCH-001
STU-2026-0050,EXM-0095,SUB-HIST,16.8,C,True,SCH-001
STU-2026-0051,EXM-0095,SUB-HIST,18.6,B,True,SCH-001
STU-2026-0052,EXM-0095,SUB-HIST,17.1,C,True,SCH-001
STU-2026-0053,EXM-0095,SUB-HIST,19.2,B,True,SCH-001
STU-2026-0054,EXM-0095,SUB-HIST,10.0,F,True,SCH-001
STU-2026-0055,EXM-0095,SUB-HIST,22.8,A+,True,SCH-001
STU-2026-0056,EXM-0095,SUB-HIST,20.6,A,True,SCH-001
STU-2026-0057,EXM-0095,SUB-HIST,13.8,D,True,SCH-001
STU-2026-0058,EXM-0095,SUB-HIST,15.9,C,True,SCH-001
STU-2026-0059,EXM-0095,SUB-HIST,21.4,A,True,SCH-001
STU-2026-0060,EXM-0095,SUB-HIST,19.0,B,True,SCH-001
STU-2026-0061,EXM-0095,SUB-HIST,18.9,B,True,SCH-001
STU-2026-0062,EXM-0095,SUB-HIST,20.4,A,True,SCH-001
STU-2026-0063,EXM-0095,SUB-HIST,16.2,C,True,SCH-001
STU-2026-0064,EXM-0095,SUB-HIST,18.4,B,True,SCH-001
STU-2026-0065,EXM-0095,SUB-HIST,16.1,C,True,SCH-001
STU-2026-0066,EXM-0095,SUB-HIST,18.2,B,True,SCH-001
STU-2026-0067,EXM-0096,SUB-MATH,10.7,F,True,SCH-001
STU-2026-0068,EXM-0096,SUB-MATH,20.7,A,True,SCH-001
STU-2026-0069,EXM-0096,SUB-MATH,12.9,D,True,SCH-001
STU-2026-0070,EXM-0096,SUB-MATH,19.2,B,True,SCH-001
STU-2026-0071,EXM-0096,SUB-MATH,16.8,C,True,SCH-001
STU-2026-0072,EXM-0096,SUB-MATH,18.6,B,True,SCH-001
STU-2026-0073,EXM-0096,SUB-MATH,19.7,B,True,SCH-001
STU-2026-0074,EXM-0096,SUB-MATH,16.9,C,True,SCH-001
STU-2026-0075,EXM-0096,SUB-MATH,19.2,B,True,SCH-001
STU-2026-0076,EXM-0096,SUB-MATH,17.0,C,True,SCH-001
STU-2026-0077,EXM-0096,SUB-MATH,21.9,A,True,SCH-001
STU-2026-0078,EXM-0096,SUB-MATH,17.0,C,True,SCH-001
STU-2026-0079,EXM-0096,SUB-MATH,18.4,B,True,SCH-001
STU-2026-0080,EXM-0096,SUB-MATH,21.3,A,True,SCH-001
STU-2026-0081,EXM-0096,SUB-MATH,18.5,B,True,SCH-001
STU-2026-0082,EXM-0096,SUB-MATH,16.1,C,True,SCH-001
STU-2026-0083,EXM-0096,SUB-MATH,20.8,A,True,SCH-001
STU-2026-0084,EXM-0096,SUB-MATH,22.3,A,True,SCH-001
STU-2026-0085,EXM-0096,SUB-MATH,22.2,A,True,SCH-001
STU-2026-0086,EXM-0096,SUB-MATH,16.9,C,True,SCH-001
STU-2026-0087,EXM-0096,SUB-MATH,21.2,A,True,SCH-001
STU-2026-0088,EXM-0096,SUB-MATH,12.2,F,True,SCH-001
STU-2026-0089,EXM-0096,SUB-MATH,20.1,A,True,SCH-001
STU-2026-0090,EXM-0096,SUB-MATH,17.3,C,True,SCH-001
STU-2026-0091,EXM-0096,SUB-MATH,15.1,C,True,SCH-001
STU-2026-0092,EXM-0096,SUB-MATH,18.5,B,True,SCH-001
STU-2026-0093,EXM-0096,SUB-MATH,16.9,C,True,SCH-001
STU-2026-0094,EXM-0096,SUB-MATH,22.8,A+,True,SCH-001
STU-2026-0095,EXM-0096,SUB-MATH,16.1,C,True,SCH-001
STU-2026-0096,EXM-0096,SUB-MATH,17.2,C,True,SCH-001
STU-2026-0097,EXM-0096,SUB-MATH,8.3,F,False,SCH-001
STU-2026-0098,EXM-0096,SUB-MATH,21.3,A,True,SCH-001
STU-2026-0099,EXM-0096,SUB-MATH,24.8,A+,True,SCH-001
STU-2026-0100,EXM-0096,SUB-MATH,17.5,B,True,SCH-001
STU-2026-0101,EXM-0096,SUB-MATH,22.1,A,True,SCH-001
STU-2026-0102,EXM-0096,SUB-MATH,22.7,A+,True,SCH-001
STU-2026-0103,EXM-0096,SUB-MATH,17.3,C,True,SCH-001
STU-2026-0104,EXM-0096,SUB-MATH,17.6,B,True,SCH-001
STU-2026-0105,EXM-0096,SUB-MATH,14.3,D,True,SCH-001
STU-2026-0106,EXM-0096,SUB-MATH,16.2,C,True,SCH-001
STU-2026-0107,EXM-0096,SUB-MATH,16.5,C,True,SCH-001
STU-2026-0108,EXM-0096,SUB-MATH,18.8,B,True,SCH-001
STU-2026-0109,EXM-0096,SUB-MATH,23.7,A+,True,SCH-001
STU-2026-0110,EXM-0096,SUB-MATH,7.5,F,False,SCH-001
STU-2026-0111,EXM-0096,SUB-MATH,17.7,B,True,SCH-001
STU-2026-0112,EXM-0096,SUB-MATH,18.6,B,True,SCH-001
STU-2026-0113,EXM-0096,SUB-MATH,18.6,B,True,SCH-001
STU-2026-0114,EXM-0096,SUB-MATH,18.5,B,True,SCH-001
STU-2026-0115,EXM-0096,SUB-MATH,18.5,B,True,SCH-001
STU-2026-0116,EXM-0096,SUB-MATH,24.6,A+,True,SCH-001
STU-2026-0117,EXM-0096,SUB-MATH,18.9,B,True,SCH-001
STU-2026-0118,EXM-0096,SUB-MATH,21.3,A,True,SCH-001
STU-2026-0119,EXM-0096,SUB-MATH,24.8,A+,True,SCH-001
STU-2026-0120,EXM-0096,SUB-MATH,6.8,F,False,SCH-001
STU-2026-0121,EXM-0096,SUB-MATH,21.8,A,True,SCH-001
STU-2026-0122,EXM-0096,SUB-MATH,20.6,A,True,SCH-001
STU-2026-0123,EXM-0096,SUB-MATH,17.4,C,True,SCH-001
STU-2026-0124,EXM-0096,SUB-MATH,24.2,A+,True,SCH-001
STU-2026-0125,EXM-0096,SUB-MATH,17.3,C,True,SCH-001
STU-2026-0126,EXM-0096,SUB-MATH,21.3,A,True,SCH-001
STU-2026-0127,EXM-0096,SUB-MATH,21.7,A,True,SCH-001
STU-2026-0128,EXM-0096,SUB-MATH,11.4,F,True,SCH-001
STU-2026-0129,EXM-0096,SUB-MATH,22.3,A,True,SCH-001
STU-2026-0130,EXM-0096,SUB-MATH,20.0,A,True,SCH-001
STU-2026-0131,EXM-0096,SUB-MATH,19.6,B,True,SCH-001
STU-2026-0132,EXM-0096,SUB-MATH,17.9,B,True,SCH-001
STU-2026-0067,EXM-0097,SUB-PHY,9.6,F,True,SCH-001
STU-2026-0068,EXM-0097,SUB-PHY,21.6,A,True,SCH-001
STU-2026-0069,EXM-0097,SUB-PHY,16.2,C,True,SCH-001
STU-2026-0070,EXM-0097,SUB-PHY,20.0,A,True,SCH-001
STU-2026-0071,EXM-0097,SUB-PHY,19.6,B,True,SCH-001
STU-2026-0072,EXM-0097,SUB-PHY,15.7,C,True,SCH-001
STU-2026-0073,EXM-0097,SUB-PHY,19.0,B,True,SCH-001
STU-2026-0074,EXM-0097,SUB-PHY,19.6,B,True,SCH-001
STU-2026-0075,EXM-0097,SUB-PHY,20.7,A,True,SCH-001
STU-2026-0076,EXM-0097,SUB-PHY,17.5,B,True,SCH-001
STU-2026-0077,EXM-0097,SUB-PHY,20.6,A,True,SCH-001
STU-2026-0078,EXM-0097,SUB-PHY,16.3,C,True,SCH-001
STU-2026-0079,EXM-0097,SUB-PHY,18.6,B,True,SCH-001
STU-2026-0080,EXM-0097,SUB-PHY,21.4,A,True,SCH-001
STU-2026-0081,EXM-0097,SUB-PHY,15.5,C,True,SCH-001
STU-2026-0082,EXM-0097,SUB-PHY,18.1,B,True,SCH-001
STU-2026-0083,EXM-0097,SUB-PHY,19.1,B,True,SCH-001
STU-2026-0084,EXM-0097,SUB-PHY,22.9,A+,True,SCH-001
STU-2026-0085,EXM-0097,SUB-PHY,18.9,B,True,SCH-001
STU-2026-0086,EXM-0097,SUB-PHY,16.7,C,True,SCH-001
STU-2026-0087,EXM-0097,SUB-PHY,23.0,A+,True,SCH-001
STU-2026-0088,EXM-0097,SUB-PHY,14.8,D,True,SCH-001
STU-2026-0089,EXM-0097,SUB-PHY,20.3,A,True,SCH-001
STU-2026-0090,EXM-0097,SUB-PHY,17.4,C,True,SCH-001
STU-2026-0091,EXM-0097,SUB-PHY,20.3,A,True,SCH-001
STU-2026-0092,EXM-0097,SUB-PHY,18.7,B,True,SCH-001
STU-2026-0093,EXM-0097,SUB-PHY,17.7,B,True,SCH-001
STU-2026-0094,EXM-0097,SUB-PHY,23.1,A+,True,SCH-001
STU-2026-0095,EXM-0097,SUB-PHY,17.5,B,True,SCH-001
STU-2026-0096,EXM-0097,SUB-PHY,18.3,B,True,SCH-001
STU-2026-0097,EXM-0097,SUB-PHY,4.6,F,False,SCH-001
STU-2026-0098,EXM-0097,SUB-PHY,21.0,A,True,SCH-001
STU-2026-0099,EXM-0097,SUB-PHY,24.1,A+,True,SCH-001
STU-2026-0100,EXM-0097,SUB-PHY,15.8,C,True,SCH-001
STU-2026-0101,EXM-0097,SUB-PHY,19.4,B,True,SCH-001
STU-2026-0102,EXM-0097,SUB-PHY,21.4,A,True,SCH-001
STU-2026-0103,EXM-0097,SUB-PHY,16.3,C,True,SCH-001
STU-2026-0104,EXM-0097,SUB-PHY,11.2,F,True,SCH-001
STU-2026-0105,EXM-0097,SUB-PHY,16.5,C,True,SCH-001
STU-2026-0106,EXM-0097,SUB-PHY,14.8,D,True,SCH-001
STU-2026-0107,EXM-0097,SUB-PHY,16.3,C,True,SCH-001
STU-2026-0108,EXM-0097,SUB-PHY,17.9,B,True,SCH-001
STU-2026-0109,EXM-0097,SUB-PHY,23.7,A+,True,SCH-001
STU-2026-0110,EXM-0097,SUB-PHY,14.1,D,True,SCH-001
STU-2026-0111,EXM-0097,SUB-PHY,16.6,C,True,SCH-001
STU-2026-0112,EXM-0097,SUB-PHY,18.3,B,True,SCH-001
STU-2026-0113,EXM-0097,SUB-PHY,20.1,A,True,SCH-001
STU-2026-0114,EXM-0097,SUB-PHY,22.6,A+,True,SCH-001
STU-2026-0115,EXM-0097,SUB-PHY,19.8,B,True,SCH-001
STU-2026-0116,EXM-0097,SUB-PHY,22.5,A+,True,SCH-001
STU-2026-0117,EXM-0097,SUB-PHY,19.5,B,True,SCH-001
STU-2026-0118,EXM-0097,SUB-PHY,23.9,A+,True,SCH-001
STU-2026-0119,EXM-0097,SUB-PHY,23.0,A+,True,SCH-001
STU-2026-0120,EXM-0097,SUB-PHY,6.2,F,False,SCH-001
STU-2026-0121,EXM-0097,SUB-PHY,19.4,B,True,SCH-001
STU-2026-0122,EXM-0097,SUB-PHY,22.1,A,True,SCH-001
STU-2026-0123,EXM-0097,SUB-PHY,17.7,B,True,SCH-001
STU-2026-0124,EXM-0097,SUB-PHY,24.1,A+,True,SCH-001
STU-2026-0125,EXM-0097,SUB-PHY,19.6,B,True,SCH-001
STU-2026-0126,EXM-0097,SUB-PHY,20.7,A,True,SCH-001
STU-2026-0127,EXM-0097,SUB-PHY,20.0,A,True,SCH-001
STU-2026-0128,EXM-0097,SUB-PHY,14.3,D,True,SCH-001
STU-2026-0129,EXM-0097,SUB-PHY,21.6,A,True,SCH-001
STU-2026-0130,EXM-0097,SUB-PHY,18.3,B,True,SCH-001
STU-2026-0131,EXM-0097,SUB-PHY,18.9,B,True,SCH-001
STU-2026-0132,EXM-0097,SUB-PHY,20.4,A,True,SCH-001
STU-2026-0067,EXM-0098,SUB-CHEM,13.1,D,True,SCH-001
STU-2026-0068,EXM-0098,SUB-CHEM,20.0,A,True,SCH-001
STU-2026-0069,EXM-0098,SUB-CHEM,14.8,D,True,SCH-001
STU-2026-0070,EXM-0098,SUB-CHEM,21.0,A,True,SCH-001
STU-2026-0071,EXM-0098,SUB-CHEM,16.5,C,True,SCH-001
STU-2026-0072,EXM-0098,SUB-CHEM,14.5,D,True,SCH-001
STU-2026-0073,EXM-0098,SUB-CHEM,20.1,A,True,SCH-001
STU-2026-0074,EXM-0098,SUB-CHEM,18.7,B,True,SCH-001
STU-2026-0075,EXM-0098,SUB-CHEM,19.5,B,True,SCH-001
STU-2026-0076,EXM-0098,SUB-CHEM,18.4,B,True,SCH-001
STU-2026-0077,EXM-0098,SUB-CHEM,21.2,A,True,SCH-001
STU-2026-0078,EXM-0098,SUB-CHEM,16.3,C,True,SCH-001
STU-2026-0079,EXM-0098,SUB-CHEM,19.7,B,True,SCH-001
STU-2026-0080,EXM-0098,SUB-CHEM,21.7,A,True,SCH-001
STU-2026-0081,EXM-0098,SUB-CHEM,16.5,C,True,SCH-001
STU-2026-0082,EXM-0098,SUB-CHEM,15.8,C,True,SCH-001
STU-2026-0083,EXM-0098,SUB-CHEM,20.5,A,True,SCH-001
STU-2026-0084,EXM-0098,SUB-CHEM,19.6,B,True,SCH-001
STU-2026-0085,EXM-0098,SUB-CHEM,21.5,A,True,SCH-001
STU-2026-0086,EXM-0098,SUB-CHEM,12.9,D,True,SCH-001
STU-2026-0087,EXM-0098,SUB-CHEM,23.5,A+,True,SCH-001
STU-2026-0088,EXM-0098,SUB-CHEM,15.4,C,True,SCH-001
STU-2026-0089,EXM-0098,SUB-CHEM,16.2,C,True,SCH-001
STU-2026-0090,EXM-0098,SUB-CHEM,20.1,A,True,SCH-001
STU-2026-0091,EXM-0098,SUB-CHEM,20.6,A,True,SCH-001
STU-2026-0092,EXM-0098,SUB-CHEM,17.0,C,True,SCH-001
STU-2026-0093,EXM-0098,SUB-CHEM,19.7,B,True,SCH-001
STU-2026-0094,EXM-0098,SUB-CHEM,19.4,B,True,SCH-001
STU-2026-0095,EXM-0098,SUB-CHEM,16.0,C,True,SCH-001
STU-2026-0096,EXM-0098,SUB-CHEM,20.8,A,True,SCH-001
STU-2026-0097,EXM-0098,SUB-CHEM,10.1,F,True,SCH-001
STU-2026-0098,EXM-0098,SUB-CHEM,21.3,A,True,SCH-001
STU-2026-0099,EXM-0098,SUB-CHEM,24.8,A+,True,SCH-001
STU-2026-0100,EXM-0098,SUB-CHEM,18.8,B,True,SCH-001
STU-2026-0101,EXM-0098,SUB-CHEM,23.5,A+,True,SCH-001
STU-2026-0102,EXM-0098,SUB-CHEM,18.9,B,True,SCH-001
STU-2026-0103,EXM-0098,SUB-CHEM,21.3,A,True,SCH-001
STU-2026-0104,EXM-0098,SUB-CHEM,14.3,D,True,SCH-001
STU-2026-0105,EXM-0098,SUB-CHEM,13.2,D,True,SCH-001
STU-2026-0106,EXM-0098,SUB-CHEM,14.1,D,True,SCH-001
STU-2026-0107,EXM-0098,SUB-CHEM,16.7,C,True,SCH-001
STU-2026-0108,EXM-0098,SUB-CHEM,21.5,A,True,SCH-001
STU-2026-0109,EXM-0098,SUB-CHEM,23.1,A+,True,SCH-001
STU-2026-0110,EXM-0098,SUB-CHEM,9.9,F,True,SCH-001
STU-2026-0111,EXM-0098,SUB-CHEM,16.8,C,True,SCH-001
STU-2026-0112,EXM-0098,SUB-CHEM,19.3,B,True,SCH-001
STU-2026-0113,EXM-0098,SUB-CHEM,18.1,B,True,SCH-001
STU-2026-0114,EXM-0098,SUB-CHEM,18.5,B,True,SCH-001
STU-2026-0115,EXM-0098,SUB-CHEM,18.9,B,True,SCH-001
STU-2026-0116,EXM-0098,SUB-CHEM,24.8,A+,True,SCH-001
STU-2026-0117,EXM-0098,SUB-CHEM,19.6,B,True,SCH-001
STU-2026-0118,EXM-0098,SUB-CHEM,22.1,A,True,SCH-001
STU-2026-0119,EXM-0098,SUB-CHEM,19.7,B,True,SCH-001
STU-2026-0120,EXM-0098,SUB-CHEM,6.3,F,False,SCH-001
STU-2026-0121,EXM-0098,SUB-CHEM,18.9,B,True,SCH-001
STU-2026-0122,EXM-0098,SUB-CHEM,20.7,A,True,SCH-001
STU-2026-0123,EXM-0098,SUB-CHEM,18.1,B,True,SCH-001
STU-2026-0124,EXM-0098,SUB-CHEM,20.4,A,True,SCH-001
STU-2026-0125,EXM-0098,SUB-CHEM,16.2,C,True,SCH-001
STU-2026-0126,EXM-0098,SUB-CHEM,19.6,B,True,SCH-001
STU-2026-0127,EXM-0098,SUB-CHEM,19.1,B,True,SCH-001
STU-2026-0128,EXM-0098,SUB-CHEM,11.1,F,True,SCH-001
STU-2026-0129,EXM-0098,SUB-CHEM,21.0,A,True,SCH-001
STU-2026-0130,EXM-0098,SUB-CHEM,17.9,B,True,SCH-001
STU-2026-0131,EXM-0098,SUB-CHEM,20.6,A,True,SCH-001
STU-2026-0132,EXM-0098,SUB-CHEM,19.5,B,True,SCH-001
STU-2026-0067,EXM-0099,SUB-ENG,10.4,F,True,SCH-001
STU-2026-0068,EXM-0099,SUB-ENG,21.6,A,True,SCH-001
STU-2026-0069,EXM-0099,SUB-ENG,16.9,C,True,SCH-001
STU-2026-0070,EXM-0099,SUB-ENG,23.7,A+,True,SCH-001
STU-2026-0071,EXM-0099,SUB-ENG,17.0,C,True,SCH-001
STU-2026-0072,EXM-0099,SUB-ENG,17.3,C,True,SCH-001
STU-2026-0073,EXM-0099,SUB-ENG,18.0,B,True,SCH-001
STU-2026-0074,EXM-0099,SUB-ENG,20.4,A,True,SCH-001
STU-2026-0075,EXM-0099,SUB-ENG,17.9,B,True,SCH-001
STU-2026-0076,EXM-0099,SUB-ENG,14.7,D,True,SCH-001
STU-2026-0077,EXM-0099,SUB-ENG,15.5,C,True,SCH-001
STU-2026-0078,EXM-0099,SUB-ENG,19.0,B,True,SCH-001
STU-2026-0079,EXM-0099,SUB-ENG,19.9,B,True,SCH-001
STU-2026-0080,EXM-0099,SUB-ENG,21.2,A,True,SCH-001
STU-2026-0081,EXM-0099,SUB-ENG,16.7,C,True,SCH-001
STU-2026-0082,EXM-0099,SUB-ENG,15.6,C,True,SCH-001
STU-2026-0083,EXM-0099,SUB-ENG,19.0,B,True,SCH-001
STU-2026-0084,EXM-0099,SUB-ENG,20.5,A,True,SCH-001
STU-2026-0085,EXM-0099,SUB-ENG,21.5,A,True,SCH-001
STU-2026-0086,EXM-0099,SUB-ENG,14.3,D,True,SCH-001
STU-2026-0087,EXM-0099,SUB-ENG,23.1,A+,True,SCH-001
STU-2026-0088,EXM-0099,SUB-ENG,13.5,D,True,SCH-001
STU-2026-0089,EXM-0099,SUB-ENG,20.1,A,True,SCH-001
STU-2026-0090,EXM-0099,SUB-ENG,17.0,C,True,SCH-001
STU-2026-0091,EXM-0099,SUB-ENG,18.8,B,True,SCH-001
STU-2026-0092,EXM-0099,SUB-ENG,17.8,B,True,SCH-001
STU-2026-0093,EXM-0099,SUB-ENG,19.2,B,True,SCH-001
STU-2026-0094,EXM-0099,SUB-ENG,22.9,A+,True,SCH-001
STU-2026-0095,EXM-0099,SUB-ENG,18.2,B,True,SCH-001
STU-2026-0096,EXM-0099,SUB-ENG,18.5,B,True,SCH-001
STU-2026-0097,EXM-0099,SUB-ENG,6.3,F,False,SCH-001
STU-2026-0098,EXM-0099,SUB-ENG,24.8,A+,True,SCH-001
STU-2026-0099,EXM-0099,SUB-ENG,22.8,A+,True,SCH-001
STU-2026-0100,EXM-0099,SUB-ENG,16.3,C,True,SCH-001
STU-2026-0101,EXM-0099,SUB-ENG,20.8,A,True,SCH-001
STU-2026-0102,EXM-0099,SUB-ENG,22.1,A,True,SCH-001
STU-2026-0103,EXM-0099,SUB-ENG,16.6,C,True,SCH-001
STU-2026-0104,EXM-0099,SUB-ENG,17.0,C,True,SCH-001
STU-2026-0105,EXM-0099,SUB-ENG,15.2,C,True,SCH-001
STU-2026-0106,EXM-0099,SUB-ENG,13.4,D,True,SCH-001
STU-2026-0107,EXM-0099,SUB-ENG,14.7,D,True,SCH-001
STU-2026-0108,EXM-0099,SUB-ENG,20.6,A,True,SCH-001
STU-2026-0109,EXM-0099,SUB-ENG,22.2,A,True,SCH-001
STU-2026-0110,EXM-0099,SUB-ENG,11.2,F,True,SCH-001
STU-2026-0111,EXM-0099,SUB-ENG,14.1,D,True,SCH-001
STU-2026-0112,EXM-0099,SUB-ENG,21.0,A,True,SCH-001
STU-2026-0113,EXM-0099,SUB-ENG,21.2,A,True,SCH-001
STU-2026-0114,EXM-0099,SUB-ENG,19.3,B,True,SCH-001
STU-2026-0115,EXM-0099,SUB-ENG,19.2,B,True,SCH-001
STU-2026-0116,EXM-0099,SUB-ENG,20.2,A,True,SCH-001
STU-2026-0117,EXM-0099,SUB-ENG,18.7,B,True,SCH-001
STU-2026-0118,EXM-0099,SUB-ENG,20.4,A,True,SCH-001
STU-2026-0119,EXM-0099,SUB-ENG,24.0,A+,True,SCH-001
STU-2026-0120,EXM-0099,SUB-ENG,7.4,F,False,SCH-001
STU-2026-0121,EXM-0099,SUB-ENG,19.6,B,True,SCH-001
STU-2026-0122,EXM-0099,SUB-ENG,23.7,A+,True,SCH-001
STU-2026-0123,EXM-0099,SUB-ENG,16.6,C,True,SCH-001
STU-2026-0124,EXM-0099,SUB-ENG,19.5,B,True,SCH-001
STU-2026-0125,EXM-0099,SUB-ENG,18.6,B,True,SCH-001
STU-2026-0126,EXM-0099,SUB-ENG,18.6,B,True,SCH-001
STU-2026-0127,EXM-0099,SUB-ENG,20.3,A,True,SCH-001
STU-2026-0128,EXM-0099,SUB-ENG,11.6,F,True,SCH-001
STU-2026-0129,EXM-0099,SUB-ENG,21.6,A,True,SCH-001
STU-2026-0130,EXM-0099,SUB-ENG,19.3,B,True,SCH-001
STU-2026-0131,EXM-0099,SUB-ENG,18.2,B,True,SCH-001
STU-2026-0132,EXM-0099,SUB-ENG,20.3,A,True,SCH-001
STU-2026-0067,EXM-0100,SUB-HIST,8.1,F,False,SCH-001
STU-2026-0068,EXM-0100,SUB-HIST,22.7,A+,True,SCH-001
STU-2026-0069,EXM-0100,SUB-HIST,15.7,C,True,SCH-001
STU-2026-0070,EXM-0100,SUB-HIST,20.5,A,True,SCH-001
STU-2026-0071,EXM-0100,SUB-HIST,16.4,C,True,SCH-001
STU-2026-0072,EXM-0100,SUB-HIST,16.3,C,True,SCH-001
STU-2026-0073,EXM-0100,SUB-HIST,18.0,B,True,SCH-001
STU-2026-0074,EXM-0100,SUB-HIST,21.8,A,True,SCH-001
STU-2026-0075,EXM-0100,SUB-HIST,17.1,C,True,SCH-001
STU-2026-0076,EXM-0100,SUB-HIST,17.3,C,True,SCH-001
STU-2026-0077,EXM-0100,SUB-HIST,22.2,A,True,SCH-001
STU-2026-0078,EXM-0100,SUB-HIST,19.0,B,True,SCH-001
STU-2026-0079,EXM-0100,SUB-HIST,15.1,C,True,SCH-001
STU-2026-0080,EXM-0100,SUB-HIST,21.8,A,True,SCH-001
STU-2026-0081,EXM-0100,SUB-HIST,16.2,C,True,SCH-001
STU-2026-0082,EXM-0100,SUB-HIST,12.2,F,True,SCH-001
STU-2026-0083,EXM-0100,SUB-HIST,20.4,A,True,SCH-001
STU-2026-0084,EXM-0100,SUB-HIST,19.7,B,True,SCH-001
STU-2026-0085,EXM-0100,SUB-HIST,21.9,A,True,SCH-001
STU-2026-0086,EXM-0100,SUB-HIST,16.6,C,True,SCH-001
STU-2026-0087,EXM-0100,SUB-HIST,23.9,A+,True,SCH-001
STU-2026-0088,EXM-0100,SUB-HIST,15.5,C,True,SCH-001
STU-2026-0089,EXM-0100,SUB-HIST,16.9,C,True,SCH-001
STU-2026-0090,EXM-0100,SUB-HIST,18.3,B,True,SCH-001
STU-2026-0091,EXM-0100,SUB-HIST,17.5,B,True,SCH-001
STU-2026-0092,EXM-0100,SUB-HIST,15.0,C,True,SCH-001
STU-2026-0093,EXM-0100,SUB-HIST,16.2,C,True,SCH-001
STU-2026-0094,EXM-0100,SUB-HIST,21.1,A,True,SCH-001
STU-2026-0095,EXM-0100,SUB-HIST,15.6,C,True,SCH-001
STU-2026-0096,EXM-0100,SUB-HIST,18.6,B,True,SCH-001
STU-2026-0097,EXM-0100,SUB-HIST,7.2,F,False,SCH-001
STU-2026-0098,EXM-0100,SUB-HIST,24.0,A+,True,SCH-001
STU-2026-0099,EXM-0100,SUB-HIST,20.8,A,True,SCH-001
STU-2026-0100,EXM-0100,SUB-HIST,17.5,B,True,SCH-001
STU-2026-0101,EXM-0100,SUB-HIST,22.0,A,True,SCH-001
STU-2026-0102,EXM-0100,SUB-HIST,19.9,B,True,SCH-001
STU-2026-0103,EXM-0100,SUB-HIST,18.1,B,True,SCH-001
STU-2026-0104,EXM-0100,SUB-HIST,15.9,C,True,SCH-001
STU-2026-0105,EXM-0100,SUB-HIST,16.5,C,True,SCH-001
STU-2026-0106,EXM-0100,SUB-HIST,15.3,C,True,SCH-001
STU-2026-0107,EXM-0100,SUB-HIST,15.9,C,True,SCH-001
STU-2026-0108,EXM-0100,SUB-HIST,19.7,B,True,SCH-001
STU-2026-0109,EXM-0100,SUB-HIST,22.6,A+,True,SCH-001
STU-2026-0110,EXM-0100,SUB-HIST,7.7,F,False,SCH-001
STU-2026-0111,EXM-0100,SUB-HIST,16.1,C,True,SCH-001
STU-2026-0112,EXM-0100,SUB-HIST,16.1,C,True,SCH-001
STU-2026-0113,EXM-0100,SUB-HIST,19.4,B,True,SCH-001
STU-2026-0114,EXM-0100,SUB-HIST,22.4,A,True,SCH-001
STU-2026-0115,EXM-0100,SUB-HIST,17.6,B,True,SCH-001
STU-2026-0116,EXM-0100,SUB-HIST,23.7,A+,True,SCH-001
STU-2026-0117,EXM-0100,SUB-HIST,19.2,B,True,SCH-001
STU-2026-0118,EXM-0100,SUB-HIST,20.1,A,True,SCH-001
STU-2026-0119,EXM-0100,SUB-HIST,23.4,A+,True,SCH-001
STU-2026-0120,EXM-0100,SUB-HIST,10.8,F,True,SCH-001
STU-2026-0121,EXM-0100,SUB-HIST,21.5,A,True,SCH-001
STU-2026-0122,EXM-0100,SUB-HIST,20.5,A,True,SCH-001
STU-2026-0123,EXM-0100,SUB-HIST,14.8,D,True,SCH-001
STU-2026-0124,EXM-0100,SUB-HIST,22.8,A+,True,SCH-001
STU-2026-0125,EXM-0100,SUB-HIST,19.7,B,True,SCH-001
STU-2026-0126,EXM-0100,SUB-HIST,20.8,A,True,SCH-001
STU-2026-0127,EXM-0100,SUB-HIST,21.3,A,True,SCH-001
STU-2026-0128,EXM-0100,SUB-HIST,11.7,F,True,SCH-001
STU-2026-0129,EXM-0100,SUB-HIST,20.7,A,True,SCH-001
STU-2026-0130,EXM-0100,SUB-HIST,17.8,B,True,SCH-001
STU-2026-0131,EXM-0100,SUB-HIST,20.3,A,True,SCH-001
STU-2026-0132,EXM-0100,SUB-HIST,22.4,A,True,SCH-001
STU-2026-0133,EXM-0101,SUB-MATH,17.0,C,True,SCH-001
STU-2026-0134,EXM-0101,SUB-MATH,23.6,A+,True,SCH-001
STU-2026-0135,EXM-0101,SUB-MATH,24.1,A+,True,SCH-001
STU-2026-0136,EXM-0101,SUB-MATH,21.5,A,True,SCH-001
STU-2026-0137,EXM-0101,SUB-MATH,17.8,B,True,SCH-001
STU-2026-0138,EXM-0101,SUB-MATH,21.3,A,True,SCH-001
STU-2026-0139,EXM-0101,SUB-MATH,16.2,C,True,SCH-001
STU-2026-0140,EXM-0101,SUB-MATH,19.8,B,True,SCH-001
STU-2026-0141,EXM-0101,SUB-MATH,19.1,B,True,SCH-001
STU-2026-0142,EXM-0101,SUB-MATH,17.8,B,True,SCH-001
STU-2026-0143,EXM-0101,SUB-MATH,24.3,A+,True,SCH-001
STU-2026-0144,EXM-0101,SUB-MATH,21.3,A,True,SCH-001
STU-2026-0145,EXM-0101,SUB-MATH,21.8,A,True,SCH-001
STU-2026-0146,EXM-0101,SUB-MATH,11.6,F,True,SCH-001
STU-2026-0147,EXM-0101,SUB-MATH,20.3,A,True,SCH-001
STU-2026-0148,EXM-0101,SUB-MATH,21.4,A,True,SCH-001
STU-2026-0149,EXM-0101,SUB-MATH,17.6,B,True,SCH-001
STU-2026-0150,EXM-0101,SUB-MATH,21.1,A,True,SCH-001
STU-2026-0151,EXM-0101,SUB-MATH,18.3,B,True,SCH-001
STU-2026-0152,EXM-0101,SUB-MATH,18.5,B,True,SCH-001
STU-2026-0153,EXM-0101,SUB-MATH,15.7,C,True,SCH-001
STU-2026-0154,EXM-0101,SUB-MATH,18.2,B,True,SCH-001
STU-2026-0155,EXM-0101,SUB-MATH,23.1,A+,True,SCH-001
STU-2026-0156,EXM-0101,SUB-MATH,18.4,B,True,SCH-001
STU-2026-0157,EXM-0101,SUB-MATH,19.1,B,True,SCH-001
STU-2026-0158,EXM-0101,SUB-MATH,21.9,A,True,SCH-001
STU-2026-0159,EXM-0101,SUB-MATH,20.3,A,True,SCH-001
STU-2026-0160,EXM-0101,SUB-MATH,11.6,F,True,SCH-001
STU-2026-0161,EXM-0101,SUB-MATH,20.2,A,True,SCH-001
STU-2026-0162,EXM-0101,SUB-MATH,18.2,B,True,SCH-001
STU-2026-0163,EXM-0101,SUB-MATH,18.6,B,True,SCH-001
STU-2026-0164,EXM-0101,SUB-MATH,20.7,A,True,SCH-001
STU-2026-0165,EXM-0101,SUB-MATH,16.8,C,True,SCH-001
STU-2026-0166,EXM-0101,SUB-MATH,15.9,C,True,SCH-001
STU-2026-0167,EXM-0101,SUB-MATH,22.2,A,True,SCH-001
STU-2026-0168,EXM-0101,SUB-MATH,20.7,A,True,SCH-001
STU-2026-0169,EXM-0101,SUB-MATH,23.1,A+,True,SCH-001
STU-2026-0170,EXM-0101,SUB-MATH,16.6,C,True,SCH-001
STU-2026-0171,EXM-0101,SUB-MATH,17.4,C,True,SCH-001
STU-2026-0172,EXM-0101,SUB-MATH,18.0,B,True,SCH-001
STU-2026-0173,EXM-0101,SUB-MATH,14.3,D,True,SCH-001
STU-2026-0174,EXM-0101,SUB-MATH,17.1,C,True,SCH-001
STU-2026-0175,EXM-0101,SUB-MATH,17.1,C,True,SCH-001
STU-2026-0176,EXM-0101,SUB-MATH,18.6,B,True,SCH-001
STU-2026-0177,EXM-0101,SUB-MATH,18.0,B,True,SCH-001
STU-2026-0178,EXM-0101,SUB-MATH,20.0,A,True,SCH-001
STU-2026-0179,EXM-0101,SUB-MATH,19.7,B,True,SCH-001
STU-2026-0180,EXM-0101,SUB-MATH,14.2,D,True,SCH-001
STU-2026-0181,EXM-0101,SUB-MATH,21.6,A,True,SCH-001
STU-2026-0182,EXM-0101,SUB-MATH,17.4,C,True,SCH-001
STU-2026-0183,EXM-0101,SUB-MATH,19.5,B,True,SCH-001
STU-2026-0184,EXM-0101,SUB-MATH,18.7,B,True,SCH-001
STU-2026-0185,EXM-0101,SUB-MATH,16.6,C,True,SCH-001
STU-2026-0186,EXM-0101,SUB-MATH,12.5,D,True,SCH-001
STU-2026-0187,EXM-0101,SUB-MATH,19.0,B,True,SCH-001
STU-2026-0188,EXM-0101,SUB-MATH,21.2,A,True,SCH-001
STU-2026-0189,EXM-0101,SUB-MATH,19.7,B,True,SCH-001
STU-2026-0190,EXM-0101,SUB-MATH,19.6,B,True,SCH-001
STU-2026-0191,EXM-0101,SUB-MATH,18.6,B,True,SCH-001
STU-2026-0192,EXM-0101,SUB-MATH,23.1,A+,True,SCH-001
STU-2026-0193,EXM-0101,SUB-MATH,16.8,C,True,SCH-001
STU-2026-0194,EXM-0101,SUB-MATH,17.6,B,True,SCH-001
STU-2026-0195,EXM-0101,SUB-MATH,23.6,A+,True,SCH-001
STU-2026-0196,EXM-0101,SUB-MATH,15.3,C,True,SCH-001
STU-2026-0197,EXM-0101,SUB-MATH,18.7,B,True,SCH-001
STU-2026-0198,EXM-0101,SUB-MATH,22.6,A+,True,SCH-001
STU-2026-0133,EXM-0102,SUB-PHY,16.1,C,True,SCH-001
STU-2026-0134,EXM-0102,SUB-PHY,20.6,A,True,SCH-001
STU-2026-0135,EXM-0102,SUB-PHY,23.5,A+,True,SCH-001
STU-2026-0136,EXM-0102,SUB-PHY,22.1,A,True,SCH-001
STU-2026-0137,EXM-0102,SUB-PHY,13.6,D,True,SCH-001
STU-2026-0138,EXM-0102,SUB-PHY,20.0,A,True,SCH-001
STU-2026-0139,EXM-0102,SUB-PHY,15.1,C,True,SCH-001
STU-2026-0140,EXM-0102,SUB-PHY,18.7,B,True,SCH-001
STU-2026-0141,EXM-0102,SUB-PHY,18.1,B,True,SCH-001
STU-2026-0142,EXM-0102,SUB-PHY,17.6,B,True,SCH-001
STU-2026-0143,EXM-0102,SUB-PHY,23.3,A+,True,SCH-001
STU-2026-0144,EXM-0102,SUB-PHY,20.7,A,True,SCH-001
STU-2026-0145,EXM-0102,SUB-PHY,19.7,B,True,SCH-001
STU-2026-0146,EXM-0102,SUB-PHY,13.3,D,True,SCH-001
STU-2026-0147,EXM-0102,SUB-PHY,20.5,A,True,SCH-001
STU-2026-0148,EXM-0102,SUB-PHY,22.4,A,True,SCH-001
STU-2026-0149,EXM-0102,SUB-PHY,14.6,D,True,SCH-001
STU-2026-0150,EXM-0102,SUB-PHY,17.5,B,True,SCH-001
STU-2026-0151,EXM-0102,SUB-PHY,18.4,B,True,SCH-001
STU-2026-0152,EXM-0102,SUB-PHY,21.4,A,True,SCH-001
STU-2026-0153,EXM-0102,SUB-PHY,13.0,D,True,SCH-001
STU-2026-0154,EXM-0102,SUB-PHY,17.9,B,True,SCH-001
STU-2026-0155,EXM-0102,SUB-PHY,22.8,A+,True,SCH-001
STU-2026-0156,EXM-0102,SUB-PHY,15.0,C,True,SCH-001
STU-2026-0157,EXM-0102,SUB-PHY,15.4,C,True,SCH-001
STU-2026-0158,EXM-0102,SUB-PHY,18.5,B,True,SCH-001
STU-2026-0159,EXM-0102,SUB-PHY,23.4,A+,True,SCH-001
STU-2026-0160,EXM-0102,SUB-PHY,12.1,F,True,SCH-001
STU-2026-0161,EXM-0102,SUB-PHY,19.1,B,True,SCH-001
STU-2026-0162,EXM-0102,SUB-PHY,18.5,B,True,SCH-001
STU-2026-0163,EXM-0102,SUB-PHY,18.2,B,True,SCH-001
STU-2026-0164,EXM-0102,SUB-PHY,20.5,A,True,SCH-001
STU-2026-0165,EXM-0102,SUB-PHY,16.2,C,True,SCH-001
STU-2026-0166,EXM-0102,SUB-PHY,18.0,B,True,SCH-001
STU-2026-0167,EXM-0102,SUB-PHY,23.4,A+,True,SCH-001
STU-2026-0168,EXM-0102,SUB-PHY,16.7,C,True,SCH-001
STU-2026-0169,EXM-0102,SUB-PHY,22.5,A+,True,SCH-001
STU-2026-0170,EXM-0102,SUB-PHY,17.6,B,True,SCH-001
STU-2026-0171,EXM-0102,SUB-PHY,19.2,B,True,SCH-001
STU-2026-0172,EXM-0102,SUB-PHY,19.1,B,True,SCH-001
STU-2026-0173,EXM-0102,SUB-PHY,15.1,C,True,SCH-001
STU-2026-0174,EXM-0102,SUB-PHY,18.5,B,True,SCH-001
STU-2026-0175,EXM-0102,SUB-PHY,19.8,B,True,SCH-001
STU-2026-0176,EXM-0102,SUB-PHY,18.7,B,True,SCH-001
STU-2026-0177,EXM-0102,SUB-PHY,16.2,C,True,SCH-001
STU-2026-0178,EXM-0102,SUB-PHY,15.3,C,True,SCH-001
STU-2026-0179,EXM-0102,SUB-PHY,20.5,A,True,SCH-001
STU-2026-0180,EXM-0102,SUB-PHY,12.4,F,True,SCH-001
STU-2026-0181,EXM-0102,SUB-PHY,20.0,A,True,SCH-001
STU-2026-0182,EXM-0102,SUB-PHY,20.9,A,True,SCH-001
STU-2026-0183,EXM-0102,SUB-PHY,18.3,B,True,SCH-001
STU-2026-0184,EXM-0102,SUB-PHY,17.3,C,True,SCH-001
STU-2026-0185,EXM-0102,SUB-PHY,12.1,F,True,SCH-001
STU-2026-0186,EXM-0102,SUB-PHY,10.4,F,True,SCH-001
STU-2026-0187,EXM-0102,SUB-PHY,17.8,B,True,SCH-001
STU-2026-0188,EXM-0102,SUB-PHY,19.5,B,True,SCH-001
STU-2026-0189,EXM-0102,SUB-PHY,23.5,A+,True,SCH-001
STU-2026-0190,EXM-0102,SUB-PHY,18.7,B,True,SCH-001
STU-2026-0191,EXM-0102,SUB-PHY,17.0,C,True,SCH-001
STU-2026-0192,EXM-0102,SUB-PHY,17.8,B,True,SCH-001
STU-2026-0193,EXM-0102,SUB-PHY,17.8,B,True,SCH-001
STU-2026-0194,EXM-0102,SUB-PHY,18.2,B,True,SCH-001
STU-2026-0195,EXM-0102,SUB-PHY,24.8,A+,True,SCH-001
STU-2026-0196,EXM-0102,SUB-PHY,18.2,B,True,SCH-001
STU-2026-0197,EXM-0102,SUB-PHY,18.5,B,True,SCH-001
STU-2026-0198,EXM-0102,SUB-PHY,21.3,A,True,SCH-001
STU-2026-0133,EXM-0103,SUB-CHEM,21.6,A,True,SCH-001
STU-2026-0134,EXM-0103,SUB-CHEM,21.4,A,True,SCH-001
STU-2026-0135,EXM-0103,SUB-CHEM,22.1,A,True,SCH-001
STU-2026-0136,EXM-0103,SUB-CHEM,21.4,A,True,SCH-001
STU-2026-0137,EXM-0103,SUB-CHEM,15.9,C,True,SCH-001
STU-2026-0138,EXM-0103,SUB-CHEM,21.8,A,True,SCH-001
STU-2026-0139,EXM-0103,SUB-CHEM,16.0,C,True,SCH-001
STU-2026-0140,EXM-0103,SUB-CHEM,17.5,B,True,SCH-001
STU-2026-0141,EXM-0103,SUB-CHEM,19.3,B,True,SCH-001
STU-2026-0142,EXM-0103,SUB-CHEM,17.3,C,True,SCH-001
STU-2026-0143,EXM-0103,SUB-CHEM,22.9,A+,True,SCH-001
STU-2026-0144,EXM-0103,SUB-CHEM,17.4,C,True,SCH-001
STU-2026-0145,EXM-0103,SUB-CHEM,19.3,B,True,SCH-001
STU-2026-0146,EXM-0103,SUB-CHEM,15.8,C,True,SCH-001
STU-2026-0147,EXM-0103,SUB-CHEM,22.7,A+,True,SCH-001
STU-2026-0148,EXM-0103,SUB-CHEM,17.9,B,True,SCH-001
STU-2026-0149,EXM-0103,SUB-CHEM,17.9,B,True,SCH-001
STU-2026-0150,EXM-0103,SUB-CHEM,22.6,A+,True,SCH-001
STU-2026-0151,EXM-0103,SUB-CHEM,18.9,B,True,SCH-001
STU-2026-0152,EXM-0103,SUB-CHEM,19.7,B,True,SCH-001
STU-2026-0153,EXM-0103,SUB-CHEM,16.0,C,True,SCH-001
STU-2026-0154,EXM-0103,SUB-CHEM,18.6,B,True,SCH-001
STU-2026-0155,EXM-0103,SUB-CHEM,21.3,A,True,SCH-001
STU-2026-0156,EXM-0103,SUB-CHEM,20.8,A,True,SCH-001
STU-2026-0157,EXM-0103,SUB-CHEM,14.5,D,True,SCH-001
STU-2026-0158,EXM-0103,SUB-CHEM,17.9,B,True,SCH-001
STU-2026-0159,EXM-0103,SUB-CHEM,19.1,B,True,SCH-001
STU-2026-0160,EXM-0103,SUB-CHEM,13.6,D,True,SCH-001
STU-2026-0161,EXM-0103,SUB-CHEM,20.1,A,True,SCH-001
STU-2026-0162,EXM-0103,SUB-CHEM,20.0,A,True,SCH-001
STU-2026-0163,EXM-0103,SUB-CHEM,19.3,B,True,SCH-001
STU-2026-0164,EXM-0103,SUB-CHEM,20.1,A,True,SCH-001
STU-2026-0165,EXM-0103,SUB-CHEM,17.5,B,True,SCH-001
STU-2026-0166,EXM-0103,SUB-CHEM,19.6,B,True,SCH-001
STU-2026-0167,EXM-0103,SUB-CHEM,19.0,B,True,SCH-001
STU-2026-0168,EXM-0103,SUB-CHEM,19.5,B,True,SCH-001
STU-2026-0169,EXM-0103,SUB-CHEM,20.4,A,True,SCH-001
STU-2026-0170,EXM-0103,SUB-CHEM,17.4,C,True,SCH-001
STU-2026-0171,EXM-0103,SUB-CHEM,18.2,B,True,SCH-001
STU-2026-0172,EXM-0103,SUB-CHEM,16.1,C,True,SCH-001
STU-2026-0173,EXM-0103,SUB-CHEM,16.3,C,True,SCH-001
STU-2026-0174,EXM-0103,SUB-CHEM,18.6,B,True,SCH-001
STU-2026-0175,EXM-0103,SUB-CHEM,19.4,B,True,SCH-001
STU-2026-0176,EXM-0103,SUB-CHEM,18.0,B,True,SCH-001
STU-2026-0177,EXM-0103,SUB-CHEM,19.9,B,True,SCH-001
STU-2026-0178,EXM-0103,SUB-CHEM,16.6,C,True,SCH-001
STU-2026-0179,EXM-0103,SUB-CHEM,19.1,B,True,SCH-001
STU-2026-0180,EXM-0103,SUB-CHEM,16.9,C,True,SCH-001
STU-2026-0181,EXM-0103,SUB-CHEM,21.6,A,True,SCH-001
STU-2026-0182,EXM-0103,SUB-CHEM,18.4,B,True,SCH-001
STU-2026-0183,EXM-0103,SUB-CHEM,19.0,B,True,SCH-001
STU-2026-0184,EXM-0103,SUB-CHEM,18.4,B,True,SCH-001
STU-2026-0185,EXM-0103,SUB-CHEM,14.4,D,True,SCH-001
STU-2026-0186,EXM-0103,SUB-CHEM,11.2,F,True,SCH-001
STU-2026-0187,EXM-0103,SUB-CHEM,16.1,C,True,SCH-001
STU-2026-0188,EXM-0103,SUB-CHEM,18.2,B,True,SCH-001
STU-2026-0189,EXM-0103,SUB-CHEM,21.9,A,True,SCH-001
STU-2026-0190,EXM-0103,SUB-CHEM,19.7,B,True,SCH-001
STU-2026-0191,EXM-0103,SUB-CHEM,19.0,B,True,SCH-001
STU-2026-0192,EXM-0103,SUB-CHEM,22.4,A,True,SCH-001
STU-2026-0193,EXM-0103,SUB-CHEM,16.6,C,True,SCH-001
STU-2026-0194,EXM-0103,SUB-CHEM,19.9,B,True,SCH-001
STU-2026-0195,EXM-0103,SUB-CHEM,22.9,A+,True,SCH-001
STU-2026-0196,EXM-0103,SUB-CHEM,14.1,D,True,SCH-001
STU-2026-0197,EXM-0103,SUB-CHEM,22.2,A,True,SCH-001
STU-2026-0198,EXM-0103,SUB-CHEM,23.4,A+,True,SCH-001
STU-2026-0133,EXM-0104,SUB-ENG,21.5,A,True,SCH-001
STU-2026-0134,EXM-0104,SUB-ENG,22.0,A,True,SCH-001
STU-2026-0135,EXM-0104,SUB-ENG,22.7,A+,True,SCH-001
STU-2026-0136,EXM-0104,SUB-ENG,20.6,A,True,SCH-001
STU-2026-0137,EXM-0104,SUB-ENG,15.3,C,True,SCH-001
STU-2026-0138,EXM-0104,SUB-ENG,20.1,A,True,SCH-001
STU-2026-0139,EXM-0104,SUB-ENG,15.7,C,True,SCH-001
STU-2026-0140,EXM-0104,SUB-ENG,18.7,B,True,SCH-001
STU-2026-0141,EXM-0104,SUB-ENG,21.4,A,True,SCH-001
STU-2026-0142,EXM-0104,SUB-ENG,21.8,A,True,SCH-001
STU-2026-0143,EXM-0104,SUB-ENG,23.0,A+,True,SCH-001
STU-2026-0144,EXM-0104,SUB-ENG,21.3,A,True,SCH-001
STU-2026-0145,EXM-0104,SUB-ENG,18.4,B,True,SCH-001
STU-2026-0146,EXM-0104,SUB-ENG,15.0,C,True,SCH-001
STU-2026-0147,EXM-0104,SUB-ENG,16.9,C,True,SCH-001
STU-2026-0148,EXM-0104,SUB-ENG,20.8,A,True,SCH-001
STU-2026-0149,EXM-0104,SUB-ENG,15.9,C,True,SCH-001
STU-2026-0150,EXM-0104,SUB-ENG,20.4,A,True,SCH-001
STU-2026-0151,EXM-0104,SUB-ENG,17.6,B,True,SCH-001
STU-2026-0152,EXM-0104,SUB-ENG,16.4,C,True,SCH-001
STU-2026-0153,EXM-0104,SUB-ENG,15.0,C,True,SCH-001
STU-2026-0154,EXM-0104,SUB-ENG,18.5,B,True,SCH-001
STU-2026-0155,EXM-0104,SUB-ENG,22.3,A,True,SCH-001
STU-2026-0156,EXM-0104,SUB-ENG,19.6,B,True,SCH-001
STU-2026-0157,EXM-0104,SUB-ENG,17.4,C,True,SCH-001
STU-2026-0158,EXM-0104,SUB-ENG,22.0,A,True,SCH-001
STU-2026-0159,EXM-0104,SUB-ENG,22.1,A,True,SCH-001
STU-2026-0160,EXM-0104,SUB-ENG,14.1,D,True,SCH-001
STU-2026-0161,EXM-0104,SUB-ENG,20.8,A,True,SCH-001
STU-2026-0162,EXM-0104,SUB-ENG,19.2,B,True,SCH-001
STU-2026-0163,EXM-0104,SUB-ENG,19.9,B,True,SCH-001
STU-2026-0164,EXM-0104,SUB-ENG,16.7,C,True,SCH-001
STU-2026-0165,EXM-0104,SUB-ENG,16.2,C,True,SCH-001
STU-2026-0166,EXM-0104,SUB-ENG,16.8,C,True,SCH-001
STU-2026-0167,EXM-0104,SUB-ENG,17.4,C,True,SCH-001
STU-2026-0168,EXM-0104,SUB-ENG,20.0,A,True,SCH-001
STU-2026-0169,EXM-0104,SUB-ENG,20.4,A,True,SCH-001
STU-2026-0170,EXM-0104,SUB-ENG,17.4,C,True,SCH-001
STU-2026-0171,EXM-0104,SUB-ENG,19.8,B,True,SCH-001
STU-2026-0172,EXM-0104,SUB-ENG,19.2,B,True,SCH-001
STU-2026-0173,EXM-0104,SUB-ENG,12.5,D,True,SCH-001
STU-2026-0174,EXM-0104,SUB-ENG,18.5,B,True,SCH-001
STU-2026-0175,EXM-0104,SUB-ENG,21.4,A,True,SCH-001
STU-2026-0176,EXM-0104,SUB-ENG,19.2,B,True,SCH-001
STU-2026-0177,EXM-0104,SUB-ENG,15.6,C,True,SCH-001
STU-2026-0178,EXM-0104,SUB-ENG,20.3,A,True,SCH-001
STU-2026-0179,EXM-0104,SUB-ENG,17.7,B,True,SCH-001
STU-2026-0180,EXM-0104,SUB-ENG,16.4,C,True,SCH-001
STU-2026-0181,EXM-0104,SUB-ENG,20.1,A,True,SCH-001
STU-2026-0182,EXM-0104,SUB-ENG,16.3,C,True,SCH-001
STU-2026-0183,EXM-0104,SUB-ENG,20.2,A,True,SCH-001
STU-2026-0184,EXM-0104,SUB-ENG,19.0,B,True,SCH-001
STU-2026-0185,EXM-0104,SUB-ENG,13.4,D,True,SCH-001
STU-2026-0186,EXM-0104,SUB-ENG,10.8,F,True,SCH-001
STU-2026-0187,EXM-0104,SUB-ENG,18.1,B,True,SCH-001
STU-2026-0188,EXM-0104,SUB-ENG,19.1,B,True,SCH-001
STU-2026-0189,EXM-0104,SUB-ENG,20.7,A,True,SCH-001
STU-2026-0190,EXM-0104,SUB-ENG,19.9,B,True,SCH-001
STU-2026-0191,EXM-0104,SUB-ENG,17.7,B,True,SCH-001
STU-2026-0192,EXM-0104,SUB-ENG,22.6,A+,True,SCH-001
STU-2026-0193,EXM-0104,SUB-ENG,16.4,C,True,SCH-001
STU-2026-0194,EXM-0104,SUB-ENG,20.3,A,True,SCH-001
STU-2026-0195,EXM-0104,SUB-ENG,22.7,A+,True,SCH-001
STU-2026-0196,EXM-0104,SUB-ENG,18.8,B,True,SCH-001
STU-2026-0197,EXM-0104,SUB-ENG,17.6,B,True,SCH-001
STU-2026-0198,EXM-0104,SUB-ENG,19.1,B,True,SCH-001
STU-2026-0133,EXM-0105,SUB-HIST,19.6,B,True,SCH-001
STU-2026-0134,EXM-0105,SUB-HIST,21.5,A,True,SCH-001
STU-2026-0135,EXM-0105,SUB-HIST,23.1,A+,True,SCH-001
STU-2026-0136,EXM-0105,SUB-HIST,21.0,A,True,SCH-001
STU-2026-0137,EXM-0105,SUB-HIST,18.4,B,True,SCH-001
STU-2026-0138,EXM-0105,SUB-HIST,21.7,A,True,SCH-001
STU-2026-0139,EXM-0105,SUB-HIST,17.0,C,True,SCH-001
STU-2026-0140,EXM-0105,SUB-HIST,16.7,C,True,SCH-001
STU-2026-0141,EXM-0105,SUB-HIST,18.2,B,True,SCH-001
STU-2026-0142,EXM-0105,SUB-HIST,17.8,B,True,SCH-001
STU-2026-0143,EXM-0105,SUB-HIST,24.8,A+,True,SCH-001
STU-2026-0144,EXM-0105,SUB-HIST,18.6,B,True,SCH-001
STU-2026-0145,EXM-0105,SUB-HIST,20.1,A,True,SCH-001
STU-2026-0146,EXM-0105,SUB-HIST,15.2,C,True,SCH-001
STU-2026-0147,EXM-0105,SUB-HIST,21.1,A,True,SCH-001
STU-2026-0148,EXM-0105,SUB-HIST,18.9,B,True,SCH-001
STU-2026-0149,EXM-0105,SUB-HIST,17.3,C,True,SCH-001
STU-2026-0150,EXM-0105,SUB-HIST,17.6,B,True,SCH-001
STU-2026-0151,EXM-0105,SUB-HIST,18.6,B,True,SCH-001
STU-2026-0152,EXM-0105,SUB-HIST,20.5,A,True,SCH-001
STU-2026-0153,EXM-0105,SUB-HIST,17.5,B,True,SCH-001
STU-2026-0154,EXM-0105,SUB-HIST,20.3,A,True,SCH-001
STU-2026-0155,EXM-0105,SUB-HIST,20.0,A,True,SCH-001
STU-2026-0156,EXM-0105,SUB-HIST,16.2,C,True,SCH-001
STU-2026-0157,EXM-0105,SUB-HIST,16.2,C,True,SCH-001
STU-2026-0158,EXM-0105,SUB-HIST,20.0,A,True,SCH-001
STU-2026-0159,EXM-0105,SUB-HIST,19.5,B,True,SCH-001
STU-2026-0160,EXM-0105,SUB-HIST,15.2,C,True,SCH-001
STU-2026-0161,EXM-0105,SUB-HIST,18.6,B,True,SCH-001
STU-2026-0162,EXM-0105,SUB-HIST,16.6,C,True,SCH-001
STU-2026-0163,EXM-0105,SUB-HIST,21.3,A,True,SCH-001
STU-2026-0164,EXM-0105,SUB-HIST,19.7,B,True,SCH-001
STU-2026-0165,EXM-0105,SUB-HIST,17.1,C,True,SCH-001
STU-2026-0166,EXM-0105,SUB-HIST,18.0,B,True,SCH-001
STU-2026-0167,EXM-0105,SUB-HIST,24.6,A+,True,SCH-001
STU-2026-0168,EXM-0105,SUB-HIST,18.9,B,True,SCH-001
STU-2026-0169,EXM-0105,SUB-HIST,21.9,A,True,SCH-001
STU-2026-0170,EXM-0105,SUB-HIST,16.2,C,True,SCH-001
STU-2026-0171,EXM-0105,SUB-HIST,19.8,B,True,SCH-001
STU-2026-0172,EXM-0105,SUB-HIST,17.2,C,True,SCH-001
STU-2026-0173,EXM-0105,SUB-HIST,14.6,D,True,SCH-001
STU-2026-0174,EXM-0105,SUB-HIST,17.1,C,True,SCH-001
STU-2026-0175,EXM-0105,SUB-HIST,19.3,B,True,SCH-001
STU-2026-0176,EXM-0105,SUB-HIST,17.1,C,True,SCH-001
STU-2026-0177,EXM-0105,SUB-HIST,17.5,B,True,SCH-001
STU-2026-0178,EXM-0105,SUB-HIST,20.7,A,True,SCH-001
STU-2026-0179,EXM-0105,SUB-HIST,22.8,A+,True,SCH-001
STU-2026-0180,EXM-0105,SUB-HIST,16.6,C,True,SCH-001
STU-2026-0181,EXM-0105,SUB-HIST,21.6,A,True,SCH-001
STU-2026-0182,EXM-0105,SUB-HIST,17.2,C,True,SCH-001
STU-2026-0183,EXM-0105,SUB-HIST,17.1,C,True,SCH-001
STU-2026-0184,EXM-0105,SUB-HIST,17.5,B,True,SCH-001
STU-2026-0185,EXM-0105,SUB-HIST,13.7,D,True,SCH-001
STU-2026-0186,EXM-0105,SUB-HIST,12.2,F,True,SCH-001
STU-2026-0187,EXM-0105,SUB-HIST,17.8,B,True,SCH-001
STU-2026-0188,EXM-0105,SUB-HIST,17.0,C,True,SCH-001
STU-2026-0189,EXM-0105,SUB-HIST,20.2,A,True,SCH-001
STU-2026-0190,EXM-0105,SUB-HIST,21.3,A,True,SCH-001
STU-2026-0191,EXM-0105,SUB-HIST,17.1,C,True,SCH-001
STU-2026-0192,EXM-0105,SUB-HIST,18.6,B,True,SCH-001
STU-2026-0193,EXM-0105,SUB-HIST,17.7,B,True,SCH-001
STU-2026-0194,EXM-0105,SUB-HIST,19.1,B,True,SCH-001
STU-2026-0195,EXM-0105,SUB-HIST,21.7,A,True,SCH-001
STU-2026-0196,EXM-0105,SUB-HIST,15.9,C,True,SCH-001
STU-2026-0197,EXM-0105,SUB-HIST,20.9,A,True,SCH-001
STU-2026-0198,EXM-0105,SUB-HIST,22.4,A,True,SCH-001
STU-2026-0199,EXM-0106,SUB-MATH,18.5,B,True,SCH-001
STU-2026-0200,EXM-0106,SUB-MATH,21.8,A,True,SCH-001
STU-2026-0201,EXM-0106,SUB-MATH,18.6,B,True,SCH-001
STU-2026-0202,EXM-0106,SUB-MATH,19.2,B,True,SCH-001
STU-2026-0203,EXM-0106,SUB-MATH,18.9,B,True,SCH-001
STU-2026-0204,EXM-0106,SUB-MATH,18.8,B,True,SCH-001
STU-2026-0205,EXM-0106,SUB-MATH,17.8,B,True,SCH-001
STU-2026-0206,EXM-0106,SUB-MATH,16.3,C,True,SCH-001
STU-2026-0207,EXM-0106,SUB-MATH,17.9,B,True,SCH-001
STU-2026-0208,EXM-0106,SUB-MATH,20.4,A,True,SCH-001
STU-2026-0209,EXM-0106,SUB-MATH,18.8,B,True,SCH-001
STU-2026-0210,EXM-0106,SUB-MATH,10.5,F,True,SCH-001
STU-2026-0211,EXM-0106,SUB-MATH,17.8,B,True,SCH-001
STU-2026-0212,EXM-0106,SUB-MATH,17.1,C,True,SCH-001
STU-2026-0213,EXM-0106,SUB-MATH,18.0,B,True,SCH-001
STU-2026-0214,EXM-0106,SUB-MATH,24.1,A+,True,SCH-001
STU-2026-0215,EXM-0106,SUB-MATH,24.6,A+,True,SCH-001
STU-2026-0216,EXM-0106,SUB-MATH,20.3,A,True,SCH-001
STU-2026-0217,EXM-0106,SUB-MATH,19.7,B,True,SCH-001
STU-2026-0218,EXM-0106,SUB-MATH,20.5,A,True,SCH-001
STU-2026-0219,EXM-0106,SUB-MATH,18.1,B,True,SCH-001
STU-2026-0220,EXM-0106,SUB-MATH,21.0,A,True,SCH-001
STU-2026-0221,EXM-0106,SUB-MATH,5.6,F,False,SCH-001
STU-2026-0222,EXM-0106,SUB-MATH,18.7,B,True,SCH-001
STU-2026-0223,EXM-0106,SUB-MATH,17.3,C,True,SCH-001
STU-2026-0224,EXM-0106,SUB-MATH,21.3,A,True,SCH-001
STU-2026-0225,EXM-0106,SUB-MATH,23.5,A+,True,SCH-001
STU-2026-0226,EXM-0106,SUB-MATH,22.3,A,True,SCH-001
STU-2026-0227,EXM-0106,SUB-MATH,19.8,B,True,SCH-001
STU-2026-0228,EXM-0106,SUB-MATH,22.6,A+,True,SCH-001
STU-2026-0229,EXM-0106,SUB-MATH,24.4,A+,True,SCH-001
STU-2026-0230,EXM-0106,SUB-MATH,10.6,F,True,SCH-001
STU-2026-0231,EXM-0106,SUB-MATH,15.5,C,True,SCH-001
STU-2026-0232,EXM-0106,SUB-MATH,19.1,B,True,SCH-001
STU-2026-0233,EXM-0106,SUB-MATH,20.8,A,True,SCH-001
STU-2026-0234,EXM-0106,SUB-MATH,15.5,C,True,SCH-001
STU-2026-0235,EXM-0106,SUB-MATH,16.9,C,True,SCH-001
STU-2026-0236,EXM-0106,SUB-MATH,17.3,C,True,SCH-001
STU-2026-0237,EXM-0106,SUB-MATH,19.3,B,True,SCH-001
STU-2026-0238,EXM-0106,SUB-MATH,18.7,B,True,SCH-001
STU-2026-0239,EXM-0106,SUB-MATH,18.9,B,True,SCH-001
STU-2026-0240,EXM-0106,SUB-MATH,17.0,C,True,SCH-001
STU-2026-0241,EXM-0106,SUB-MATH,24.0,A+,True,SCH-001
STU-2026-0242,EXM-0106,SUB-MATH,24.7,A+,True,SCH-001
STU-2026-0243,EXM-0106,SUB-MATH,17.5,B,True,SCH-001
STU-2026-0244,EXM-0106,SUB-MATH,17.6,B,True,SCH-001
STU-2026-0245,EXM-0106,SUB-MATH,5.3,F,False,SCH-001
STU-2026-0246,EXM-0106,SUB-MATH,4.6,F,False,SCH-001
STU-2026-0247,EXM-0106,SUB-MATH,20.1,A,True,SCH-001
STU-2026-0248,EXM-0106,SUB-MATH,16.1,C,True,SCH-001
STU-2026-0249,EXM-0106,SUB-MATH,7.4,F,False,SCH-001
STU-2026-0250,EXM-0106,SUB-MATH,17.6,B,True,SCH-001
STU-2026-0251,EXM-0106,SUB-MATH,4.8,F,False,SCH-001
STU-2026-0252,EXM-0106,SUB-MATH,18.6,B,True,SCH-001
STU-2026-0253,EXM-0106,SUB-MATH,6.5,F,False,SCH-001
STU-2026-0254,EXM-0106,SUB-MATH,18.0,B,True,SCH-001
STU-2026-0255,EXM-0106,SUB-MATH,22.6,A+,True,SCH-001
STU-2026-0256,EXM-0106,SUB-MATH,15.0,C,True,SCH-001
STU-2026-0257,EXM-0106,SUB-MATH,22.3,A,True,SCH-001
STU-2026-0258,EXM-0106,SUB-MATH,12.5,D,True,SCH-001
STU-2026-0259,EXM-0106,SUB-MATH,17.6,B,True,SCH-001
STU-2026-0260,EXM-0106,SUB-MATH,23.4,A+,True,SCH-001
STU-2026-0261,EXM-0106,SUB-MATH,21.3,A,True,SCH-001
STU-2026-0262,EXM-0106,SUB-MATH,18.6,B,True,SCH-001
STU-2026-0263,EXM-0106,SUB-MATH,13.7,D,True,SCH-001
STU-2026-0264,EXM-0106,SUB-MATH,16.8,C,True,SCH-001
STU-2026-0199,EXM-0107,SUB-PHY,19.3,B,True,SCH-001
STU-2026-0200,EXM-0107,SUB-PHY,21.5,A,True,SCH-001
STU-2026-0201,EXM-0107,SUB-PHY,22.6,A+,True,SCH-001
STU-2026-0202,EXM-0107,SUB-PHY,20.2,A,True,SCH-001
STU-2026-0203,EXM-0107,SUB-PHY,20.5,A,True,SCH-001
STU-2026-0204,EXM-0107,SUB-PHY,22.5,A+,True,SCH-001
STU-2026-0205,EXM-0107,SUB-PHY,20.1,A,True,SCH-001
STU-2026-0206,EXM-0107,SUB-PHY,16.4,C,True,SCH-001
STU-2026-0207,EXM-0107,SUB-PHY,21.0,A,True,SCH-001
STU-2026-0208,EXM-0107,SUB-PHY,21.3,A,True,SCH-001
STU-2026-0209,EXM-0107,SUB-PHY,20.2,A,True,SCH-001
STU-2026-0210,EXM-0107,SUB-PHY,10.2,F,True,SCH-001
STU-2026-0211,EXM-0107,SUB-PHY,18.9,B,True,SCH-001
STU-2026-0212,EXM-0107,SUB-PHY,17.6,B,True,SCH-001
STU-2026-0213,EXM-0107,SUB-PHY,15.8,C,True,SCH-001
STU-2026-0214,EXM-0107,SUB-PHY,24.3,A+,True,SCH-001
STU-2026-0215,EXM-0107,SUB-PHY,23.1,A+,True,SCH-001
STU-2026-0216,EXM-0107,SUB-PHY,22.6,A+,True,SCH-001
STU-2026-0217,EXM-0107,SUB-PHY,20.4,A,True,SCH-001
STU-2026-0218,EXM-0107,SUB-PHY,22.3,A,True,SCH-001
STU-2026-0219,EXM-0107,SUB-PHY,17.0,C,True,SCH-001
STU-2026-0220,EXM-0107,SUB-PHY,21.3,A,True,SCH-001
STU-2026-0221,EXM-0107,SUB-PHY,7.5,F,False,SCH-001
STU-2026-0222,EXM-0107,SUB-PHY,16.3,C,True,SCH-001
STU-2026-0223,EXM-0107,SUB-PHY,17.1,C,True,SCH-001
STU-2026-0224,EXM-0107,SUB-PHY,16.1,C,True,SCH-001
STU-2026-0225,EXM-0107,SUB-PHY,24.7,A+,True,SCH-001
STU-2026-0226,EXM-0107,SUB-PHY,21.2,A,True,SCH-001
STU-2026-0227,EXM-0107,SUB-PHY,19.4,B,True,SCH-001
STU-2026-0228,EXM-0107,SUB-PHY,17.2,C,True,SCH-001
STU-2026-0229,EXM-0107,SUB-PHY,22.1,A,True,SCH-001
STU-2026-0230,EXM-0107,SUB-PHY,10.6,F,True,SCH-001
STU-2026-0231,EXM-0107,SUB-PHY,19.0,B,True,SCH-001
STU-2026-0232,EXM-0107,SUB-PHY,18.1,B,True,SCH-001
STU-2026-0233,EXM-0107,SUB-PHY,19.5,B,True,SCH-001
STU-2026-0234,EXM-0107,SUB-PHY,19.3,B,True,SCH-001
STU-2026-0235,EXM-0107,SUB-PHY,19.5,B,True,SCH-001
STU-2026-0236,EXM-0107,SUB-PHY,16.0,C,True,SCH-001
STU-2026-0237,EXM-0107,SUB-PHY,19.5,B,True,SCH-001
STU-2026-0238,EXM-0107,SUB-PHY,19.2,B,True,SCH-001
STU-2026-0239,EXM-0107,SUB-PHY,17.3,C,True,SCH-001
STU-2026-0240,EXM-0107,SUB-PHY,22.5,A+,True,SCH-001
STU-2026-0241,EXM-0107,SUB-PHY,21.6,A,True,SCH-001
STU-2026-0242,EXM-0107,SUB-PHY,22.8,A+,True,SCH-001
STU-2026-0243,EXM-0107,SUB-PHY,13.5,D,True,SCH-001
STU-2026-0244,EXM-0107,SUB-PHY,20.6,A,True,SCH-001
STU-2026-0245,EXM-0107,SUB-PHY,3.9,F,False,SCH-001
STU-2026-0246,EXM-0107,SUB-PHY,6.2,F,False,SCH-001
STU-2026-0247,EXM-0107,SUB-PHY,20.7,A,True,SCH-001
STU-2026-0248,EXM-0107,SUB-PHY,17.9,B,True,SCH-001
STU-2026-0249,EXM-0107,SUB-PHY,9.0,F,True,SCH-001
STU-2026-0250,EXM-0107,SUB-PHY,19.8,B,True,SCH-001
STU-2026-0251,EXM-0107,SUB-PHY,5.3,F,False,SCH-001
STU-2026-0252,EXM-0107,SUB-PHY,17.1,C,True,SCH-001
STU-2026-0253,EXM-0107,SUB-PHY,3.8,F,False,SCH-001
STU-2026-0254,EXM-0107,SUB-PHY,21.3,A,True,SCH-001
STU-2026-0255,EXM-0107,SUB-PHY,20.9,A,True,SCH-001
STU-2026-0256,EXM-0107,SUB-PHY,16.5,C,True,SCH-001
STU-2026-0257,EXM-0107,SUB-PHY,20.4,A,True,SCH-001
STU-2026-0258,EXM-0107,SUB-PHY,13.4,D,True,SCH-001
STU-2026-0259,EXM-0107,SUB-PHY,21.4,A,True,SCH-001
STU-2026-0260,EXM-0107,SUB-PHY,23.4,A+,True,SCH-001
STU-2026-0261,EXM-0107,SUB-PHY,23.8,A+,True,SCH-001
STU-2026-0262,EXM-0107,SUB-PHY,17.8,B,True,SCH-001
STU-2026-0263,EXM-0107,SUB-PHY,12.6,D,True,SCH-001
STU-2026-0264,EXM-0107,SUB-PHY,15.8,C,True,SCH-001
STU-2026-0199,EXM-0108,SUB-CHEM,18.1,B,True,SCH-001
STU-2026-0200,EXM-0108,SUB-CHEM,20.6,A,True,SCH-001
STU-2026-0201,EXM-0108,SUB-CHEM,21.1,A,True,SCH-001
STU-2026-0202,EXM-0108,SUB-CHEM,16.0,C,True,SCH-001
STU-2026-0203,EXM-0108,SUB-CHEM,23.3,A+,True,SCH-001
STU-2026-0204,EXM-0108,SUB-CHEM,20.2,A,True,SCH-001
STU-2026-0205,EXM-0108,SUB-CHEM,18.2,B,True,SCH-001
STU-2026-0206,EXM-0108,SUB-CHEM,15.2,C,True,SCH-001
STU-2026-0207,EXM-0108,SUB-CHEM,18.4,B,True,SCH-001
STU-2026-0208,EXM-0108,SUB-CHEM,21.3,A,True,SCH-001
STU-2026-0209,EXM-0108,SUB-CHEM,21.0,A,True,SCH-001
STU-2026-0210,EXM-0108,SUB-CHEM,11.7,F,True,SCH-001
STU-2026-0211,EXM-0108,SUB-CHEM,20.4,A,True,SCH-001
STU-2026-0212,EXM-0108,SUB-CHEM,16.3,C,True,SCH-001
STU-2026-0213,EXM-0108,SUB-CHEM,15.8,C,True,SCH-001
STU-2026-0214,EXM-0108,SUB-CHEM,20.9,A,True,SCH-001
STU-2026-0215,EXM-0108,SUB-CHEM,22.4,A,True,SCH-001
STU-2026-0216,EXM-0108,SUB-CHEM,22.6,A+,True,SCH-001
STU-2026-0217,EXM-0108,SUB-CHEM,20.8,A,True,SCH-001
STU-2026-0218,EXM-0108,SUB-CHEM,24.4,A+,True,SCH-001
STU-2026-0219,EXM-0108,SUB-CHEM,15.2,C,True,SCH-001
STU-2026-0220,EXM-0108,SUB-CHEM,19.5,B,True,SCH-001
STU-2026-0221,EXM-0108,SUB-CHEM,3.8,F,False,SCH-001
STU-2026-0222,EXM-0108,SUB-CHEM,17.5,B,True,SCH-001
STU-2026-0223,EXM-0108,SUB-CHEM,16.7,C,True,SCH-001
STU-2026-0224,EXM-0108,SUB-CHEM,15.2,C,True,SCH-001
STU-2026-0225,EXM-0108,SUB-CHEM,24.2,A+,True,SCH-001
STU-2026-0226,EXM-0108,SUB-CHEM,23.1,A+,True,SCH-001
STU-2026-0227,EXM-0108,SUB-CHEM,20.7,A,True,SCH-001
STU-2026-0228,EXM-0108,SUB-CHEM,21.6,A,True,SCH-001
STU-2026-0229,EXM-0108,SUB-CHEM,22.3,A,True,SCH-001
STU-2026-0230,EXM-0108,SUB-CHEM,12.4,F,True,SCH-001
STU-2026-0231,EXM-0108,SUB-CHEM,17.0,C,True,SCH-001
STU-2026-0232,EXM-0108,SUB-CHEM,22.9,A+,True,SCH-001
STU-2026-0233,EXM-0108,SUB-CHEM,18.8,B,True,SCH-001
STU-2026-0234,EXM-0108,SUB-CHEM,15.6,C,True,SCH-001
STU-2026-0235,EXM-0108,SUB-CHEM,19.6,B,True,SCH-001
STU-2026-0236,EXM-0108,SUB-CHEM,20.1,A,True,SCH-001
STU-2026-0237,EXM-0108,SUB-CHEM,18.4,B,True,SCH-001
STU-2026-0238,EXM-0108,SUB-CHEM,18.9,B,True,SCH-001
STU-2026-0239,EXM-0108,SUB-CHEM,18.6,B,True,SCH-001
STU-2026-0240,EXM-0108,SUB-CHEM,19.0,B,True,SCH-001
STU-2026-0241,EXM-0108,SUB-CHEM,21.7,A,True,SCH-001
STU-2026-0242,EXM-0108,SUB-CHEM,21.5,A,True,SCH-001
STU-2026-0243,EXM-0108,SUB-CHEM,16.5,C,True,SCH-001
STU-2026-0244,EXM-0108,SUB-CHEM,18.6,B,True,SCH-001
STU-2026-0245,EXM-0108,SUB-CHEM,4.0,F,False,SCH-001
STU-2026-0246,EXM-0108,SUB-CHEM,7.2,F,False,SCH-001
STU-2026-0247,EXM-0108,SUB-CHEM,22.9,A+,True,SCH-001
STU-2026-0248,EXM-0108,SUB-CHEM,14.6,D,True,SCH-001
STU-2026-0249,EXM-0108,SUB-CHEM,12.4,F,True,SCH-001
STU-2026-0250,EXM-0108,SUB-CHEM,16.8,C,True,SCH-001
STU-2026-0251,EXM-0108,SUB-CHEM,4.5,F,False,SCH-001
STU-2026-0252,EXM-0108,SUB-CHEM,17.8,B,True,SCH-001
STU-2026-0253,EXM-0108,SUB-CHEM,7.8,F,False,SCH-001
STU-2026-0254,EXM-0108,SUB-CHEM,19.1,B,True,SCH-001
STU-2026-0255,EXM-0108,SUB-CHEM,24.1,A+,True,SCH-001
STU-2026-0256,EXM-0108,SUB-CHEM,17.2,C,True,SCH-001
STU-2026-0257,EXM-0108,SUB-CHEM,18.8,B,True,SCH-001
STU-2026-0258,EXM-0108,SUB-CHEM,10.3,F,True,SCH-001
STU-2026-0259,EXM-0108,SUB-CHEM,21.2,A,True,SCH-001
STU-2026-0260,EXM-0108,SUB-CHEM,23.1,A+,True,SCH-001
STU-2026-0261,EXM-0108,SUB-CHEM,20.4,A,True,SCH-001
STU-2026-0262,EXM-0108,SUB-CHEM,21.8,A,True,SCH-001
STU-2026-0263,EXM-0108,SUB-CHEM,13.8,D,True,SCH-001
STU-2026-0264,EXM-0108,SUB-CHEM,21.4,A,True,SCH-001
STU-2026-0199,EXM-0109,SUB-ENG,21.2,A,True,SCH-001
STU-2026-0200,EXM-0109,SUB-ENG,20.2,A,True,SCH-001
STU-2026-0201,EXM-0109,SUB-ENG,21.3,A,True,SCH-001
STU-2026-0202,EXM-0109,SUB-ENG,17.7,B,True,SCH-001
STU-2026-0203,EXM-0109,SUB-ENG,21.7,A,True,SCH-001
STU-2026-0204,EXM-0109,SUB-ENG,17.9,B,True,SCH-001
STU-2026-0205,EXM-0109,SUB-ENG,15.2,C,True,SCH-001
STU-2026-0206,EXM-0109,SUB-ENG,15.5,C,True,SCH-001
STU-2026-0207,EXM-0109,SUB-ENG,18.8,B,True,SCH-001
STU-2026-0208,EXM-0109,SUB-ENG,22.8,A+,True,SCH-001
STU-2026-0209,EXM-0109,SUB-ENG,22.7,A+,True,SCH-001
STU-2026-0210,EXM-0109,SUB-ENG,10.1,F,True,SCH-001
STU-2026-0211,EXM-0109,SUB-ENG,21.1,A,True,SCH-001
STU-2026-0212,EXM-0109,SUB-ENG,18.8,B,True,SCH-001
STU-2026-0213,EXM-0109,SUB-ENG,20.3,A,True,SCH-001
STU-2026-0214,EXM-0109,SUB-ENG,22.4,A,True,SCH-001
STU-2026-0215,EXM-0109,SUB-ENG,18.7,B,True,SCH-001
STU-2026-0216,EXM-0109,SUB-ENG,21.1,A,True,SCH-001
STU-2026-0217,EXM-0109,SUB-ENG,21.7,A,True,SCH-001
STU-2026-0218,EXM-0109,SUB-ENG,20.2,A,True,SCH-001
STU-2026-0219,EXM-0109,SUB-ENG,18.9,B,True,SCH-001
STU-2026-0220,EXM-0109,SUB-ENG,21.0,A,True,SCH-001
STU-2026-0221,EXM-0109,SUB-ENG,7.2,F,False,SCH-001
STU-2026-0222,EXM-0109,SUB-ENG,17.2,C,True,SCH-001
STU-2026-0223,EXM-0109,SUB-ENG,16.7,C,True,SCH-001
STU-2026-0224,EXM-0109,SUB-ENG,19.4,B,True,SCH-001
STU-2026-0225,EXM-0109,SUB-ENG,23.6,A+,True,SCH-001
STU-2026-0226,EXM-0109,SUB-ENG,21.9,A,True,SCH-001
STU-2026-0227,EXM-0109,SUB-ENG,21.2,A,True,SCH-001
STU-2026-0228,EXM-0109,SUB-ENG,20.0,A,True,SCH-001
STU-2026-0229,EXM-0109,SUB-ENG,19.5,B,True,SCH-001
STU-2026-0230,EXM-0109,SUB-ENG,9.6,F,True,SCH-001
STU-2026-0231,EXM-0109,SUB-ENG,15.0,C,True,SCH-001
STU-2026-0232,EXM-0109,SUB-ENG,22.2,A,True,SCH-001
STU-2026-0233,EXM-0109,SUB-ENG,19.9,B,True,SCH-001
STU-2026-0234,EXM-0109,SUB-ENG,18.3,B,True,SCH-001
STU-2026-0235,EXM-0109,SUB-ENG,15.0,C,True,SCH-001
STU-2026-0236,EXM-0109,SUB-ENG,20.5,A,True,SCH-001
STU-2026-0237,EXM-0109,SUB-ENG,15.6,C,True,SCH-001
STU-2026-0238,EXM-0109,SUB-ENG,19.6,B,True,SCH-001
STU-2026-0239,EXM-0109,SUB-ENG,14.3,D,True,SCH-001
STU-2026-0240,EXM-0109,SUB-ENG,18.6,B,True,SCH-001
STU-2026-0241,EXM-0109,SUB-ENG,23.3,A+,True,SCH-001
STU-2026-0242,EXM-0109,SUB-ENG,23.8,A+,True,SCH-001
STU-2026-0243,EXM-0109,SUB-ENG,16.5,C,True,SCH-001
STU-2026-0244,EXM-0109,SUB-ENG,19.8,B,True,SCH-001
STU-2026-0245,EXM-0109,SUB-ENG,5.2,F,False,SCH-001
STU-2026-0246,EXM-0109,SUB-ENG,9.2,F,True,SCH-001
STU-2026-0247,EXM-0109,SUB-ENG,22.6,A+,True,SCH-001
STU-2026-0248,EXM-0109,SUB-ENG,15.5,C,True,SCH-001
STU-2026-0249,EXM-0109,SUB-ENG,9.4,F,True,SCH-001
STU-2026-0250,EXM-0109,SUB-ENG,20.7,A,True,SCH-001
STU-2026-0251,EXM-0109,SUB-ENG,5.3,F,False,SCH-001
STU-2026-0252,EXM-0109,SUB-ENG,16.2,C,True,SCH-001
STU-2026-0253,EXM-0109,SUB-ENG,4.2,F,False,SCH-001
STU-2026-0254,EXM-0109,SUB-ENG,21.4,A,True,SCH-001
STU-2026-0255,EXM-0109,SUB-ENG,22.2,A,True,SCH-001
STU-2026-0256,EXM-0109,SUB-ENG,13.7,D,True,SCH-001
STU-2026-0257,EXM-0109,SUB-ENG,20.8,A,True,SCH-001
STU-2026-0258,EXM-0109,SUB-ENG,13.5,D,True,SCH-001
STU-2026-0259,EXM-0109,SUB-ENG,19.2,B,True,SCH-001
STU-2026-0260,EXM-0109,SUB-ENG,21.3,A,True,SCH-001
STU-2026-0261,EXM-0109,SUB-ENG,24.2,A+,True,SCH-001
STU-2026-0262,EXM-0109,SUB-ENG,18.2,B,True,SCH-001
STU-2026-0263,EXM-0109,SUB-ENG,14.2,D,True,SCH-001
STU-2026-0264,EXM-0109,SUB-ENG,19.5,B,True,SCH-001
STU-2026-0199,EXM-0110,SUB-HIST,22.0,A,True,SCH-001
STU-2026-0200,EXM-0110,SUB-HIST,20.6,A,True,SCH-001
STU-2026-0201,EXM-0110,SUB-HIST,22.2,A,True,SCH-001
STU-2026-0202,EXM-0110,SUB-HIST,19.3,B,True,SCH-001
STU-2026-0203,EXM-0110,SUB-HIST,23.5,A+,True,SCH-001
STU-2026-0204,EXM-0110,SUB-HIST,21.5,A,True,SCH-001
STU-2026-0205,EXM-0110,SUB-HIST,19.2,B,True,SCH-001
STU-2026-0206,EXM-0110,SUB-HIST,14.2,D,True,SCH-001
STU-2026-0207,EXM-0110,SUB-HIST,18.1,B,True,SCH-001
STU-2026-0208,EXM-0110,SUB-HIST,22.9,A+,True,SCH-001
STU-2026-0209,EXM-0110,SUB-HIST,19.8,B,True,SCH-001
STU-2026-0210,EXM-0110,SUB-HIST,12.6,D,True,SCH-001
STU-2026-0211,EXM-0110,SUB-HIST,18.2,B,True,SCH-001
STU-2026-0212,EXM-0110,SUB-HIST,15.3,C,True,SCH-001
STU-2026-0213,EXM-0110,SUB-HIST,14.7,D,True,SCH-001
STU-2026-0214,EXM-0110,SUB-HIST,23.7,A+,True,SCH-001
STU-2026-0215,EXM-0110,SUB-HIST,20.4,A,True,SCH-001
STU-2026-0216,EXM-0110,SUB-HIST,20.8,A,True,SCH-001
STU-2026-0217,EXM-0110,SUB-HIST,19.5,B,True,SCH-001
STU-2026-0218,EXM-0110,SUB-HIST,22.8,A+,True,SCH-001
STU-2026-0219,EXM-0110,SUB-HIST,16.0,C,True,SCH-001
STU-2026-0220,EXM-0110,SUB-HIST,18.3,B,True,SCH-001
STU-2026-0221,EXM-0110,SUB-HIST,4.6,F,False,SCH-001
STU-2026-0222,EXM-0110,SUB-HIST,16.4,C,True,SCH-001
STU-2026-0223,EXM-0110,SUB-HIST,18.7,B,True,SCH-001
STU-2026-0224,EXM-0110,SUB-HIST,20.8,A,True,SCH-001
STU-2026-0225,EXM-0110,SUB-HIST,23.5,A+,True,SCH-001
STU-2026-0226,EXM-0110,SUB-HIST,24.8,A+,True,SCH-001
STU-2026-0227,EXM-0110,SUB-HIST,18.3,B,True,SCH-001
STU-2026-0228,EXM-0110,SUB-HIST,19.7,B,True,SCH-001
STU-2026-0229,EXM-0110,SUB-HIST,22.9,A+,True,SCH-001
STU-2026-0230,EXM-0110,SUB-HIST,9.3,F,True,SCH-001
STU-2026-0231,EXM-0110,SUB-HIST,17.7,B,True,SCH-001
STU-2026-0232,EXM-0110,SUB-HIST,22.4,A,True,SCH-001
STU-2026-0233,EXM-0110,SUB-HIST,18.9,B,True,SCH-001
STU-2026-0234,EXM-0110,SUB-HIST,19.2,B,True,SCH-001
STU-2026-0235,EXM-0110,SUB-HIST,15.3,C,True,SCH-001
STU-2026-0236,EXM-0110,SUB-HIST,18.9,B,True,SCH-001
STU-2026-0237,EXM-0110,SUB-HIST,16.6,C,True,SCH-001
STU-2026-0238,EXM-0110,SUB-HIST,18.0,B,True,SCH-001
STU-2026-0239,EXM-0110,SUB-HIST,17.5,B,True,SCH-001
STU-2026-0240,EXM-0110,SUB-HIST,20.1,A,True,SCH-001
STU-2026-0241,EXM-0110,SUB-HIST,24.1,A+,True,SCH-001
STU-2026-0242,EXM-0110,SUB-HIST,24.8,A+,True,SCH-001
STU-2026-0243,EXM-0110,SUB-HIST,15.9,C,True,SCH-001
STU-2026-0244,EXM-0110,SUB-HIST,20.1,A,True,SCH-001
STU-2026-0245,EXM-0110,SUB-HIST,6.0,F,False,SCH-001
STU-2026-0246,EXM-0110,SUB-HIST,10.7,F,True,SCH-001
STU-2026-0247,EXM-0110,SUB-HIST,24.6,A+,True,SCH-001
STU-2026-0248,EXM-0110,SUB-HIST,16.3,C,True,SCH-001
STU-2026-0249,EXM-0110,SUB-HIST,8.6,F,False,SCH-001
STU-2026-0250,EXM-0110,SUB-HIST,20.1,A,True,SCH-001
STU-2026-0251,EXM-0110,SUB-HIST,6.5,F,False,SCH-001
STU-2026-0252,EXM-0110,SUB-HIST,19.8,B,True,SCH-001
STU-2026-0253,EXM-0110,SUB-HIST,6.8,F,False,SCH-001
STU-2026-0254,EXM-0110,SUB-HIST,18.4,B,True,SCH-001
STU-2026-0255,EXM-0110,SUB-HIST,21.7,A,True,SCH-001
STU-2026-0256,EXM-0110,SUB-HIST,14.4,D,True,SCH-001
STU-2026-0257,EXM-0110,SUB-HIST,22.2,A,True,SCH-001
STU-2026-0258,EXM-0110,SUB-HIST,14.1,D,True,SCH-001
STU-2026-0259,EXM-0110,SUB-HIST,18.6,B,True,SCH-001
STU-2026-0260,EXM-0110,SUB-HIST,22.8,A+,True,SCH-001
STU-2026-0261,EXM-0110,SUB-HIST,22.3,A,True,SCH-001
STU-2026-0262,EXM-0110,SUB-HIST,14.7,D,True,SCH-001
STU-2026-0263,EXM-0110,SUB-HIST,13.0,D,True,SCH-001
STU-2026-0264,EXM-0110,SUB-HIST,21.1,A,True,SCH-001
STU-2026-0265,EXM-0111,SUB-MATH,20.1,A,True,SCH-001
STU-2026-0266,EXM-0111,SUB-MATH,19.6,B,True,SCH-001
STU-2026-0267,EXM-0111,SUB-MATH,19.8,B,True,SCH-001
STU-2026-0268,EXM-0111,SUB-MATH,18.8,B,True,SCH-001
STU-2026-0269,EXM-0111,SUB-MATH,20.6,A,True,SCH-001
STU-2026-0270,EXM-0111,SUB-MATH,20.5,A,True,SCH-001
STU-2026-0271,EXM-0111,SUB-MATH,18.8,B,True,SCH-001
STU-2026-0272,EXM-0111,SUB-MATH,14.9,D,True,SCH-001
STU-2026-0273,EXM-0111,SUB-MATH,22.3,A,True,SCH-001
STU-2026-0274,EXM-0111,SUB-MATH,17.3,C,True,SCH-001
STU-2026-0275,EXM-0111,SUB-MATH,13.8,D,True,SCH-001
STU-2026-0276,EXM-0111,SUB-MATH,17.5,B,True,SCH-001
STU-2026-0277,EXM-0111,SUB-MATH,20.3,A,True,SCH-001
STU-2026-0278,EXM-0111,SUB-MATH,23.4,A+,True,SCH-001
STU-2026-0279,EXM-0111,SUB-MATH,8.8,F,False,SCH-001
STU-2026-0280,EXM-0111,SUB-MATH,20.6,A,True,SCH-001
STU-2026-0281,EXM-0111,SUB-MATH,17.1,C,True,SCH-001
STU-2026-0282,EXM-0111,SUB-MATH,22.4,A,True,SCH-001
STU-2026-0283,EXM-0111,SUB-MATH,13.0,D,True,SCH-001
STU-2026-0284,EXM-0111,SUB-MATH,17.6,B,True,SCH-001
STU-2026-0285,EXM-0111,SUB-MATH,10.8,F,True,SCH-001
STU-2026-0286,EXM-0111,SUB-MATH,18.4,B,True,SCH-001
STU-2026-0287,EXM-0111,SUB-MATH,18.3,B,True,SCH-001
STU-2026-0288,EXM-0111,SUB-MATH,5.6,F,False,SCH-001
STU-2026-0289,EXM-0111,SUB-MATH,24.8,A+,True,SCH-001
STU-2026-0290,EXM-0111,SUB-MATH,16.5,C,True,SCH-001
STU-2026-0291,EXM-0111,SUB-MATH,14.8,D,True,SCH-001
STU-2026-0292,EXM-0111,SUB-MATH,8.2,F,False,SCH-001
STU-2026-0293,EXM-0111,SUB-MATH,16.5,C,True,SCH-001
STU-2026-0294,EXM-0111,SUB-MATH,17.1,C,True,SCH-001
STU-2026-0295,EXM-0111,SUB-MATH,19.4,B,True,SCH-001
STU-2026-0296,EXM-0111,SUB-MATH,23.2,A+,True,SCH-001
STU-2026-0297,EXM-0111,SUB-MATH,20.6,A,True,SCH-001
STU-2026-0298,EXM-0111,SUB-MATH,20.6,A,True,SCH-001
STU-2026-0299,EXM-0111,SUB-MATH,23.0,A+,True,SCH-001
STU-2026-0300,EXM-0111,SUB-MATH,9.2,F,True,SCH-001
STU-2026-0301,EXM-0111,SUB-MATH,17.6,B,True,SCH-001
STU-2026-0302,EXM-0111,SUB-MATH,17.2,C,True,SCH-001
STU-2026-0303,EXM-0111,SUB-MATH,16.2,C,True,SCH-001
STU-2026-0304,EXM-0111,SUB-MATH,17.2,C,True,SCH-001
STU-2026-0305,EXM-0111,SUB-MATH,11.6,F,True,SCH-001
STU-2026-0306,EXM-0111,SUB-MATH,9.6,F,True,SCH-001
STU-2026-0307,EXM-0111,SUB-MATH,22.7,A+,True,SCH-001
STU-2026-0308,EXM-0111,SUB-MATH,21.5,A,True,SCH-001
STU-2026-0309,EXM-0111,SUB-MATH,19.3,B,True,SCH-001
STU-2026-0310,EXM-0111,SUB-MATH,8.5,F,False,SCH-001
STU-2026-0311,EXM-0111,SUB-MATH,24.8,A+,True,SCH-001
STU-2026-0312,EXM-0111,SUB-MATH,18.7,B,True,SCH-001
STU-2026-0313,EXM-0111,SUB-MATH,23.4,A+,True,SCH-001
STU-2026-0314,EXM-0111,SUB-MATH,18.9,B,True,SCH-001
STU-2026-0315,EXM-0111,SUB-MATH,18.5,B,True,SCH-001
STU-2026-0316,EXM-0111,SUB-MATH,14.9,D,True,SCH-001
STU-2026-0317,EXM-0111,SUB-MATH,19.5,B,True,SCH-001
STU-2026-0318,EXM-0111,SUB-MATH,24.8,A+,True,SCH-001
STU-2026-0319,EXM-0111,SUB-MATH,18.7,B,True,SCH-001
STU-2026-0320,EXM-0111,SUB-MATH,10.6,F,True,SCH-001
STU-2026-0321,EXM-0111,SUB-MATH,19.3,B,True,SCH-001
STU-2026-0322,EXM-0111,SUB-MATH,22.6,A+,True,SCH-001
STU-2026-0323,EXM-0111,SUB-MATH,16.8,C,True,SCH-001
STU-2026-0324,EXM-0111,SUB-MATH,23.2,A+,True,SCH-001
STU-2026-0325,EXM-0111,SUB-MATH,19.6,B,True,SCH-001
STU-2026-0326,EXM-0111,SUB-MATH,23.0,A+,True,SCH-001
STU-2026-0327,EXM-0111,SUB-MATH,20.8,A,True,SCH-001
STU-2026-0328,EXM-0111,SUB-MATH,20.7,A,True,SCH-001
STU-2026-0329,EXM-0111,SUB-MATH,19.4,B,True,SCH-001
STU-2026-0330,EXM-0111,SUB-MATH,17.3,C,True,SCH-001
STU-2026-0265,EXM-0112,SUB-PHY,18.8,B,True,SCH-001
STU-2026-0266,EXM-0112,SUB-PHY,16.8,C,True,SCH-001
STU-2026-0267,EXM-0112,SUB-PHY,17.2,C,True,SCH-001
STU-2026-0268,EXM-0112,SUB-PHY,16.1,C,True,SCH-001
STU-2026-0269,EXM-0112,SUB-PHY,18.1,B,True,SCH-001
STU-2026-0270,EXM-0112,SUB-PHY,22.3,A,True,SCH-001
STU-2026-0271,EXM-0112,SUB-PHY,17.7,B,True,SCH-001
STU-2026-0272,EXM-0112,SUB-PHY,16.6,C,True,SCH-001
STU-2026-0273,EXM-0112,SUB-PHY,21.9,A,True,SCH-001
STU-2026-0274,EXM-0112,SUB-PHY,18.4,B,True,SCH-001
STU-2026-0275,EXM-0112,SUB-PHY,13.6,D,True,SCH-001
STU-2026-0276,EXM-0112,SUB-PHY,16.5,C,True,SCH-001
STU-2026-0277,EXM-0112,SUB-PHY,19.9,B,True,SCH-001
STU-2026-0278,EXM-0112,SUB-PHY,21.8,A,True,SCH-001
STU-2026-0279,EXM-0112,SUB-PHY,7.3,F,False,SCH-001
STU-2026-0280,EXM-0112,SUB-PHY,21.9,A,True,SCH-001
STU-2026-0281,EXM-0112,SUB-PHY,16.2,C,True,SCH-001
STU-2026-0282,EXM-0112,SUB-PHY,17.6,B,True,SCH-001
STU-2026-0283,EXM-0112,SUB-PHY,15.0,C,True,SCH-001
STU-2026-0284,EXM-0112,SUB-PHY,22.1,A,True,SCH-001
STU-2026-0285,EXM-0112,SUB-PHY,10.6,F,True,SCH-001
STU-2026-0286,EXM-0112,SUB-PHY,19.1,B,True,SCH-001
STU-2026-0287,EXM-0112,SUB-PHY,18.0,B,True,SCH-001
STU-2026-0288,EXM-0112,SUB-PHY,7.0,F,False,SCH-001
STU-2026-0289,EXM-0112,SUB-PHY,20.9,A,True,SCH-001
STU-2026-0290,EXM-0112,SUB-PHY,21.3,A,True,SCH-001
STU-2026-0291,EXM-0112,SUB-PHY,15.5,C,True,SCH-001
STU-2026-0292,EXM-0112,SUB-PHY,10.1,F,True,SCH-001
STU-2026-0293,EXM-0112,SUB-PHY,14.9,D,True,SCH-001
STU-2026-0294,EXM-0112,SUB-PHY,17.3,C,True,SCH-001
STU-2026-0295,EXM-0112,SUB-PHY,17.4,C,True,SCH-001
STU-2026-0296,EXM-0112,SUB-PHY,22.6,A+,True,SCH-001
STU-2026-0297,EXM-0112,SUB-PHY,20.1,A,True,SCH-001
STU-2026-0298,EXM-0112,SUB-PHY,20.3,A,True,SCH-001
STU-2026-0299,EXM-0112,SUB-PHY,22.3,A,True,SCH-001
STU-2026-0300,EXM-0112,SUB-PHY,8.0,F,False,SCH-001
STU-2026-0301,EXM-0112,SUB-PHY,18.2,B,True,SCH-001
STU-2026-0302,EXM-0112,SUB-PHY,17.2,C,True,SCH-001
STU-2026-0303,EXM-0112,SUB-PHY,19.0,B,True,SCH-001
STU-2026-0304,EXM-0112,SUB-PHY,19.0,B,True,SCH-001
STU-2026-0305,EXM-0112,SUB-PHY,9.2,F,True,SCH-001
STU-2026-0306,EXM-0112,SUB-PHY,8.4,F,False,SCH-001
STU-2026-0307,EXM-0112,SUB-PHY,20.4,A,True,SCH-001
STU-2026-0308,EXM-0112,SUB-PHY,21.7,A,True,SCH-001
STU-2026-0309,EXM-0112,SUB-PHY,15.5,C,True,SCH-001
STU-2026-0310,EXM-0112,SUB-PHY,9.6,F,True,SCH-001
STU-2026-0311,EXM-0112,SUB-PHY,21.3,A,True,SCH-001
STU-2026-0312,EXM-0112,SUB-PHY,21.0,A,True,SCH-001
STU-2026-0313,EXM-0112,SUB-PHY,20.0,A,True,SCH-001
STU-2026-0314,EXM-0112,SUB-PHY,22.3,A,True,SCH-001
STU-2026-0315,EXM-0112,SUB-PHY,17.9,B,True,SCH-001
STU-2026-0316,EXM-0112,SUB-PHY,12.5,D,True,SCH-001
STU-2026-0317,EXM-0112,SUB-PHY,20.8,A,True,SCH-001
STU-2026-0318,EXM-0112,SUB-PHY,24.8,A+,True,SCH-001
STU-2026-0319,EXM-0112,SUB-PHY,17.3,C,True,SCH-001
STU-2026-0320,EXM-0112,SUB-PHY,8.7,F,False,SCH-001
STU-2026-0321,EXM-0112,SUB-PHY,18.4,B,True,SCH-001
STU-2026-0322,EXM-0112,SUB-PHY,22.3,A,True,SCH-001
STU-2026-0323,EXM-0112,SUB-PHY,17.7,B,True,SCH-001
STU-2026-0324,EXM-0112,SUB-PHY,20.7,A,True,SCH-001
STU-2026-0325,EXM-0112,SUB-PHY,18.4,B,True,SCH-001
STU-2026-0326,EXM-0112,SUB-PHY,19.2,B,True,SCH-001
STU-2026-0327,EXM-0112,SUB-PHY,19.3,B,True,SCH-001
STU-2026-0328,EXM-0112,SUB-PHY,18.6,B,True,SCH-001
STU-2026-0329,EXM-0112,SUB-PHY,22.7,A+,True,SCH-001
STU-2026-0330,EXM-0112,SUB-PHY,17.9,B,True,SCH-001
STU-2026-0265,EXM-0113,SUB-CHEM,21.7,A,True,SCH-001
STU-2026-0266,EXM-0113,SUB-CHEM,17.6,B,True,SCH-001
STU-2026-0267,EXM-0113,SUB-CHEM,18.3,B,True,SCH-001
STU-2026-0268,EXM-0113,SUB-CHEM,18.2,B,True,SCH-001
STU-2026-0269,EXM-0113,SUB-CHEM,18.6,B,True,SCH-001
STU-2026-0270,EXM-0113,SUB-CHEM,21.6,A,True,SCH-001
STU-2026-0271,EXM-0113,SUB-CHEM,15.9,C,True,SCH-001
STU-2026-0272,EXM-0113,SUB-CHEM,18.4,B,True,SCH-001
STU-2026-0273,EXM-0113,SUB-CHEM,22.1,A,True,SCH-001
STU-2026-0274,EXM-0113,SUB-CHEM,14.0,D,True,SCH-001
STU-2026-0275,EXM-0113,SUB-CHEM,15.8,C,True,SCH-001
STU-2026-0276,EXM-0113,SUB-CHEM,16.4,C,True,SCH-001
STU-2026-0277,EXM-0113,SUB-CHEM,18.2,B,True,SCH-001
STU-2026-0278,EXM-0113,SUB-CHEM,24.8,A+,True,SCH-001
STU-2026-0279,EXM-0113,SUB-CHEM,7.5,F,False,SCH-001
STU-2026-0280,EXM-0113,SUB-CHEM,24.0,A+,True,SCH-001
STU-2026-0281,EXM-0113,SUB-CHEM,18.9,B,True,SCH-001
STU-2026-0282,EXM-0113,SUB-CHEM,20.0,A,True,SCH-001
STU-2026-0283,EXM-0113,SUB-CHEM,15.5,C,True,SCH-001
STU-2026-0284,EXM-0113,SUB-CHEM,17.2,C,True,SCH-001
STU-2026-0285,EXM-0113,SUB-CHEM,9.0,F,True,SCH-001
STU-2026-0286,EXM-0113,SUB-CHEM,15.8,C,True,SCH-001
STU-2026-0287,EXM-0113,SUB-CHEM,19.9,B,True,SCH-001
STU-2026-0288,EXM-0113,SUB-CHEM,6.0,F,False,SCH-001
STU-2026-0289,EXM-0113,SUB-CHEM,22.8,A+,True,SCH-001
STU-2026-0290,EXM-0113,SUB-CHEM,21.1,A,True,SCH-001
STU-2026-0291,EXM-0113,SUB-CHEM,17.5,B,True,SCH-001
STU-2026-0292,EXM-0113,SUB-CHEM,8.5,F,False,SCH-001
STU-2026-0293,EXM-0113,SUB-CHEM,15.7,C,True,SCH-001
STU-2026-0294,EXM-0113,SUB-CHEM,15.8,C,True,SCH-001
STU-2026-0295,EXM-0113,SUB-CHEM,19.6,B,True,SCH-001
STU-2026-0296,EXM-0113,SUB-CHEM,23.5,A+,True,SCH-001
STU-2026-0297,EXM-0113,SUB-CHEM,16.7,C,True,SCH-001
STU-2026-0298,EXM-0113,SUB-CHEM,20.4,A,True,SCH-001
STU-2026-0299,EXM-0113,SUB-CHEM,22.2,A,True,SCH-001
STU-2026-0300,EXM-0113,SUB-CHEM,7.7,F,False,SCH-001
STU-2026-0301,EXM-0113,SUB-CHEM,21.3,A,True,SCH-001
STU-2026-0302,EXM-0113,SUB-CHEM,13.8,D,True,SCH-001
STU-2026-0303,EXM-0113,SUB-CHEM,17.6,B,True,SCH-001
STU-2026-0304,EXM-0113,SUB-CHEM,19.6,B,True,SCH-001
STU-2026-0305,EXM-0113,SUB-CHEM,13.6,D,True,SCH-001
STU-2026-0306,EXM-0113,SUB-CHEM,9.1,F,True,SCH-001
STU-2026-0307,EXM-0113,SUB-CHEM,20.2,A,True,SCH-001
STU-2026-0308,EXM-0113,SUB-CHEM,18.4,B,True,SCH-001
STU-2026-0309,EXM-0113,SUB-CHEM,18.8,B,True,SCH-001
STU-2026-0310,EXM-0113,SUB-CHEM,8.9,F,False,SCH-001
STU-2026-0311,EXM-0113,SUB-CHEM,24.8,A+,True,SCH-001
STU-2026-0312,EXM-0113,SUB-CHEM,21.2,A,True,SCH-001
STU-2026-0313,EXM-0113,SUB-CHEM,24.8,A+,True,SCH-001
STU-2026-0314,EXM-0113,SUB-CHEM,18.7,B,True,SCH-001
STU-2026-0315,EXM-0113,SUB-CHEM,18.8,B,True,SCH-001
STU-2026-0316,EXM-0113,SUB-CHEM,12.7,D,True,SCH-001
STU-2026-0317,EXM-0113,SUB-CHEM,21.0,A,True,SCH-001
STU-2026-0318,EXM-0113,SUB-CHEM,24.8,A+,True,SCH-001
STU-2026-0319,EXM-0113,SUB-CHEM,17.2,C,True,SCH-001
STU-2026-0320,EXM-0113,SUB-CHEM,6.3,F,False,SCH-001
STU-2026-0321,EXM-0113,SUB-CHEM,19.8,B,True,SCH-001
STU-2026-0322,EXM-0113,SUB-CHEM,19.2,B,True,SCH-001
STU-2026-0323,EXM-0113,SUB-CHEM,15.9,C,True,SCH-001
STU-2026-0324,EXM-0113,SUB-CHEM,23.7,A+,True,SCH-001
STU-2026-0325,EXM-0113,SUB-CHEM,15.2,C,True,SCH-001
STU-2026-0326,EXM-0113,SUB-CHEM,19.5,B,True,SCH-001
STU-2026-0327,EXM-0113,SUB-CHEM,21.5,A,True,SCH-001
STU-2026-0328,EXM-0113,SUB-CHEM,19.0,B,True,SCH-001
STU-2026-0329,EXM-0113,SUB-CHEM,23.0,A+,True,SCH-001
STU-2026-0330,EXM-0113,SUB-CHEM,16.9,C,True,SCH-001
STU-2026-0265,EXM-0114,SUB-ENG,24.8,A+,True,SCH-001
STU-2026-0266,EXM-0114,SUB-ENG,18.2,B,True,SCH-001
STU-2026-0267,EXM-0114,SUB-ENG,20.2,A,True,SCH-001
STU-2026-0268,EXM-0114,SUB-ENG,16.8,C,True,SCH-001
STU-2026-0269,EXM-0114,SUB-ENG,21.9,A,True,SCH-001
STU-2026-0270,EXM-0114,SUB-ENG,22.2,A,True,SCH-001
STU-2026-0271,EXM-0114,SUB-ENG,16.1,C,True,SCH-001
STU-2026-0272,EXM-0114,SUB-ENG,18.4,B,True,SCH-001
STU-2026-0273,EXM-0114,SUB-ENG,17.4,C,True,SCH-001
STU-2026-0274,EXM-0114,SUB-ENG,19.3,B,True,SCH-001
STU-2026-0275,EXM-0114,SUB-ENG,11.4,F,True,SCH-001
STU-2026-0276,EXM-0114,SUB-ENG,17.5,B,True,SCH-001
STU-2026-0277,EXM-0114,SUB-ENG,17.7,B,True,SCH-001
STU-2026-0278,EXM-0114,SUB-ENG,22.5,A+,True,SCH-001
STU-2026-0279,EXM-0114,SUB-ENG,7.1,F,False,SCH-001
STU-2026-0280,EXM-0114,SUB-ENG,23.0,A+,True,SCH-001
STU-2026-0281,EXM-0114,SUB-ENG,17.7,B,True,SCH-001
STU-2026-0282,EXM-0114,SUB-ENG,22.5,A+,True,SCH-001
STU-2026-0283,EXM-0114,SUB-ENG,14.3,D,True,SCH-001
STU-2026-0284,EXM-0114,SUB-ENG,20.5,A,True,SCH-001
STU-2026-0285,EXM-0114,SUB-ENG,10.0,F,True,SCH-001
STU-2026-0286,EXM-0114,SUB-ENG,17.7,B,True,SCH-001
STU-2026-0287,EXM-0114,SUB-ENG,19.0,B,True,SCH-001
STU-2026-0288,EXM-0114,SUB-ENG,8.7,F,False,SCH-001
STU-2026-0289,EXM-0114,SUB-ENG,23.4,A+,True,SCH-001
STU-2026-0290,EXM-0114,SUB-ENG,21.3,A,True,SCH-001
STU-2026-0291,EXM-0114,SUB-ENG,17.1,C,True,SCH-001
STU-2026-0292,EXM-0114,SUB-ENG,9.7,F,True,SCH-001
STU-2026-0293,EXM-0114,SUB-ENG,17.4,C,True,SCH-001
STU-2026-0294,EXM-0114,SUB-ENG,14.7,D,True,SCH-001
STU-2026-0295,EXM-0114,SUB-ENG,18.9,B,True,SCH-001
STU-2026-0296,EXM-0114,SUB-ENG,22.8,A+,True,SCH-001
STU-2026-0297,EXM-0114,SUB-ENG,20.2,A,True,SCH-001
STU-2026-0298,EXM-0114,SUB-ENG,24.8,A+,True,SCH-001
STU-2026-0299,EXM-0114,SUB-ENG,23.6,A+,True,SCH-001
STU-2026-0300,EXM-0114,SUB-ENG,8.5,F,False,SCH-001
STU-2026-0301,EXM-0114,SUB-ENG,20.0,A,True,SCH-001
STU-2026-0302,EXM-0114,SUB-ENG,16.3,C,True,SCH-001
STU-2026-0303,EXM-0114,SUB-ENG,18.8,B,True,SCH-001
STU-2026-0304,EXM-0114,SUB-ENG,21.0,A,True,SCH-001
STU-2026-0305,EXM-0114,SUB-ENG,9.8,F,True,SCH-001
STU-2026-0306,EXM-0114,SUB-ENG,8.6,F,False,SCH-001
STU-2026-0307,EXM-0114,SUB-ENG,24.8,A+,True,SCH-001
STU-2026-0308,EXM-0114,SUB-ENG,21.1,A,True,SCH-001
STU-2026-0309,EXM-0114,SUB-ENG,19.6,B,True,SCH-001
STU-2026-0310,EXM-0114,SUB-ENG,9.1,F,True,SCH-001
STU-2026-0311,EXM-0114,SUB-ENG,24.8,A+,True,SCH-001
STU-2026-0312,EXM-0114,SUB-ENG,21.3,A,True,SCH-001
STU-2026-0313,EXM-0114,SUB-ENG,21.5,A,True,SCH-001
STU-2026-0314,EXM-0114,SUB-ENG,18.3,B,True,SCH-001
STU-2026-0315,EXM-0114,SUB-ENG,19.4,B,True,SCH-001
STU-2026-0316,EXM-0114,SUB-ENG,12.6,D,True,SCH-001
STU-2026-0317,EXM-0114,SUB-ENG,21.8,A,True,SCH-001
STU-2026-0318,EXM-0114,SUB-ENG,22.6,A+,True,SCH-001
STU-2026-0319,EXM-0114,SUB-ENG,14.1,D,True,SCH-001
STU-2026-0320,EXM-0114,SUB-ENG,10.4,F,True,SCH-001
STU-2026-0321,EXM-0114,SUB-ENG,18.4,B,True,SCH-001
STU-2026-0322,EXM-0114,SUB-ENG,21.3,A,True,SCH-001
STU-2026-0323,EXM-0114,SUB-ENG,16.0,C,True,SCH-001
STU-2026-0324,EXM-0114,SUB-ENG,21.0,A,True,SCH-001
STU-2026-0325,EXM-0114,SUB-ENG,16.9,C,True,SCH-001
STU-2026-0326,EXM-0114,SUB-ENG,20.2,A,True,SCH-001
STU-2026-0327,EXM-0114,SUB-ENG,22.0,A,True,SCH-001
STU-2026-0328,EXM-0114,SUB-ENG,20.6,A,True,SCH-001
STU-2026-0329,EXM-0114,SUB-ENG,19.6,B,True,SCH-001
STU-2026-0330,EXM-0114,SUB-ENG,20.8,A,True,SCH-001
STU-2026-0265,EXM-0115,SUB-HIST,20.7,A,True,SCH-001
STU-2026-0266,EXM-0115,SUB-HIST,20.1,A,True,SCH-001
STU-2026-0267,EXM-0115,SUB-HIST,20.9,A,True,SCH-001
STU-2026-0268,EXM-0115,SUB-HIST,19.1,B,True,SCH-001
STU-2026-0269,EXM-0115,SUB-HIST,22.5,A+,True,SCH-001
STU-2026-0270,EXM-0115,SUB-HIST,24.7,A+,True,SCH-001
STU-2026-0271,EXM-0115,SUB-HIST,16.9,C,True,SCH-001
STU-2026-0272,EXM-0115,SUB-HIST,16.2,C,True,SCH-001
STU-2026-0273,EXM-0115,SUB-HIST,21.3,A,True,SCH-001
STU-2026-0274,EXM-0115,SUB-HIST,18.1,B,True,SCH-001
STU-2026-0275,EXM-0115,SUB-HIST,14.8,D,True,SCH-001
STU-2026-0276,EXM-0115,SUB-HIST,17.4,C,True,SCH-001
STU-2026-0277,EXM-0115,SUB-HIST,19.9,B,True,SCH-001
STU-2026-0278,EXM-0115,SUB-HIST,21.8,A,True,SCH-001
STU-2026-0279,EXM-0115,SUB-HIST,6.8,F,False,SCH-001
STU-2026-0280,EXM-0115,SUB-HIST,21.0,A,True,SCH-001
STU-2026-0281,EXM-0115,SUB-HIST,19.1,B,True,SCH-001
STU-2026-0282,EXM-0115,SUB-HIST,22.7,A+,True,SCH-001
STU-2026-0283,EXM-0115,SUB-HIST,16.0,C,True,SCH-001
STU-2026-0284,EXM-0115,SUB-HIST,20.2,A,True,SCH-001
STU-2026-0285,EXM-0115,SUB-HIST,7.6,F,False,SCH-001
STU-2026-0286,EXM-0115,SUB-HIST,15.7,C,True,SCH-001
STU-2026-0287,EXM-0115,SUB-HIST,15.8,C,True,SCH-001
STU-2026-0288,EXM-0115,SUB-HIST,7.8,F,False,SCH-001
STU-2026-0289,EXM-0115,SUB-HIST,24.0,A+,True,SCH-001
STU-2026-0290,EXM-0115,SUB-HIST,17.5,B,True,SCH-001
STU-2026-0291,EXM-0115,SUB-HIST,15.6,C,True,SCH-001
STU-2026-0292,EXM-0115,SUB-HIST,8.3,F,False,SCH-001
STU-2026-0293,EXM-0115,SUB-HIST,16.8,C,True,SCH-001
STU-2026-0294,EXM-0115,SUB-HIST,13.9,D,True,SCH-001
STU-2026-0295,EXM-0115,SUB-HIST,19.5,B,True,SCH-001
STU-2026-0296,EXM-0115,SUB-HIST,23.5,A+,True,SCH-001
STU-2026-0297,EXM-0115,SUB-HIST,17.0,C,True,SCH-001
STU-2026-0298,EXM-0115,SUB-HIST,21.7,A,True,SCH-001
STU-2026-0299,EXM-0115,SUB-HIST,21.4,A,True,SCH-001
STU-2026-0300,EXM-0115,SUB-HIST,7.1,F,False,SCH-001
STU-2026-0301,EXM-0115,SUB-HIST,18.5,B,True,SCH-001
STU-2026-0302,EXM-0115,SUB-HIST,18.3,B,True,SCH-001
STU-2026-0303,EXM-0115,SUB-HIST,21.5,A,True,SCH-001
STU-2026-0304,EXM-0115,SUB-HIST,20.1,A,True,SCH-001
STU-2026-0305,EXM-0115,SUB-HIST,10.7,F,True,SCH-001
STU-2026-0306,EXM-0115,SUB-HIST,7.4,F,False,SCH-001
STU-2026-0307,EXM-0115,SUB-HIST,22.6,A+,True,SCH-001
STU-2026-0308,EXM-0115,SUB-HIST,21.8,A,True,SCH-001
STU-2026-0309,EXM-0115,SUB-HIST,21.8,A,True,SCH-001
STU-2026-0310,EXM-0115,SUB-HIST,5.4,F,False,SCH-001
STU-2026-0311,EXM-0115,SUB-HIST,24.3,A+,True,SCH-001
STU-2026-0312,EXM-0115,SUB-HIST,20.6,A,True,SCH-001
STU-2026-0313,EXM-0115,SUB-HIST,20.9,A,True,SCH-001
STU-2026-0314,EXM-0115,SUB-HIST,19.2,B,True,SCH-001
STU-2026-0315,EXM-0115,SUB-HIST,18.1,B,True,SCH-001
STU-2026-0316,EXM-0115,SUB-HIST,11.5,F,True,SCH-001
STU-2026-0317,EXM-0115,SUB-HIST,18.6,B,True,SCH-001
STU-2026-0318,EXM-0115,SUB-HIST,24.7,A+,True,SCH-001
STU-2026-0319,EXM-0115,SUB-HIST,16.7,C,True,SCH-001
STU-2026-0320,EXM-0115,SUB-HIST,4.5,F,False,SCH-001
STU-2026-0321,EXM-0115,SUB-HIST,18.3,B,True,SCH-001
STU-2026-0322,EXM-0115,SUB-HIST,22.7,A+,True,SCH-001
STU-2026-0323,EXM-0115,SUB-HIST,17.4,C,True,SCH-001
STU-2026-0324,EXM-0115,SUB-HIST,19.4,B,True,SCH-001
STU-2026-0325,EXM-0115,SUB-HIST,16.6,C,True,SCH-001
STU-2026-0326,EXM-0115,SUB-HIST,20.1,A,True,SCH-001
STU-2026-0327,EXM-0115,SUB-HIST,20.0,A,True,SCH-001
STU-2026-0328,EXM-0115,SUB-HIST,19.8,B,True,SCH-001
STU-2026-0329,EXM-0115,SUB-HIST,20.4,A,True,SCH-001
STU-2026-0330,EXM-0115,SUB-HIST,20.3,A,True,SCH-001
STU-2026-0331,EXM-0116,SUB-MATH,17.8,B,True,SCH-001
STU-2026-0332,EXM-0116,SUB-MATH,19.4,B,True,SCH-001
STU-2026-0333,EXM-0116,SUB-MATH,19.6,B,True,SCH-001
STU-2026-0334,EXM-0116,SUB-MATH,20.4,A,True,SCH-001
STU-2026-0335,EXM-0116,SUB-MATH,19.3,B,True,SCH-001
STU-2026-0336,EXM-0116,SUB-MATH,17.5,B,True,SCH-001
STU-2026-0337,EXM-0116,SUB-MATH,17.0,C,True,SCH-001
STU-2026-0338,EXM-0116,SUB-MATH,20.1,A,True,SCH-001
STU-2026-0339,EXM-0116,SUB-MATH,14.0,D,True,SCH-001
STU-2026-0340,EXM-0116,SUB-MATH,18.8,B,True,SCH-001
STU-2026-0341,EXM-0116,SUB-MATH,15.7,C,True,SCH-001
STU-2026-0342,EXM-0116,SUB-MATH,21.2,A,True,SCH-001
STU-2026-0343,EXM-0116,SUB-MATH,13.8,D,True,SCH-001
STU-2026-0344,EXM-0116,SUB-MATH,16.1,C,True,SCH-001
STU-2026-0345,EXM-0116,SUB-MATH,17.8,B,True,SCH-001
STU-2026-0346,EXM-0116,SUB-MATH,19.5,B,True,SCH-001
STU-2026-0347,EXM-0116,SUB-MATH,23.9,A+,True,SCH-001
STU-2026-0348,EXM-0116,SUB-MATH,19.9,B,True,SCH-001
STU-2026-0349,EXM-0116,SUB-MATH,18.5,B,True,SCH-001
STU-2026-0350,EXM-0116,SUB-MATH,19.7,B,True,SCH-001
STU-2026-0351,EXM-0116,SUB-MATH,17.2,C,True,SCH-001
STU-2026-0352,EXM-0116,SUB-MATH,20.2,A,True,SCH-001
STU-2026-0353,EXM-0116,SUB-MATH,19.9,B,True,SCH-001
STU-2026-0354,EXM-0116,SUB-MATH,19.5,B,True,SCH-001
STU-2026-0355,EXM-0116,SUB-MATH,12.4,F,True,SCH-001
STU-2026-0356,EXM-0116,SUB-MATH,21.5,A,True,SCH-001
STU-2026-0357,EXM-0116,SUB-MATH,16.4,C,True,SCH-001
STU-2026-0358,EXM-0116,SUB-MATH,21.7,A,True,SCH-001
STU-2026-0359,EXM-0116,SUB-MATH,19.9,B,True,SCH-001
STU-2026-0360,EXM-0116,SUB-MATH,23.1,A+,True,SCH-001
STU-2026-0361,EXM-0116,SUB-MATH,15.4,C,True,SCH-001
STU-2026-0362,EXM-0116,SUB-MATH,17.7,B,True,SCH-001
STU-2026-0363,EXM-0116,SUB-MATH,20.9,A,True,SCH-001
STU-2026-0364,EXM-0116,SUB-MATH,17.4,C,True,SCH-001
STU-2026-0365,EXM-0116,SUB-MATH,23.8,A+,True,SCH-001
STU-2026-0366,EXM-0116,SUB-MATH,21.4,A,True,SCH-001
STU-2026-0367,EXM-0116,SUB-MATH,17.3,C,True,SCH-001
STU-2026-0368,EXM-0116,SUB-MATH,13.5,D,True,SCH-001
STU-2026-0369,EXM-0116,SUB-MATH,21.6,A,True,SCH-001
STU-2026-0370,EXM-0116,SUB-MATH,18.8,B,True,SCH-001
STU-2026-0371,EXM-0116,SUB-MATH,14.2,D,True,SCH-001
STU-2026-0372,EXM-0116,SUB-MATH,20.1,A,True,SCH-001
STU-2026-0373,EXM-0116,SUB-MATH,16.6,C,True,SCH-001
STU-2026-0374,EXM-0116,SUB-MATH,18.5,B,True,SCH-001
STU-2026-0375,EXM-0116,SUB-MATH,18.5,B,True,SCH-001
STU-2026-0376,EXM-0116,SUB-MATH,19.8,B,True,SCH-001
STU-2026-0377,EXM-0116,SUB-MATH,16.2,C,True,SCH-001
STU-2026-0378,EXM-0116,SUB-MATH,9.8,F,True,SCH-001
STU-2026-0379,EXM-0116,SUB-MATH,18.3,B,True,SCH-001
STU-2026-0380,EXM-0116,SUB-MATH,13.9,D,True,SCH-001
STU-2026-0381,EXM-0116,SUB-MATH,24.8,A+,True,SCH-001
STU-2026-0382,EXM-0116,SUB-MATH,16.2,C,True,SCH-001
STU-2026-0383,EXM-0116,SUB-MATH,18.0,B,True,SCH-001
STU-2026-0384,EXM-0116,SUB-MATH,20.5,A,True,SCH-001
STU-2026-0385,EXM-0116,SUB-MATH,22.6,A+,True,SCH-001
STU-2026-0386,EXM-0116,SUB-MATH,12.1,F,True,SCH-001
STU-2026-0387,EXM-0116,SUB-MATH,9.1,F,True,SCH-001
STU-2026-0388,EXM-0116,SUB-MATH,17.0,C,True,SCH-001
STU-2026-0389,EXM-0116,SUB-MATH,23.8,A+,True,SCH-001
STU-2026-0390,EXM-0116,SUB-MATH,18.3,B,True,SCH-001
STU-2026-0391,EXM-0116,SUB-MATH,19.4,B,True,SCH-001
STU-2026-0392,EXM-0116,SUB-MATH,20.4,A,True,SCH-001
STU-2026-0393,EXM-0116,SUB-MATH,16.8,C,True,SCH-001
STU-2026-0394,EXM-0116,SUB-MATH,14.7,D,True,SCH-001
STU-2026-0395,EXM-0116,SUB-MATH,18.2,B,True,SCH-001
STU-2026-0396,EXM-0116,SUB-MATH,19.3,B,True,SCH-001
STU-2026-0331,EXM-0117,SUB-PHY,16.5,C,True,SCH-001
STU-2026-0332,EXM-0117,SUB-PHY,18.0,B,True,SCH-001
STU-2026-0333,EXM-0117,SUB-PHY,18.4,B,True,SCH-001
STU-2026-0334,EXM-0117,SUB-PHY,20.7,A,True,SCH-001
STU-2026-0335,EXM-0117,SUB-PHY,16.9,C,True,SCH-001
STU-2026-0336,EXM-0117,SUB-PHY,19.9,B,True,SCH-001
STU-2026-0337,EXM-0117,SUB-PHY,18.9,B,True,SCH-001
STU-2026-0338,EXM-0117,SUB-PHY,19.2,B,True,SCH-001
STU-2026-0339,EXM-0117,SUB-PHY,15.9,C,True,SCH-001
STU-2026-0340,EXM-0117,SUB-PHY,20.3,A,True,SCH-001
STU-2026-0341,EXM-0117,SUB-PHY,15.8,C,True,SCH-001
STU-2026-0342,EXM-0117,SUB-PHY,19.0,B,True,SCH-001
STU-2026-0343,EXM-0117,SUB-PHY,9.7,F,True,SCH-001
STU-2026-0344,EXM-0117,SUB-PHY,14.9,D,True,SCH-001
STU-2026-0345,EXM-0117,SUB-PHY,19.3,B,True,SCH-001
STU-2026-0346,EXM-0117,SUB-PHY,20.7,A,True,SCH-001
STU-2026-0347,EXM-0117,SUB-PHY,22.4,A,True,SCH-001
STU-2026-0348,EXM-0117,SUB-PHY,19.7,B,True,SCH-001
STU-2026-0349,EXM-0117,SUB-PHY,18.5,B,True,SCH-001
STU-2026-0350,EXM-0117,SUB-PHY,19.5,B,True,SCH-001
STU-2026-0351,EXM-0117,SUB-PHY,20.6,A,True,SCH-001
STU-2026-0352,EXM-0117,SUB-PHY,19.6,B,True,SCH-001
STU-2026-0353,EXM-0117,SUB-PHY,18.6,B,True,SCH-001
STU-2026-0354,EXM-0117,SUB-PHY,20.4,A,True,SCH-001
STU-2026-0355,EXM-0117,SUB-PHY,10.1,F,True,SCH-001
STU-2026-0356,EXM-0117,SUB-PHY,21.1,A,True,SCH-001
STU-2026-0357,EXM-0117,SUB-PHY,19.2,B,True,SCH-001
STU-2026-0358,EXM-0117,SUB-PHY,23.8,A+,True,SCH-001
STU-2026-0359,EXM-0117,SUB-PHY,19.7,B,True,SCH-001
STU-2026-0360,EXM-0117,SUB-PHY,20.8,A,True,SCH-001
STU-2026-0361,EXM-0117,SUB-PHY,18.5,B,True,SCH-001
STU-2026-0362,EXM-0117,SUB-PHY,16.3,C,True,SCH-001
STU-2026-0363,EXM-0117,SUB-PHY,20.1,A,True,SCH-001
STU-2026-0364,EXM-0117,SUB-PHY,15.9,C,True,SCH-001
STU-2026-0365,EXM-0117,SUB-PHY,20.6,A,True,SCH-001
STU-2026-0366,EXM-0117,SUB-PHY,24.0,A+,True,SCH-001
STU-2026-0367,EXM-0117,SUB-PHY,20.5,A,True,SCH-001
STU-2026-0368,EXM-0117,SUB-PHY,15.5,C,True,SCH-001
STU-2026-0369,EXM-0117,SUB-PHY,21.8,A,True,SCH-001
STU-2026-0370,EXM-0117,SUB-PHY,19.4,B,True,SCH-001
STU-2026-0371,EXM-0117,SUB-PHY,16.7,C,True,SCH-001
STU-2026-0372,EXM-0117,SUB-PHY,20.8,A,True,SCH-001
STU-2026-0373,EXM-0117,SUB-PHY,19.8,B,True,SCH-001
STU-2026-0374,EXM-0117,SUB-PHY,19.6,B,True,SCH-001
STU-2026-0375,EXM-0117,SUB-PHY,19.0,B,True,SCH-001
STU-2026-0376,EXM-0117,SUB-PHY,19.0,B,True,SCH-001
STU-2026-0377,EXM-0117,SUB-PHY,14.4,D,True,SCH-001
STU-2026-0378,EXM-0117,SUB-PHY,8.9,F,False,SCH-001
STU-2026-0379,EXM-0117,SUB-PHY,19.6,B,True,SCH-001
STU-2026-0380,EXM-0117,SUB-PHY,17.4,C,True,SCH-001
STU-2026-0381,EXM-0117,SUB-PHY,24.1,A+,True,SCH-001
STU-2026-0382,EXM-0117,SUB-PHY,17.2,C,True,SCH-001
STU-2026-0383,EXM-0117,SUB-PHY,19.9,B,True,SCH-001
STU-2026-0384,EXM-0117,SUB-PHY,19.6,B,True,SCH-001
STU-2026-0385,EXM-0117,SUB-PHY,20.5,A,True,SCH-001
STU-2026-0386,EXM-0117,SUB-PHY,11.7,F,True,SCH-001
STU-2026-0387,EXM-0117,SUB-PHY,10.4,F,True,SCH-001
STU-2026-0388,EXM-0117,SUB-PHY,14.7,D,True,SCH-001
STU-2026-0389,EXM-0117,SUB-PHY,21.3,A,True,SCH-001
STU-2026-0390,EXM-0117,SUB-PHY,16.6,C,True,SCH-001
STU-2026-0391,EXM-0117,SUB-PHY,17.5,B,True,SCH-001
STU-2026-0392,EXM-0117,SUB-PHY,24.8,A+,True,SCH-001
STU-2026-0393,EXM-0117,SUB-PHY,19.3,B,True,SCH-001
STU-2026-0394,EXM-0117,SUB-PHY,18.6,B,True,SCH-001
STU-2026-0395,EXM-0117,SUB-PHY,21.0,A,True,SCH-001
STU-2026-0396,EXM-0117,SUB-PHY,21.5,A,True,SCH-001
STU-2026-0331,EXM-0118,SUB-CHEM,20.6,A,True,SCH-001
STU-2026-0332,EXM-0118,SUB-CHEM,20.5,A,True,SCH-001
STU-2026-0333,EXM-0118,SUB-CHEM,19.4,B,True,SCH-001
STU-2026-0334,EXM-0118,SUB-CHEM,23.9,A+,True,SCH-001
STU-2026-0335,EXM-0118,SUB-CHEM,20.9,A,True,SCH-001
STU-2026-0336,EXM-0118,SUB-CHEM,21.9,A,True,SCH-001
STU-2026-0337,EXM-0118,SUB-CHEM,15.9,C,True,SCH-001
STU-2026-0338,EXM-0118,SUB-CHEM,19.9,B,True,SCH-001
STU-2026-0339,EXM-0118,SUB-CHEM,11.5,F,True,SCH-001
STU-2026-0340,EXM-0118,SUB-CHEM,20.8,A,True,SCH-001
STU-2026-0341,EXM-0118,SUB-CHEM,16.1,C,True,SCH-001
STU-2026-0342,EXM-0118,SUB-CHEM,22.0,A,True,SCH-001
STU-2026-0343,EXM-0118,SUB-CHEM,14.6,D,True,SCH-001
STU-2026-0344,EXM-0118,SUB-CHEM,20.4,A,True,SCH-001
STU-2026-0345,EXM-0118,SUB-CHEM,15.1,C,True,SCH-001
STU-2026-0346,EXM-0118,SUB-CHEM,18.6,B,True,SCH-001
STU-2026-0347,EXM-0118,SUB-CHEM,21.9,A,True,SCH-001
STU-2026-0348,EXM-0118,SUB-CHEM,19.2,B,True,SCH-001
STU-2026-0349,EXM-0118,SUB-CHEM,20.3,A,True,SCH-001
STU-2026-0350,EXM-0118,SUB-CHEM,19.5,B,True,SCH-001
STU-2026-0351,EXM-0118,SUB-CHEM,20.8,A,True,SCH-001
STU-2026-0352,EXM-0118,SUB-CHEM,18.7,B,True,SCH-001
STU-2026-0353,EXM-0118,SUB-CHEM,20.3,A,True,SCH-001
STU-2026-0354,EXM-0118,SUB-CHEM,22.6,A+,True,SCH-001
STU-2026-0355,EXM-0118,SUB-CHEM,10.5,F,True,SCH-001
STU-2026-0356,EXM-0118,SUB-CHEM,22.3,A,True,SCH-001
STU-2026-0357,EXM-0118,SUB-CHEM,18.7,B,True,SCH-001
STU-2026-0358,EXM-0118,SUB-CHEM,19.2,B,True,SCH-001
STU-2026-0359,EXM-0118,SUB-CHEM,16.5,C,True,SCH-001
STU-2026-0360,EXM-0118,SUB-CHEM,22.9,A+,True,SCH-001
STU-2026-0361,EXM-0118,SUB-CHEM,18.4,B,True,SCH-001
STU-2026-0362,EXM-0118,SUB-CHEM,17.6,B,True,SCH-001
STU-2026-0363,EXM-0118,SUB-CHEM,19.5,B,True,SCH-001
STU-2026-0364,EXM-0118,SUB-CHEM,18.9,B,True,SCH-001
STU-2026-0365,EXM-0118,SUB-CHEM,23.8,A+,True,SCH-001
STU-2026-0366,EXM-0118,SUB-CHEM,21.0,A,True,SCH-001
STU-2026-0367,EXM-0118,SUB-CHEM,17.2,C,True,SCH-001
STU-2026-0368,EXM-0118,SUB-CHEM,16.8,C,True,SCH-001
STU-2026-0369,EXM-0118,SUB-CHEM,23.4,A+,True,SCH-001
STU-2026-0370,EXM-0118,SUB-CHEM,21.1,A,True,SCH-001
STU-2026-0371,EXM-0118,SUB-CHEM,15.6,C,True,SCH-001
STU-2026-0372,EXM-0118,SUB-CHEM,20.8,A,True,SCH-001
STU-2026-0373,EXM-0118,SUB-CHEM,17.6,B,True,SCH-001
STU-2026-0374,EXM-0118,SUB-CHEM,17.4,C,True,SCH-001
STU-2026-0375,EXM-0118,SUB-CHEM,16.1,C,True,SCH-001
STU-2026-0376,EXM-0118,SUB-CHEM,21.0,A,True,SCH-001
STU-2026-0377,EXM-0118,SUB-CHEM,12.8,D,True,SCH-001
STU-2026-0378,EXM-0118,SUB-CHEM,9.1,F,True,SCH-001
STU-2026-0379,EXM-0118,SUB-CHEM,17.8,B,True,SCH-001
STU-2026-0380,EXM-0118,SUB-CHEM,17.1,C,True,SCH-001
STU-2026-0381,EXM-0118,SUB-CHEM,21.6,A,True,SCH-001
STU-2026-0382,EXM-0118,SUB-CHEM,15.8,C,True,SCH-001
STU-2026-0383,EXM-0118,SUB-CHEM,20.3,A,True,SCH-001
STU-2026-0384,EXM-0118,SUB-CHEM,21.8,A,True,SCH-001
STU-2026-0385,EXM-0118,SUB-CHEM,19.4,B,True,SCH-001
STU-2026-0386,EXM-0118,SUB-CHEM,11.8,F,True,SCH-001
STU-2026-0387,EXM-0118,SUB-CHEM,6.6,F,False,SCH-001
STU-2026-0388,EXM-0118,SUB-CHEM,16.5,C,True,SCH-001
STU-2026-0389,EXM-0118,SUB-CHEM,19.2,B,True,SCH-001
STU-2026-0390,EXM-0118,SUB-CHEM,17.8,B,True,SCH-001
STU-2026-0391,EXM-0118,SUB-CHEM,17.8,B,True,SCH-001
STU-2026-0392,EXM-0118,SUB-CHEM,21.0,A,True,SCH-001
STU-2026-0393,EXM-0118,SUB-CHEM,15.3,C,True,SCH-001
STU-2026-0394,EXM-0118,SUB-CHEM,16.8,C,True,SCH-001
STU-2026-0395,EXM-0118,SUB-CHEM,17.2,C,True,SCH-001
STU-2026-0396,EXM-0118,SUB-CHEM,20.1,A,True,SCH-001
STU-2026-0331,EXM-0119,SUB-ENG,17.4,C,True,SCH-001
STU-2026-0332,EXM-0119,SUB-ENG,20.6,A,True,SCH-001
STU-2026-0333,EXM-0119,SUB-ENG,18.5,B,True,SCH-001
STU-2026-0334,EXM-0119,SUB-ENG,20.6,A,True,SCH-001
STU-2026-0335,EXM-0119,SUB-ENG,19.2,B,True,SCH-001
STU-2026-0336,EXM-0119,SUB-ENG,20.2,A,True,SCH-001
STU-2026-0337,EXM-0119,SUB-ENG,18.0,B,True,SCH-001
STU-2026-0338,EXM-0119,SUB-ENG,19.6,B,True,SCH-001
STU-2026-0339,EXM-0119,SUB-ENG,13.7,D,True,SCH-001
STU-2026-0340,EXM-0119,SUB-ENG,20.1,A,True,SCH-001
STU-2026-0341,EXM-0119,SUB-ENG,20.1,A,True,SCH-001
STU-2026-0342,EXM-0119,SUB-ENG,19.5,B,True,SCH-001
STU-2026-0343,EXM-0119,SUB-ENG,10.0,F,True,SCH-001
STU-2026-0344,EXM-0119,SUB-ENG,15.7,C,True,SCH-001
STU-2026-0345,EXM-0119,SUB-ENG,16.5,C,True,SCH-001
STU-2026-0346,EXM-0119,SUB-ENG,20.8,A,True,SCH-001
STU-2026-0347,EXM-0119,SUB-ENG,22.3,A,True,SCH-001
STU-2026-0348,EXM-0119,SUB-ENG,17.2,C,True,SCH-001
STU-2026-0349,EXM-0119,SUB-ENG,20.7,A,True,SCH-001
STU-2026-0350,EXM-0119,SUB-ENG,18.9,B,True,SCH-001
STU-2026-0351,EXM-0119,SUB-ENG,18.0,B,True,SCH-001
STU-2026-0352,EXM-0119,SUB-ENG,19.0,B,True,SCH-001
STU-2026-0353,EXM-0119,SUB-ENG,22.1,A,True,SCH-001
STU-2026-0354,EXM-0119,SUB-ENG,21.1,A,True,SCH-001
STU-2026-0355,EXM-0119,SUB-ENG,7.9,F,False,SCH-001
STU-2026-0356,EXM-0119,SUB-ENG,22.7,A+,True,SCH-001
STU-2026-0357,EXM-0119,SUB-ENG,17.5,B,True,SCH-001
STU-2026-0358,EXM-0119,SUB-ENG,18.9,B,True,SCH-001
STU-2026-0359,EXM-0119,SUB-ENG,20.4,A,True,SCH-001
STU-2026-0360,EXM-0119,SUB-ENG,22.0,A,True,SCH-001
STU-2026-0361,EXM-0119,SUB-ENG,19.0,B,True,SCH-001
STU-2026-0362,EXM-0119,SUB-ENG,16.6,C,True,SCH-001
STU-2026-0363,EXM-0119,SUB-ENG,17.8,B,True,SCH-001
STU-2026-0364,EXM-0119,SUB-ENG,20.1,A,True,SCH-001
STU-2026-0365,EXM-0119,SUB-ENG,20.0,A,True,SCH-001
STU-2026-0366,EXM-0119,SUB-ENG,24.8,A+,True,SCH-001
STU-2026-0367,EXM-0119,SUB-ENG,19.7,B,True,SCH-001
STU-2026-0368,EXM-0119,SUB-ENG,14.1,D,True,SCH-001
STU-2026-0369,EXM-0119,SUB-ENG,22.7,A+,True,SCH-001
STU-2026-0370,EXM-0119,SUB-ENG,21.3,A,True,SCH-001
STU-2026-0371,EXM-0119,SUB-ENG,15.6,C,True,SCH-001
STU-2026-0372,EXM-0119,SUB-ENG,20.4,A,True,SCH-001
STU-2026-0373,EXM-0119,SUB-ENG,21.2,A,True,SCH-001
STU-2026-0374,EXM-0119,SUB-ENG,16.7,C,True,SCH-001
STU-2026-0375,EXM-0119,SUB-ENG,19.2,B,True,SCH-001
STU-2026-0376,EXM-0119,SUB-ENG,19.1,B,True,SCH-001
STU-2026-0377,EXM-0119,SUB-ENG,13.4,D,True,SCH-001
STU-2026-0378,EXM-0119,SUB-ENG,5.9,F,False,SCH-001
STU-2026-0379,EXM-0119,SUB-ENG,21.0,A,True,SCH-001
STU-2026-0380,EXM-0119,SUB-ENG,17.3,C,True,SCH-001
STU-2026-0381,EXM-0119,SUB-ENG,23.3,A+,True,SCH-001
STU-2026-0382,EXM-0119,SUB-ENG,19.4,B,True,SCH-001
STU-2026-0383,EXM-0119,SUB-ENG,17.8,B,True,SCH-001
STU-2026-0384,EXM-0119,SUB-ENG,17.9,B,True,SCH-001
STU-2026-0385,EXM-0119,SUB-ENG,21.4,A,True,SCH-001
STU-2026-0386,EXM-0119,SUB-ENG,13.6,D,True,SCH-001
STU-2026-0387,EXM-0119,SUB-ENG,7.6,F,False,SCH-001
STU-2026-0388,EXM-0119,SUB-ENG,18.4,B,True,SCH-001
STU-2026-0389,EXM-0119,SUB-ENG,23.1,A+,True,SCH-001
STU-2026-0390,EXM-0119,SUB-ENG,19.3,B,True,SCH-001
STU-2026-0391,EXM-0119,SUB-ENG,19.0,B,True,SCH-001
STU-2026-0392,EXM-0119,SUB-ENG,22.4,A,True,SCH-001
STU-2026-0393,EXM-0119,SUB-ENG,17.0,C,True,SCH-001
STU-2026-0394,EXM-0119,SUB-ENG,15.6,C,True,SCH-001
STU-2026-0395,EXM-0119,SUB-ENG,19.9,B,True,SCH-001
STU-2026-0396,EXM-0119,SUB-ENG,22.3,A,True,SCH-001
STU-2026-0331,EXM-0120,SUB-HIST,18.8,B,True,SCH-001
STU-2026-0332,EXM-0120,SUB-HIST,18.0,B,True,SCH-001
STU-2026-0333,EXM-0120,SUB-HIST,20.4,A,True,SCH-001
STU-2026-0334,EXM-0120,SUB-HIST,20.8,A,True,SCH-001
STU-2026-0335,EXM-0120,SUB-HIST,20.3,A,True,SCH-001
STU-2026-0336,EXM-0120,SUB-HIST,18.1,B,True,SCH-001
STU-2026-0337,EXM-0120,SUB-HIST,19.9,B,True,SCH-001
STU-2026-0338,EXM-0120,SUB-HIST,21.1,A,True,SCH-001
STU-2026-0339,EXM-0120,SUB-HIST,13.8,D,True,SCH-001
STU-2026-0340,EXM-0120,SUB-HIST,23.8,A+,True,SCH-001
STU-2026-0341,EXM-0120,SUB-HIST,18.3,B,True,SCH-001
STU-2026-0342,EXM-0120,SUB-HIST,22.6,A+,True,SCH-001
STU-2026-0343,EXM-0120,SUB-HIST,9.7,F,True,SCH-001
STU-2026-0344,EXM-0120,SUB-HIST,14.7,D,True,SCH-001
STU-2026-0345,EXM-0120,SUB-HIST,20.1,A,True,SCH-001
STU-2026-0346,EXM-0120,SUB-HIST,19.8,B,True,SCH-001
STU-2026-0347,EXM-0120,SUB-HIST,20.9,A,True,SCH-001
STU-2026-0348,EXM-0120,SUB-HIST,18.0,B,True,SCH-001
STU-2026-0349,EXM-0120,SUB-HIST,21.1,A,True,SCH-001
STU-2026-0350,EXM-0120,SUB-HIST,19.4,B,True,SCH-001
STU-2026-0351,EXM-0120,SUB-HIST,17.3,C,True,SCH-001
STU-2026-0352,EXM-0120,SUB-HIST,15.8,C,True,SCH-001
STU-2026-0353,EXM-0120,SUB-HIST,20.2,A,True,SCH-001
STU-2026-0354,EXM-0120,SUB-HIST,21.3,A,True,SCH-001
STU-2026-0355,EXM-0120,SUB-HIST,9.3,F,True,SCH-001
STU-2026-0356,EXM-0120,SUB-HIST,21.5,A,True,SCH-001
STU-2026-0357,EXM-0120,SUB-HIST,15.4,C,True,SCH-001
STU-2026-0358,EXM-0120,SUB-HIST,22.5,A+,True,SCH-001
STU-2026-0359,EXM-0120,SUB-HIST,20.2,A,True,SCH-001
STU-2026-0360,EXM-0120,SUB-HIST,20.8,A,True,SCH-001
STU-2026-0361,EXM-0120,SUB-HIST,20.2,A,True,SCH-001
STU-2026-0362,EXM-0120,SUB-HIST,15.9,C,True,SCH-001
STU-2026-0363,EXM-0120,SUB-HIST,19.9,B,True,SCH-001
STU-2026-0364,EXM-0120,SUB-HIST,16.0,C,True,SCH-001
STU-2026-0365,EXM-0120,SUB-HIST,23.2,A+,True,SCH-001
STU-2026-0366,EXM-0120,SUB-HIST,24.8,A+,True,SCH-001
STU-2026-0367,EXM-0120,SUB-HIST,18.9,B,True,SCH-001
STU-2026-0368,EXM-0120,SUB-HIST,14.7,D,True,SCH-001
STU-2026-0369,EXM-0120,SUB-HIST,22.4,A,True,SCH-001
STU-2026-0370,EXM-0120,SUB-HIST,22.1,A,True,SCH-001
STU-2026-0371,EXM-0120,SUB-HIST,17.1,C,True,SCH-001
STU-2026-0372,EXM-0120,SUB-HIST,21.0,A,True,SCH-001
STU-2026-0373,EXM-0120,SUB-HIST,18.1,B,True,SCH-001
STU-2026-0374,EXM-0120,SUB-HIST,19.6,B,True,SCH-001
STU-2026-0375,EXM-0120,SUB-HIST,17.8,B,True,SCH-001
STU-2026-0376,EXM-0120,SUB-HIST,17.1,C,True,SCH-001
STU-2026-0377,EXM-0120,SUB-HIST,16.4,C,True,SCH-001
STU-2026-0378,EXM-0120,SUB-HIST,9.3,F,True,SCH-001
STU-2026-0379,EXM-0120,SUB-HIST,18.4,B,True,SCH-001
STU-2026-0380,EXM-0120,SUB-HIST,15.8,C,True,SCH-001
STU-2026-0381,EXM-0120,SUB-HIST,20.7,A,True,SCH-001
STU-2026-0382,EXM-0120,SUB-HIST,20.1,A,True,SCH-001
STU-2026-0383,EXM-0120,SUB-HIST,16.2,C,True,SCH-001
STU-2026-0384,EXM-0120,SUB-HIST,18.8,B,True,SCH-001
STU-2026-0385,EXM-0120,SUB-HIST,19.5,B,True,SCH-001
STU-2026-0386,EXM-0120,SUB-HIST,10.4,F,True,SCH-001
STU-2026-0387,EXM-0120,SUB-HIST,8.2,F,False,SCH-001
STU-2026-0388,EXM-0120,SUB-HIST,15.7,C,True,SCH-001
STU-2026-0389,EXM-0120,SUB-HIST,22.6,A+,True,SCH-001
STU-2026-0390,EXM-0120,SUB-HIST,14.5,D,True,SCH-001
STU-2026-0391,EXM-0120,SUB-HIST,18.7,B,True,SCH-001
STU-2026-0392,EXM-0120,SUB-HIST,19.8,B,True,SCH-001
STU-2026-0393,EXM-0120,SUB-HIST,19.0,B,True,SCH-001
STU-2026-0394,EXM-0120,SUB-HIST,17.9,B,True,SCH-001
STU-2026-0395,EXM-0120,SUB-HIST,19.8,B,True,SCH-001
STU-2026-0396,EXM-0120,SUB-HIST,22.0,A,True,SCH-001
STU-2026-0397,EXM-0121,SUB-MATH,9.7,F,True,SCH-001
STU-2026-0398,EXM-0121,SUB-MATH,21.2,A,True,SCH-001
STU-2026-0399,EXM-0121,SUB-MATH,20.6,A,True,SCH-001
STU-2026-0400,EXM-0121,SUB-MATH,18.5,B,True,SCH-001
STU-2026-0401,EXM-0121,SUB-MATH,17.9,B,True,SCH-001
STU-2026-0402,EXM-0121,SUB-MATH,20.7,A,True,SCH-001
STU-2026-0403,EXM-0121,SUB-MATH,23.5,A+,True,SCH-001
STU-2026-0404,EXM-0121,SUB-MATH,19.8,B,True,SCH-001
STU-2026-0405,EXM-0121,SUB-MATH,14.8,D,True,SCH-001
STU-2026-0406,EXM-0121,SUB-MATH,17.5,B,True,SCH-001
STU-2026-0407,EXM-0121,SUB-MATH,18.3,B,True,SCH-001
STU-2026-0408,EXM-0121,SUB-MATH,18.3,B,True,SCH-001
STU-2026-0409,EXM-0121,SUB-MATH,18.3,B,True,SCH-001
STU-2026-0410,EXM-0121,SUB-MATH,18.6,B,True,SCH-001
STU-2026-0411,EXM-0121,SUB-MATH,24.8,A+,True,SCH-001
STU-2026-0412,EXM-0121,SUB-MATH,13.0,D,True,SCH-001
STU-2026-0413,EXM-0121,SUB-MATH,16.5,C,True,SCH-001
STU-2026-0414,EXM-0121,SUB-MATH,16.6,C,True,SCH-001
STU-2026-0415,EXM-0121,SUB-MATH,18.8,B,True,SCH-001
STU-2026-0416,EXM-0121,SUB-MATH,19.6,B,True,SCH-001
STU-2026-0417,EXM-0121,SUB-MATH,19.4,B,True,SCH-001
STU-2026-0418,EXM-0121,SUB-MATH,22.3,A,True,SCH-001
STU-2026-0419,EXM-0121,SUB-MATH,17.5,B,True,SCH-001
STU-2026-0420,EXM-0121,SUB-MATH,19.5,B,True,SCH-001
STU-2026-0421,EXM-0121,SUB-MATH,20.9,A,True,SCH-001
STU-2026-0422,EXM-0121,SUB-MATH,19.8,B,True,SCH-001
STU-2026-0423,EXM-0121,SUB-MATH,22.6,A+,True,SCH-001
STU-2026-0424,EXM-0121,SUB-MATH,18.2,B,True,SCH-001
STU-2026-0425,EXM-0121,SUB-MATH,18.5,B,True,SCH-001
STU-2026-0426,EXM-0121,SUB-MATH,21.5,A,True,SCH-001
STU-2026-0427,EXM-0121,SUB-MATH,18.0,B,True,SCH-001
STU-2026-0428,EXM-0121,SUB-MATH,20.7,A,True,SCH-001
STU-2026-0429,EXM-0121,SUB-MATH,23.1,A+,True,SCH-001
STU-2026-0430,EXM-0121,SUB-MATH,21.8,A,True,SCH-001
STU-2026-0431,EXM-0121,SUB-MATH,15.9,C,True,SCH-001
STU-2026-0432,EXM-0121,SUB-MATH,17.4,C,True,SCH-001
STU-2026-0433,EXM-0121,SUB-MATH,20.4,A,True,SCH-001
STU-2026-0434,EXM-0121,SUB-MATH,21.6,A,True,SCH-001
STU-2026-0435,EXM-0121,SUB-MATH,18.2,B,True,SCH-001
STU-2026-0436,EXM-0121,SUB-MATH,18.1,B,True,SCH-001
STU-2026-0437,EXM-0121,SUB-MATH,18.7,B,True,SCH-001
STU-2026-0438,EXM-0121,SUB-MATH,7.1,F,False,SCH-001
STU-2026-0439,EXM-0121,SUB-MATH,17.3,C,True,SCH-001
STU-2026-0440,EXM-0121,SUB-MATH,17.4,C,True,SCH-001
STU-2026-0441,EXM-0121,SUB-MATH,20.9,A,True,SCH-001
STU-2026-0442,EXM-0121,SUB-MATH,21.5,A,True,SCH-001
STU-2026-0443,EXM-0121,SUB-MATH,20.6,A,True,SCH-001
STU-2026-0444,EXM-0121,SUB-MATH,20.2,A,True,SCH-001
STU-2026-0445,EXM-0121,SUB-MATH,10.8,F,True,SCH-001
STU-2026-0446,EXM-0121,SUB-MATH,18.9,B,True,SCH-001
STU-2026-0447,EXM-0121,SUB-MATH,22.1,A,True,SCH-001
STU-2026-0448,EXM-0121,SUB-MATH,16.6,C,True,SCH-001
STU-2026-0449,EXM-0121,SUB-MATH,23.4,A+,True,SCH-001
STU-2026-0450,EXM-0121,SUB-MATH,14.2,D,True,SCH-001
STU-2026-0451,EXM-0121,SUB-MATH,16.8,C,True,SCH-001
STU-2026-0452,EXM-0121,SUB-MATH,21.2,A,True,SCH-001
STU-2026-0453,EXM-0121,SUB-MATH,23.3,A+,True,SCH-001
STU-2026-0454,EXM-0121,SUB-MATH,24.8,A+,True,SCH-001
STU-2026-0455,EXM-0121,SUB-MATH,24.8,A+,True,SCH-001
STU-2026-0456,EXM-0121,SUB-MATH,22.4,A,True,SCH-001
STU-2026-0457,EXM-0121,SUB-MATH,22.5,A+,True,SCH-001
STU-2026-0458,EXM-0121,SUB-MATH,19.1,B,True,SCH-001
STU-2026-0459,EXM-0121,SUB-MATH,21.5,A,True,SCH-001
STU-2026-0460,EXM-0121,SUB-MATH,9.9,F,True,SCH-001
STU-2026-0461,EXM-0121,SUB-MATH,18.2,B,True,SCH-001
STU-2026-0462,EXM-0121,SUB-MATH,16.3,C,True,SCH-001
STU-2026-0397,EXM-0122,SUB-PHY,8.2,F,False,SCH-001
STU-2026-0398,EXM-0122,SUB-PHY,22.2,A,True,SCH-001
STU-2026-0399,EXM-0122,SUB-PHY,18.5,B,True,SCH-001
STU-2026-0400,EXM-0122,SUB-PHY,19.0,B,True,SCH-001
STU-2026-0401,EXM-0122,SUB-PHY,16.9,C,True,SCH-001
STU-2026-0402,EXM-0122,SUB-PHY,20.7,A,True,SCH-001
STU-2026-0403,EXM-0122,SUB-PHY,22.5,A+,True,SCH-001
STU-2026-0404,EXM-0122,SUB-PHY,16.7,C,True,SCH-001
STU-2026-0405,EXM-0122,SUB-PHY,18.2,B,True,SCH-001
STU-2026-0406,EXM-0122,SUB-PHY,19.5,B,True,SCH-001
STU-2026-0407,EXM-0122,SUB-PHY,20.9,A,True,SCH-001
STU-2026-0408,EXM-0122,SUB-PHY,19.3,B,True,SCH-001
STU-2026-0409,EXM-0122,SUB-PHY,18.9,B,True,SCH-001
STU-2026-0410,EXM-0122,SUB-PHY,14.9,D,True,SCH-001
STU-2026-0411,EXM-0122,SUB-PHY,23.0,A+,True,SCH-001
STU-2026-0412,EXM-0122,SUB-PHY,13.7,D,True,SCH-001
STU-2026-0413,EXM-0122,SUB-PHY,19.6,B,True,SCH-001
STU-2026-0414,EXM-0122,SUB-PHY,20.3,A,True,SCH-001
STU-2026-0415,EXM-0122,SUB-PHY,18.7,B,True,SCH-001
STU-2026-0416,EXM-0122,SUB-PHY,14.5,D,True,SCH-001
STU-2026-0417,EXM-0122,SUB-PHY,20.7,A,True,SCH-001
STU-2026-0418,EXM-0122,SUB-PHY,21.8,A,True,SCH-001
STU-2026-0419,EXM-0122,SUB-PHY,18.7,B,True,SCH-001
STU-2026-0420,EXM-0122,SUB-PHY,18.6,B,True,SCH-001
STU-2026-0421,EXM-0122,SUB-PHY,22.8,A+,True,SCH-001
STU-2026-0422,EXM-0122,SUB-PHY,19.0,B,True,SCH-001
STU-2026-0423,EXM-0122,SUB-PHY,19.1,B,True,SCH-001
STU-2026-0424,EXM-0122,SUB-PHY,21.9,A,True,SCH-001
STU-2026-0425,EXM-0122,SUB-PHY,18.3,B,True,SCH-001
STU-2026-0426,EXM-0122,SUB-PHY,23.2,A+,True,SCH-001
STU-2026-0427,EXM-0122,SUB-PHY,17.1,C,True,SCH-001
STU-2026-0428,EXM-0122,SUB-PHY,19.6,B,True,SCH-001
STU-2026-0429,EXM-0122,SUB-PHY,24.8,A+,True,SCH-001
STU-2026-0430,EXM-0122,SUB-PHY,20.8,A,True,SCH-001
STU-2026-0431,EXM-0122,SUB-PHY,16.2,C,True,SCH-001
STU-2026-0432,EXM-0122,SUB-PHY,19.5,B,True,SCH-001
STU-2026-0433,EXM-0122,SUB-PHY,20.1,A,True,SCH-001
STU-2026-0434,EXM-0122,SUB-PHY,19.9,B,True,SCH-001
STU-2026-0435,EXM-0122,SUB-PHY,17.8,B,True,SCH-001
STU-2026-0436,EXM-0122,SUB-PHY,17.9,B,True,SCH-001
STU-2026-0437,EXM-0122,SUB-PHY,18.1,B,True,SCH-001
STU-2026-0438,EXM-0122,SUB-PHY,7.9,F,False,SCH-001
STU-2026-0439,EXM-0122,SUB-PHY,18.8,B,True,SCH-001
STU-2026-0440,EXM-0122,SUB-PHY,20.8,A,True,SCH-001
STU-2026-0441,EXM-0122,SUB-PHY,18.9,B,True,SCH-001
STU-2026-0442,EXM-0122,SUB-PHY,18.1,B,True,SCH-001
STU-2026-0443,EXM-0122,SUB-PHY,17.6,B,True,SCH-001
STU-2026-0444,EXM-0122,SUB-PHY,20.9,A,True,SCH-001
STU-2026-0445,EXM-0122,SUB-PHY,11.3,F,True,SCH-001
STU-2026-0446,EXM-0122,SUB-PHY,20.6,A,True,SCH-001
STU-2026-0447,EXM-0122,SUB-PHY,22.4,A,True,SCH-001
STU-2026-0448,EXM-0122,SUB-PHY,15.2,C,True,SCH-001
STU-2026-0449,EXM-0122,SUB-PHY,23.5,A+,True,SCH-001
STU-2026-0450,EXM-0122,SUB-PHY,13.8,D,True,SCH-001
STU-2026-0451,EXM-0122,SUB-PHY,10.9,F,True,SCH-001
STU-2026-0452,EXM-0122,SUB-PHY,19.3,B,True,SCH-001
STU-2026-0453,EXM-0122,SUB-PHY,23.3,A+,True,SCH-001
STU-2026-0454,EXM-0122,SUB-PHY,24.0,A+,True,SCH-001
STU-2026-0455,EXM-0122,SUB-PHY,22.6,A+,True,SCH-001
STU-2026-0456,EXM-0122,SUB-PHY,19.7,B,True,SCH-001
STU-2026-0457,EXM-0122,SUB-PHY,19.4,B,True,SCH-001
STU-2026-0458,EXM-0122,SUB-PHY,17.9,B,True,SCH-001
STU-2026-0459,EXM-0122,SUB-PHY,22.8,A+,True,SCH-001
STU-2026-0460,EXM-0122,SUB-PHY,9.4,F,True,SCH-001
STU-2026-0461,EXM-0122,SUB-PHY,17.3,C,True,SCH-001
STU-2026-0462,EXM-0122,SUB-PHY,19.3,B,True,SCH-001
STU-2026-0397,EXM-0123,SUB-CHEM,9.8,F,True,SCH-001
STU-2026-0398,EXM-0123,SUB-CHEM,17.9,B,True,SCH-001
STU-2026-0399,EXM-0123,SUB-CHEM,18.4,B,True,SCH-001
STU-2026-0400,EXM-0123,SUB-CHEM,18.8,B,True,SCH-001
STU-2026-0401,EXM-0123,SUB-CHEM,17.7,B,True,SCH-001
STU-2026-0402,EXM-0123,SUB-CHEM,21.8,A,True,SCH-001
STU-2026-0403,EXM-0123,SUB-CHEM,22.0,A,True,SCH-001
STU-2026-0404,EXM-0123,SUB-CHEM,19.2,B,True,SCH-001
STU-2026-0405,EXM-0123,SUB-CHEM,18.3,B,True,SCH-001
STU-2026-0406,EXM-0123,SUB-CHEM,17.3,C,True,SCH-001
STU-2026-0407,EXM-0123,SUB-CHEM,22.1,A,True,SCH-001
STU-2026-0408,EXM-0123,SUB-CHEM,18.8,B,True,SCH-001
STU-2026-0409,EXM-0123,SUB-CHEM,17.0,C,True,SCH-001
STU-2026-0410,EXM-0123,SUB-CHEM,17.4,C,True,SCH-001
STU-2026-0411,EXM-0123,SUB-CHEM,23.4,A+,True,SCH-001
STU-2026-0412,EXM-0123,SUB-CHEM,13.7,D,True,SCH-001
STU-2026-0413,EXM-0123,SUB-CHEM,20.5,A,True,SCH-001
STU-2026-0414,EXM-0123,SUB-CHEM,18.8,B,True,SCH-001
STU-2026-0415,EXM-0123,SUB-CHEM,20.1,A,True,SCH-001
STU-2026-0416,EXM-0123,SUB-CHEM,17.9,B,True,SCH-001
STU-2026-0417,EXM-0123,SUB-CHEM,21.6,A,True,SCH-001
STU-2026-0418,EXM-0123,SUB-CHEM,18.3,B,True,SCH-001
STU-2026-0419,EXM-0123,SUB-CHEM,18.9,B,True,SCH-001
STU-2026-0420,EXM-0123,SUB-CHEM,16.4,C,True,SCH-001
STU-2026-0421,EXM-0123,SUB-CHEM,23.9,A+,True,SCH-001
STU-2026-0422,EXM-0123,SUB-CHEM,22.1,A,True,SCH-001
STU-2026-0423,EXM-0123,SUB-CHEM,22.8,A+,True,SCH-001
STU-2026-0424,EXM-0123,SUB-CHEM,20.4,A,True,SCH-001
STU-2026-0425,EXM-0123,SUB-CHEM,18.5,B,True,SCH-001
STU-2026-0426,EXM-0123,SUB-CHEM,23.8,A+,True,SCH-001
STU-2026-0427,EXM-0123,SUB-CHEM,19.5,B,True,SCH-001
STU-2026-0428,EXM-0123,SUB-CHEM,18.0,B,True,SCH-001
STU-2026-0429,EXM-0123,SUB-CHEM,24.5,A+,True,SCH-001
STU-2026-0430,EXM-0123,SUB-CHEM,17.4,C,True,SCH-001
STU-2026-0431,EXM-0123,SUB-CHEM,16.2,C,True,SCH-001
STU-2026-0432,EXM-0123,SUB-CHEM,21.7,A,True,SCH-001
STU-2026-0433,EXM-0123,SUB-CHEM,18.6,B,True,SCH-001
STU-2026-0434,EXM-0123,SUB-CHEM,24.7,A+,True,SCH-001
STU-2026-0435,EXM-0123,SUB-CHEM,18.7,B,True,SCH-001
STU-2026-0436,EXM-0123,SUB-CHEM,18.2,B,True,SCH-001
STU-2026-0437,EXM-0123,SUB-CHEM,17.4,C,True,SCH-001
STU-2026-0438,EXM-0123,SUB-CHEM,6.3,F,False,SCH-001
STU-2026-0439,EXM-0123,SUB-CHEM,17.4,C,True,SCH-001
STU-2026-0440,EXM-0123,SUB-CHEM,19.9,B,True,SCH-001
STU-2026-0441,EXM-0123,SUB-CHEM,17.3,C,True,SCH-001
STU-2026-0442,EXM-0123,SUB-CHEM,21.0,A,True,SCH-001
STU-2026-0443,EXM-0123,SUB-CHEM,17.8,B,True,SCH-001
STU-2026-0444,EXM-0123,SUB-CHEM,19.2,B,True,SCH-001
STU-2026-0445,EXM-0123,SUB-CHEM,10.0,F,True,SCH-001
STU-2026-0446,EXM-0123,SUB-CHEM,20.1,A,True,SCH-001
STU-2026-0447,EXM-0123,SUB-CHEM,22.9,A+,True,SCH-001
STU-2026-0448,EXM-0123,SUB-CHEM,15.3,C,True,SCH-001
STU-2026-0449,EXM-0123,SUB-CHEM,20.0,A,True,SCH-001
STU-2026-0450,EXM-0123,SUB-CHEM,14.5,D,True,SCH-001
STU-2026-0451,EXM-0123,SUB-CHEM,14.3,D,True,SCH-001
STU-2026-0452,EXM-0123,SUB-CHEM,21.1,A,True,SCH-001
STU-2026-0453,EXM-0123,SUB-CHEM,21.8,A,True,SCH-001
STU-2026-0454,EXM-0123,SUB-CHEM,24.8,A+,True,SCH-001
STU-2026-0455,EXM-0123,SUB-CHEM,19.9,B,True,SCH-001
STU-2026-0456,EXM-0123,SUB-CHEM,20.8,A,True,SCH-001
STU-2026-0457,EXM-0123,SUB-CHEM,20.1,A,True,SCH-001
STU-2026-0458,EXM-0123,SUB-CHEM,17.1,C,True,SCH-001
STU-2026-0459,EXM-0123,SUB-CHEM,20.6,A,True,SCH-001
STU-2026-0460,EXM-0123,SUB-CHEM,10.5,F,True,SCH-001
STU-2026-0461,EXM-0123,SUB-CHEM,19.1,B,True,SCH-001
STU-2026-0462,EXM-0123,SUB-CHEM,15.6,C,True,SCH-001
STU-2026-0397,EXM-0124,SUB-ENG,11.5,F,True,SCH-001
STU-2026-0398,EXM-0124,SUB-ENG,21.6,A,True,SCH-001
STU-2026-0399,EXM-0124,SUB-ENG,18.3,B,True,SCH-001
STU-2026-0400,EXM-0124,SUB-ENG,18.7,B,True,SCH-001
STU-2026-0401,EXM-0124,SUB-ENG,20.2,A,True,SCH-001
STU-2026-0402,EXM-0124,SUB-ENG,21.5,A,True,SCH-001
STU-2026-0403,EXM-0124,SUB-ENG,23.3,A+,True,SCH-001
STU-2026-0404,EXM-0124,SUB-ENG,21.0,A,True,SCH-001
STU-2026-0405,EXM-0124,SUB-ENG,16.5,C,True,SCH-001
STU-2026-0406,EXM-0124,SUB-ENG,16.6,C,True,SCH-001
STU-2026-0407,EXM-0124,SUB-ENG,17.9,B,True,SCH-001
STU-2026-0408,EXM-0124,SUB-ENG,19.0,B,True,SCH-001
STU-2026-0409,EXM-0124,SUB-ENG,20.2,A,True,SCH-001
STU-2026-0410,EXM-0124,SUB-ENG,16.8,C,True,SCH-001
STU-2026-0411,EXM-0124,SUB-ENG,21.8,A,True,SCH-001
STU-2026-0412,EXM-0124,SUB-ENG,13.6,D,True,SCH-001
STU-2026-0413,EXM-0124,SUB-ENG,18.4,B,True,SCH-001
STU-2026-0414,EXM-0124,SUB-ENG,19.9,B,True,SCH-001
STU-2026-0415,EXM-0124,SUB-ENG,18.9,B,True,SCH-001
STU-2026-0416,EXM-0124,SUB-ENG,16.9,C,True,SCH-001
STU-2026-0417,EXM-0124,SUB-ENG,22.5,A+,True,SCH-001
STU-2026-0418,EXM-0124,SUB-ENG,22.8,A+,True,SCH-001
STU-2026-0419,EXM-0124,SUB-ENG,17.3,C,True,SCH-001
STU-2026-0420,EXM-0124,SUB-ENG,17.0,C,True,SCH-001
STU-2026-0421,EXM-0124,SUB-ENG,21.4,A,True,SCH-001
STU-2026-0422,EXM-0124,SUB-ENG,22.5,A+,True,SCH-001
STU-2026-0423,EXM-0124,SUB-ENG,21.3,A,True,SCH-001
STU-2026-0424,EXM-0124,SUB-ENG,17.1,C,True,SCH-001
STU-2026-0425,EXM-0124,SUB-ENG,16.1,C,True,SCH-001
STU-2026-0426,EXM-0124,SUB-ENG,20.6,A,True,SCH-001
STU-2026-0427,EXM-0124,SUB-ENG,16.6,C,True,SCH-001
STU-2026-0428,EXM-0124,SUB-ENG,18.4,B,True,SCH-001
STU-2026-0429,EXM-0124,SUB-ENG,24.6,A+,True,SCH-001
STU-2026-0430,EXM-0124,SUB-ENG,19.5,B,True,SCH-001
STU-2026-0431,EXM-0124,SUB-ENG,18.4,B,True,SCH-001
STU-2026-0432,EXM-0124,SUB-ENG,22.1,A,True,SCH-001
STU-2026-0433,EXM-0124,SUB-ENG,20.9,A,True,SCH-001
STU-2026-0434,EXM-0124,SUB-ENG,20.6,A,True,SCH-001
STU-2026-0435,EXM-0124,SUB-ENG,18.0,B,True,SCH-001
STU-2026-0436,EXM-0124,SUB-ENG,19.4,B,True,SCH-001
STU-2026-0437,EXM-0124,SUB-ENG,18.3,B,True,SCH-001
STU-2026-0438,EXM-0124,SUB-ENG,8.3,F,False,SCH-001
STU-2026-0439,EXM-0124,SUB-ENG,15.9,C,True,SCH-001
STU-2026-0440,EXM-0124,SUB-ENG,18.8,B,True,SCH-001
STU-2026-0441,EXM-0124,SUB-ENG,15.1,C,True,SCH-001
STU-2026-0442,EXM-0124,SUB-ENG,18.6,B,True,SCH-001
STU-2026-0443,EXM-0124,SUB-ENG,20.9,A,True,SCH-001
STU-2026-0444,EXM-0124,SUB-ENG,20.3,A,True,SCH-001
STU-2026-0445,EXM-0124,SUB-ENG,14.1,D,True,SCH-001
STU-2026-0446,EXM-0124,SUB-ENG,20.7,A,True,SCH-001
STU-2026-0447,EXM-0124,SUB-ENG,19.6,B,True,SCH-001
STU-2026-0448,EXM-0124,SUB-ENG,13.2,D,True,SCH-001
STU-2026-0449,EXM-0124,SUB-ENG,23.4,A+,True,SCH-001
STU-2026-0450,EXM-0124,SUB-ENG,12.8,D,True,SCH-001
STU-2026-0451,EXM-0124,SUB-ENG,11.8,F,True,SCH-001
STU-2026-0452,EXM-0124,SUB-ENG,17.9,B,True,SCH-001
STU-2026-0453,EXM-0124,SUB-ENG,24.8,A+,True,SCH-001
STU-2026-0454,EXM-0124,SUB-ENG,23.3,A+,True,SCH-001
STU-2026-0455,EXM-0124,SUB-ENG,22.9,A+,True,SCH-001
STU-2026-0456,EXM-0124,SUB-ENG,17.8,B,True,SCH-001
STU-2026-0457,EXM-0124,SUB-ENG,22.2,A,True,SCH-001
STU-2026-0458,EXM-0124,SUB-ENG,17.2,C,True,SCH-001
STU-2026-0459,EXM-0124,SUB-ENG,21.9,A,True,SCH-001
STU-2026-0460,EXM-0124,SUB-ENG,8.3,F,False,SCH-001
STU-2026-0461,EXM-0124,SUB-ENG,18.6,B,True,SCH-001
STU-2026-0462,EXM-0124,SUB-ENG,16.1,C,True,SCH-001
STU-2026-0397,EXM-0125,SUB-HIST,9.7,F,True,SCH-001
STU-2026-0398,EXM-0125,SUB-HIST,21.9,A,True,SCH-001
STU-2026-0399,EXM-0125,SUB-HIST,16.8,C,True,SCH-001
STU-2026-0400,EXM-0125,SUB-HIST,17.0,C,True,SCH-001
STU-2026-0401,EXM-0125,SUB-HIST,18.9,B,True,SCH-001
STU-2026-0402,EXM-0125,SUB-HIST,19.3,B,True,SCH-001
STU-2026-0403,EXM-0125,SUB-HIST,24.8,A+,True,SCH-001
STU-2026-0404,EXM-0125,SUB-HIST,18.4,B,True,SCH-001
STU-2026-0405,EXM-0125,SUB-HIST,15.3,C,True,SCH-001
STU-2026-0406,EXM-0125,SUB-HIST,18.9,B,True,SCH-001
STU-2026-0407,EXM-0125,SUB-HIST,17.0,C,True,SCH-001
STU-2026-0408,EXM-0125,SUB-HIST,17.3,C,True,SCH-001
STU-2026-0409,EXM-0125,SUB-HIST,18.8,B,True,SCH-001
STU-2026-0410,EXM-0125,SUB-HIST,15.6,C,True,SCH-001
STU-2026-0411,EXM-0125,SUB-HIST,24.0,A+,True,SCH-001
STU-2026-0412,EXM-0125,SUB-HIST,17.4,C,True,SCH-001
STU-2026-0413,EXM-0125,SUB-HIST,18.6,B,True,SCH-001
STU-2026-0414,EXM-0125,SUB-HIST,19.0,B,True,SCH-001
STU-2026-0415,EXM-0125,SUB-HIST,16.2,C,True,SCH-001
STU-2026-0416,EXM-0125,SUB-HIST,18.2,B,True,SCH-001
STU-2026-0417,EXM-0125,SUB-HIST,21.6,A,True,SCH-001
STU-2026-0418,EXM-0125,SUB-HIST,16.3,C,True,SCH-001
STU-2026-0419,EXM-0125,SUB-HIST,19.9,B,True,SCH-001
STU-2026-0420,EXM-0125,SUB-HIST,19.9,B,True,SCH-001
STU-2026-0421,EXM-0125,SUB-HIST,20.9,A,True,SCH-001
STU-2026-0422,EXM-0125,SUB-HIST,21.0,A,True,SCH-001
STU-2026-0423,EXM-0125,SUB-HIST,18.3,B,True,SCH-001
STU-2026-0424,EXM-0125,SUB-HIST,18.2,B,True,SCH-001
STU-2026-0425,EXM-0125,SUB-HIST,15.6,C,True,SCH-001
STU-2026-0426,EXM-0125,SUB-HIST,22.2,A,True,SCH-001
STU-2026-0427,EXM-0125,SUB-HIST,16.7,C,True,SCH-001
STU-2026-0428,EXM-0125,SUB-HIST,23.1,A+,True,SCH-001
STU-2026-0429,EXM-0125,SUB-HIST,24.8,A+,True,SCH-001
STU-2026-0430,EXM-0125,SUB-HIST,20.5,A,True,SCH-001
STU-2026-0431,EXM-0125,SUB-HIST,18.9,B,True,SCH-001
STU-2026-0432,EXM-0125,SUB-HIST,19.7,B,True,SCH-001
STU-2026-0433,EXM-0125,SUB-HIST,20.3,A,True,SCH-001
STU-2026-0434,EXM-0125,SUB-HIST,19.8,B,True,SCH-001
STU-2026-0435,EXM-0125,SUB-HIST,18.5,B,True,SCH-001
STU-2026-0436,EXM-0125,SUB-HIST,18.8,B,True,SCH-001
STU-2026-0437,EXM-0125,SUB-HIST,19.4,B,True,SCH-001
STU-2026-0438,EXM-0125,SUB-HIST,9.2,F,True,SCH-001
STU-2026-0439,EXM-0125,SUB-HIST,17.3,C,True,SCH-001
STU-2026-0440,EXM-0125,SUB-HIST,19.3,B,True,SCH-001
STU-2026-0441,EXM-0125,SUB-HIST,20.8,A,True,SCH-001
STU-2026-0442,EXM-0125,SUB-HIST,18.5,B,True,SCH-001
STU-2026-0443,EXM-0125,SUB-HIST,19.6,B,True,SCH-001
STU-2026-0444,EXM-0125,SUB-HIST,22.9,A+,True,SCH-001
STU-2026-0445,EXM-0125,SUB-HIST,11.2,F,True,SCH-001
STU-2026-0446,EXM-0125,SUB-HIST,20.6,A,True,SCH-001
STU-2026-0447,EXM-0125,SUB-HIST,24.7,A+,True,SCH-001
STU-2026-0448,EXM-0125,SUB-HIST,14.3,D,True,SCH-001
STU-2026-0449,EXM-0125,SUB-HIST,23.5,A+,True,SCH-001
STU-2026-0450,EXM-0125,SUB-HIST,12.8,D,True,SCH-001
STU-2026-0451,EXM-0125,SUB-HIST,14.2,D,True,SCH-001
STU-2026-0452,EXM-0125,SUB-HIST,21.7,A,True,SCH-001
STU-2026-0453,EXM-0125,SUB-HIST,23.9,A+,True,SCH-001
STU-2026-0454,EXM-0125,SUB-HIST,24.8,A+,True,SCH-001
STU-2026-0455,EXM-0125,SUB-HIST,24.4,A+,True,SCH-001
STU-2026-0456,EXM-0125,SUB-HIST,18.0,B,True,SCH-001
STU-2026-0457,EXM-0125,SUB-HIST,18.9,B,True,SCH-001
STU-2026-0458,EXM-0125,SUB-HIST,17.3,C,True,SCH-001
STU-2026-0459,EXM-0125,SUB-HIST,22.2,A,True,SCH-001
STU-2026-0460,EXM-0125,SUB-HIST,10.7,F,True,SCH-001
STU-2026-0461,EXM-0125,SUB-HIST,15.7,C,True,SCH-001
STU-2026-0462,EXM-0125,SUB-HIST,17.3,C,True,SCH-001
STU-2026-0463,EXM-0126,SUB-MATH,24.3,A+,True,SCH-001
STU-2026-0464,EXM-0126,SUB-MATH,12.6,D,True,SCH-001
STU-2026-0465,EXM-0126,SUB-MATH,19.8,B,True,SCH-001
STU-2026-0466,EXM-0126,SUB-MATH,20.4,A,True,SCH-001
STU-2026-0467,EXM-0126,SUB-MATH,17.9,B,True,SCH-001
STU-2026-0468,EXM-0126,SUB-MATH,19.3,B,True,SCH-001
STU-2026-0469,EXM-0126,SUB-MATH,16.9,C,True,SCH-001
STU-2026-0470,EXM-0126,SUB-MATH,14.1,D,True,SCH-001
STU-2026-0471,EXM-0126,SUB-MATH,19.3,B,True,SCH-001
STU-2026-0472,EXM-0126,SUB-MATH,13.5,D,True,SCH-001
STU-2026-0473,EXM-0126,SUB-MATH,16.6,C,True,SCH-001
STU-2026-0474,EXM-0126,SUB-MATH,20.5,A,True,SCH-001
STU-2026-0475,EXM-0126,SUB-MATH,18.4,B,True,SCH-001
STU-2026-0476,EXM-0126,SUB-MATH,16.9,C,True,SCH-001
STU-2026-0477,EXM-0126,SUB-MATH,16.5,C,True,SCH-001
STU-2026-0478,EXM-0126,SUB-MATH,13.6,D,True,SCH-001
STU-2026-0479,EXM-0126,SUB-MATH,16.3,C,True,SCH-001
STU-2026-0480,EXM-0126,SUB-MATH,16.4,C,True,SCH-001
STU-2026-0481,EXM-0126,SUB-MATH,20.3,A,True,SCH-001
STU-2026-0482,EXM-0126,SUB-MATH,15.7,C,True,SCH-001
STU-2026-0483,EXM-0126,SUB-MATH,11.8,F,True,SCH-001
STU-2026-0484,EXM-0126,SUB-MATH,21.6,A,True,SCH-001
STU-2026-0485,EXM-0126,SUB-MATH,20.7,A,True,SCH-001
STU-2026-0486,EXM-0126,SUB-MATH,16.4,C,True,SCH-001
STU-2026-0487,EXM-0126,SUB-MATH,21.6,A,True,SCH-001
STU-2026-0488,EXM-0126,SUB-MATH,18.5,B,True,SCH-001
STU-2026-0489,EXM-0126,SUB-MATH,19.1,B,True,SCH-001
STU-2026-0490,EXM-0126,SUB-MATH,20.9,A,True,SCH-001
STU-2026-0491,EXM-0126,SUB-MATH,22.0,A,True,SCH-001
STU-2026-0492,EXM-0126,SUB-MATH,20.8,A,True,SCH-001
STU-2026-0493,EXM-0126,SUB-MATH,19.0,B,True,SCH-001
STU-2026-0494,EXM-0126,SUB-MATH,16.8,C,True,SCH-001
STU-2026-0495,EXM-0126,SUB-MATH,18.9,B,True,SCH-001
STU-2026-0496,EXM-0126,SUB-MATH,13.9,D,True,SCH-001
STU-2026-0497,EXM-0126,SUB-MATH,13.7,D,True,SCH-001
STU-2026-0498,EXM-0126,SUB-MATH,13.1,D,True,SCH-001
STU-2026-0499,EXM-0126,SUB-MATH,8.2,F,False,SCH-001
STU-2026-0500,EXM-0126,SUB-MATH,13.3,D,True,SCH-001
STU-2026-0501,EXM-0126,SUB-MATH,18.0,B,True,SCH-001
STU-2026-0502,EXM-0126,SUB-MATH,18.2,B,True,SCH-001
STU-2026-0503,EXM-0126,SUB-MATH,15.1,C,True,SCH-001
STU-2026-0504,EXM-0126,SUB-MATH,22.6,A+,True,SCH-001
STU-2026-0505,EXM-0126,SUB-MATH,23.2,A+,True,SCH-001
STU-2026-0506,EXM-0126,SUB-MATH,17.7,B,True,SCH-001
STU-2026-0507,EXM-0126,SUB-MATH,18.3,B,True,SCH-001
STU-2026-0508,EXM-0126,SUB-MATH,16.3,C,True,SCH-001
STU-2026-0509,EXM-0126,SUB-MATH,15.2,C,True,SCH-001
STU-2026-0510,EXM-0126,SUB-MATH,16.9,C,True,SCH-001
STU-2026-0511,EXM-0126,SUB-MATH,13.3,D,True,SCH-001
STU-2026-0512,EXM-0126,SUB-MATH,16.0,C,True,SCH-001
STU-2026-0513,EXM-0126,SUB-MATH,16.1,C,True,SCH-001
STU-2026-0514,EXM-0126,SUB-MATH,19.0,B,True,SCH-001
STU-2026-0515,EXM-0126,SUB-MATH,17.3,C,True,SCH-001
STU-2026-0516,EXM-0126,SUB-MATH,10.8,F,True,SCH-001
STU-2026-0517,EXM-0126,SUB-MATH,16.3,C,True,SCH-001
STU-2026-0518,EXM-0126,SUB-MATH,13.2,D,True,SCH-001
STU-2026-0519,EXM-0126,SUB-MATH,17.6,B,True,SCH-001
STU-2026-0520,EXM-0126,SUB-MATH,21.6,A,True,SCH-001
STU-2026-0521,EXM-0126,SUB-MATH,16.2,C,True,SCH-001
STU-2026-0522,EXM-0126,SUB-MATH,17.5,B,True,SCH-001
STU-2026-0523,EXM-0126,SUB-MATH,21.7,A,True,SCH-001
STU-2026-0524,EXM-0126,SUB-MATH,20.3,A,True,SCH-001
STU-2026-0525,EXM-0126,SUB-MATH,12.6,D,True,SCH-001
STU-2026-0526,EXM-0126,SUB-MATH,16.5,C,True,SCH-001
STU-2026-0527,EXM-0126,SUB-MATH,18.8,B,True,SCH-001
STU-2026-0528,EXM-0126,SUB-MATH,17.4,C,True,SCH-001
STU-2026-0463,EXM-0127,SUB-PHY,22.3,A,True,SCH-001
STU-2026-0464,EXM-0127,SUB-PHY,12.2,F,True,SCH-001
STU-2026-0465,EXM-0127,SUB-PHY,16.1,C,True,SCH-001
STU-2026-0466,EXM-0127,SUB-PHY,18.6,B,True,SCH-001
STU-2026-0467,EXM-0127,SUB-PHY,16.2,C,True,SCH-001
STU-2026-0468,EXM-0127,SUB-PHY,18.8,B,True,SCH-001
STU-2026-0469,EXM-0127,SUB-PHY,20.1,A,True,SCH-001
STU-2026-0470,EXM-0127,SUB-PHY,17.5,B,True,SCH-001
STU-2026-0471,EXM-0127,SUB-PHY,21.6,A,True,SCH-001
STU-2026-0472,EXM-0127,SUB-PHY,10.7,F,True,SCH-001
STU-2026-0473,EXM-0127,SUB-PHY,17.7,B,True,SCH-001
STU-2026-0474,EXM-0127,SUB-PHY,17.4,C,True,SCH-001
STU-2026-0475,EXM-0127,SUB-PHY,18.3,B,True,SCH-001
STU-2026-0476,EXM-0127,SUB-PHY,15.7,C,True,SCH-001
STU-2026-0477,EXM-0127,SUB-PHY,14.7,D,True,SCH-001
STU-2026-0478,EXM-0127,SUB-PHY,13.5,D,True,SCH-001
STU-2026-0479,EXM-0127,SUB-PHY,16.7,C,True,SCH-001
STU-2026-0480,EXM-0127,SUB-PHY,18.9,B,True,SCH-001
STU-2026-0481,EXM-0127,SUB-PHY,21.8,A,True,SCH-001
STU-2026-0482,EXM-0127,SUB-PHY,17.2,C,True,SCH-001
STU-2026-0483,EXM-0127,SUB-PHY,3.8,F,False,SCH-001
STU-2026-0484,EXM-0127,SUB-PHY,20.1,A,True,SCH-001
STU-2026-0485,EXM-0127,SUB-PHY,24.8,A+,True,SCH-001
STU-2026-0486,EXM-0127,SUB-PHY,18.3,B,True,SCH-001
STU-2026-0487,EXM-0127,SUB-PHY,22.8,A+,True,SCH-001
STU-2026-0488,EXM-0127,SUB-PHY,19.7,B,True,SCH-001
STU-2026-0489,EXM-0127,SUB-PHY,19.0,B,True,SCH-001
STU-2026-0490,EXM-0127,SUB-PHY,19.3,B,True,SCH-001
STU-2026-0491,EXM-0127,SUB-PHY,21.5,A,True,SCH-001
STU-2026-0492,EXM-0127,SUB-PHY,20.4,A,True,SCH-001
STU-2026-0493,EXM-0127,SUB-PHY,20.4,A,True,SCH-001
STU-2026-0494,EXM-0127,SUB-PHY,22.6,A+,True,SCH-001
STU-2026-0495,EXM-0127,SUB-PHY,18.5,B,True,SCH-001
STU-2026-0496,EXM-0127,SUB-PHY,8.7,F,False,SCH-001
STU-2026-0497,EXM-0127,SUB-PHY,13.4,D,True,SCH-001
STU-2026-0498,EXM-0127,SUB-PHY,11.2,F,True,SCH-001
STU-2026-0499,EXM-0127,SUB-PHY,9.1,F,True,SCH-001
STU-2026-0500,EXM-0127,SUB-PHY,13.7,D,True,SCH-001
STU-2026-0501,EXM-0127,SUB-PHY,21.8,A,True,SCH-001
STU-2026-0502,EXM-0127,SUB-PHY,21.4,A,True,SCH-001
STU-2026-0503,EXM-0127,SUB-PHY,16.6,C,True,SCH-001
STU-2026-0504,EXM-0127,SUB-PHY,20.9,A,True,SCH-001
STU-2026-0505,EXM-0127,SUB-PHY,21.4,A,True,SCH-001
STU-2026-0506,EXM-0127,SUB-PHY,18.9,B,True,SCH-001
STU-2026-0507,EXM-0127,SUB-PHY,19.9,B,True,SCH-001
STU-2026-0508,EXM-0127,SUB-PHY,18.9,B,True,SCH-001
STU-2026-0509,EXM-0127,SUB-PHY,19.3,B,True,SCH-001
STU-2026-0510,EXM-0127,SUB-PHY,16.6,C,True,SCH-001
STU-2026-0511,EXM-0127,SUB-PHY,13.4,D,True,SCH-001
STU-2026-0512,EXM-0127,SUB-PHY,15.3,C,True,SCH-001
STU-2026-0513,EXM-0127,SUB-PHY,12.7,D,True,SCH-001
STU-2026-0514,EXM-0127,SUB-PHY,21.0,A,True,SCH-001
STU-2026-0515,EXM-0127,SUB-PHY,20.5,A,True,SCH-001
STU-2026-0516,EXM-0127,SUB-PHY,4.0,F,False,SCH-001
STU-2026-0517,EXM-0127,SUB-PHY,17.1,C,True,SCH-001
STU-2026-0518,EXM-0127,SUB-PHY,13.1,D,True,SCH-001
STU-2026-0519,EXM-0127,SUB-PHY,19.7,B,True,SCH-001
STU-2026-0520,EXM-0127,SUB-PHY,22.5,A+,True,SCH-001
STU-2026-0521,EXM-0127,SUB-PHY,16.8,C,True,SCH-001
STU-2026-0522,EXM-0127,SUB-PHY,21.7,A,True,SCH-001
STU-2026-0523,EXM-0127,SUB-PHY,22.2,A,True,SCH-001
STU-2026-0524,EXM-0127,SUB-PHY,17.3,C,True,SCH-001
STU-2026-0525,EXM-0127,SUB-PHY,16.2,C,True,SCH-001
STU-2026-0526,EXM-0127,SUB-PHY,16.0,C,True,SCH-001
STU-2026-0527,EXM-0127,SUB-PHY,16.4,C,True,SCH-001
STU-2026-0528,EXM-0127,SUB-PHY,22.8,A+,True,SCH-001
STU-2026-0463,EXM-0128,SUB-CHEM,23.1,A+,True,SCH-001
STU-2026-0464,EXM-0128,SUB-CHEM,13.4,D,True,SCH-001
STU-2026-0465,EXM-0128,SUB-CHEM,18.5,B,True,SCH-001
STU-2026-0466,EXM-0128,SUB-CHEM,19.2,B,True,SCH-001
STU-2026-0467,EXM-0128,SUB-CHEM,17.8,B,True,SCH-001
STU-2026-0468,EXM-0128,SUB-CHEM,17.2,C,True,SCH-001
STU-2026-0469,EXM-0128,SUB-CHEM,16.1,C,True,SCH-001
STU-2026-0470,EXM-0128,SUB-CHEM,17.0,C,True,SCH-001
STU-2026-0471,EXM-0128,SUB-CHEM,23.0,A+,True,SCH-001
STU-2026-0472,EXM-0128,SUB-CHEM,11.0,F,True,SCH-001
STU-2026-0473,EXM-0128,SUB-CHEM,16.7,C,True,SCH-001
STU-2026-0474,EXM-0128,SUB-CHEM,17.7,B,True,SCH-001
STU-2026-0475,EXM-0128,SUB-CHEM,20.5,A,True,SCH-001
STU-2026-0476,EXM-0128,SUB-CHEM,16.0,C,True,SCH-001
STU-2026-0477,EXM-0128,SUB-CHEM,14.5,D,True,SCH-001
STU-2026-0478,EXM-0128,SUB-CHEM,12.3,F,True,SCH-001
STU-2026-0479,EXM-0128,SUB-CHEM,17.9,B,True,SCH-001
STU-2026-0480,EXM-0128,SUB-CHEM,17.3,C,True,SCH-001
STU-2026-0481,EXM-0128,SUB-CHEM,17.5,B,True,SCH-001
STU-2026-0482,EXM-0128,SUB-CHEM,16.7,C,True,SCH-001
STU-2026-0483,EXM-0128,SUB-CHEM,6.5,F,False,SCH-001
STU-2026-0484,EXM-0128,SUB-CHEM,24.7,A+,True,SCH-001
STU-2026-0485,EXM-0128,SUB-CHEM,24.8,A+,True,SCH-001
STU-2026-0486,EXM-0128,SUB-CHEM,16.4,C,True,SCH-001
STU-2026-0487,EXM-0128,SUB-CHEM,24.6,A+,True,SCH-001
STU-2026-0488,EXM-0128,SUB-CHEM,17.2,C,True,SCH-001
STU-2026-0489,EXM-0128,SUB-CHEM,17.0,C,True,SCH-001
STU-2026-0490,EXM-0128,SUB-CHEM,22.6,A+,True,SCH-001
STU-2026-0491,EXM-0128,SUB-CHEM,22.5,A+,True,SCH-001
STU-2026-0492,EXM-0128,SUB-CHEM,22.2,A,True,SCH-001
STU-2026-0493,EXM-0128,SUB-CHEM,21.3,A,True,SCH-001
STU-2026-0494,EXM-0128,SUB-CHEM,18.9,B,True,SCH-001
STU-2026-0495,EXM-0128,SUB-CHEM,17.7,B,True,SCH-001
STU-2026-0496,EXM-0128,SUB-CHEM,10.4,F,True,SCH-001
STU-2026-0497,EXM-0128,SUB-CHEM,14.4,D,True,SCH-001
STU-2026-0498,EXM-0128,SUB-CHEM,14.4,D,True,SCH-001
STU-2026-0499,EXM-0128,SUB-CHEM,6.8,F,False,SCH-001
STU-2026-0500,EXM-0128,SUB-CHEM,16.0,C,True,SCH-001
STU-2026-0501,EXM-0128,SUB-CHEM,19.9,B,True,SCH-001
STU-2026-0502,EXM-0128,SUB-CHEM,16.7,C,True,SCH-001
STU-2026-0503,EXM-0128,SUB-CHEM,17.6,B,True,SCH-001
STU-2026-0504,EXM-0128,SUB-CHEM,20.9,A,True,SCH-001
STU-2026-0505,EXM-0128,SUB-CHEM,18.1,B,True,SCH-001
STU-2026-0506,EXM-0128,SUB-CHEM,19.6,B,True,SCH-001
STU-2026-0507,EXM-0128,SUB-CHEM,19.3,B,True,SCH-001
STU-2026-0508,EXM-0128,SUB-CHEM,16.5,C,True,SCH-001
STU-2026-0509,EXM-0128,SUB-CHEM,16.0,C,True,SCH-001
STU-2026-0510,EXM-0128,SUB-CHEM,17.6,B,True,SCH-001
STU-2026-0511,EXM-0128,SUB-CHEM,15.2,C,True,SCH-001
STU-2026-0512,EXM-0128,SUB-CHEM,16.9,C,True,SCH-001
STU-2026-0513,EXM-0128,SUB-CHEM,16.7,C,True,SCH-001
STU-2026-0514,EXM-0128,SUB-CHEM,21.2,A,True,SCH-001
STU-2026-0515,EXM-0128,SUB-CHEM,16.7,C,True,SCH-001
STU-2026-0516,EXM-0128,SUB-CHEM,6.9,F,False,SCH-001
STU-2026-0517,EXM-0128,SUB-CHEM,18.8,B,True,SCH-001
STU-2026-0518,EXM-0128,SUB-CHEM,12.5,D,True,SCH-001
STU-2026-0519,EXM-0128,SUB-CHEM,17.9,B,True,SCH-001
STU-2026-0520,EXM-0128,SUB-CHEM,20.1,A,True,SCH-001
STU-2026-0521,EXM-0128,SUB-CHEM,15.7,C,True,SCH-001
STU-2026-0522,EXM-0128,SUB-CHEM,19.2,B,True,SCH-001
STU-2026-0523,EXM-0128,SUB-CHEM,18.5,B,True,SCH-001
STU-2026-0524,EXM-0128,SUB-CHEM,16.8,C,True,SCH-001
STU-2026-0525,EXM-0128,SUB-CHEM,15.5,C,True,SCH-001
STU-2026-0526,EXM-0128,SUB-CHEM,21.4,A,True,SCH-001
STU-2026-0527,EXM-0128,SUB-CHEM,20.7,A,True,SCH-001
STU-2026-0528,EXM-0128,SUB-CHEM,22.2,A,True,SCH-001
STU-2026-0463,EXM-0129,SUB-ENG,24.5,A+,True,SCH-001
STU-2026-0464,EXM-0129,SUB-ENG,16.0,C,True,SCH-001
STU-2026-0465,EXM-0129,SUB-ENG,18.0,B,True,SCH-001
STU-2026-0466,EXM-0129,SUB-ENG,19.6,B,True,SCH-001
STU-2026-0467,EXM-0129,SUB-ENG,19.4,B,True,SCH-001
STU-2026-0468,EXM-0129,SUB-ENG,20.2,A,True,SCH-001
STU-2026-0469,EXM-0129,SUB-ENG,17.8,B,True,SCH-001
STU-2026-0470,EXM-0129,SUB-ENG,17.1,C,True,SCH-001
STU-2026-0471,EXM-0129,SUB-ENG,22.0,A,True,SCH-001
STU-2026-0472,EXM-0129,SUB-ENG,12.0,F,True,SCH-001
STU-2026-0473,EXM-0129,SUB-ENG,16.4,C,True,SCH-001
STU-2026-0474,EXM-0129,SUB-ENG,16.8,C,True,SCH-001
STU-2026-0475,EXM-0129,SUB-ENG,22.3,A,True,SCH-001
STU-2026-0476,EXM-0129,SUB-ENG,14.4,D,True,SCH-001
STU-2026-0477,EXM-0129,SUB-ENG,19.8,B,True,SCH-001
STU-2026-0478,EXM-0129,SUB-ENG,17.9,B,True,SCH-001
STU-2026-0479,EXM-0129,SUB-ENG,17.4,C,True,SCH-001
STU-2026-0480,EXM-0129,SUB-ENG,14.8,D,True,SCH-001
STU-2026-0481,EXM-0129,SUB-ENG,21.2,A,True,SCH-001
STU-2026-0482,EXM-0129,SUB-ENG,17.4,C,True,SCH-001
STU-2026-0483,EXM-0129,SUB-ENG,5.4,F,False,SCH-001
STU-2026-0484,EXM-0129,SUB-ENG,23.3,A+,True,SCH-001
STU-2026-0485,EXM-0129,SUB-ENG,22.5,A+,True,SCH-001
STU-2026-0486,EXM-0129,SUB-ENG,17.1,C,True,SCH-001
STU-2026-0487,EXM-0129,SUB-ENG,21.0,A,True,SCH-001
STU-2026-0488,EXM-0129,SUB-ENG,20.8,A,True,SCH-001
STU-2026-0489,EXM-0129,SUB-ENG,15.9,C,True,SCH-001
STU-2026-0490,EXM-0129,SUB-ENG,19.5,B,True,SCH-001
STU-2026-0491,EXM-0129,SUB-ENG,19.4,B,True,SCH-001
STU-2026-0492,EXM-0129,SUB-ENG,18.1,B,True,SCH-001
STU-2026-0493,EXM-0129,SUB-ENG,19.1,B,True,SCH-001
STU-2026-0494,EXM-0129,SUB-ENG,18.1,B,True,SCH-001
STU-2026-0495,EXM-0129,SUB-ENG,22.3,A,True,SCH-001
STU-2026-0496,EXM-0129,SUB-ENG,8.6,F,False,SCH-001
STU-2026-0497,EXM-0129,SUB-ENG,12.1,F,True,SCH-001
STU-2026-0498,EXM-0129,SUB-ENG,12.6,D,True,SCH-001
STU-2026-0499,EXM-0129,SUB-ENG,7.8,F,False,SCH-001
STU-2026-0500,EXM-0129,SUB-ENG,14.3,D,True,SCH-001
STU-2026-0501,EXM-0129,SUB-ENG,20.7,A,True,SCH-001
STU-2026-0502,EXM-0129,SUB-ENG,18.0,B,True,SCH-001
STU-2026-0503,EXM-0129,SUB-ENG,16.7,C,True,SCH-001
STU-2026-0504,EXM-0129,SUB-ENG,23.6,A+,True,SCH-001
STU-2026-0505,EXM-0129,SUB-ENG,22.6,A+,True,SCH-001
STU-2026-0506,EXM-0129,SUB-ENG,21.5,A,True,SCH-001
STU-2026-0507,EXM-0129,SUB-ENG,21.4,A,True,SCH-001
STU-2026-0508,EXM-0129,SUB-ENG,20.9,A,True,SCH-001
STU-2026-0509,EXM-0129,SUB-ENG,17.3,C,True,SCH-001
STU-2026-0510,EXM-0129,SUB-ENG,17.1,C,True,SCH-001
STU-2026-0511,EXM-0129,SUB-ENG,11.2,F,True,SCH-001
STU-2026-0512,EXM-0129,SUB-ENG,18.3,B,True,SCH-001
STU-2026-0513,EXM-0129,SUB-ENG,16.4,C,True,SCH-001
STU-2026-0514,EXM-0129,SUB-ENG,18.2,B,True,SCH-001
STU-2026-0515,EXM-0129,SUB-ENG,18.9,B,True,SCH-001
STU-2026-0516,EXM-0129,SUB-ENG,7.4,F,False,SCH-001
STU-2026-0517,EXM-0129,SUB-ENG,18.3,B,True,SCH-001
STU-2026-0518,EXM-0129,SUB-ENG,13.7,D,True,SCH-001
STU-2026-0519,EXM-0129,SUB-ENG,16.8,C,True,SCH-001
STU-2026-0520,EXM-0129,SUB-ENG,22.4,A,True,SCH-001
STU-2026-0521,EXM-0129,SUB-ENG,17.2,C,True,SCH-001
STU-2026-0522,EXM-0129,SUB-ENG,18.9,B,True,SCH-001
STU-2026-0523,EXM-0129,SUB-ENG,23.1,A+,True,SCH-001
STU-2026-0524,EXM-0129,SUB-ENG,22.4,A,True,SCH-001
STU-2026-0525,EXM-0129,SUB-ENG,16.9,C,True,SCH-001
STU-2026-0526,EXM-0129,SUB-ENG,15.8,C,True,SCH-001
STU-2026-0527,EXM-0129,SUB-ENG,19.3,B,True,SCH-001
STU-2026-0528,EXM-0129,SUB-ENG,19.7,B,True,SCH-001
STU-2026-0463,EXM-0130,SUB-HIST,24.8,A+,True,SCH-001
STU-2026-0464,EXM-0130,SUB-HIST,14.5,D,True,SCH-001
STU-2026-0465,EXM-0130,SUB-HIST,16.9,C,True,SCH-001
STU-2026-0466,EXM-0130,SUB-HIST,20.1,A,True,SCH-001
STU-2026-0467,EXM-0130,SUB-HIST,20.3,A,True,SCH-001
STU-2026-0468,EXM-0130,SUB-HIST,18.6,B,True,SCH-001
STU-2026-0469,EXM-0130,SUB-HIST,18.8,B,True,SCH-001
STU-2026-0470,EXM-0130,SUB-HIST,14.9,D,True,SCH-001
STU-2026-0471,EXM-0130,SUB-HIST,21.7,A,True,SCH-001
STU-2026-0472,EXM-0130,SUB-HIST,10.5,F,True,SCH-001
STU-2026-0473,EXM-0130,SUB-HIST,15.0,C,True,SCH-001
STU-2026-0474,EXM-0130,SUB-HIST,17.2,C,True,SCH-001
STU-2026-0475,EXM-0130,SUB-HIST,21.5,A,True,SCH-001
STU-2026-0476,EXM-0130,SUB-HIST,14.7,D,True,SCH-001
STU-2026-0477,EXM-0130,SUB-HIST,18.2,B,True,SCH-001
STU-2026-0478,EXM-0130,SUB-HIST,12.3,F,True,SCH-001
STU-2026-0479,EXM-0130,SUB-HIST,20.3,A,True,SCH-001
STU-2026-0480,EXM-0130,SUB-HIST,14.6,D,True,SCH-001
STU-2026-0481,EXM-0130,SUB-HIST,24.2,A+,True,SCH-001
STU-2026-0482,EXM-0130,SUB-HIST,17.5,B,True,SCH-001
STU-2026-0483,EXM-0130,SUB-HIST,6.8,F,False,SCH-001
STU-2026-0484,EXM-0130,SUB-HIST,20.3,A,True,SCH-001
STU-2026-0485,EXM-0130,SUB-HIST,21.9,A,True,SCH-001
STU-2026-0486,EXM-0130,SUB-HIST,20.4,A,True,SCH-001
STU-2026-0487,EXM-0130,SUB-HIST,21.1,A,True,SCH-001
STU-2026-0488,EXM-0130,SUB-HIST,21.4,A,True,SCH-001
STU-2026-0489,EXM-0130,SUB-HIST,17.3,C,True,SCH-001
STU-2026-0490,EXM-0130,SUB-HIST,17.7,B,True,SCH-001
STU-2026-0491,EXM-0130,SUB-HIST,24.7,A+,True,SCH-001
STU-2026-0492,EXM-0130,SUB-HIST,21.7,A,True,SCH-001
STU-2026-0493,EXM-0130,SUB-HIST,18.9,B,True,SCH-001
STU-2026-0494,EXM-0130,SUB-HIST,16.9,C,True,SCH-001
STU-2026-0495,EXM-0130,SUB-HIST,20.5,A,True,SCH-001
STU-2026-0496,EXM-0130,SUB-HIST,9.2,F,True,SCH-001
STU-2026-0497,EXM-0130,SUB-HIST,16.3,C,True,SCH-001
STU-2026-0498,EXM-0130,SUB-HIST,14.3,D,True,SCH-001
STU-2026-0499,EXM-0130,SUB-HIST,10.5,F,True,SCH-001
STU-2026-0500,EXM-0130,SUB-HIST,13.0,D,True,SCH-001
STU-2026-0501,EXM-0130,SUB-HIST,20.5,A,True,SCH-001
STU-2026-0502,EXM-0130,SUB-HIST,19.6,B,True,SCH-001
STU-2026-0503,EXM-0130,SUB-HIST,16.1,C,True,SCH-001
STU-2026-0504,EXM-0130,SUB-HIST,17.3,C,True,SCH-001
STU-2026-0505,EXM-0130,SUB-HIST,21.6,A,True,SCH-001
STU-2026-0506,EXM-0130,SUB-HIST,17.5,B,True,SCH-001
STU-2026-0507,EXM-0130,SUB-HIST,18.2,B,True,SCH-001
STU-2026-0508,EXM-0130,SUB-HIST,17.3,C,True,SCH-001
STU-2026-0509,EXM-0130,SUB-HIST,16.3,C,True,SCH-001
STU-2026-0510,EXM-0130,SUB-HIST,19.6,B,True,SCH-001
STU-2026-0511,EXM-0130,SUB-HIST,10.8,F,True,SCH-001
STU-2026-0512,EXM-0130,SUB-HIST,15.1,C,True,SCH-001
STU-2026-0513,EXM-0130,SUB-HIST,13.2,D,True,SCH-001
STU-2026-0514,EXM-0130,SUB-HIST,18.3,B,True,SCH-001
STU-2026-0515,EXM-0130,SUB-HIST,19.3,B,True,SCH-001
STU-2026-0516,EXM-0130,SUB-HIST,7.8,F,False,SCH-001
STU-2026-0517,EXM-0130,SUB-HIST,17.5,B,True,SCH-001
STU-2026-0518,EXM-0130,SUB-HIST,13.6,D,True,SCH-001
STU-2026-0519,EXM-0130,SUB-HIST,21.3,A,True,SCH-001
STU-2026-0520,EXM-0130,SUB-HIST,23.4,A+,True,SCH-001
STU-2026-0521,EXM-0130,SUB-HIST,18.8,B,True,SCH-001
STU-2026-0522,EXM-0130,SUB-HIST,18.6,B,True,SCH-001
STU-2026-0523,EXM-0130,SUB-HIST,19.0,B,True,SCH-001
STU-2026-0524,EXM-0130,SUB-HIST,19.9,B,True,SCH-001
STU-2026-0525,EXM-0130,SUB-HIST,15.0,C,True,SCH-001
STU-2026-0526,EXM-0130,SUB-HIST,19.4,B,True,SCH-001
STU-2026-0527,EXM-0130,SUB-HIST,17.4,C,True,SCH-001
STU-2026-0528,EXM-0130,SUB-HIST,20.2,A,True,SCH-001
STU-2026-0529,EXM-0131,SUB-MATH,19.0,B,True,SCH-001
STU-2026-0530,EXM-0131,SUB-MATH,17.5,B,True,SCH-001
STU-2026-0531,EXM-0131,SUB-MATH,19.3,B,True,SCH-001
STU-2026-0532,EXM-0131,SUB-MATH,21.6,A,True,SCH-001
STU-2026-0533,EXM-0131,SUB-MATH,19.8,B,True,SCH-001
STU-2026-0534,EXM-0131,SUB-MATH,15.3,C,True,SCH-001
STU-2026-0535,EXM-0131,SUB-MATH,23.1,A+,True,SCH-001
STU-2026-0536,EXM-0131,SUB-MATH,21.2,A,True,SCH-001
STU-2026-0537,EXM-0131,SUB-MATH,23.9,A+,True,SCH-001
STU-2026-0538,EXM-0131,SUB-MATH,17.1,C,True,SCH-001
STU-2026-0539,EXM-0131,SUB-MATH,7.6,F,False,SCH-001
STU-2026-0540,EXM-0131,SUB-MATH,16.3,C,True,SCH-001
STU-2026-0541,EXM-0131,SUB-MATH,18.7,B,True,SCH-001
STU-2026-0542,EXM-0131,SUB-MATH,21.5,A,True,SCH-001
STU-2026-0543,EXM-0131,SUB-MATH,17.2,C,True,SCH-001
STU-2026-0544,EXM-0131,SUB-MATH,21.5,A,True,SCH-001
STU-2026-0545,EXM-0131,SUB-MATH,22.0,A,True,SCH-001
STU-2026-0546,EXM-0131,SUB-MATH,19.7,B,True,SCH-001
STU-2026-0547,EXM-0131,SUB-MATH,18.1,B,True,SCH-001
STU-2026-0548,EXM-0131,SUB-MATH,22.8,A+,True,SCH-001
STU-2026-0549,EXM-0131,SUB-MATH,16.8,C,True,SCH-001
STU-2026-0550,EXM-0131,SUB-MATH,18.3,B,True,SCH-001
STU-2026-0551,EXM-0131,SUB-MATH,13.5,D,True,SCH-001
STU-2026-0552,EXM-0131,SUB-MATH,10.2,F,True,SCH-001
STU-2026-0553,EXM-0131,SUB-MATH,18.5,B,True,SCH-001
STU-2026-0554,EXM-0131,SUB-MATH,21.2,A,True,SCH-001
STU-2026-0555,EXM-0131,SUB-MATH,17.6,B,True,SCH-001
STU-2026-0556,EXM-0131,SUB-MATH,18.6,B,True,SCH-001
STU-2026-0557,EXM-0131,SUB-MATH,20.1,A,True,SCH-001
STU-2026-0558,EXM-0131,SUB-MATH,19.4,B,True,SCH-001
STU-2026-0559,EXM-0131,SUB-MATH,20.7,A,True,SCH-001
STU-2026-0560,EXM-0131,SUB-MATH,23.5,A+,True,SCH-001
STU-2026-0561,EXM-0131,SUB-MATH,23.5,A+,True,SCH-001
STU-2026-0562,EXM-0131,SUB-MATH,15.3,C,True,SCH-001
STU-2026-0563,EXM-0131,SUB-MATH,14.9,D,True,SCH-001
STU-2026-0564,EXM-0131,SUB-MATH,21.1,A,True,SCH-001
STU-2026-0565,EXM-0131,SUB-MATH,22.3,A,True,SCH-001
STU-2026-0566,EXM-0131,SUB-MATH,17.6,B,True,SCH-001
STU-2026-0567,EXM-0131,SUB-MATH,14.3,D,True,SCH-001
STU-2026-0568,EXM-0131,SUB-MATH,19.1,B,True,SCH-001
STU-2026-0569,EXM-0131,SUB-MATH,17.1,C,True,SCH-001
STU-2026-0570,EXM-0131,SUB-MATH,20.5,A,True,SCH-001
STU-2026-0571,EXM-0131,SUB-MATH,21.6,A,True,SCH-001
STU-2026-0572,EXM-0131,SUB-MATH,19.7,B,True,SCH-001
STU-2026-0573,EXM-0131,SUB-MATH,16.5,C,True,SCH-001
STU-2026-0574,EXM-0131,SUB-MATH,14.9,D,True,SCH-001
STU-2026-0575,EXM-0131,SUB-MATH,23.1,A+,True,SCH-001
STU-2026-0576,EXM-0131,SUB-MATH,14.0,D,True,SCH-001
STU-2026-0577,EXM-0131,SUB-MATH,21.0,A,True,SCH-001
STU-2026-0578,EXM-0131,SUB-MATH,20.7,A,True,SCH-001
STU-2026-0579,EXM-0131,SUB-MATH,20.5,A,True,SCH-001
STU-2026-0580,EXM-0131,SUB-MATH,24.8,A+,True,SCH-001
STU-2026-0581,EXM-0131,SUB-MATH,16.7,C,True,SCH-001
STU-2026-0582,EXM-0131,SUB-MATH,10.7,F,True,SCH-001
STU-2026-0583,EXM-0131,SUB-MATH,20.3,A,True,SCH-001
STU-2026-0584,EXM-0131,SUB-MATH,17.4,C,True,SCH-001
STU-2026-0585,EXM-0131,SUB-MATH,17.5,B,True,SCH-001
STU-2026-0586,EXM-0131,SUB-MATH,14.6,D,True,SCH-001
STU-2026-0587,EXM-0131,SUB-MATH,22.3,A,True,SCH-001
STU-2026-0588,EXM-0131,SUB-MATH,5.0,F,False,SCH-001
STU-2026-0589,EXM-0131,SUB-MATH,23.5,A+,True,SCH-001
STU-2026-0590,EXM-0131,SUB-MATH,9.0,F,True,SCH-001
STU-2026-0591,EXM-0131,SUB-MATH,19.5,B,True,SCH-001
STU-2026-0592,EXM-0131,SUB-MATH,16.4,C,True,SCH-001
STU-2026-0593,EXM-0131,SUB-MATH,21.9,A,True,SCH-001
STU-2026-0594,EXM-0131,SUB-MATH,18.9,B,True,SCH-001
STU-2026-0595,EXM-0131,SUB-MATH,17.3,C,True,SCH-001
STU-2026-0596,EXM-0131,SUB-MATH,21.3,A,True,SCH-001
STU-2026-0597,EXM-0131,SUB-MATH,19.3,B,True,SCH-001
STU-2026-0598,EXM-0131,SUB-MATH,24.8,A+,True,SCH-001
STU-2026-0599,EXM-0131,SUB-MATH,11.4,F,True,SCH-001
STU-2026-0600,EXM-0131,SUB-MATH,12.8,D,True,SCH-001
STU-2026-0529,EXM-0132,SUB-PHY,19.9,B,True,SCH-001
STU-2026-0530,EXM-0132,SUB-PHY,17.9,B,True,SCH-001
STU-2026-0531,EXM-0132,SUB-PHY,22.6,A+,True,SCH-001
STU-2026-0532,EXM-0132,SUB-PHY,22.2,A,True,SCH-001
STU-2026-0533,EXM-0132,SUB-PHY,19.5,B,True,SCH-001
STU-2026-0534,EXM-0132,SUB-PHY,13.4,D,True,SCH-001
STU-2026-0535,EXM-0132,SUB-PHY,24.8,A+,True,SCH-001
STU-2026-0536,EXM-0132,SUB-PHY,24.8,A+,True,SCH-001
STU-2026-0537,EXM-0132,SUB-PHY,24.8,A+,True,SCH-001
STU-2026-0538,EXM-0132,SUB-PHY,19.3,B,True,SCH-001
STU-2026-0539,EXM-0132,SUB-PHY,7.6,F,False,SCH-001
STU-2026-0540,EXM-0132,SUB-PHY,14.9,D,True,SCH-001
STU-2026-0541,EXM-0132,SUB-PHY,16.4,C,True,SCH-001
STU-2026-0542,EXM-0132,SUB-PHY,22.8,A+,True,SCH-001
STU-2026-0543,EXM-0132,SUB-PHY,17.0,C,True,SCH-001
STU-2026-0544,EXM-0132,SUB-PHY,20.7,A,True,SCH-001
STU-2026-0545,EXM-0132,SUB-PHY,20.6,A,True,SCH-001
STU-2026-0546,EXM-0132,SUB-PHY,21.5,A,True,SCH-001
STU-2026-0547,EXM-0132,SUB-PHY,20.4,A,True,SCH-001
STU-2026-0548,EXM-0132,SUB-PHY,23.5,A+,True,SCH-001
STU-2026-0549,EXM-0132,SUB-PHY,17.6,B,True,SCH-001
STU-2026-0550,EXM-0132,SUB-PHY,20.4,A,True,SCH-001
STU-2026-0551,EXM-0132,SUB-PHY,14.4,D,True,SCH-001
STU-2026-0552,EXM-0132,SUB-PHY,11.1,F,True,SCH-001
STU-2026-0553,EXM-0132,SUB-PHY,17.9,B,True,SCH-001
STU-2026-0554,EXM-0132,SUB-PHY,20.9,A,True,SCH-001
STU-2026-0555,EXM-0132,SUB-PHY,16.7,C,True,SCH-001
STU-2026-0556,EXM-0132,SUB-PHY,18.8,B,True,SCH-001
STU-2026-0557,EXM-0132,SUB-PHY,19.2,B,True,SCH-001
STU-2026-0558,EXM-0132,SUB-PHY,16.9,C,True,SCH-001
STU-2026-0559,EXM-0132,SUB-PHY,21.6,A,True,SCH-001
STU-2026-0560,EXM-0132,SUB-PHY,24.2,A+,True,SCH-001
STU-2026-0561,EXM-0132,SUB-PHY,20.8,A,True,SCH-001
STU-2026-0562,EXM-0132,SUB-PHY,18.2,B,True,SCH-001
STU-2026-0563,EXM-0132,SUB-PHY,18.3,B,True,SCH-001
STU-2026-0564,EXM-0132,SUB-PHY,20.2,A,True,SCH-001
STU-2026-0565,EXM-0132,SUB-PHY,21.2,A,True,SCH-001
STU-2026-0566,EXM-0132,SUB-PHY,19.6,B,True,SCH-001
STU-2026-0567,EXM-0132,SUB-PHY,15.9,C,True,SCH-001
STU-2026-0568,EXM-0132,SUB-PHY,16.3,C,True,SCH-001
STU-2026-0569,EXM-0132,SUB-PHY,20.4,A,True,SCH-001
STU-2026-0570,EXM-0132,SUB-PHY,19.7,B,True,SCH-001
STU-2026-0571,EXM-0132,SUB-PHY,21.8,A,True,SCH-001
STU-2026-0572,EXM-0132,SUB-PHY,18.8,B,True,SCH-001
STU-2026-0573,EXM-0132,SUB-PHY,17.2,C,True,SCH-001
STU-2026-0574,EXM-0132,SUB-PHY,14.1,D,True,SCH-001
STU-2026-0575,EXM-0132,SUB-PHY,22.5,A+,True,SCH-001
STU-2026-0576,EXM-0132,SUB-PHY,16.2,C,True,SCH-001
STU-2026-0577,EXM-0132,SUB-PHY,19.8,B,True,SCH-001
STU-2026-0578,EXM-0132,SUB-PHY,18.0,B,True,SCH-001
STU-2026-0579,EXM-0132,SUB-PHY,20.6,A,True,SCH-001
STU-2026-0580,EXM-0132,SUB-PHY,21.3,A,True,SCH-001
STU-2026-0581,EXM-0132,SUB-PHY,18.6,B,True,SCH-001
STU-2026-0582,EXM-0132,SUB-PHY,8.2,F,False,SCH-001
STU-2026-0583,EXM-0132,SUB-PHY,19.7,B,True,SCH-001
STU-2026-0584,EXM-0132,SUB-PHY,19.1,B,True,SCH-001
STU-2026-0585,EXM-0132,SUB-PHY,17.4,C,True,SCH-001
STU-2026-0586,EXM-0132,SUB-PHY,15.8,C,True,SCH-001
STU-2026-0587,EXM-0132,SUB-PHY,23.0,A+,True,SCH-001
STU-2026-0588,EXM-0132,SUB-PHY,3.8,F,False,SCH-001
STU-2026-0589,EXM-0132,SUB-PHY,21.0,A,True,SCH-001
STU-2026-0590,EXM-0132,SUB-PHY,13.2,D,True,SCH-001
STU-2026-0591,EXM-0132,SUB-PHY,21.3,A,True,SCH-001
STU-2026-0592,EXM-0132,SUB-PHY,18.1,B,True,SCH-001
STU-2026-0593,EXM-0132,SUB-PHY,22.7,A+,True,SCH-001
STU-2026-0594,EXM-0132,SUB-PHY,15.1,C,True,SCH-001
STU-2026-0595,EXM-0132,SUB-PHY,18.2,B,True,SCH-001
STU-2026-0596,EXM-0132,SUB-PHY,24.8,A+,True,SCH-001
STU-2026-0597,EXM-0132,SUB-PHY,20.8,A,True,SCH-001
STU-2026-0598,EXM-0132,SUB-PHY,24.8,A+,True,SCH-001
STU-2026-0599,EXM-0132,SUB-PHY,6.6,F,False,SCH-001
STU-2026-0600,EXM-0132,SUB-PHY,12.3,F,True,SCH-001
STU-2026-0529,EXM-0133,SUB-CHEM,17.7,B,True,SCH-001
STU-2026-0530,EXM-0133,SUB-CHEM,17.0,C,True,SCH-001
STU-2026-0531,EXM-0133,SUB-CHEM,21.6,A,True,SCH-001
STU-2026-0532,EXM-0133,SUB-CHEM,22.0,A,True,SCH-001
STU-2026-0533,EXM-0133,SUB-CHEM,18.5,B,True,SCH-001
STU-2026-0534,EXM-0133,SUB-CHEM,15.2,C,True,SCH-001
STU-2026-0535,EXM-0133,SUB-CHEM,24.0,A+,True,SCH-001
STU-2026-0536,EXM-0133,SUB-CHEM,22.9,A+,True,SCH-001
STU-2026-0537,EXM-0133,SUB-CHEM,24.8,A+,True,SCH-001
STU-2026-0538,EXM-0133,SUB-CHEM,16.0,C,True,SCH-001
STU-2026-0539,EXM-0133,SUB-CHEM,8.1,F,False,SCH-001
STU-2026-0540,EXM-0133,SUB-CHEM,13.5,D,True,SCH-001
STU-2026-0541,EXM-0133,SUB-CHEM,17.0,C,True,SCH-001
STU-2026-0542,EXM-0133,SUB-CHEM,22.3,A,True,SCH-001
STU-2026-0543,EXM-0133,SUB-CHEM,18.3,B,True,SCH-001
STU-2026-0544,EXM-0133,SUB-CHEM,20.0,A,True,SCH-001
STU-2026-0545,EXM-0133,SUB-CHEM,19.9,B,True,SCH-001
STU-2026-0546,EXM-0133,SUB-CHEM,22.2,A,True,SCH-001
STU-2026-0547,EXM-0133,SUB-CHEM,21.4,A,True,SCH-001
STU-2026-0548,EXM-0133,SUB-CHEM,24.2,A+,True,SCH-001
STU-2026-0549,EXM-0133,SUB-CHEM,18.0,B,True,SCH-001
STU-2026-0550,EXM-0133,SUB-CHEM,20.2,A,True,SCH-001
STU-2026-0551,EXM-0133,SUB-CHEM,13.1,D,True,SCH-001
STU-2026-0552,EXM-0133,SUB-CHEM,13.6,D,True,SCH-001
STU-2026-0553,EXM-0133,SUB-CHEM,19.3,B,True,SCH-001
STU-2026-0554,EXM-0133,SUB-CHEM,23.0,A+,True,SCH-001
STU-2026-0555,EXM-0133,SUB-CHEM,16.4,C,True,SCH-001
STU-2026-0556,EXM-0133,SUB-CHEM,15.6,C,True,SCH-001
STU-2026-0557,EXM-0133,SUB-CHEM,19.5,B,True,SCH-001
STU-2026-0558,EXM-0133,SUB-CHEM,19.3,B,True,SCH-001
STU-2026-0559,EXM-0133,SUB-CHEM,17.6,B,True,SCH-001
STU-2026-0560,EXM-0133,SUB-CHEM,21.6,A,True,SCH-001
STU-2026-0561,EXM-0133,SUB-CHEM,24.8,A+,True,SCH-001
STU-2026-0562,EXM-0133,SUB-CHEM,20.6,A,True,SCH-001
STU-2026-0563,EXM-0133,SUB-CHEM,15.8,C,True,SCH-001
STU-2026-0564,EXM-0133,SUB-CHEM,20.0,A,True,SCH-001
STU-2026-0565,EXM-0133,SUB-CHEM,19.2,B,True,SCH-001
STU-2026-0566,EXM-0133,SUB-CHEM,16.7,C,True,SCH-001
STU-2026-0567,EXM-0133,SUB-CHEM,14.3,D,True,SCH-001
STU-2026-0568,EXM-0133,SUB-CHEM,19.0,B,True,SCH-001
STU-2026-0569,EXM-0133,SUB-CHEM,21.1,A,True,SCH-001
STU-2026-0570,EXM-0133,SUB-CHEM,22.7,A+,True,SCH-001
STU-2026-0571,EXM-0133,SUB-CHEM,23.9,A+,True,SCH-001
STU-2026-0572,EXM-0133,SUB-CHEM,19.1,B,True,SCH-001
STU-2026-0573,EXM-0133,SUB-CHEM,19.3,B,True,SCH-001
STU-2026-0574,EXM-0133,SUB-CHEM,14.3,D,True,SCH-001
STU-2026-0575,EXM-0133,SUB-CHEM,22.2,A,True,SCH-001
STU-2026-0576,EXM-0133,SUB-CHEM,16.5,C,True,SCH-001
STU-2026-0577,EXM-0133,SUB-CHEM,21.4,A,True,SCH-001
STU-2026-0578,EXM-0133,SUB-CHEM,21.5,A,True,SCH-001
STU-2026-0579,EXM-0133,SUB-CHEM,21.4,A,True,SCH-001
STU-2026-0580,EXM-0133,SUB-CHEM,24.4,A+,True,SCH-001
STU-2026-0581,EXM-0133,SUB-CHEM,15.5,C,True,SCH-001
STU-2026-0582,EXM-0133,SUB-CHEM,9.6,F,True,SCH-001
STU-2026-0583,EXM-0133,SUB-CHEM,21.0,A,True,SCH-001
STU-2026-0584,EXM-0133,SUB-CHEM,16.5,C,True,SCH-001
STU-2026-0585,EXM-0133,SUB-CHEM,20.0,A,True,SCH-001
STU-2026-0586,EXM-0133,SUB-CHEM,12.6,D,True,SCH-001
STU-2026-0587,EXM-0133,SUB-CHEM,20.7,A,True,SCH-001
STU-2026-0588,EXM-0133,SUB-CHEM,3.8,F,False,SCH-001
STU-2026-0589,EXM-0133,SUB-CHEM,22.4,A,True,SCH-001
STU-2026-0590,EXM-0133,SUB-CHEM,15.6,C,True,SCH-001
STU-2026-0591,EXM-0133,SUB-CHEM,19.7,B,True,SCH-001
STU-2026-0592,EXM-0133,SUB-CHEM,12.4,F,True,SCH-001
STU-2026-0593,EXM-0133,SUB-CHEM,17.5,B,True,SCH-001
STU-2026-0594,EXM-0133,SUB-CHEM,18.7,B,True,SCH-001
STU-2026-0595,EXM-0133,SUB-CHEM,15.1,C,True,SCH-001
STU-2026-0596,EXM-0133,SUB-CHEM,24.4,A+,True,SCH-001
STU-2026-0597,EXM-0133,SUB-CHEM,19.1,B,True,SCH-001
STU-2026-0598,EXM-0133,SUB-CHEM,24.5,A+,True,SCH-001
STU-2026-0599,EXM-0133,SUB-CHEM,8.5,F,False,SCH-001
STU-2026-0600,EXM-0133,SUB-CHEM,12.6,D,True,SCH-001
STU-2026-0529,EXM-0134,SUB-ENG,18.5,B,True,SCH-001
STU-2026-0530,EXM-0134,SUB-ENG,17.4,C,True,SCH-001
STU-2026-0531,EXM-0134,SUB-ENG,18.8,B,True,SCH-001
STU-2026-0532,EXM-0134,SUB-ENG,23.0,A+,True,SCH-001
STU-2026-0533,EXM-0134,SUB-ENG,19.4,B,True,SCH-001
STU-2026-0534,EXM-0134,SUB-ENG,12.9,D,True,SCH-001
STU-2026-0535,EXM-0134,SUB-ENG,24.8,A+,True,SCH-001
STU-2026-0536,EXM-0134,SUB-ENG,24.8,A+,True,SCH-001
STU-2026-0537,EXM-0134,SUB-ENG,21.1,A,True,SCH-001
STU-2026-0538,EXM-0134,SUB-ENG,16.2,C,True,SCH-001
STU-2026-0539,EXM-0134,SUB-ENG,7.2,F,False,SCH-001
STU-2026-0540,EXM-0134,SUB-ENG,16.2,C,True,SCH-001
STU-2026-0541,EXM-0134,SUB-ENG,16.5,C,True,SCH-001
STU-2026-0542,EXM-0134,SUB-ENG,21.2,A,True,SCH-001
STU-2026-0543,EXM-0134,SUB-ENG,17.7,B,True,SCH-001
STU-2026-0544,EXM-0134,SUB-ENG,20.5,A,True,SCH-001
STU-2026-0545,EXM-0134,SUB-ENG,19.1,B,True,SCH-001
STU-2026-0546,EXM-0134,SUB-ENG,20.5,A,True,SCH-001
STU-2026-0547,EXM-0134,SUB-ENG,19.5,B,True,SCH-001
STU-2026-0548,EXM-0134,SUB-ENG,22.9,A+,True,SCH-001
STU-2026-0549,EXM-0134,SUB-ENG,14.0,D,True,SCH-001
STU-2026-0550,EXM-0134,SUB-ENG,15.7,C,True,SCH-001
STU-2026-0551,EXM-0134,SUB-ENG,12.3,F,True,SCH-001
STU-2026-0552,EXM-0134,SUB-ENG,8.3,F,False,SCH-001
STU-2026-0553,EXM-0134,SUB-ENG,16.0,C,True,SCH-001
STU-2026-0554,EXM-0134,SUB-ENG,20.6,A,True,SCH-001
STU-2026-0555,EXM-0134,SUB-ENG,16.2,C,True,SCH-001
STU-2026-0556,EXM-0134,SUB-ENG,21.0,A,True,SCH-001
STU-2026-0557,EXM-0134,SUB-ENG,23.7,A+,True,SCH-001
STU-2026-0558,EXM-0134,SUB-ENG,18.9,B,True,SCH-001
STU-2026-0559,EXM-0134,SUB-ENG,23.0,A+,True,SCH-001
STU-2026-0560,EXM-0134,SUB-ENG,20.3,A,True,SCH-001
STU-2026-0561,EXM-0134,SUB-ENG,24.7,A+,True,SCH-001
STU-2026-0562,EXM-0134,SUB-ENG,19.0,B,True,SCH-001
STU-2026-0563,EXM-0134,SUB-ENG,15.0,C,True,SCH-001
STU-2026-0564,EXM-0134,SUB-ENG,19.2,B,True,SCH-001
STU-2026-0565,EXM-0134,SUB-ENG,23.8,A+,True,SCH-001
STU-2026-0566,EXM-0134,SUB-ENG,17.1,C,True,SCH-001
STU-2026-0567,EXM-0134,SUB-ENG,16.0,C,True,SCH-001
STU-2026-0568,EXM-0134,SUB-ENG,19.3,B,True,SCH-001
STU-2026-0569,EXM-0134,SUB-ENG,20.3,A,True,SCH-001
STU-2026-0570,EXM-0134,SUB-ENG,19.9,B,True,SCH-001
STU-2026-0571,EXM-0134,SUB-ENG,24.8,A+,True,SCH-001
STU-2026-0572,EXM-0134,SUB-ENG,19.1,B,True,SCH-001
STU-2026-0573,EXM-0134,SUB-ENG,18.4,B,True,SCH-001
STU-2026-0574,EXM-0134,SUB-ENG,16.3,C,True,SCH-001
STU-2026-0575,EXM-0134,SUB-ENG,22.9,A+,True,SCH-001
STU-2026-0576,EXM-0134,SUB-ENG,17.8,B,True,SCH-001
STU-2026-0577,EXM-0134,SUB-ENG,20.7,A,True,SCH-001
STU-2026-0578,EXM-0134,SUB-ENG,19.8,B,True,SCH-001
STU-2026-0579,EXM-0134,SUB-ENG,22.0,A,True,SCH-001
STU-2026-0580,EXM-0134,SUB-ENG,24.5,A+,True,SCH-001
STU-2026-0581,EXM-0134,SUB-ENG,18.1,B,True,SCH-001
STU-2026-0582,EXM-0134,SUB-ENG,14.2,D,True,SCH-001
STU-2026-0583,EXM-0134,SUB-ENG,18.2,B,True,SCH-001
STU-2026-0584,EXM-0134,SUB-ENG,16.7,C,True,SCH-001
STU-2026-0585,EXM-0134,SUB-ENG,18.5,B,True,SCH-001
STU-2026-0586,EXM-0134,SUB-ENG,14.7,D,True,SCH-001
STU-2026-0587,EXM-0134,SUB-ENG,23.3,A+,True,SCH-001
STU-2026-0588,EXM-0134,SUB-ENG,4.8,F,False,SCH-001
STU-2026-0589,EXM-0134,SUB-ENG,24.3,A+,True,SCH-001
STU-2026-0590,EXM-0134,SUB-ENG,10.5,F,True,SCH-001
STU-2026-0591,EXM-0134,SUB-ENG,22.1,A,True,SCH-001
STU-2026-0592,EXM-0134,SUB-ENG,16.0,C,True,SCH-001
STU-2026-0593,EXM-0134,SUB-ENG,20.8,A,True,SCH-001
STU-2026-0594,EXM-0134,SUB-ENG,19.4,B,True,SCH-001
STU-2026-0595,EXM-0134,SUB-ENG,16.9,C,True,SCH-001
STU-2026-0596,EXM-0134,SUB-ENG,21.6,A,True,SCH-001
STU-2026-0597,EXM-0134,SUB-ENG,19.4,B,True,SCH-001
STU-2026-0598,EXM-0134,SUB-ENG,21.7,A,True,SCH-001
STU-2026-0599,EXM-0134,SUB-ENG,11.0,F,True,SCH-001
STU-2026-0600,EXM-0134,SUB-ENG,13.0,D,True,SCH-001
STU-2026-0529,EXM-0135,SUB-HIST,20.7,A,True,SCH-001
STU-2026-0530,EXM-0135,SUB-HIST,19.1,B,True,SCH-001
STU-2026-0531,EXM-0135,SUB-HIST,16.9,C,True,SCH-001
STU-2026-0532,EXM-0135,SUB-HIST,22.5,A+,True,SCH-001
STU-2026-0533,EXM-0135,SUB-HIST,21.2,A,True,SCH-001
STU-2026-0534,EXM-0135,SUB-HIST,15.9,C,True,SCH-001
STU-2026-0535,EXM-0135,SUB-HIST,23.9,A+,True,SCH-001
STU-2026-0536,EXM-0135,SUB-HIST,24.4,A+,True,SCH-001
STU-2026-0537,EXM-0135,SUB-HIST,24.8,A+,True,SCH-001
STU-2026-0538,EXM-0135,SUB-HIST,21.2,A,True,SCH-001
STU-2026-0539,EXM-0135,SUB-HIST,8.3,F,False,SCH-001
STU-2026-0540,EXM-0135,SUB-HIST,13.8,D,True,SCH-001
STU-2026-0541,EXM-0135,SUB-HIST,17.0,C,True,SCH-001
STU-2026-0542,EXM-0135,SUB-HIST,22.0,A,True,SCH-001
STU-2026-0543,EXM-0135,SUB-HIST,18.8,B,True,SCH-001
STU-2026-0544,EXM-0135,SUB-HIST,20.2,A,True,SCH-001
STU-2026-0545,EXM-0135,SUB-HIST,17.6,B,True,SCH-001
STU-2026-0546,EXM-0135,SUB-HIST,18.9,B,True,SCH-001
STU-2026-0547,EXM-0135,SUB-HIST,21.2,A,True,SCH-001
STU-2026-0548,EXM-0135,SUB-HIST,22.7,A+,True,SCH-001
STU-2026-0549,EXM-0135,SUB-HIST,18.5,B,True,SCH-001
STU-2026-0550,EXM-0135,SUB-HIST,18.1,B,True,SCH-001
STU-2026-0551,EXM-0135,SUB-HIST,13.5,D,True,SCH-001
STU-2026-0552,EXM-0135,SUB-HIST,9.3,F,True,SCH-001
STU-2026-0553,EXM-0135,SUB-HIST,18.5,B,True,SCH-001
STU-2026-0554,EXM-0135,SUB-HIST,19.3,B,True,SCH-001
STU-2026-0555,EXM-0135,SUB-HIST,13.1,D,True,SCH-001
STU-2026-0556,EXM-0135,SUB-HIST,14.9,D,True,SCH-001
STU-2026-0557,EXM-0135,SUB-HIST,21.0,A,True,SCH-001
STU-2026-0558,EXM-0135,SUB-HIST,19.3,B,True,SCH-001
STU-2026-0559,EXM-0135,SUB-HIST,18.7,B,True,SCH-001
STU-2026-0560,EXM-0135,SUB-HIST,20.8,A,True,SCH-001
STU-2026-0561,EXM-0135,SUB-HIST,23.7,A+,True,SCH-001
STU-2026-0562,EXM-0135,SUB-HIST,20.8,A,True,SCH-001
STU-2026-0563,EXM-0135,SUB-HIST,14.4,D,True,SCH-001
STU-2026-0564,EXM-0135,SUB-HIST,19.7,B,True,SCH-001
STU-2026-0565,EXM-0135,SUB-HIST,20.5,A,True,SCH-001
STU-2026-0566,EXM-0135,SUB-HIST,19.1,B,True,SCH-001
STU-2026-0567,EXM-0135,SUB-HIST,13.6,D,True,SCH-001
STU-2026-0568,EXM-0135,SUB-HIST,15.4,C,True,SCH-001
STU-2026-0569,EXM-0135,SUB-HIST,18.0,B,True,SCH-001
STU-2026-0570,EXM-0135,SUB-HIST,19.4,B,True,SCH-001
STU-2026-0571,EXM-0135,SUB-HIST,22.3,A,True,SCH-001
STU-2026-0572,EXM-0135,SUB-HIST,18.0,B,True,SCH-001
STU-2026-0573,EXM-0135,SUB-HIST,15.9,C,True,SCH-001
STU-2026-0574,EXM-0135,SUB-HIST,14.0,D,True,SCH-001
STU-2026-0575,EXM-0135,SUB-HIST,22.4,A,True,SCH-001
STU-2026-0576,EXM-0135,SUB-HIST,19.4,B,True,SCH-001
STU-2026-0577,EXM-0135,SUB-HIST,24.4,A+,True,SCH-001
STU-2026-0578,EXM-0135,SUB-HIST,20.5,A,True,SCH-001
STU-2026-0579,EXM-0135,SUB-HIST,20.7,A,True,SCH-001
STU-2026-0580,EXM-0135,SUB-HIST,21.5,A,True,SCH-001
STU-2026-0581,EXM-0135,SUB-HIST,20.7,A,True,SCH-001
STU-2026-0582,EXM-0135,SUB-HIST,13.1,D,True,SCH-001
STU-2026-0583,EXM-0135,SUB-HIST,17.5,B,True,SCH-001
STU-2026-0584,EXM-0135,SUB-HIST,16.9,C,True,SCH-001
STU-2026-0585,EXM-0135,SUB-HIST,16.2,C,True,SCH-001
STU-2026-0586,EXM-0135,SUB-HIST,15.1,C,True,SCH-001
STU-2026-0587,EXM-0135,SUB-HIST,22.8,A+,True,SCH-001
STU-2026-0588,EXM-0135,SUB-HIST,3.8,F,False,SCH-001
STU-2026-0589,EXM-0135,SUB-HIST,21.5,A,True,SCH-001
STU-2026-0590,EXM-0135,SUB-HIST,13.1,D,True,SCH-001
STU-2026-0591,EXM-0135,SUB-HIST,22.0,A,True,SCH-001
STU-2026-0592,EXM-0135,SUB-HIST,13.1,D,True,SCH-001
STU-2026-0593,EXM-0135,SUB-HIST,19.4,B,True,SCH-001
STU-2026-0594,EXM-0135,SUB-HIST,21.1,A,True,SCH-001
STU-2026-0595,EXM-0135,SUB-HIST,16.8,C,True,SCH-001
STU-2026-0596,EXM-0135,SUB-HIST,23.1,A+,True,SCH-001
STU-2026-0597,EXM-0135,SUB-HIST,21.6,A,True,SCH-001
STU-2026-0598,EXM-0135,SUB-HIST,22.3,A,True,SCH-001
STU-2026-0599,EXM-0135,SUB-HIST,8.1,F,False,SCH-001
STU-2026-0600,EXM-0135,SUB-HIST,13.3,D,True,SCH-001
STU-2026-0001,EXM-0136,SUB-MATH,85.3,A,True,SCH-001
STU-2026-0002,EXM-0136,SUB-MATH,81.9,A,True,SCH-001
STU-2026-0003,EXM-0136,SUB-MATH,88.3,A,True,SCH-001
STU-2026-0004,EXM-0136,SUB-MATH,49.8,F,True,SCH-001
STU-2026-0005,EXM-0136,SUB-MATH,76.7,B,True,SCH-001
STU-2026-0006,EXM-0136,SUB-MATH,70.5,B,True,SCH-001
STU-2026-0007,EXM-0136,SUB-MATH,87.5,A,True,SCH-001
STU-2026-0008,EXM-0136,SUB-MATH,46.5,F,True,SCH-001
STU-2026-0009,EXM-0136,SUB-MATH,55.2,D,True,SCH-001
STU-2026-0010,EXM-0136,SUB-MATH,77.4,B,True,SCH-001
STU-2026-0011,EXM-0136,SUB-MATH,95.8,A+,True,SCH-001
STU-2026-0012,EXM-0136,SUB-MATH,74.6,B,True,SCH-001
STU-2026-0013,EXM-0136,SUB-MATH,84.8,A,True,SCH-001
STU-2026-0014,EXM-0136,SUB-MATH,64.0,C,True,SCH-001
STU-2026-0015,EXM-0136,SUB-MATH,98.5,A+,True,SCH-001
STU-2026-0016,EXM-0136,SUB-MATH,57.5,D,True,SCH-001
STU-2026-0017,EXM-0136,SUB-MATH,77.4,B,True,SCH-001
STU-2026-0018,EXM-0136,SUB-MATH,80.7,A,True,SCH-001
STU-2026-0019,EXM-0136,SUB-MATH,65.8,C,True,SCH-001
STU-2026-0020,EXM-0136,SUB-MATH,62.1,C,True,SCH-001
STU-2026-0021,EXM-0136,SUB-MATH,34.7,F,False,SCH-001
STU-2026-0022,EXM-0136,SUB-MATH,53.2,D,True,SCH-001
STU-2026-0023,EXM-0136,SUB-MATH,81.1,A,True,SCH-001
STU-2026-0024,EXM-0136,SUB-MATH,74.3,B,True,SCH-001
STU-2026-0025,EXM-0136,SUB-MATH,72.9,B,True,SCH-001
STU-2026-0026,EXM-0136,SUB-MATH,82.9,A,True,SCH-001
STU-2026-0027,EXM-0136,SUB-MATH,67.3,C,True,SCH-001
STU-2026-0028,EXM-0136,SUB-MATH,61.0,C,True,SCH-001
STU-2026-0029,EXM-0136,SUB-MATH,92.4,A+,True,SCH-001
STU-2026-0030,EXM-0136,SUB-MATH,79.4,B,True,SCH-001
STU-2026-0031,EXM-0136,SUB-MATH,89.4,A,True,SCH-001
STU-2026-0032,EXM-0136,SUB-MATH,60.9,C,True,SCH-001
STU-2026-0033,EXM-0136,SUB-MATH,95.5,A+,True,SCH-001
STU-2026-0034,EXM-0136,SUB-MATH,77.1,B,True,SCH-001
STU-2026-0035,EXM-0136,SUB-MATH,85.1,A,True,SCH-001
STU-2026-0036,EXM-0136,SUB-MATH,99.0,A+,True,SCH-001
STU-2026-0037,EXM-0136,SUB-MATH,74.5,B,True,SCH-001
STU-2026-0038,EXM-0136,SUB-MATH,84.5,A,True,SCH-001
STU-2026-0039,EXM-0136,SUB-MATH,49.8,F,True,SCH-001
STU-2026-0040,EXM-0136,SUB-MATH,47.3,F,True,SCH-001
STU-2026-0041,EXM-0136,SUB-MATH,87.6,A,True,SCH-001
STU-2026-0042,EXM-0136,SUB-MATH,72.1,B,True,SCH-001
STU-2026-0043,EXM-0136,SUB-MATH,80.5,A,True,SCH-001
STU-2026-0044,EXM-0136,SUB-MATH,29.5,F,False,SCH-001
STU-2026-0045,EXM-0136,SUB-MATH,75.3,B,True,SCH-001
STU-2026-0046,EXM-0136,SUB-MATH,70.2,B,True,SCH-001
STU-2026-0047,EXM-0136,SUB-MATH,83.6,A,True,SCH-001
STU-2026-0048,EXM-0136,SUB-MATH,71.4,B,True,SCH-001
STU-2026-0049,EXM-0136,SUB-MATH,73.2,B,True,SCH-001
STU-2026-0050,EXM-0136,SUB-MATH,84.4,A,True,SCH-001
STU-2026-0051,EXM-0136,SUB-MATH,79.2,B,True,SCH-001
STU-2026-0052,EXM-0136,SUB-MATH,79.7,B,True,SCH-001
STU-2026-0053,EXM-0136,SUB-MATH,97.2,A+,True,SCH-001
STU-2026-0054,EXM-0136,SUB-MATH,38.0,F,True,SCH-001
STU-2026-0055,EXM-0136,SUB-MATH,92.0,A+,True,SCH-001
STU-2026-0056,EXM-0136,SUB-MATH,89.0,A,True,SCH-001
STU-2026-0057,EXM-0136,SUB-MATH,61.2,C,True,SCH-001
STU-2026-0058,EXM-0136,SUB-MATH,64.0,C,True,SCH-001
STU-2026-0059,EXM-0136,SUB-MATH,90.1,A+,True,SCH-001
STU-2026-0060,EXM-0136,SUB-MATH,79.0,B,True,SCH-001
STU-2026-0061,EXM-0136,SUB-MATH,86.2,A,True,SCH-001
STU-2026-0062,EXM-0136,SUB-MATH,70.1,B,True,SCH-001
STU-2026-0063,EXM-0136,SUB-MATH,65.1,C,True,SCH-001
STU-2026-0064,EXM-0136,SUB-MATH,80.2,A,True,SCH-001
STU-2026-0065,EXM-0136,SUB-MATH,68.7,C,True,SCH-001
STU-2026-0066,EXM-0136,SUB-MATH,59.3,D,True,SCH-001
STU-2026-0001,EXM-0137,SUB-PHY,69.8,C,True,SCH-001
STU-2026-0002,EXM-0137,SUB-PHY,89.0,A,True,SCH-001
STU-2026-0003,EXM-0137,SUB-PHY,91.9,A+,True,SCH-001
STU-2026-0004,EXM-0137,SUB-PHY,39.9,F,True,SCH-001
STU-2026-0005,EXM-0137,SUB-PHY,69.3,C,True,SCH-001
STU-2026-0006,EXM-0137,SUB-PHY,71.4,B,True,SCH-001
STU-2026-0007,EXM-0137,SUB-PHY,66.5,C,True,SCH-001
STU-2026-0008,EXM-0137,SUB-PHY,40.6,F,True,SCH-001
STU-2026-0009,EXM-0137,SUB-PHY,59.9,D,True,SCH-001
STU-2026-0010,EXM-0137,SUB-PHY,68.0,C,True,SCH-001
STU-2026-0011,EXM-0137,SUB-PHY,82.0,A,True,SCH-001
STU-2026-0012,EXM-0137,SUB-PHY,89.7,A,True,SCH-001
STU-2026-0013,EXM-0137,SUB-PHY,79.5,B,True,SCH-001
STU-2026-0014,EXM-0137,SUB-PHY,81.9,A,True,SCH-001
STU-2026-0015,EXM-0137,SUB-PHY,72.1,B,True,SCH-001
STU-2026-0016,EXM-0137,SUB-PHY,64.8,C,True,SCH-001
STU-2026-0017,EXM-0137,SUB-PHY,75.5,B,True,SCH-001
STU-2026-0018,EXM-0137,SUB-PHY,87.1,A,True,SCH-001
STU-2026-0019,EXM-0137,SUB-PHY,73.5,B,True,SCH-001
STU-2026-0020,EXM-0137,SUB-PHY,77.7,B,True,SCH-001
STU-2026-0021,EXM-0137,SUB-PHY,45.3,F,True,SCH-001
STU-2026-0022,EXM-0137,SUB-PHY,73.1,B,True,SCH-001
STU-2026-0023,EXM-0137,SUB-PHY,81.6,A,True,SCH-001
STU-2026-0024,EXM-0137,SUB-PHY,68.3,C,True,SCH-001
STU-2026-0025,EXM-0137,SUB-PHY,75.0,B,True,SCH-001
STU-2026-0026,EXM-0137,SUB-PHY,91.6,A+,True,SCH-001
STU-2026-0027,EXM-0137,SUB-PHY,81.9,A,True,SCH-001
STU-2026-0028,EXM-0137,SUB-PHY,80.4,A,True,SCH-001
STU-2026-0029,EXM-0137,SUB-PHY,84.8,A,True,SCH-001
STU-2026-0030,EXM-0137,SUB-PHY,86.6,A,True,SCH-001
STU-2026-0031,EXM-0137,SUB-PHY,77.3,B,True,SCH-001
STU-2026-0032,EXM-0137,SUB-PHY,60.1,C,True,SCH-001
STU-2026-0033,EXM-0137,SUB-PHY,99.0,A+,True,SCH-001
STU-2026-0034,EXM-0137,SUB-PHY,92.0,A+,True,SCH-001
STU-2026-0035,EXM-0137,SUB-PHY,91.3,A+,True,SCH-001
STU-2026-0036,EXM-0137,SUB-PHY,83.3,A,True,SCH-001
STU-2026-0037,EXM-0137,SUB-PHY,75.9,B,True,SCH-001
STU-2026-0038,EXM-0137,SUB-PHY,78.2,B,True,SCH-001
STU-2026-0039,EXM-0137,SUB-PHY,58.0,D,True,SCH-001
STU-2026-0040,EXM-0137,SUB-PHY,42.0,F,True,SCH-001
STU-2026-0041,EXM-0137,SUB-PHY,75.8,B,True,SCH-001
STU-2026-0042,EXM-0137,SUB-PHY,73.0,B,True,SCH-001
STU-2026-0043,EXM-0137,SUB-PHY,71.3,B,True,SCH-001
STU-2026-0044,EXM-0137,SUB-PHY,44.1,F,True,SCH-001
STU-2026-0045,EXM-0137,SUB-PHY,66.1,C,True,SCH-001
STU-2026-0046,EXM-0137,SUB-PHY,77.5,B,True,SCH-001
STU-2026-0047,EXM-0137,SUB-PHY,82.0,A,True,SCH-001
STU-2026-0048,EXM-0137,SUB-PHY,88.9,A,True,SCH-001
STU-2026-0049,EXM-0137,SUB-PHY,91.3,A+,True,SCH-001
STU-2026-0050,EXM-0137,SUB-PHY,93.1,A+,True,SCH-001
STU-2026-0051,EXM-0137,SUB-PHY,74.3,B,True,SCH-001
STU-2026-0052,EXM-0137,SUB-PHY,66.2,C,True,SCH-001
STU-2026-0053,EXM-0137,SUB-PHY,87.9,A,True,SCH-001
STU-2026-0054,EXM-0137,SUB-PHY,45.0,F,True,SCH-001
STU-2026-0055,EXM-0137,SUB-PHY,94.7,A+,True,SCH-001
STU-2026-0056,EXM-0137,SUB-PHY,86.8,A,True,SCH-001
STU-2026-0057,EXM-0137,SUB-PHY,72.6,B,True,SCH-001
STU-2026-0058,EXM-0137,SUB-PHY,70.8,B,True,SCH-001
STU-2026-0059,EXM-0137,SUB-PHY,76.3,B,True,SCH-001
STU-2026-0060,EXM-0137,SUB-PHY,67.7,C,True,SCH-001
STU-2026-0061,EXM-0137,SUB-PHY,76.4,B,True,SCH-001
STU-2026-0062,EXM-0137,SUB-PHY,88.3,A,True,SCH-001
STU-2026-0063,EXM-0137,SUB-PHY,78.8,B,True,SCH-001
STU-2026-0064,EXM-0137,SUB-PHY,71.1,B,True,SCH-001
STU-2026-0065,EXM-0137,SUB-PHY,86.5,A,True,SCH-001
STU-2026-0066,EXM-0137,SUB-PHY,55.2,D,True,SCH-001
STU-2026-0001,EXM-0138,SUB-CHEM,78.2,B,True,SCH-001
STU-2026-0002,EXM-0138,SUB-CHEM,91.1,A+,True,SCH-001
STU-2026-0003,EXM-0138,SUB-CHEM,88.3,A,True,SCH-001
STU-2026-0004,EXM-0138,SUB-CHEM,35.3,F,True,SCH-001
STU-2026-0005,EXM-0138,SUB-CHEM,82.6,A,True,SCH-001
STU-2026-0006,EXM-0138,SUB-CHEM,75.3,B,True,SCH-001
STU-2026-0007,EXM-0138,SUB-CHEM,65.3,C,True,SCH-001
STU-2026-0008,EXM-0138,SUB-CHEM,33.6,F,False,SCH-001
STU-2026-0009,EXM-0138,SUB-CHEM,49.0,F,True,SCH-001
STU-2026-0010,EXM-0138,SUB-CHEM,80.7,A,True,SCH-001
STU-2026-0011,EXM-0138,SUB-CHEM,86.0,A,True,SCH-001
STU-2026-0012,EXM-0138,SUB-CHEM,85.7,A,True,SCH-001
STU-2026-0013,EXM-0138,SUB-CHEM,75.6,B,True,SCH-001
STU-2026-0014,EXM-0138,SUB-CHEM,64.3,C,True,SCH-001
STU-2026-0015,EXM-0138,SUB-CHEM,81.9,A,True,SCH-001
STU-2026-0016,EXM-0138,SUB-CHEM,60.6,C,True,SCH-001
STU-2026-0017,EXM-0138,SUB-CHEM,79.6,B,True,SCH-001
STU-2026-0018,EXM-0138,SUB-CHEM,86.4,A,True,SCH-001
STU-2026-0019,EXM-0138,SUB-CHEM,61.5,C,True,SCH-001
STU-2026-0020,EXM-0138,SUB-CHEM,59.3,D,True,SCH-001
STU-2026-0021,EXM-0138,SUB-CHEM,43.8,F,True,SCH-001
STU-2026-0022,EXM-0138,SUB-CHEM,77.6,B,True,SCH-001
STU-2026-0023,EXM-0138,SUB-CHEM,78.3,B,True,SCH-001
STU-2026-0024,EXM-0138,SUB-CHEM,70.3,B,True,SCH-001
STU-2026-0025,EXM-0138,SUB-CHEM,72.1,B,True,SCH-001
STU-2026-0026,EXM-0138,SUB-CHEM,80.6,A,True,SCH-001
STU-2026-0027,EXM-0138,SUB-CHEM,76.4,B,True,SCH-001
STU-2026-0028,EXM-0138,SUB-CHEM,55.8,D,True,SCH-001
STU-2026-0029,EXM-0138,SUB-CHEM,79.5,B,True,SCH-001
STU-2026-0030,EXM-0138,SUB-CHEM,74.9,B,True,SCH-001
STU-2026-0031,EXM-0138,SUB-CHEM,75.5,B,True,SCH-001
STU-2026-0032,EXM-0138,SUB-CHEM,68.3,C,True,SCH-001
STU-2026-0033,EXM-0138,SUB-CHEM,85.5,A,True,SCH-001
STU-2026-0034,EXM-0138,SUB-CHEM,91.8,A+,True,SCH-001
STU-2026-0035,EXM-0138,SUB-CHEM,91.6,A+,True,SCH-001
STU-2026-0036,EXM-0138,SUB-CHEM,80.0,A,True,SCH-001
STU-2026-0037,EXM-0138,SUB-CHEM,90.4,A+,True,SCH-001
STU-2026-0038,EXM-0138,SUB-CHEM,89.7,A,True,SCH-001
STU-2026-0039,EXM-0138,SUB-CHEM,51.2,D,True,SCH-001
STU-2026-0040,EXM-0138,SUB-CHEM,64.7,C,True,SCH-001
STU-2026-0041,EXM-0138,SUB-CHEM,93.4,A+,True,SCH-001
STU-2026-0042,EXM-0138,SUB-CHEM,86.1,A,True,SCH-001
STU-2026-0043,EXM-0138,SUB-CHEM,71.5,B,True,SCH-001
STU-2026-0044,EXM-0138,SUB-CHEM,40.0,F,True,SCH-001
STU-2026-0045,EXM-0138,SUB-CHEM,68.5,C,True,SCH-001
STU-2026-0046,EXM-0138,SUB-CHEM,74.9,B,True,SCH-001
STU-2026-0047,EXM-0138,SUB-CHEM,85.7,A,True,SCH-001
STU-2026-0048,EXM-0138,SUB-CHEM,81.6,A,True,SCH-001
STU-2026-0049,EXM-0138,SUB-CHEM,84.9,A,True,SCH-001
STU-2026-0050,EXM-0138,SUB-CHEM,79.8,B,True,SCH-001
STU-2026-0051,EXM-0138,SUB-CHEM,81.3,A,True,SCH-001
STU-2026-0052,EXM-0138,SUB-CHEM,66.2,C,True,SCH-001
STU-2026-0053,EXM-0138,SUB-CHEM,82.2,A,True,SCH-001
STU-2026-0054,EXM-0138,SUB-CHEM,35.9,F,True,SCH-001
STU-2026-0055,EXM-0138,SUB-CHEM,83.0,A,True,SCH-001
STU-2026-0056,EXM-0138,SUB-CHEM,94.9,A+,True,SCH-001
STU-2026-0057,EXM-0138,SUB-CHEM,67.7,C,True,SCH-001
STU-2026-0058,EXM-0138,SUB-CHEM,73.0,B,True,SCH-001
STU-2026-0059,EXM-0138,SUB-CHEM,75.6,B,True,SCH-001
STU-2026-0060,EXM-0138,SUB-CHEM,73.8,B,True,SCH-001
STU-2026-0061,EXM-0138,SUB-CHEM,76.3,B,True,SCH-001
STU-2026-0062,EXM-0138,SUB-CHEM,54.6,D,True,SCH-001
STU-2026-0063,EXM-0138,SUB-CHEM,72.5,B,True,SCH-001
STU-2026-0064,EXM-0138,SUB-CHEM,74.0,B,True,SCH-001
STU-2026-0065,EXM-0138,SUB-CHEM,78.0,B,True,SCH-001
STU-2026-0066,EXM-0138,SUB-CHEM,68.0,C,True,SCH-001
STU-2026-0001,EXM-0139,SUB-ENG,75.6,B,True,SCH-001
STU-2026-0002,EXM-0139,SUB-ENG,90.0,A+,True,SCH-001
STU-2026-0003,EXM-0139,SUB-ENG,94.6,A+,True,SCH-001
STU-2026-0004,EXM-0139,SUB-ENG,21.8,F,False,SCH-001
STU-2026-0005,EXM-0139,SUB-ENG,84.4,A,True,SCH-001
STU-2026-0006,EXM-0139,SUB-ENG,81.6,A,True,SCH-001
STU-2026-0007,EXM-0139,SUB-ENG,65.9,C,True,SCH-001
STU-2026-0008,EXM-0139,SUB-ENG,34.1,F,False,SCH-001
STU-2026-0009,EXM-0139,SUB-ENG,46.3,F,True,SCH-001
STU-2026-0010,EXM-0139,SUB-ENG,69.6,C,True,SCH-001
STU-2026-0011,EXM-0139,SUB-ENG,91.5,A+,True,SCH-001
STU-2026-0012,EXM-0139,SUB-ENG,89.7,A,True,SCH-001
STU-2026-0013,EXM-0139,SUB-ENG,82.8,A,True,SCH-001
STU-2026-0014,EXM-0139,SUB-ENG,65.4,C,True,SCH-001
STU-2026-0015,EXM-0139,SUB-ENG,83.7,A,True,SCH-001
STU-2026-0016,EXM-0139,SUB-ENG,54.7,D,True,SCH-001
STU-2026-0017,EXM-0139,SUB-ENG,75.6,B,True,SCH-001
STU-2026-0018,EXM-0139,SUB-ENG,80.9,A,True,SCH-001
STU-2026-0019,EXM-0139,SUB-ENG,60.8,C,True,SCH-001
STU-2026-0020,EXM-0139,SUB-ENG,66.7,C,True,SCH-001
STU-2026-0021,EXM-0139,SUB-ENG,51.8,D,True,SCH-001
STU-2026-0022,EXM-0139,SUB-ENG,67.8,C,True,SCH-001
STU-2026-0023,EXM-0139,SUB-ENG,87.7,A,True,SCH-001
STU-2026-0024,EXM-0139,SUB-ENG,56.9,D,True,SCH-001
STU-2026-0025,EXM-0139,SUB-ENG,69.4,C,True,SCH-001
STU-2026-0026,EXM-0139,SUB-ENG,73.3,B,True,SCH-001
STU-2026-0027,EXM-0139,SUB-ENG,71.5,B,True,SCH-001
STU-2026-0028,EXM-0139,SUB-ENG,68.5,C,True,SCH-001
STU-2026-0029,EXM-0139,SUB-ENG,76.7,B,True,SCH-001
STU-2026-0030,EXM-0139,SUB-ENG,68.8,C,True,SCH-001
STU-2026-0031,EXM-0139,SUB-ENG,76.2,B,True,SCH-001
STU-2026-0032,EXM-0139,SUB-ENG,65.5,C,True,SCH-001
STU-2026-0033,EXM-0139,SUB-ENG,86.2,A,True,SCH-001
STU-2026-0034,EXM-0139,SUB-ENG,88.4,A,True,SCH-001
STU-2026-0035,EXM-0139,SUB-ENG,88.8,A,True,SCH-001
STU-2026-0036,EXM-0139,SUB-ENG,99.0,A+,True,SCH-001
STU-2026-0037,EXM-0139,SUB-ENG,68.7,C,True,SCH-001
STU-2026-0038,EXM-0139,SUB-ENG,79.5,B,True,SCH-001
STU-2026-0039,EXM-0139,SUB-ENG,55.8,D,True,SCH-001
STU-2026-0040,EXM-0139,SUB-ENG,49.5,F,True,SCH-001
STU-2026-0041,EXM-0139,SUB-ENG,88.9,A,True,SCH-001
STU-2026-0042,EXM-0139,SUB-ENG,77.7,B,True,SCH-001
STU-2026-0043,EXM-0139,SUB-ENG,78.9,B,True,SCH-001
STU-2026-0044,EXM-0139,SUB-ENG,29.1,F,False,SCH-001
STU-2026-0045,EXM-0139,SUB-ENG,63.0,C,True,SCH-001
STU-2026-0046,EXM-0139,SUB-ENG,79.0,B,True,SCH-001
STU-2026-0047,EXM-0139,SUB-ENG,78.3,B,True,SCH-001
STU-2026-0048,EXM-0139,SUB-ENG,73.9,B,True,SCH-001
STU-2026-0049,EXM-0139,SUB-ENG,93.6,A+,True,SCH-001
STU-2026-0050,EXM-0139,SUB-ENG,78.4,B,True,SCH-001
STU-2026-0051,EXM-0139,SUB-ENG,81.0,A,True,SCH-001
STU-2026-0052,EXM-0139,SUB-ENG,76.1,B,True,SCH-001
STU-2026-0053,EXM-0139,SUB-ENG,98.3,A+,True,SCH-001
STU-2026-0054,EXM-0139,SUB-ENG,35.8,F,True,SCH-001
STU-2026-0055,EXM-0139,SUB-ENG,89.0,A,True,SCH-001
STU-2026-0056,EXM-0139,SUB-ENG,86.4,A,True,SCH-001
STU-2026-0057,EXM-0139,SUB-ENG,62.8,C,True,SCH-001
STU-2026-0058,EXM-0139,SUB-ENG,62.8,C,True,SCH-001
STU-2026-0059,EXM-0139,SUB-ENG,82.0,A,True,SCH-001
STU-2026-0060,EXM-0139,SUB-ENG,75.4,B,True,SCH-001
STU-2026-0061,EXM-0139,SUB-ENG,88.9,A,True,SCH-001
STU-2026-0062,EXM-0139,SUB-ENG,66.5,C,True,SCH-001
STU-2026-0063,EXM-0139,SUB-ENG,77.3,B,True,SCH-001
STU-2026-0064,EXM-0139,SUB-ENG,72.9,B,True,SCH-001
STU-2026-0065,EXM-0139,SUB-ENG,76.4,B,True,SCH-001
STU-2026-0066,EXM-0139,SUB-ENG,53.0,D,True,SCH-001
STU-2026-0001,EXM-0140,SUB-HIST,76.9,B,True,SCH-001
STU-2026-0002,EXM-0140,SUB-HIST,91.7,A+,True,SCH-001
STU-2026-0003,EXM-0140,SUB-HIST,87.7,A,True,SCH-001
STU-2026-0004,EXM-0140,SUB-HIST,44.2,F,True,SCH-001
STU-2026-0005,EXM-0140,SUB-HIST,70.1,B,True,SCH-001
STU-2026-0006,EXM-0140,SUB-HIST,64.5,C,True,SCH-001
STU-2026-0007,EXM-0140,SUB-HIST,58.2,D,True,SCH-001
STU-2026-0008,EXM-0140,SUB-HIST,36.2,F,True,SCH-001
STU-2026-0009,EXM-0140,SUB-HIST,35.8,F,True,SCH-001
STU-2026-0010,EXM-0140,SUB-HIST,80.5,A,True,SCH-001
STU-2026-0011,EXM-0140,SUB-HIST,86.3,A,True,SCH-001
STU-2026-0012,EXM-0140,SUB-HIST,83.5,A,True,SCH-001
STU-2026-0013,EXM-0140,SUB-HIST,88.3,A,True,SCH-001
STU-2026-0014,EXM-0140,SUB-HIST,74.7,B,True,SCH-001
STU-2026-0015,EXM-0140,SUB-HIST,79.8,B,True,SCH-001
STU-2026-0016,EXM-0140,SUB-HIST,58.2,D,True,SCH-001
STU-2026-0017,EXM-0140,SUB-HIST,80.3,A,True,SCH-001
STU-2026-0018,EXM-0140,SUB-HIST,86.4,A,True,SCH-001
STU-2026-0019,EXM-0140,SUB-HIST,73.0,B,True,SCH-001
STU-2026-0020,EXM-0140,SUB-HIST,62.4,C,True,SCH-001
STU-2026-0021,EXM-0140,SUB-HIST,41.3,F,True,SCH-001
STU-2026-0022,EXM-0140,SUB-HIST,62.3,C,True,SCH-001
STU-2026-0023,EXM-0140,SUB-HIST,75.1,B,True,SCH-001
STU-2026-0024,EXM-0140,SUB-HIST,69.4,C,True,SCH-001
STU-2026-0025,EXM-0140,SUB-HIST,92.7,A+,True,SCH-001
STU-2026-0026,EXM-0140,SUB-HIST,76.8,B,True,SCH-001
STU-2026-0027,EXM-0140,SUB-HIST,80.0,A,True,SCH-001
STU-2026-0028,EXM-0140,SUB-HIST,63.4,C,True,SCH-001
STU-2026-0029,EXM-0140,SUB-HIST,74.5,B,True,SCH-001
STU-2026-0030,EXM-0140,SUB-HIST,90.9,A+,True,SCH-001
STU-2026-0031,EXM-0140,SUB-HIST,75.4,B,True,SCH-001
STU-2026-0032,EXM-0140,SUB-HIST,67.8,C,True,SCH-001
STU-2026-0033,EXM-0140,SUB-HIST,99.0,A+,True,SCH-001
STU-2026-0034,EXM-0140,SUB-HIST,86.3,A,True,SCH-001
STU-2026-0035,EXM-0140,SUB-HIST,89.3,A,True,SCH-001
STU-2026-0036,EXM-0140,SUB-HIST,84.5,A,True,SCH-001
STU-2026-0037,EXM-0140,SUB-HIST,69.7,C,True,SCH-001
STU-2026-0038,EXM-0140,SUB-HIST,79.1,B,True,SCH-001
STU-2026-0039,EXM-0140,SUB-HIST,60.9,C,True,SCH-001
STU-2026-0040,EXM-0140,SUB-HIST,56.5,D,True,SCH-001
STU-2026-0041,EXM-0140,SUB-HIST,82.6,A,True,SCH-001
STU-2026-0042,EXM-0140,SUB-HIST,79.4,B,True,SCH-001
STU-2026-0043,EXM-0140,SUB-HIST,87.8,A,True,SCH-001
STU-2026-0044,EXM-0140,SUB-HIST,37.1,F,True,SCH-001
STU-2026-0045,EXM-0140,SUB-HIST,83.1,A,True,SCH-001
STU-2026-0046,EXM-0140,SUB-HIST,74.4,B,True,SCH-001
STU-2026-0047,EXM-0140,SUB-HIST,90.8,A+,True,SCH-001
STU-2026-0048,EXM-0140,SUB-HIST,78.8,B,True,SCH-001
STU-2026-0049,EXM-0140,SUB-HIST,89.8,A,True,SCH-001
STU-2026-0050,EXM-0140,SUB-HIST,76.4,B,True,SCH-001
STU-2026-0051,EXM-0140,SUB-HIST,74.5,B,True,SCH-001
STU-2026-0052,EXM-0140,SUB-HIST,74.5,B,True,SCH-001
STU-2026-0053,EXM-0140,SUB-HIST,89.2,A,True,SCH-001
STU-2026-0054,EXM-0140,SUB-HIST,32.1,F,False,SCH-001
STU-2026-0055,EXM-0140,SUB-HIST,99.0,A+,True,SCH-001
STU-2026-0056,EXM-0140,SUB-HIST,88.3,A,True,SCH-001
STU-2026-0057,EXM-0140,SUB-HIST,64.5,C,True,SCH-001
STU-2026-0058,EXM-0140,SUB-HIST,64.5,C,True,SCH-001
STU-2026-0059,EXM-0140,SUB-HIST,82.1,A,True,SCH-001
STU-2026-0060,EXM-0140,SUB-HIST,73.1,B,True,SCH-001
STU-2026-0061,EXM-0140,SUB-HIST,79.9,B,True,SCH-001
STU-2026-0062,EXM-0140,SUB-HIST,80.2,A,True,SCH-001
STU-2026-0063,EXM-0140,SUB-HIST,63.5,C,True,SCH-001
STU-2026-0064,EXM-0140,SUB-HIST,78.4,B,True,SCH-001
STU-2026-0065,EXM-0140,SUB-HIST,77.7,B,True,SCH-001
STU-2026-0066,EXM-0140,SUB-HIST,59.2,D,True,SCH-001
STU-2026-0067,EXM-0141,SUB-MATH,35.8,F,True,SCH-001
STU-2026-0068,EXM-0141,SUB-MATH,94.4,A+,True,SCH-001
STU-2026-0069,EXM-0141,SUB-MATH,63.5,C,True,SCH-001
STU-2026-0070,EXM-0141,SUB-MATH,82.8,A,True,SCH-001
STU-2026-0071,EXM-0141,SUB-MATH,67.5,C,True,SCH-001
STU-2026-0072,EXM-0141,SUB-MATH,63.5,C,True,SCH-001
STU-2026-0073,EXM-0141,SUB-MATH,88.6,A,True,SCH-001
STU-2026-0074,EXM-0141,SUB-MATH,77.9,B,True,SCH-001
STU-2026-0075,EXM-0141,SUB-MATH,78.0,B,True,SCH-001
STU-2026-0076,EXM-0141,SUB-MATH,67.9,C,True,SCH-001
STU-2026-0077,EXM-0141,SUB-MATH,86.4,A,True,SCH-001
STU-2026-0078,EXM-0141,SUB-MATH,82.1,A,True,SCH-001
STU-2026-0079,EXM-0141,SUB-MATH,73.5,B,True,SCH-001
STU-2026-0080,EXM-0141,SUB-MATH,88.2,A,True,SCH-001
STU-2026-0081,EXM-0141,SUB-MATH,79.4,B,True,SCH-001
STU-2026-0082,EXM-0141,SUB-MATH,62.6,C,True,SCH-001
STU-2026-0083,EXM-0141,SUB-MATH,83.5,A,True,SCH-001
STU-2026-0084,EXM-0141,SUB-MATH,88.1,A,True,SCH-001
STU-2026-0085,EXM-0141,SUB-MATH,82.8,A,True,SCH-001
STU-2026-0086,EXM-0141,SUB-MATH,63.2,C,True,SCH-001
STU-2026-0087,EXM-0141,SUB-MATH,88.8,A,True,SCH-001
STU-2026-0088,EXM-0141,SUB-MATH,58.0,D,True,SCH-001
STU-2026-0089,EXM-0141,SUB-MATH,77.6,B,True,SCH-001
STU-2026-0090,EXM-0141,SUB-MATH,64.4,C,True,SCH-001
STU-2026-0091,EXM-0141,SUB-MATH,70.2,B,True,SCH-001
STU-2026-0092,EXM-0141,SUB-MATH,55.1,D,True,SCH-001
STU-2026-0093,EXM-0141,SUB-MATH,63.4,C,True,SCH-001
STU-2026-0094,EXM-0141,SUB-MATH,91.7,A+,True,SCH-001
STU-2026-0095,EXM-0141,SUB-MATH,64.6,C,True,SCH-001
STU-2026-0096,EXM-0141,SUB-MATH,74.4,B,True,SCH-001
STU-2026-0097,EXM-0141,SUB-MATH,31.8,F,False,SCH-001
STU-2026-0098,EXM-0141,SUB-MATH,90.7,A+,True,SCH-001
STU-2026-0099,EXM-0141,SUB-MATH,99.0,A+,True,SCH-001
STU-2026-0100,EXM-0141,SUB-MATH,62.7,C,True,SCH-001
STU-2026-0101,EXM-0141,SUB-MATH,77.5,B,True,SCH-001
STU-2026-0102,EXM-0141,SUB-MATH,90.2,A+,True,SCH-001
STU-2026-0103,EXM-0141,SUB-MATH,63.9,C,True,SCH-001
STU-2026-0104,EXM-0141,SUB-MATH,58.7,D,True,SCH-001
STU-2026-0105,EXM-0141,SUB-MATH,60.2,C,True,SCH-001
STU-2026-0106,EXM-0141,SUB-MATH,53.1,D,True,SCH-001
STU-2026-0107,EXM-0141,SUB-MATH,70.3,B,True,SCH-001
STU-2026-0108,EXM-0141,SUB-MATH,64.8,C,True,SCH-001
STU-2026-0109,EXM-0141,SUB-MATH,94.0,A+,True,SCH-001
STU-2026-0110,EXM-0141,SUB-MATH,34.7,F,False,SCH-001
STU-2026-0111,EXM-0141,SUB-MATH,71.9,B,True,SCH-001
STU-2026-0112,EXM-0141,SUB-MATH,70.7,B,True,SCH-001
STU-2026-0113,EXM-0141,SUB-MATH,78.5,B,True,SCH-001
STU-2026-0114,EXM-0141,SUB-MATH,89.0,A,True,SCH-001
STU-2026-0115,EXM-0141,SUB-MATH,77.6,B,True,SCH-001
STU-2026-0116,EXM-0141,SUB-MATH,91.8,A+,True,SCH-001
STU-2026-0117,EXM-0141,SUB-MATH,79.1,B,True,SCH-001
STU-2026-0118,EXM-0141,SUB-MATH,79.0,B,True,SCH-001
STU-2026-0119,EXM-0141,SUB-MATH,98.1,A+,True,SCH-001
STU-2026-0120,EXM-0141,SUB-MATH,19.3,F,False,SCH-001
STU-2026-0121,EXM-0141,SUB-MATH,73.1,B,True,SCH-001
STU-2026-0122,EXM-0141,SUB-MATH,74.6,B,True,SCH-001
STU-2026-0123,EXM-0141,SUB-MATH,73.3,B,True,SCH-001
STU-2026-0124,EXM-0141,SUB-MATH,92.1,A+,True,SCH-001
STU-2026-0125,EXM-0141,SUB-MATH,69.3,C,True,SCH-001
STU-2026-0126,EXM-0141,SUB-MATH,77.8,B,True,SCH-001
STU-2026-0127,EXM-0141,SUB-MATH,77.6,B,True,SCH-001
STU-2026-0128,EXM-0141,SUB-MATH,32.9,F,False,SCH-001
STU-2026-0129,EXM-0141,SUB-MATH,88.5,A,True,SCH-001
STU-2026-0130,EXM-0141,SUB-MATH,75.8,B,True,SCH-001
STU-2026-0131,EXM-0141,SUB-MATH,68.0,C,True,SCH-001
STU-2026-0132,EXM-0141,SUB-MATH,72.8,B,True,SCH-001
STU-2026-0067,EXM-0142,SUB-PHY,26.8,F,False,SCH-001
STU-2026-0068,EXM-0142,SUB-PHY,89.6,A,True,SCH-001
STU-2026-0069,EXM-0142,SUB-PHY,74.3,B,True,SCH-001
STU-2026-0070,EXM-0142,SUB-PHY,76.0,B,True,SCH-001
STU-2026-0071,EXM-0142,SUB-PHY,73.1,B,True,SCH-001
STU-2026-0072,EXM-0142,SUB-PHY,71.5,B,True,SCH-001
STU-2026-0073,EXM-0142,SUB-PHY,73.8,B,True,SCH-001
STU-2026-0074,EXM-0142,SUB-PHY,83.3,A,True,SCH-001
STU-2026-0075,EXM-0142,SUB-PHY,79.7,B,True,SCH-001
STU-2026-0076,EXM-0142,SUB-PHY,78.2,B,True,SCH-001
STU-2026-0077,EXM-0142,SUB-PHY,82.3,A,True,SCH-001
STU-2026-0078,EXM-0142,SUB-PHY,76.1,B,True,SCH-001
STU-2026-0079,EXM-0142,SUB-PHY,67.0,C,True,SCH-001
STU-2026-0080,EXM-0142,SUB-PHY,85.0,A,True,SCH-001
STU-2026-0081,EXM-0142,SUB-PHY,58.5,D,True,SCH-001
STU-2026-0082,EXM-0142,SUB-PHY,72.6,B,True,SCH-001
STU-2026-0083,EXM-0142,SUB-PHY,70.0,B,True,SCH-001
STU-2026-0084,EXM-0142,SUB-PHY,96.4,A+,True,SCH-001
STU-2026-0085,EXM-0142,SUB-PHY,75.4,B,True,SCH-001
STU-2026-0086,EXM-0142,SUB-PHY,69.3,C,True,SCH-001
STU-2026-0087,EXM-0142,SUB-PHY,97.3,A+,True,SCH-001
STU-2026-0088,EXM-0142,SUB-PHY,69.8,C,True,SCH-001
STU-2026-0089,EXM-0142,SUB-PHY,84.9,A,True,SCH-001
STU-2026-0090,EXM-0142,SUB-PHY,72.4,B,True,SCH-001
STU-2026-0091,EXM-0142,SUB-PHY,75.0,B,True,SCH-001
STU-2026-0092,EXM-0142,SUB-PHY,61.7,C,True,SCH-001
STU-2026-0093,EXM-0142,SUB-PHY,84.7,A,True,SCH-001
STU-2026-0094,EXM-0142,SUB-PHY,85.3,A,True,SCH-001
STU-2026-0095,EXM-0142,SUB-PHY,68.0,C,True,SCH-001
STU-2026-0096,EXM-0142,SUB-PHY,69.6,C,True,SCH-001
STU-2026-0097,EXM-0142,SUB-PHY,24.9,F,False,SCH-001
STU-2026-0098,EXM-0142,SUB-PHY,87.5,A,True,SCH-001
STU-2026-0099,EXM-0142,SUB-PHY,99.0,A+,True,SCH-001
STU-2026-0100,EXM-0142,SUB-PHY,56.3,D,True,SCH-001
STU-2026-0101,EXM-0142,SUB-PHY,89.1,A,True,SCH-001
STU-2026-0102,EXM-0142,SUB-PHY,74.2,B,True,SCH-001
STU-2026-0103,EXM-0142,SUB-PHY,70.5,B,True,SCH-001
STU-2026-0104,EXM-0142,SUB-PHY,49.8,F,True,SCH-001
STU-2026-0105,EXM-0142,SUB-PHY,50.9,D,True,SCH-001
STU-2026-0106,EXM-0142,SUB-PHY,57.9,D,True,SCH-001
STU-2026-0107,EXM-0142,SUB-PHY,70.4,B,True,SCH-001
STU-2026-0108,EXM-0142,SUB-PHY,84.0,A,True,SCH-001
STU-2026-0109,EXM-0142,SUB-PHY,95.0,A+,True,SCH-001
STU-2026-0110,EXM-0142,SUB-PHY,38.2,F,True,SCH-001
STU-2026-0111,EXM-0142,SUB-PHY,69.5,C,True,SCH-001
STU-2026-0112,EXM-0142,SUB-PHY,89.6,A,True,SCH-001
STU-2026-0113,EXM-0142,SUB-PHY,91.5,A+,True,SCH-001
STU-2026-0114,EXM-0142,SUB-PHY,84.8,A,True,SCH-001
STU-2026-0115,EXM-0142,SUB-PHY,65.2,C,True,SCH-001
STU-2026-0116,EXM-0142,SUB-PHY,90.5,A+,True,SCH-001
STU-2026-0117,EXM-0142,SUB-PHY,86.9,A,True,SCH-001
STU-2026-0118,EXM-0142,SUB-PHY,84.7,A,True,SCH-001
STU-2026-0119,EXM-0142,SUB-PHY,86.1,A,True,SCH-001
STU-2026-0120,EXM-0142,SUB-PHY,24.5,F,False,SCH-001
STU-2026-0121,EXM-0142,SUB-PHY,78.0,B,True,SCH-001
STU-2026-0122,EXM-0142,SUB-PHY,99.0,A+,True,SCH-001
STU-2026-0123,EXM-0142,SUB-PHY,77.6,B,True,SCH-001
STU-2026-0124,EXM-0142,SUB-PHY,95.4,A+,True,SCH-001
STU-2026-0125,EXM-0142,SUB-PHY,81.1,A,True,SCH-001
STU-2026-0126,EXM-0142,SUB-PHY,86.0,A,True,SCH-001
STU-2026-0127,EXM-0142,SUB-PHY,74.7,B,True,SCH-001
STU-2026-0128,EXM-0142,SUB-PHY,48.6,F,True,SCH-001
STU-2026-0129,EXM-0142,SUB-PHY,89.0,A,True,SCH-001
STU-2026-0130,EXM-0142,SUB-PHY,77.6,B,True,SCH-001
STU-2026-0131,EXM-0142,SUB-PHY,78.0,B,True,SCH-001
STU-2026-0132,EXM-0142,SUB-PHY,84.0,A,True,SCH-001
STU-2026-0067,EXM-0143,SUB-CHEM,46.6,F,True,SCH-001
STU-2026-0068,EXM-0143,SUB-CHEM,75.4,B,True,SCH-001
STU-2026-0069,EXM-0143,SUB-CHEM,60.2,C,True,SCH-001
STU-2026-0070,EXM-0143,SUB-CHEM,85.2,A,True,SCH-001
STU-2026-0071,EXM-0143,SUB-CHEM,68.8,C,True,SCH-001
STU-2026-0072,EXM-0143,SUB-CHEM,67.5,C,True,SCH-001
STU-2026-0073,EXM-0143,SUB-CHEM,81.4,A,True,SCH-001
STU-2026-0074,EXM-0143,SUB-CHEM,82.5,A,True,SCH-001
STU-2026-0075,EXM-0143,SUB-CHEM,84.4,A,True,SCH-001
STU-2026-0076,EXM-0143,SUB-CHEM,73.6,B,True,SCH-001
STU-2026-0077,EXM-0143,SUB-CHEM,81.5,A,True,SCH-001
STU-2026-0078,EXM-0143,SUB-CHEM,73.1,B,True,SCH-001
STU-2026-0079,EXM-0143,SUB-CHEM,80.7,A,True,SCH-001
STU-2026-0080,EXM-0143,SUB-CHEM,92.6,A+,True,SCH-001
STU-2026-0081,EXM-0143,SUB-CHEM,65.3,C,True,SCH-001
STU-2026-0082,EXM-0143,SUB-CHEM,68.9,C,True,SCH-001
STU-2026-0083,EXM-0143,SUB-CHEM,84.1,A,True,SCH-001
STU-2026-0084,EXM-0143,SUB-CHEM,95.1,A+,True,SCH-001
STU-2026-0085,EXM-0143,SUB-CHEM,78.0,B,True,SCH-001
STU-2026-0086,EXM-0143,SUB-CHEM,57.6,D,True,SCH-001
STU-2026-0087,EXM-0143,SUB-CHEM,91.9,A+,True,SCH-001
STU-2026-0088,EXM-0143,SUB-CHEM,52.7,D,True,SCH-001
STU-2026-0089,EXM-0143,SUB-CHEM,74.2,B,True,SCH-001
STU-2026-0090,EXM-0143,SUB-CHEM,79.6,B,True,SCH-001
STU-2026-0091,EXM-0143,SUB-CHEM,82.9,A,True,SCH-001
STU-2026-0092,EXM-0143,SUB-CHEM,64.5,C,True,SCH-001
STU-2026-0093,EXM-0143,SUB-CHEM,64.2,C,True,SCH-001
STU-2026-0094,EXM-0143,SUB-CHEM,92.3,A+,True,SCH-001
STU-2026-0095,EXM-0143,SUB-CHEM,70.8,B,True,SCH-001
STU-2026-0096,EXM-0143,SUB-CHEM,75.8,B,True,SCH-001
STU-2026-0097,EXM-0143,SUB-CHEM,27.1,F,False,SCH-001
STU-2026-0098,EXM-0143,SUB-CHEM,85.2,A,True,SCH-001
STU-2026-0099,EXM-0143,SUB-CHEM,90.9,A+,True,SCH-001
STU-2026-0100,EXM-0143,SUB-CHEM,74.6,B,True,SCH-001
STU-2026-0101,EXM-0143,SUB-CHEM,97.7,A+,True,SCH-001
STU-2026-0102,EXM-0143,SUB-CHEM,84.5,A,True,SCH-001
STU-2026-0103,EXM-0143,SUB-CHEM,79.5,B,True,SCH-001
STU-2026-0104,EXM-0143,SUB-CHEM,55.0,D,True,SCH-001
STU-2026-0105,EXM-0143,SUB-CHEM,57.8,D,True,SCH-001
STU-2026-0106,EXM-0143,SUB-CHEM,54.3,D,True,SCH-001
STU-2026-0107,EXM-0143,SUB-CHEM,59.5,D,True,SCH-001
STU-2026-0108,EXM-0143,SUB-CHEM,72.0,B,True,SCH-001
STU-2026-0109,EXM-0143,SUB-CHEM,96.2,A+,True,SCH-001
STU-2026-0110,EXM-0143,SUB-CHEM,40.9,F,True,SCH-001
STU-2026-0111,EXM-0143,SUB-CHEM,74.2,B,True,SCH-001
STU-2026-0112,EXM-0143,SUB-CHEM,79.4,B,True,SCH-001
STU-2026-0113,EXM-0143,SUB-CHEM,79.8,B,True,SCH-001
STU-2026-0114,EXM-0143,SUB-CHEM,80.3,A,True,SCH-001
STU-2026-0115,EXM-0143,SUB-CHEM,72.4,B,True,SCH-001
STU-2026-0116,EXM-0143,SUB-CHEM,99.0,A+,True,SCH-001
STU-2026-0117,EXM-0143,SUB-CHEM,74.3,B,True,SCH-001
STU-2026-0118,EXM-0143,SUB-CHEM,77.1,B,True,SCH-001
STU-2026-0119,EXM-0143,SUB-CHEM,93.1,A+,True,SCH-001
STU-2026-0120,EXM-0143,SUB-CHEM,22.7,F,False,SCH-001
STU-2026-0121,EXM-0143,SUB-CHEM,78.3,B,True,SCH-001
STU-2026-0122,EXM-0143,SUB-CHEM,82.3,A,True,SCH-001
STU-2026-0123,EXM-0143,SUB-CHEM,69.1,C,True,SCH-001
STU-2026-0124,EXM-0143,SUB-CHEM,88.3,A,True,SCH-001
STU-2026-0125,EXM-0143,SUB-CHEM,63.1,C,True,SCH-001
STU-2026-0126,EXM-0143,SUB-CHEM,79.8,B,True,SCH-001
STU-2026-0127,EXM-0143,SUB-CHEM,74.7,B,True,SCH-001
STU-2026-0128,EXM-0143,SUB-CHEM,41.7,F,True,SCH-001
STU-2026-0129,EXM-0143,SUB-CHEM,79.8,B,True,SCH-001
STU-2026-0130,EXM-0143,SUB-CHEM,73.7,B,True,SCH-001
STU-2026-0131,EXM-0143,SUB-CHEM,79.1,B,True,SCH-001
STU-2026-0132,EXM-0143,SUB-CHEM,76.3,B,True,SCH-001
STU-2026-0067,EXM-0144,SUB-ENG,29.6,F,False,SCH-001
STU-2026-0068,EXM-0144,SUB-ENG,75.2,B,True,SCH-001
STU-2026-0069,EXM-0144,SUB-ENG,59.2,D,True,SCH-001
STU-2026-0070,EXM-0144,SUB-ENG,80.5,A,True,SCH-001
STU-2026-0071,EXM-0144,SUB-ENG,71.5,B,True,SCH-001
STU-2026-0072,EXM-0144,SUB-ENG,66.7,C,True,SCH-001
STU-2026-0073,EXM-0144,SUB-ENG,72.6,B,True,SCH-001
STU-2026-0074,EXM-0144,SUB-ENG,85.6,A,True,SCH-001
STU-2026-0075,EXM-0144,SUB-ENG,73.7,B,True,SCH-001
STU-2026-0076,EXM-0144,SUB-ENG,66.3,C,True,SCH-001
STU-2026-0077,EXM-0144,SUB-ENG,63.1,C,True,SCH-001
STU-2026-0078,EXM-0144,SUB-ENG,76.0,B,True,SCH-001
STU-2026-0079,EXM-0144,SUB-ENG,75.5,B,True,SCH-001
STU-2026-0080,EXM-0144,SUB-ENG,72.1,B,True,SCH-001
STU-2026-0081,EXM-0144,SUB-ENG,75.3,B,True,SCH-001
STU-2026-0082,EXM-0144,SUB-ENG,59.4,D,True,SCH-001
STU-2026-0083,EXM-0144,SUB-ENG,84.5,A,True,SCH-001
STU-2026-0084,EXM-0144,SUB-ENG,81.4,A,True,SCH-001
STU-2026-0085,EXM-0144,SUB-ENG,87.7,A,True,SCH-001
STU-2026-0086,EXM-0144,SUB-ENG,71.8,B,True,SCH-001
STU-2026-0087,EXM-0144,SUB-ENG,93.9,A+,True,SCH-001
STU-2026-0088,EXM-0144,SUB-ENG,48.7,F,True,SCH-001
STU-2026-0089,EXM-0144,SUB-ENG,81.7,A,True,SCH-001
STU-2026-0090,EXM-0144,SUB-ENG,67.2,C,True,SCH-001
STU-2026-0091,EXM-0144,SUB-ENG,80.4,A,True,SCH-001
STU-2026-0092,EXM-0144,SUB-ENG,69.5,C,True,SCH-001
STU-2026-0093,EXM-0144,SUB-ENG,67.9,C,True,SCH-001
STU-2026-0094,EXM-0144,SUB-ENG,91.5,A+,True,SCH-001
STU-2026-0095,EXM-0144,SUB-ENG,74.2,B,True,SCH-001
STU-2026-0096,EXM-0144,SUB-ENG,62.8,C,True,SCH-001
STU-2026-0097,EXM-0144,SUB-ENG,28.1,F,False,SCH-001
STU-2026-0098,EXM-0144,SUB-ENG,95.8,A+,True,SCH-001
STU-2026-0099,EXM-0144,SUB-ENG,96.7,A+,True,SCH-001
STU-2026-0100,EXM-0144,SUB-ENG,57.2,D,True,SCH-001
STU-2026-0101,EXM-0144,SUB-ENG,94.1,A+,True,SCH-001
STU-2026-0102,EXM-0144,SUB-ENG,89.7,A,True,SCH-001
STU-2026-0103,EXM-0144,SUB-ENG,61.5,C,True,SCH-001
STU-2026-0104,EXM-0144,SUB-ENG,65.4,C,True,SCH-001
STU-2026-0105,EXM-0144,SUB-ENG,60.5,C,True,SCH-001
STU-2026-0106,EXM-0144,SUB-ENG,54.6,D,True,SCH-001
STU-2026-0107,EXM-0144,SUB-ENG,55.7,D,True,SCH-001
STU-2026-0108,EXM-0144,SUB-ENG,73.5,B,True,SCH-001
STU-2026-0109,EXM-0144,SUB-ENG,92.1,A+,True,SCH-001
STU-2026-0110,EXM-0144,SUB-ENG,30.8,F,False,SCH-001
STU-2026-0111,EXM-0144,SUB-ENG,62.7,C,True,SCH-001
STU-2026-0112,EXM-0144,SUB-ENG,82.1,A,True,SCH-001
STU-2026-0113,EXM-0144,SUB-ENG,80.1,A,True,SCH-001
STU-2026-0114,EXM-0144,SUB-ENG,85.1,A,True,SCH-001
STU-2026-0115,EXM-0144,SUB-ENG,72.4,B,True,SCH-001
STU-2026-0116,EXM-0144,SUB-ENG,88.5,A,True,SCH-001
STU-2026-0117,EXM-0144,SUB-ENG,75.8,B,True,SCH-001
STU-2026-0118,EXM-0144,SUB-ENG,80.8,A,True,SCH-001
STU-2026-0119,EXM-0144,SUB-ENG,91.9,A+,True,SCH-001
STU-2026-0120,EXM-0144,SUB-ENG,29.8,F,False,SCH-001
STU-2026-0121,EXM-0144,SUB-ENG,85.1,A,True,SCH-001
STU-2026-0122,EXM-0144,SUB-ENG,99.0,A+,True,SCH-001
STU-2026-0123,EXM-0144,SUB-ENG,70.9,B,True,SCH-001
STU-2026-0124,EXM-0144,SUB-ENG,87.9,A,True,SCH-001
STU-2026-0125,EXM-0144,SUB-ENG,64.3,C,True,SCH-001
STU-2026-0126,EXM-0144,SUB-ENG,66.0,C,True,SCH-001
STU-2026-0127,EXM-0144,SUB-ENG,87.6,A,True,SCH-001
STU-2026-0128,EXM-0144,SUB-ENG,34.5,F,False,SCH-001
STU-2026-0129,EXM-0144,SUB-ENG,87.7,A,True,SCH-001
STU-2026-0130,EXM-0144,SUB-ENG,79.8,B,True,SCH-001
STU-2026-0131,EXM-0144,SUB-ENG,78.1,B,True,SCH-001
STU-2026-0132,EXM-0144,SUB-ENG,81.2,A,True,SCH-001
STU-2026-0067,EXM-0145,SUB-HIST,36.4,F,True,SCH-001
STU-2026-0068,EXM-0145,SUB-HIST,79.4,B,True,SCH-001
STU-2026-0069,EXM-0145,SUB-HIST,64.8,C,True,SCH-001
STU-2026-0070,EXM-0145,SUB-HIST,78.6,B,True,SCH-001
STU-2026-0071,EXM-0145,SUB-HIST,78.2,B,True,SCH-001
STU-2026-0072,EXM-0145,SUB-HIST,74.3,B,True,SCH-001
STU-2026-0073,EXM-0145,SUB-HIST,76.3,B,True,SCH-001
STU-2026-0074,EXM-0145,SUB-HIST,86.6,A,True,SCH-001
STU-2026-0075,EXM-0145,SUB-HIST,81.9,A,True,SCH-001
STU-2026-0076,EXM-0145,SUB-HIST,72.6,B,True,SCH-001
STU-2026-0077,EXM-0145,SUB-HIST,80.6,A,True,SCH-001
STU-2026-0078,EXM-0145,SUB-HIST,75.7,B,True,SCH-001
STU-2026-0079,EXM-0145,SUB-HIST,74.4,B,True,SCH-001
STU-2026-0080,EXM-0145,SUB-HIST,87.8,A,True,SCH-001
STU-2026-0081,EXM-0145,SUB-HIST,62.8,C,True,SCH-001
STU-2026-0082,EXM-0145,SUB-HIST,53.4,D,True,SCH-001
STU-2026-0083,EXM-0145,SUB-HIST,74.4,B,True,SCH-001
STU-2026-0084,EXM-0145,SUB-HIST,77.8,B,True,SCH-001
STU-2026-0085,EXM-0145,SUB-HIST,80.4,A,True,SCH-001
STU-2026-0086,EXM-0145,SUB-HIST,54.8,D,True,SCH-001
STU-2026-0087,EXM-0145,SUB-HIST,89.9,A,True,SCH-001
STU-2026-0088,EXM-0145,SUB-HIST,56.4,D,True,SCH-001
STU-2026-0089,EXM-0145,SUB-HIST,81.1,A,True,SCH-001
STU-2026-0090,EXM-0145,SUB-HIST,73.9,B,True,SCH-001
STU-2026-0091,EXM-0145,SUB-HIST,76.3,B,True,SCH-001
STU-2026-0092,EXM-0145,SUB-HIST,63.8,C,True,SCH-001
STU-2026-0093,EXM-0145,SUB-HIST,58.8,D,True,SCH-001
STU-2026-0094,EXM-0145,SUB-HIST,86.4,A,True,SCH-001
STU-2026-0095,EXM-0145,SUB-HIST,65.4,C,True,SCH-001
STU-2026-0096,EXM-0145,SUB-HIST,64.2,C,True,SCH-001
STU-2026-0097,EXM-0145,SUB-HIST,20.9,F,False,SCH-001
STU-2026-0098,EXM-0145,SUB-HIST,81.2,A,True,SCH-001
STU-2026-0099,EXM-0145,SUB-HIST,85.5,A,True,SCH-001
STU-2026-0100,EXM-0145,SUB-HIST,75.5,B,True,SCH-001
STU-2026-0101,EXM-0145,SUB-HIST,85.6,A,True,SCH-001
STU-2026-0102,EXM-0145,SUB-HIST,86.7,A,True,SCH-001
STU-2026-0103,EXM-0145,SUB-HIST,73.9,B,True,SCH-001
STU-2026-0104,EXM-0145,SUB-HIST,63.6,C,True,SCH-001
STU-2026-0105,EXM-0145,SUB-HIST,61.5,C,True,SCH-001
STU-2026-0106,EXM-0145,SUB-HIST,62.1,C,True,SCH-001
STU-2026-0107,EXM-0145,SUB-HIST,67.8,C,True,SCH-001
STU-2026-0108,EXM-0145,SUB-HIST,73.6,B,True,SCH-001
STU-2026-0109,EXM-0145,SUB-HIST,99.0,A+,True,SCH-001
STU-2026-0110,EXM-0145,SUB-HIST,44.5,F,True,SCH-001
STU-2026-0111,EXM-0145,SUB-HIST,59.0,D,True,SCH-001
STU-2026-0112,EXM-0145,SUB-HIST,66.8,C,True,SCH-001
STU-2026-0113,EXM-0145,SUB-HIST,83.6,A,True,SCH-001
STU-2026-0114,EXM-0145,SUB-HIST,71.6,B,True,SCH-001
STU-2026-0115,EXM-0145,SUB-HIST,66.4,C,True,SCH-001
STU-2026-0116,EXM-0145,SUB-HIST,81.5,A,True,SCH-001
STU-2026-0117,EXM-0145,SUB-HIST,81.8,A,True,SCH-001
STU-2026-0118,EXM-0145,SUB-HIST,97.4,A+,True,SCH-001
STU-2026-0119,EXM-0145,SUB-HIST,97.4,A+,True,SCH-001
STU-2026-0120,EXM-0145,SUB-HIST,28.4,F,False,SCH-001
STU-2026-0121,EXM-0145,SUB-HIST,81.0,A,True,SCH-001
STU-2026-0122,EXM-0145,SUB-HIST,86.4,A,True,SCH-001
STU-2026-0123,EXM-0145,SUB-HIST,73.0,B,True,SCH-001
STU-2026-0124,EXM-0145,SUB-HIST,89.8,A,True,SCH-001
STU-2026-0125,EXM-0145,SUB-HIST,84.5,A,True,SCH-001
STU-2026-0126,EXM-0145,SUB-HIST,79.2,B,True,SCH-001
STU-2026-0127,EXM-0145,SUB-HIST,85.5,A,True,SCH-001
STU-2026-0128,EXM-0145,SUB-HIST,48.7,F,True,SCH-001
STU-2026-0129,EXM-0145,SUB-HIST,88.2,A,True,SCH-001
STU-2026-0130,EXM-0145,SUB-HIST,70.4,B,True,SCH-001
STU-2026-0131,EXM-0145,SUB-HIST,70.5,B,True,SCH-001
STU-2026-0132,EXM-0145,SUB-HIST,95.1,A+,True,SCH-001
STU-2026-0133,EXM-0146,SUB-MATH,74.0,B,True,SCH-001
STU-2026-0134,EXM-0146,SUB-MATH,84.9,A,True,SCH-001
STU-2026-0135,EXM-0146,SUB-MATH,90.5,A+,True,SCH-001
STU-2026-0136,EXM-0146,SUB-MATH,91.2,A+,True,SCH-001
STU-2026-0137,EXM-0146,SUB-MATH,67.9,C,True,SCH-001
STU-2026-0138,EXM-0146,SUB-MATH,79.0,B,True,SCH-001
STU-2026-0139,EXM-0146,SUB-MATH,74.3,B,True,SCH-001
STU-2026-0140,EXM-0146,SUB-MATH,61.0,C,True,SCH-001
STU-2026-0141,EXM-0146,SUB-MATH,69.1,C,True,SCH-001
STU-2026-0142,EXM-0146,SUB-MATH,78.9,B,True,SCH-001
STU-2026-0143,EXM-0146,SUB-MATH,95.3,A+,True,SCH-001
STU-2026-0144,EXM-0146,SUB-MATH,64.5,C,True,SCH-001
STU-2026-0145,EXM-0146,SUB-MATH,79.1,B,True,SCH-001
STU-2026-0146,EXM-0146,SUB-MATH,47.4,F,True,SCH-001
STU-2026-0147,EXM-0146,SUB-MATH,90.6,A+,True,SCH-001
STU-2026-0148,EXM-0146,SUB-MATH,88.3,A,True,SCH-001
STU-2026-0149,EXM-0146,SUB-MATH,67.1,C,True,SCH-001
STU-2026-0150,EXM-0146,SUB-MATH,75.0,B,True,SCH-001
STU-2026-0151,EXM-0146,SUB-MATH,72.1,B,True,SCH-001
STU-2026-0152,EXM-0146,SUB-MATH,93.6,A+,True,SCH-001
STU-2026-0153,EXM-0146,SUB-MATH,49.9,F,True,SCH-001
STU-2026-0154,EXM-0146,SUB-MATH,78.7,B,True,SCH-001
STU-2026-0155,EXM-0146,SUB-MATH,77.5,B,True,SCH-001
STU-2026-0156,EXM-0146,SUB-MATH,74.1,B,True,SCH-001
STU-2026-0157,EXM-0146,SUB-MATH,76.9,B,True,SCH-001
STU-2026-0158,EXM-0146,SUB-MATH,86.5,A,True,SCH-001
STU-2026-0159,EXM-0146,SUB-MATH,82.5,A,True,SCH-001
STU-2026-0160,EXM-0146,SUB-MATH,46.0,F,True,SCH-001
STU-2026-0161,EXM-0146,SUB-MATH,75.8,B,True,SCH-001
STU-2026-0162,EXM-0146,SUB-MATH,79.4,B,True,SCH-001
STU-2026-0163,EXM-0146,SUB-MATH,77.0,B,True,SCH-001
STU-2026-0164,EXM-0146,SUB-MATH,84.5,A,True,SCH-001
STU-2026-0165,EXM-0146,SUB-MATH,72.0,B,True,SCH-001
STU-2026-0166,EXM-0146,SUB-MATH,73.7,B,True,SCH-001
STU-2026-0167,EXM-0146,SUB-MATH,99.0,A+,True,SCH-001
STU-2026-0168,EXM-0146,SUB-MATH,66.1,C,True,SCH-001
STU-2026-0169,EXM-0146,SUB-MATH,90.1,A+,True,SCH-001
STU-2026-0170,EXM-0146,SUB-MATH,67.8,C,True,SCH-001
STU-2026-0171,EXM-0146,SUB-MATH,80.4,A,True,SCH-001
STU-2026-0172,EXM-0146,SUB-MATH,61.0,C,True,SCH-001
STU-2026-0173,EXM-0146,SUB-MATH,61.6,C,True,SCH-001
STU-2026-0174,EXM-0146,SUB-MATH,71.5,B,True,SCH-001
STU-2026-0175,EXM-0146,SUB-MATH,84.1,A,True,SCH-001
STU-2026-0176,EXM-0146,SUB-MATH,72.5,B,True,SCH-001
STU-2026-0177,EXM-0146,SUB-MATH,71.7,B,True,SCH-001
STU-2026-0178,EXM-0146,SUB-MATH,84.1,A,True,SCH-001
STU-2026-0179,EXM-0146,SUB-MATH,82.6,A,True,SCH-001
STU-2026-0180,EXM-0146,SUB-MATH,72.3,B,True,SCH-001
STU-2026-0181,EXM-0146,SUB-MATH,78.9,B,True,SCH-001
STU-2026-0182,EXM-0146,SUB-MATH,77.7,B,True,SCH-001
STU-2026-0183,EXM-0146,SUB-MATH,77.8,B,True,SCH-001
STU-2026-0184,EXM-0146,SUB-MATH,71.8,B,True,SCH-001
STU-2026-0185,EXM-0146,SUB-MATH,54.5,D,True,SCH-001
STU-2026-0186,EXM-0146,SUB-MATH,38.5,F,True,SCH-001
STU-2026-0187,EXM-0146,SUB-MATH,87.6,A,True,SCH-001
STU-2026-0188,EXM-0146,SUB-MATH,79.3,B,True,SCH-001
STU-2026-0189,EXM-0146,SUB-MATH,82.3,A,True,SCH-001
STU-2026-0190,EXM-0146,SUB-MATH,69.8,C,True,SCH-001
STU-2026-0191,EXM-0146,SUB-MATH,77.3,B,True,SCH-001
STU-2026-0192,EXM-0146,SUB-MATH,79.7,B,True,SCH-001
STU-2026-0193,EXM-0146,SUB-MATH,58.9,D,True,SCH-001
STU-2026-0194,EXM-0146,SUB-MATH,70.8,B,True,SCH-001
STU-2026-0195,EXM-0146,SUB-MATH,88.7,A,True,SCH-001
STU-2026-0196,EXM-0146,SUB-MATH,62.0,C,True,SCH-001
STU-2026-0197,EXM-0146,SUB-MATH,84.3,A,True,SCH-001
STU-2026-0198,EXM-0146,SUB-MATH,83.4,A,True,SCH-001
STU-2026-0133,EXM-0147,SUB-PHY,79.6,B,True,SCH-001
STU-2026-0134,EXM-0147,SUB-PHY,93.5,A+,True,SCH-001
STU-2026-0135,EXM-0147,SUB-PHY,88.3,A,True,SCH-001
STU-2026-0136,EXM-0147,SUB-PHY,93.3,A+,True,SCH-001
STU-2026-0137,EXM-0147,SUB-PHY,71.2,B,True,SCH-001
STU-2026-0138,EXM-0147,SUB-PHY,88.5,A,True,SCH-001
STU-2026-0139,EXM-0147,SUB-PHY,68.7,C,True,SCH-001
STU-2026-0140,EXM-0147,SUB-PHY,78.1,B,True,SCH-001
STU-2026-0141,EXM-0147,SUB-PHY,85.6,A,True,SCH-001
STU-2026-0142,EXM-0147,SUB-PHY,71.1,B,True,SCH-001
STU-2026-0143,EXM-0147,SUB-PHY,99.0,A+,True,SCH-001
STU-2026-0144,EXM-0147,SUB-PHY,73.5,B,True,SCH-001
STU-2026-0145,EXM-0147,SUB-PHY,98.3,A+,True,SCH-001
STU-2026-0146,EXM-0147,SUB-PHY,51.8,D,True,SCH-001
STU-2026-0147,EXM-0147,SUB-PHY,93.0,A+,True,SCH-001
STU-2026-0148,EXM-0147,SUB-PHY,77.7,B,True,SCH-001
STU-2026-0149,EXM-0147,SUB-PHY,74.5,B,True,SCH-001
STU-2026-0150,EXM-0147,SUB-PHY,74.0,B,True,SCH-001
STU-2026-0151,EXM-0147,SUB-PHY,65.7,C,True,SCH-001
STU-2026-0152,EXM-0147,SUB-PHY,69.3,C,True,SCH-001
STU-2026-0153,EXM-0147,SUB-PHY,66.9,C,True,SCH-001
STU-2026-0154,EXM-0147,SUB-PHY,84.7,A,True,SCH-001
STU-2026-0155,EXM-0147,SUB-PHY,85.3,A,True,SCH-001
STU-2026-0156,EXM-0147,SUB-PHY,64.9,C,True,SCH-001
STU-2026-0157,EXM-0147,SUB-PHY,51.3,D,True,SCH-001
STU-2026-0158,EXM-0147,SUB-PHY,77.8,B,True,SCH-001
STU-2026-0159,EXM-0147,SUB-PHY,93.1,A+,True,SCH-001
STU-2026-0160,EXM-0147,SUB-PHY,53.7,D,True,SCH-001
STU-2026-0161,EXM-0147,SUB-PHY,79.6,B,True,SCH-001
STU-2026-0162,EXM-0147,SUB-PHY,73.8,B,True,SCH-001
STU-2026-0163,EXM-0147,SUB-PHY,78.8,B,True,SCH-001
STU-2026-0164,EXM-0147,SUB-PHY,71.6,B,True,SCH-001
STU-2026-0165,EXM-0147,SUB-PHY,78.9,B,True,SCH-001
STU-2026-0166,EXM-0147,SUB-PHY,64.2,C,True,SCH-001
STU-2026-0167,EXM-0147,SUB-PHY,97.9,A+,True,SCH-001
STU-2026-0168,EXM-0147,SUB-PHY,60.0,C,True,SCH-001
STU-2026-0169,EXM-0147,SUB-PHY,80.4,A,True,SCH-001
STU-2026-0170,EXM-0147,SUB-PHY,64.9,C,True,SCH-001
STU-2026-0171,EXM-0147,SUB-PHY,89.4,A,True,SCH-001
STU-2026-0172,EXM-0147,SUB-PHY,67.8,C,True,SCH-001
STU-2026-0173,EXM-0147,SUB-PHY,61.9,C,True,SCH-001
STU-2026-0174,EXM-0147,SUB-PHY,75.7,B,True,SCH-001
STU-2026-0175,EXM-0147,SUB-PHY,80.1,A,True,SCH-001
STU-2026-0176,EXM-0147,SUB-PHY,67.1,C,True,SCH-001
STU-2026-0177,EXM-0147,SUB-PHY,58.6,D,True,SCH-001
STU-2026-0178,EXM-0147,SUB-PHY,60.2,C,True,SCH-001
STU-2026-0179,EXM-0147,SUB-PHY,79.5,B,True,SCH-001
STU-2026-0180,EXM-0147,SUB-PHY,47.9,F,True,SCH-001
STU-2026-0181,EXM-0147,SUB-PHY,75.9,B,True,SCH-001
STU-2026-0182,EXM-0147,SUB-PHY,72.4,B,True,SCH-001
STU-2026-0183,EXM-0147,SUB-PHY,81.1,A,True,SCH-001
STU-2026-0184,EXM-0147,SUB-PHY,57.2,D,True,SCH-001
STU-2026-0185,EXM-0147,SUB-PHY,55.8,D,True,SCH-001
STU-2026-0186,EXM-0147,SUB-PHY,44.2,F,True,SCH-001
STU-2026-0187,EXM-0147,SUB-PHY,77.7,B,True,SCH-001
STU-2026-0188,EXM-0147,SUB-PHY,74.9,B,True,SCH-001
STU-2026-0189,EXM-0147,SUB-PHY,87.6,A,True,SCH-001
STU-2026-0190,EXM-0147,SUB-PHY,77.2,B,True,SCH-001
STU-2026-0191,EXM-0147,SUB-PHY,76.2,B,True,SCH-001
STU-2026-0192,EXM-0147,SUB-PHY,73.2,B,True,SCH-001
STU-2026-0193,EXM-0147,SUB-PHY,64.0,C,True,SCH-001
STU-2026-0194,EXM-0147,SUB-PHY,75.5,B,True,SCH-001
STU-2026-0195,EXM-0147,SUB-PHY,99.0,A+,True,SCH-001
STU-2026-0196,EXM-0147,SUB-PHY,60.2,C,True,SCH-001
STU-2026-0197,EXM-0147,SUB-PHY,79.4,B,True,SCH-001
STU-2026-0198,EXM-0147,SUB-PHY,88.9,A,True,SCH-001
STU-2026-0133,EXM-0148,SUB-CHEM,87.7,A,True,SCH-001
STU-2026-0134,EXM-0148,SUB-CHEM,86.4,A,True,SCH-001
STU-2026-0135,EXM-0148,SUB-CHEM,85.6,A,True,SCH-001
STU-2026-0136,EXM-0148,SUB-CHEM,80.9,A,True,SCH-001
STU-2026-0137,EXM-0148,SUB-CHEM,68.6,C,True,SCH-001
STU-2026-0138,EXM-0148,SUB-CHEM,93.9,A+,True,SCH-001
STU-2026-0139,EXM-0148,SUB-CHEM,66.8,C,True,SCH-001
STU-2026-0140,EXM-0148,SUB-CHEM,54.4,D,True,SCH-001
STU-2026-0141,EXM-0148,SUB-CHEM,85.4,A,True,SCH-001
STU-2026-0142,EXM-0148,SUB-CHEM,79.4,B,True,SCH-001
STU-2026-0143,EXM-0148,SUB-CHEM,89.4,A,True,SCH-001
STU-2026-0144,EXM-0148,SUB-CHEM,67.0,C,True,SCH-001
STU-2026-0145,EXM-0148,SUB-CHEM,70.4,B,True,SCH-001
STU-2026-0146,EXM-0148,SUB-CHEM,56.1,D,True,SCH-001
STU-2026-0147,EXM-0148,SUB-CHEM,86.5,A,True,SCH-001
STU-2026-0148,EXM-0148,SUB-CHEM,77.5,B,True,SCH-001
STU-2026-0149,EXM-0148,SUB-CHEM,65.1,C,True,SCH-001
STU-2026-0150,EXM-0148,SUB-CHEM,79.5,B,True,SCH-001
STU-2026-0151,EXM-0148,SUB-CHEM,76.6,B,True,SCH-001
STU-2026-0152,EXM-0148,SUB-CHEM,82.5,A,True,SCH-001
STU-2026-0153,EXM-0148,SUB-CHEM,65.2,C,True,SCH-001
STU-2026-0154,EXM-0148,SUB-CHEM,84.9,A,True,SCH-001
STU-2026-0155,EXM-0148,SUB-CHEM,88.6,A,True,SCH-001
STU-2026-0156,EXM-0148,SUB-CHEM,81.0,A,True,SCH-001
STU-2026-0157,EXM-0148,SUB-CHEM,65.6,C,True,SCH-001
STU-2026-0158,EXM-0148,SUB-CHEM,76.3,B,True,SCH-001
STU-2026-0159,EXM-0148,SUB-CHEM,70.5,B,True,SCH-001
STU-2026-0160,EXM-0148,SUB-CHEM,47.1,F,True,SCH-001
STU-2026-0161,EXM-0148,SUB-CHEM,86.7,A,True,SCH-001
STU-2026-0162,EXM-0148,SUB-CHEM,81.2,A,True,SCH-001
STU-2026-0163,EXM-0148,SUB-CHEM,75.4,B,True,SCH-001
STU-2026-0164,EXM-0148,SUB-CHEM,76.2,B,True,SCH-001
STU-2026-0165,EXM-0148,SUB-CHEM,62.1,C,True,SCH-001
STU-2026-0166,EXM-0148,SUB-CHEM,76.3,B,True,SCH-001
STU-2026-0167,EXM-0148,SUB-CHEM,85.7,A,True,SCH-001
STU-2026-0168,EXM-0148,SUB-CHEM,87.8,A,True,SCH-001
STU-2026-0169,EXM-0148,SUB-CHEM,78.5,B,True,SCH-001
STU-2026-0170,EXM-0148,SUB-CHEM,64.2,C,True,SCH-001
STU-2026-0171,EXM-0148,SUB-CHEM,77.5,B,True,SCH-001
STU-2026-0172,EXM-0148,SUB-CHEM,61.4,C,True,SCH-001
STU-2026-0173,EXM-0148,SUB-CHEM,74.3,B,True,SCH-001
STU-2026-0174,EXM-0148,SUB-CHEM,83.4,A,True,SCH-001
STU-2026-0175,EXM-0148,SUB-CHEM,83.3,A,True,SCH-001
STU-2026-0176,EXM-0148,SUB-CHEM,72.6,B,True,SCH-001
STU-2026-0177,EXM-0148,SUB-CHEM,74.4,B,True,SCH-001
STU-2026-0178,EXM-0148,SUB-CHEM,70.2,B,True,SCH-001
STU-2026-0179,EXM-0148,SUB-CHEM,80.4,A,True,SCH-001
STU-2026-0180,EXM-0148,SUB-CHEM,55.8,D,True,SCH-001
STU-2026-0181,EXM-0148,SUB-CHEM,80.3,A,True,SCH-001
STU-2026-0182,EXM-0148,SUB-CHEM,66.7,C,True,SCH-001
STU-2026-0183,EXM-0148,SUB-CHEM,79.1,B,True,SCH-001
STU-2026-0184,EXM-0148,SUB-CHEM,80.9,A,True,SCH-001
STU-2026-0185,EXM-0148,SUB-CHEM,52.0,D,True,SCH-001
STU-2026-0186,EXM-0148,SUB-CHEM,49.2,F,True,SCH-001
STU-2026-0187,EXM-0148,SUB-CHEM,71.4,B,True,SCH-001
STU-2026-0188,EXM-0148,SUB-CHEM,76.5,B,True,SCH-001
STU-2026-0189,EXM-0148,SUB-CHEM,87.1,A,True,SCH-001
STU-2026-0190,EXM-0148,SUB-CHEM,83.6,A,True,SCH-001
STU-2026-0191,EXM-0148,SUB-CHEM,82.0,A,True,SCH-001
STU-2026-0192,EXM-0148,SUB-CHEM,91.4,A+,True,SCH-001
STU-2026-0193,EXM-0148,SUB-CHEM,54.1,D,True,SCH-001
STU-2026-0194,EXM-0148,SUB-CHEM,65.6,C,True,SCH-001
STU-2026-0195,EXM-0148,SUB-CHEM,92.7,A+,True,SCH-001
STU-2026-0196,EXM-0148,SUB-CHEM,59.0,D,True,SCH-001
STU-2026-0197,EXM-0148,SUB-CHEM,87.7,A,True,SCH-001
STU-2026-0198,EXM-0148,SUB-CHEM,88.3,A,True,SCH-001
STU-2026-0133,EXM-0149,SUB-ENG,75.3,B,True,SCH-001
STU-2026-0134,EXM-0149,SUB-ENG,88.7,A,True,SCH-001
STU-2026-0135,EXM-0149,SUB-ENG,86.4,A,True,SCH-001
STU-2026-0136,EXM-0149,SUB-ENG,89.7,A,True,SCH-001
STU-2026-0137,EXM-0149,SUB-ENG,67.2,C,True,SCH-001
STU-2026-0138,EXM-0149,SUB-ENG,67.8,C,True,SCH-001
STU-2026-0139,EXM-0149,SUB-ENG,60.1,C,True,SCH-001
STU-2026-0140,EXM-0149,SUB-ENG,73.7,B,True,SCH-001
STU-2026-0141,EXM-0149,SUB-ENG,86.3,A,True,SCH-001
STU-2026-0142,EXM-0149,SUB-ENG,77.1,B,True,SCH-001
STU-2026-0143,EXM-0149,SUB-ENG,93.7,A+,True,SCH-001
STU-2026-0144,EXM-0149,SUB-ENG,82.3,A,True,SCH-001
STU-2026-0145,EXM-0149,SUB-ENG,76.2,B,True,SCH-001
STU-2026-0146,EXM-0149,SUB-ENG,47.0,F,True,SCH-001
STU-2026-0147,EXM-0149,SUB-ENG,89.7,A,True,SCH-001
STU-2026-0148,EXM-0149,SUB-ENG,72.2,B,True,SCH-001
STU-2026-0149,EXM-0149,SUB-ENG,67.6,C,True,SCH-001
STU-2026-0150,EXM-0149,SUB-ENG,78.8,B,True,SCH-001
STU-2026-0151,EXM-0149,SUB-ENG,77.8,B,True,SCH-001
STU-2026-0152,EXM-0149,SUB-ENG,76.4,B,True,SCH-001
STU-2026-0153,EXM-0149,SUB-ENG,64.5,C,True,SCH-001
STU-2026-0154,EXM-0149,SUB-ENG,64.2,C,True,SCH-001
STU-2026-0155,EXM-0149,SUB-ENG,80.9,A,True,SCH-001
STU-2026-0156,EXM-0149,SUB-ENG,66.1,C,True,SCH-001
STU-2026-0157,EXM-0149,SUB-ENG,71.1,B,True,SCH-001
STU-2026-0158,EXM-0149,SUB-ENG,81.5,A,True,SCH-001
STU-2026-0159,EXM-0149,SUB-ENG,91.8,A+,True,SCH-001
STU-2026-0160,EXM-0149,SUB-ENG,48.7,F,True,SCH-001
STU-2026-0161,EXM-0149,SUB-ENG,87.5,A,True,SCH-001
STU-2026-0162,EXM-0149,SUB-ENG,71.1,B,True,SCH-001
STU-2026-0163,EXM-0149,SUB-ENG,65.6,C,True,SCH-001
STU-2026-0164,EXM-0149,SUB-ENG,78.3,B,True,SCH-001
STU-2026-0165,EXM-0149,SUB-ENG,55.0,D,True,SCH-001
STU-2026-0166,EXM-0149,SUB-ENG,72.2,B,True,SCH-001
STU-2026-0167,EXM-0149,SUB-ENG,81.0,A,True,SCH-001
STU-2026-0168,EXM-0149,SUB-ENG,84.3,A,True,SCH-001
STU-2026-0169,EXM-0149,SUB-ENG,79.8,B,True,SCH-001
STU-2026-0170,EXM-0149,SUB-ENG,70.7,B,True,SCH-001
STU-2026-0171,EXM-0149,SUB-ENG,73.4,B,True,SCH-001
STU-2026-0172,EXM-0149,SUB-ENG,69.8,C,True,SCH-001
STU-2026-0173,EXM-0149,SUB-ENG,65.5,C,True,SCH-001
STU-2026-0174,EXM-0149,SUB-ENG,77.5,B,True,SCH-001
STU-2026-0175,EXM-0149,SUB-ENG,89.2,A,True,SCH-001
STU-2026-0176,EXM-0149,SUB-ENG,82.8,A,True,SCH-001
STU-2026-0177,EXM-0149,SUB-ENG,55.7,D,True,SCH-001
STU-2026-0178,EXM-0149,SUB-ENG,72.0,B,True,SCH-001
STU-2026-0179,EXM-0149,SUB-ENG,69.6,C,True,SCH-001
STU-2026-0180,EXM-0149,SUB-ENG,64.8,C,True,SCH-001
STU-2026-0181,EXM-0149,SUB-ENG,79.8,B,True,SCH-001
STU-2026-0182,EXM-0149,SUB-ENG,65.5,C,True,SCH-001
STU-2026-0183,EXM-0149,SUB-ENG,86.5,A,True,SCH-001
STU-2026-0184,EXM-0149,SUB-ENG,72.2,B,True,SCH-001
STU-2026-0185,EXM-0149,SUB-ENG,60.7,C,True,SCH-001
STU-2026-0186,EXM-0149,SUB-ENG,30.7,F,False,SCH-001
STU-2026-0187,EXM-0149,SUB-ENG,81.6,A,True,SCH-001
STU-2026-0188,EXM-0149,SUB-ENG,72.3,B,True,SCH-001
STU-2026-0189,EXM-0149,SUB-ENG,88.6,A,True,SCH-001
STU-2026-0190,EXM-0149,SUB-ENG,78.3,B,True,SCH-001
STU-2026-0191,EXM-0149,SUB-ENG,67.8,C,True,SCH-001
STU-2026-0192,EXM-0149,SUB-ENG,85.3,A,True,SCH-001
STU-2026-0193,EXM-0149,SUB-ENG,68.1,C,True,SCH-001
STU-2026-0194,EXM-0149,SUB-ENG,74.0,B,True,SCH-001
STU-2026-0195,EXM-0149,SUB-ENG,90.7,A+,True,SCH-001
STU-2026-0196,EXM-0149,SUB-ENG,68.8,C,True,SCH-001
STU-2026-0197,EXM-0149,SUB-ENG,73.6,B,True,SCH-001
STU-2026-0198,EXM-0149,SUB-ENG,84.2,A,True,SCH-001
STU-2026-0133,EXM-0150,SUB-HIST,79.1,B,True,SCH-001
STU-2026-0134,EXM-0150,SUB-HIST,88.2,A,True,SCH-001
STU-2026-0135,EXM-0150,SUB-HIST,92.1,A+,True,SCH-001
STU-2026-0136,EXM-0150,SUB-HIST,88.8,A,True,SCH-001
STU-2026-0137,EXM-0150,SUB-HIST,71.9,B,True,SCH-001
STU-2026-0138,EXM-0150,SUB-HIST,89.0,A,True,SCH-001
STU-2026-0139,EXM-0150,SUB-HIST,59.5,D,True,SCH-001
STU-2026-0140,EXM-0150,SUB-HIST,74.0,B,True,SCH-001
STU-2026-0141,EXM-0150,SUB-HIST,70.8,B,True,SCH-001
STU-2026-0142,EXM-0150,SUB-HIST,73.9,B,True,SCH-001
STU-2026-0143,EXM-0150,SUB-HIST,99.0,A+,True,SCH-001
STU-2026-0144,EXM-0150,SUB-HIST,81.7,A,True,SCH-001
STU-2026-0145,EXM-0150,SUB-HIST,82.7,A,True,SCH-001
STU-2026-0146,EXM-0150,SUB-HIST,60.1,C,True,SCH-001
STU-2026-0147,EXM-0150,SUB-HIST,85.3,A,True,SCH-001
STU-2026-0148,EXM-0150,SUB-HIST,76.2,B,True,SCH-001
STU-2026-0149,EXM-0150,SUB-HIST,61.2,C,True,SCH-001
STU-2026-0150,EXM-0150,SUB-HIST,60.5,C,True,SCH-001
STU-2026-0151,EXM-0150,SUB-HIST,72.9,B,True,SCH-001
STU-2026-0152,EXM-0150,SUB-HIST,75.2,B,True,SCH-001
STU-2026-0153,EXM-0150,SUB-HIST,70.9,B,True,SCH-001
STU-2026-0154,EXM-0150,SUB-HIST,83.1,A,True,SCH-001
STU-2026-0155,EXM-0150,SUB-HIST,84.7,A,True,SCH-001
STU-2026-0156,EXM-0150,SUB-HIST,72.4,B,True,SCH-001
STU-2026-0157,EXM-0150,SUB-HIST,64.7,C,True,SCH-001
STU-2026-0158,EXM-0150,SUB-HIST,88.2,A,True,SCH-001
STU-2026-0159,EXM-0150,SUB-HIST,80.0,A,True,SCH-001
STU-2026-0160,EXM-0150,SUB-HIST,46.3,F,True,SCH-001
STU-2026-0161,EXM-0150,SUB-HIST,72.9,B,True,SCH-001
STU-2026-0162,EXM-0150,SUB-HIST,76.8,B,True,SCH-001
STU-2026-0163,EXM-0150,SUB-HIST,77.4,B,True,SCH-001
STU-2026-0164,EXM-0150,SUB-HIST,83.5,A,True,SCH-001
STU-2026-0165,EXM-0150,SUB-HIST,70.7,B,True,SCH-001
STU-2026-0166,EXM-0150,SUB-HIST,61.4,C,True,SCH-001
STU-2026-0167,EXM-0150,SUB-HIST,99.0,A+,True,SCH-001
STU-2026-0168,EXM-0150,SUB-HIST,75.7,B,True,SCH-001
STU-2026-0169,EXM-0150,SUB-HIST,88.6,A,True,SCH-001
STU-2026-0170,EXM-0150,SUB-HIST,67.8,C,True,SCH-001
STU-2026-0171,EXM-0150,SUB-HIST,72.3,B,True,SCH-001
STU-2026-0172,EXM-0150,SUB-HIST,68.2,C,True,SCH-001
STU-2026-0173,EXM-0150,SUB-HIST,60.1,C,True,SCH-001
STU-2026-0174,EXM-0150,SUB-HIST,77.1,B,True,SCH-001
STU-2026-0175,EXM-0150,SUB-HIST,71.8,B,True,SCH-001
STU-2026-0176,EXM-0150,SUB-HIST,68.1,C,True,SCH-001
STU-2026-0177,EXM-0150,SUB-HIST,65.7,C,True,SCH-001
STU-2026-0178,EXM-0150,SUB-HIST,75.5,B,True,SCH-001
STU-2026-0179,EXM-0150,SUB-HIST,79.6,B,True,SCH-001
STU-2026-0180,EXM-0150,SUB-HIST,63.1,C,True,SCH-001
STU-2026-0181,EXM-0150,SUB-HIST,83.5,A,True,SCH-001
STU-2026-0182,EXM-0150,SUB-HIST,74.0,B,True,SCH-001
STU-2026-0183,EXM-0150,SUB-HIST,84.2,A,True,SCH-001
STU-2026-0184,EXM-0150,SUB-HIST,76.3,B,True,SCH-001
STU-2026-0185,EXM-0150,SUB-HIST,53.9,D,True,SCH-001
STU-2026-0186,EXM-0150,SUB-HIST,45.3,F,True,SCH-001
STU-2026-0187,EXM-0150,SUB-HIST,77.6,B,True,SCH-001
STU-2026-0188,EXM-0150,SUB-HIST,79.9,B,True,SCH-001
STU-2026-0189,EXM-0150,SUB-HIST,91.7,A+,True,SCH-001
STU-2026-0190,EXM-0150,SUB-HIST,81.1,A,True,SCH-001
STU-2026-0191,EXM-0150,SUB-HIST,66.8,C,True,SCH-001
STU-2026-0192,EXM-0150,SUB-HIST,76.6,B,True,SCH-001
STU-2026-0193,EXM-0150,SUB-HIST,72.2,B,True,SCH-001
STU-2026-0194,EXM-0150,SUB-HIST,68.6,C,True,SCH-001
STU-2026-0195,EXM-0150,SUB-HIST,99.0,A+,True,SCH-001
STU-2026-0196,EXM-0150,SUB-HIST,64.8,C,True,SCH-001
STU-2026-0197,EXM-0150,SUB-HIST,70.2,B,True,SCH-001
STU-2026-0198,EXM-0150,SUB-HIST,93.8,A+,True,SCH-001
STU-2026-0199,EXM-0151,SUB-MATH,86.6,A,True,SCH-001
STU-2026-0200,EXM-0151,SUB-MATH,77.7,B,True,SCH-001
STU-2026-0201,EXM-0151,SUB-MATH,88.3,A,True,SCH-001
STU-2026-0202,EXM-0151,SUB-MATH,75.9,B,True,SCH-001
STU-2026-0203,EXM-0151,SUB-MATH,89.0,A,True,SCH-001
STU-2026-0204,EXM-0151,SUB-MATH,89.7,A,True,SCH-001
STU-2026-0205,EXM-0151,SUB-MATH,57.9,D,True,SCH-001
STU-2026-0206,EXM-0151,SUB-MATH,63.1,C,True,SCH-001
STU-2026-0207,EXM-0151,SUB-MATH,71.2,B,True,SCH-001
STU-2026-0208,EXM-0151,SUB-MATH,82.8,A,True,SCH-001
STU-2026-0209,EXM-0151,SUB-MATH,71.6,B,True,SCH-001
STU-2026-0210,EXM-0151,SUB-MATH,40.1,F,True,SCH-001
STU-2026-0211,EXM-0151,SUB-MATH,76.0,B,True,SCH-001
STU-2026-0212,EXM-0151,SUB-MATH,64.4,C,True,SCH-001
STU-2026-0213,EXM-0151,SUB-MATH,73.8,B,True,SCH-001
STU-2026-0214,EXM-0151,SUB-MATH,84.4,A,True,SCH-001
STU-2026-0215,EXM-0151,SUB-MATH,93.3,A+,True,SCH-001
STU-2026-0216,EXM-0151,SUB-MATH,79.9,B,True,SCH-001
STU-2026-0217,EXM-0151,SUB-MATH,83.2,A,True,SCH-001
STU-2026-0218,EXM-0151,SUB-MATH,85.3,A,True,SCH-001
STU-2026-0219,EXM-0151,SUB-MATH,77.7,B,True,SCH-001
STU-2026-0220,EXM-0151,SUB-MATH,85.6,A,True,SCH-001
STU-2026-0221,EXM-0151,SUB-MATH,15.0,F,False,SCH-001
STU-2026-0222,EXM-0151,SUB-MATH,83.1,A,True,SCH-001
STU-2026-0223,EXM-0151,SUB-MATH,63.0,C,True,SCH-001
STU-2026-0224,EXM-0151,SUB-MATH,79.4,B,True,SCH-001
STU-2026-0225,EXM-0151,SUB-MATH,93.4,A+,True,SCH-001
STU-2026-0226,EXM-0151,SUB-MATH,80.9,A,True,SCH-001
STU-2026-0227,EXM-0151,SUB-MATH,76.2,B,True,SCH-001
STU-2026-0228,EXM-0151,SUB-MATH,94.8,A+,True,SCH-001
STU-2026-0229,EXM-0151,SUB-MATH,78.9,B,True,SCH-001
STU-2026-0230,EXM-0151,SUB-MATH,37.4,F,True,SCH-001
STU-2026-0231,EXM-0151,SUB-MATH,72.1,B,True,SCH-001
STU-2026-0232,EXM-0151,SUB-MATH,87.1,A,True,SCH-001
STU-2026-0233,EXM-0151,SUB-MATH,87.6,A,True,SCH-001
STU-2026-0234,EXM-0151,SUB-MATH,66.7,C,True,SCH-001
STU-2026-0235,EXM-0151,SUB-MATH,75.8,B,True,SCH-001
STU-2026-0236,EXM-0151,SUB-MATH,73.1,B,True,SCH-001
STU-2026-0237,EXM-0151,SUB-MATH,83.5,A,True,SCH-001
STU-2026-0238,EXM-0151,SUB-MATH,67.0,C,True,SCH-001
STU-2026-0239,EXM-0151,SUB-MATH,78.9,B,True,SCH-001
STU-2026-0240,EXM-0151,SUB-MATH,61.4,C,True,SCH-001
STU-2026-0241,EXM-0151,SUB-MATH,91.8,A+,True,SCH-001
STU-2026-0242,EXM-0151,SUB-MATH,96.8,A+,True,SCH-001
STU-2026-0243,EXM-0151,SUB-MATH,60.7,C,True,SCH-001
STU-2026-0244,EXM-0151,SUB-MATH,82.0,A,True,SCH-001
STU-2026-0245,EXM-0151,SUB-MATH,20.0,F,False,SCH-001
STU-2026-0246,EXM-0151,SUB-MATH,25.6,F,False,SCH-001
STU-2026-0247,EXM-0151,SUB-MATH,97.5,A+,True,SCH-001
STU-2026-0248,EXM-0151,SUB-MATH,66.3,C,True,SCH-001
STU-2026-0249,EXM-0151,SUB-MATH,36.4,F,True,SCH-001
STU-2026-0250,EXM-0151,SUB-MATH,67.9,C,True,SCH-001
STU-2026-0251,EXM-0151,SUB-MATH,31.1,F,False,SCH-001
STU-2026-0252,EXM-0151,SUB-MATH,71.2,B,True,SCH-001
STU-2026-0253,EXM-0151,SUB-MATH,30.0,F,False,SCH-001
STU-2026-0254,EXM-0151,SUB-MATH,72.4,B,True,SCH-001
STU-2026-0255,EXM-0151,SUB-MATH,88.7,A,True,SCH-001
STU-2026-0256,EXM-0151,SUB-MATH,65.0,C,True,SCH-001
STU-2026-0257,EXM-0151,SUB-MATH,77.2,B,True,SCH-001
STU-2026-0258,EXM-0151,SUB-MATH,62.3,C,True,SCH-001
STU-2026-0259,EXM-0151,SUB-MATH,82.0,A,True,SCH-001
STU-2026-0260,EXM-0151,SUB-MATH,90.2,A+,True,SCH-001
STU-2026-0261,EXM-0151,SUB-MATH,89.0,A,True,SCH-001
STU-2026-0262,EXM-0151,SUB-MATH,86.5,A,True,SCH-001
STU-2026-0263,EXM-0151,SUB-MATH,51.3,D,True,SCH-001
STU-2026-0264,EXM-0151,SUB-MATH,73.7,B,True,SCH-001
STU-2026-0199,EXM-0152,SUB-PHY,79.4,B,True,SCH-001
STU-2026-0200,EXM-0152,SUB-PHY,86.0,A,True,SCH-001
STU-2026-0201,EXM-0152,SUB-PHY,89.8,A,True,SCH-001
STU-2026-0202,EXM-0152,SUB-PHY,71.1,B,True,SCH-001
STU-2026-0203,EXM-0152,SUB-PHY,91.5,A+,True,SCH-001
STU-2026-0204,EXM-0152,SUB-PHY,71.7,B,True,SCH-001
STU-2026-0205,EXM-0152,SUB-PHY,65.1,C,True,SCH-001
STU-2026-0206,EXM-0152,SUB-PHY,51.9,D,True,SCH-001
STU-2026-0207,EXM-0152,SUB-PHY,74.2,B,True,SCH-001
STU-2026-0208,EXM-0152,SUB-PHY,81.7,A,True,SCH-001
STU-2026-0209,EXM-0152,SUB-PHY,94.2,A+,True,SCH-001
STU-2026-0210,EXM-0152,SUB-PHY,31.6,F,False,SCH-001
STU-2026-0211,EXM-0152,SUB-PHY,76.3,B,True,SCH-001
STU-2026-0212,EXM-0152,SUB-PHY,63.9,C,True,SCH-001
STU-2026-0213,EXM-0152,SUB-PHY,61.3,C,True,SCH-001
STU-2026-0214,EXM-0152,SUB-PHY,99.0,A+,True,SCH-001
STU-2026-0215,EXM-0152,SUB-PHY,78.7,B,True,SCH-001
STU-2026-0216,EXM-0152,SUB-PHY,94.7,A+,True,SCH-001
STU-2026-0217,EXM-0152,SUB-PHY,81.6,A,True,SCH-001
STU-2026-0218,EXM-0152,SUB-PHY,93.3,A+,True,SCH-001
STU-2026-0219,EXM-0152,SUB-PHY,73.1,B,True,SCH-001
STU-2026-0220,EXM-0152,SUB-PHY,81.1,A,True,SCH-001
STU-2026-0221,EXM-0152,SUB-PHY,21.1,F,False,SCH-001
STU-2026-0222,EXM-0152,SUB-PHY,70.7,B,True,SCH-001
STU-2026-0223,EXM-0152,SUB-PHY,66.3,C,True,SCH-001
STU-2026-0224,EXM-0152,SUB-PHY,65.9,C,True,SCH-001
STU-2026-0225,EXM-0152,SUB-PHY,99.0,A+,True,SCH-001
STU-2026-0226,EXM-0152,SUB-PHY,99.0,A+,True,SCH-001
STU-2026-0227,EXM-0152,SUB-PHY,79.0,B,True,SCH-001
STU-2026-0228,EXM-0152,SUB-PHY,83.2,A,True,SCH-001
STU-2026-0229,EXM-0152,SUB-PHY,80.5,A,True,SCH-001
STU-2026-0230,EXM-0152,SUB-PHY,39.3,F,True,SCH-001
STU-2026-0231,EXM-0152,SUB-PHY,69.7,C,True,SCH-001
STU-2026-0232,EXM-0152,SUB-PHY,83.1,A,True,SCH-001
STU-2026-0233,EXM-0152,SUB-PHY,75.7,B,True,SCH-001
STU-2026-0234,EXM-0152,SUB-PHY,75.5,B,True,SCH-001
STU-2026-0235,EXM-0152,SUB-PHY,87.8,A,True,SCH-001
STU-2026-0236,EXM-0152,SUB-PHY,79.5,B,True,SCH-001
STU-2026-0237,EXM-0152,SUB-PHY,82.6,A,True,SCH-001
STU-2026-0238,EXM-0152,SUB-PHY,66.5,C,True,SCH-001
STU-2026-0239,EXM-0152,SUB-PHY,58.6,D,True,SCH-001
STU-2026-0240,EXM-0152,SUB-PHY,79.7,B,True,SCH-001
STU-2026-0241,EXM-0152,SUB-PHY,91.2,A+,True,SCH-001
STU-2026-0242,EXM-0152,SUB-PHY,95.8,A+,True,SCH-001
STU-2026-0243,EXM-0152,SUB-PHY,58.1,D,True,SCH-001
STU-2026-0244,EXM-0152,SUB-PHY,77.6,B,True,SCH-001
STU-2026-0245,EXM-0152,SUB-PHY,17.1,F,False,SCH-001
STU-2026-0246,EXM-0152,SUB-PHY,17.6,F,False,SCH-001
STU-2026-0247,EXM-0152,SUB-PHY,82.9,A,True,SCH-001
STU-2026-0248,EXM-0152,SUB-PHY,74.3,B,True,SCH-001
STU-2026-0249,EXM-0152,SUB-PHY,40.2,F,True,SCH-001
STU-2026-0250,EXM-0152,SUB-PHY,86.0,A,True,SCH-001
STU-2026-0251,EXM-0152,SUB-PHY,20.0,F,False,SCH-001
STU-2026-0252,EXM-0152,SUB-PHY,58.1,D,True,SCH-001
STU-2026-0253,EXM-0152,SUB-PHY,15.0,F,False,SCH-001
STU-2026-0254,EXM-0152,SUB-PHY,71.9,B,True,SCH-001
STU-2026-0255,EXM-0152,SUB-PHY,64.8,C,True,SCH-001
STU-2026-0256,EXM-0152,SUB-PHY,65.6,C,True,SCH-001
STU-2026-0257,EXM-0152,SUB-PHY,77.5,B,True,SCH-001
STU-2026-0258,EXM-0152,SUB-PHY,55.4,D,True,SCH-001
STU-2026-0259,EXM-0152,SUB-PHY,81.7,A,True,SCH-001
STU-2026-0260,EXM-0152,SUB-PHY,84.7,A,True,SCH-001
STU-2026-0261,EXM-0152,SUB-PHY,99.0,A+,True,SCH-001
STU-2026-0262,EXM-0152,SUB-PHY,68.3,C,True,SCH-001
STU-2026-0263,EXM-0152,SUB-PHY,51.9,D,True,SCH-001
STU-2026-0264,EXM-0152,SUB-PHY,67.3,C,True,SCH-001
STU-2026-0199,EXM-0153,SUB-CHEM,75.5,B,True,SCH-001
STU-2026-0200,EXM-0153,SUB-CHEM,77.5,B,True,SCH-001
STU-2026-0201,EXM-0153,SUB-CHEM,87.1,A,True,SCH-001
STU-2026-0202,EXM-0153,SUB-CHEM,77.1,B,True,SCH-001
STU-2026-0203,EXM-0153,SUB-CHEM,78.7,B,True,SCH-001
STU-2026-0204,EXM-0153,SUB-CHEM,82.9,A,True,SCH-001
STU-2026-0205,EXM-0153,SUB-CHEM,73.6,B,True,SCH-001
STU-2026-0206,EXM-0153,SUB-CHEM,61.4,C,True,SCH-001
STU-2026-0207,EXM-0153,SUB-CHEM,76.7,B,True,SCH-001
STU-2026-0208,EXM-0153,SUB-CHEM,80.3,A,True,SCH-001
STU-2026-0209,EXM-0153,SUB-CHEM,77.0,B,True,SCH-001
STU-2026-0210,EXM-0153,SUB-CHEM,47.1,F,True,SCH-001
STU-2026-0211,EXM-0153,SUB-CHEM,80.8,A,True,SCH-001
STU-2026-0212,EXM-0153,SUB-CHEM,65.6,C,True,SCH-001
STU-2026-0213,EXM-0153,SUB-CHEM,60.3,C,True,SCH-001
STU-2026-0214,EXM-0153,SUB-CHEM,84.8,A,True,SCH-001
STU-2026-0215,EXM-0153,SUB-CHEM,87.7,A,True,SCH-001
STU-2026-0216,EXM-0153,SUB-CHEM,82.3,A,True,SCH-001
STU-2026-0217,EXM-0153,SUB-CHEM,86.4,A,True,SCH-001
STU-2026-0218,EXM-0153,SUB-CHEM,91.0,A+,True,SCH-001
STU-2026-0219,EXM-0153,SUB-CHEM,69.2,C,True,SCH-001
STU-2026-0220,EXM-0153,SUB-CHEM,82.9,A,True,SCH-001
STU-2026-0221,EXM-0153,SUB-CHEM,21.2,F,False,SCH-001
STU-2026-0222,EXM-0153,SUB-CHEM,72.0,B,True,SCH-001
STU-2026-0223,EXM-0153,SUB-CHEM,65.0,C,True,SCH-001
STU-2026-0224,EXM-0153,SUB-CHEM,69.4,C,True,SCH-001
STU-2026-0225,EXM-0153,SUB-CHEM,99.0,A+,True,SCH-001
STU-2026-0226,EXM-0153,SUB-CHEM,83.3,A,True,SCH-001
STU-2026-0227,EXM-0153,SUB-CHEM,85.3,A,True,SCH-001
STU-2026-0228,EXM-0153,SUB-CHEM,74.6,B,True,SCH-001
STU-2026-0229,EXM-0153,SUB-CHEM,97.2,A+,True,SCH-001
STU-2026-0230,EXM-0153,SUB-CHEM,47.4,F,True,SCH-001
STU-2026-0231,EXM-0153,SUB-CHEM,68.4,C,True,SCH-001
STU-2026-0232,EXM-0153,SUB-CHEM,86.5,A,True,SCH-001
STU-2026-0233,EXM-0153,SUB-CHEM,76.5,B,True,SCH-001
STU-2026-0234,EXM-0153,SUB-CHEM,67.1,C,True,SCH-001
STU-2026-0235,EXM-0153,SUB-CHEM,75.1,B,True,SCH-001
STU-2026-0236,EXM-0153,SUB-CHEM,75.7,B,True,SCH-001
STU-2026-0237,EXM-0153,SUB-CHEM,72.3,B,True,SCH-001
STU-2026-0238,EXM-0153,SUB-CHEM,80.5,A,True,SCH-001
STU-2026-0239,EXM-0153,SUB-CHEM,64.7,C,True,SCH-001
STU-2026-0240,EXM-0153,SUB-CHEM,79.7,B,True,SCH-001
STU-2026-0241,EXM-0153,SUB-CHEM,89.3,A,True,SCH-001
STU-2026-0242,EXM-0153,SUB-CHEM,88.2,A,True,SCH-001
STU-2026-0243,EXM-0153,SUB-CHEM,68.7,C,True,SCH-001
STU-2026-0244,EXM-0153,SUB-CHEM,68.0,C,True,SCH-001
STU-2026-0245,EXM-0153,SUB-CHEM,15.0,F,False,SCH-001
STU-2026-0246,EXM-0153,SUB-CHEM,22.0,F,False,SCH-001
STU-2026-0247,EXM-0153,SUB-CHEM,94.1,A+,True,SCH-001
STU-2026-0248,EXM-0153,SUB-CHEM,63.0,C,True,SCH-001
STU-2026-0249,EXM-0153,SUB-CHEM,40.1,F,True,SCH-001
STU-2026-0250,EXM-0153,SUB-CHEM,71.3,B,True,SCH-001
STU-2026-0251,EXM-0153,SUB-CHEM,15.0,F,False,SCH-001
STU-2026-0252,EXM-0153,SUB-CHEM,60.5,C,True,SCH-001
STU-2026-0253,EXM-0153,SUB-CHEM,15.7,F,False,SCH-001
STU-2026-0254,EXM-0153,SUB-CHEM,78.6,B,True,SCH-001
STU-2026-0255,EXM-0153,SUB-CHEM,92.2,A+,True,SCH-001
STU-2026-0256,EXM-0153,SUB-CHEM,63.1,C,True,SCH-001
STU-2026-0257,EXM-0153,SUB-CHEM,85.1,A,True,SCH-001
STU-2026-0258,EXM-0153,SUB-CHEM,39.7,F,True,SCH-001
STU-2026-0259,EXM-0153,SUB-CHEM,90.5,A+,True,SCH-001
STU-2026-0260,EXM-0153,SUB-CHEM,95.6,A+,True,SCH-001
STU-2026-0261,EXM-0153,SUB-CHEM,94.0,A+,True,SCH-001
STU-2026-0262,EXM-0153,SUB-CHEM,84.7,A,True,SCH-001
STU-2026-0263,EXM-0153,SUB-CHEM,57.2,D,True,SCH-001
STU-2026-0264,EXM-0153,SUB-CHEM,82.8,A,True,SCH-001
STU-2026-0199,EXM-0154,SUB-ENG,74.5,B,True,SCH-001
STU-2026-0200,EXM-0154,SUB-ENG,86.9,A,True,SCH-001
STU-2026-0201,EXM-0154,SUB-ENG,99.0,A+,True,SCH-001
STU-2026-0202,EXM-0154,SUB-ENG,83.4,A,True,SCH-001
STU-2026-0203,EXM-0154,SUB-ENG,72.6,B,True,SCH-001
STU-2026-0204,EXM-0154,SUB-ENG,83.5,A,True,SCH-001
STU-2026-0205,EXM-0154,SUB-ENG,69.3,C,True,SCH-001
STU-2026-0206,EXM-0154,SUB-ENG,60.7,C,True,SCH-001
STU-2026-0207,EXM-0154,SUB-ENG,70.3,B,True,SCH-001
STU-2026-0208,EXM-0154,SUB-ENG,87.3,A,True,SCH-001
STU-2026-0209,EXM-0154,SUB-ENG,75.3,B,True,SCH-001
STU-2026-0210,EXM-0154,SUB-ENG,39.9,F,True,SCH-001
STU-2026-0211,EXM-0154,SUB-ENG,66.7,C,True,SCH-001
STU-2026-0212,EXM-0154,SUB-ENG,73.5,B,True,SCH-001
STU-2026-0213,EXM-0154,SUB-ENG,74.2,B,True,SCH-001
STU-2026-0214,EXM-0154,SUB-ENG,89.1,A,True,SCH-001
STU-2026-0215,EXM-0154,SUB-ENG,95.7,A+,True,SCH-001
STU-2026-0216,EXM-0154,SUB-ENG,70.7,B,True,SCH-001
STU-2026-0217,EXM-0154,SUB-ENG,73.0,B,True,SCH-001
STU-2026-0218,EXM-0154,SUB-ENG,91.1,A+,True,SCH-001
STU-2026-0219,EXM-0154,SUB-ENG,69.7,C,True,SCH-001
STU-2026-0220,EXM-0154,SUB-ENG,86.3,A,True,SCH-001
STU-2026-0221,EXM-0154,SUB-ENG,26.7,F,False,SCH-001
STU-2026-0222,EXM-0154,SUB-ENG,75.6,B,True,SCH-001
STU-2026-0223,EXM-0154,SUB-ENG,65.6,C,True,SCH-001
STU-2026-0224,EXM-0154,SUB-ENG,79.5,B,True,SCH-001
STU-2026-0225,EXM-0154,SUB-ENG,89.4,A,True,SCH-001
STU-2026-0226,EXM-0154,SUB-ENG,89.0,A,True,SCH-001
STU-2026-0227,EXM-0154,SUB-ENG,76.1,B,True,SCH-001
STU-2026-0228,EXM-0154,SUB-ENG,76.1,B,True,SCH-001
STU-2026-0229,EXM-0154,SUB-ENG,87.1,A,True,SCH-001
STU-2026-0230,EXM-0154,SUB-ENG,25.7,F,False,SCH-001
STU-2026-0231,EXM-0154,SUB-ENG,61.4,C,True,SCH-001
STU-2026-0232,EXM-0154,SUB-ENG,99.0,A+,True,SCH-001
STU-2026-0233,EXM-0154,SUB-ENG,87.8,A,True,SCH-001
STU-2026-0234,EXM-0154,SUB-ENG,58.6,D,True,SCH-001
STU-2026-0235,EXM-0154,SUB-ENG,74.3,B,True,SCH-001
STU-2026-0236,EXM-0154,SUB-ENG,76.7,B,True,SCH-001
STU-2026-0237,EXM-0154,SUB-ENG,73.8,B,True,SCH-001
STU-2026-0238,EXM-0154,SUB-ENG,78.1,B,True,SCH-001
STU-2026-0239,EXM-0154,SUB-ENG,71.7,B,True,SCH-001
STU-2026-0240,EXM-0154,SUB-ENG,74.4,B,True,SCH-001
STU-2026-0241,EXM-0154,SUB-ENG,96.4,A+,True,SCH-001
STU-2026-0242,EXM-0154,SUB-ENG,91.6,A+,True,SCH-001
STU-2026-0243,EXM-0154,SUB-ENG,49.6,F,True,SCH-001
STU-2026-0244,EXM-0154,SUB-ENG,81.0,A,True,SCH-001
STU-2026-0245,EXM-0154,SUB-ENG,16.3,F,False,SCH-001
STU-2026-0246,EXM-0154,SUB-ENG,25.9,F,False,SCH-001
STU-2026-0247,EXM-0154,SUB-ENG,92.4,A+,True,SCH-001
STU-2026-0248,EXM-0154,SUB-ENG,60.6,C,True,SCH-001
STU-2026-0249,EXM-0154,SUB-ENG,36.6,F,True,SCH-001
STU-2026-0250,EXM-0154,SUB-ENG,71.2,B,True,SCH-001
STU-2026-0251,EXM-0154,SUB-ENG,20.5,F,False,SCH-001
STU-2026-0252,EXM-0154,SUB-ENG,69.6,C,True,SCH-001
STU-2026-0253,EXM-0154,SUB-ENG,20.6,F,False,SCH-001
STU-2026-0254,EXM-0154,SUB-ENG,84.4,A,True,SCH-001
STU-2026-0255,EXM-0154,SUB-ENG,89.5,A,True,SCH-001
STU-2026-0256,EXM-0154,SUB-ENG,59.0,D,True,SCH-001
STU-2026-0257,EXM-0154,SUB-ENG,93.3,A+,True,SCH-001
STU-2026-0258,EXM-0154,SUB-ENG,49.7,F,True,SCH-001
STU-2026-0259,EXM-0154,SUB-ENG,85.8,A,True,SCH-001
STU-2026-0260,EXM-0154,SUB-ENG,77.3,B,True,SCH-001
STU-2026-0261,EXM-0154,SUB-ENG,87.2,A,True,SCH-001
STU-2026-0262,EXM-0154,SUB-ENG,80.0,A,True,SCH-001
STU-2026-0263,EXM-0154,SUB-ENG,53.6,D,True,SCH-001
STU-2026-0264,EXM-0154,SUB-ENG,70.5,B,True,SCH-001
STU-2026-0199,EXM-0155,SUB-HIST,79.3,B,True,SCH-001
STU-2026-0200,EXM-0155,SUB-HIST,93.6,A+,True,SCH-001
STU-2026-0201,EXM-0155,SUB-HIST,86.3,A,True,SCH-001
STU-2026-0202,EXM-0155,SUB-HIST,75.8,B,True,SCH-001
STU-2026-0203,EXM-0155,SUB-HIST,84.6,A,True,SCH-001
STU-2026-0204,EXM-0155,SUB-HIST,86.7,A,True,SCH-001
STU-2026-0205,EXM-0155,SUB-HIST,65.7,C,True,SCH-001
STU-2026-0206,EXM-0155,SUB-HIST,57.3,D,True,SCH-001
STU-2026-0207,EXM-0155,SUB-HIST,83.1,A,True,SCH-001
STU-2026-0208,EXM-0155,SUB-HIST,78.5,B,True,SCH-001
STU-2026-0209,EXM-0155,SUB-HIST,74.6,B,True,SCH-001
STU-2026-0210,EXM-0155,SUB-HIST,41.1,F,True,SCH-001
STU-2026-0211,EXM-0155,SUB-HIST,80.3,A,True,SCH-001
STU-2026-0212,EXM-0155,SUB-HIST,65.5,C,True,SCH-001
STU-2026-0213,EXM-0155,SUB-HIST,59.4,D,True,SCH-001
STU-2026-0214,EXM-0155,SUB-HIST,87.8,A,True,SCH-001
STU-2026-0215,EXM-0155,SUB-HIST,82.8,A,True,SCH-001
STU-2026-0216,EXM-0155,SUB-HIST,78.6,B,True,SCH-001
STU-2026-0217,EXM-0155,SUB-HIST,74.2,B,True,SCH-001
STU-2026-0218,EXM-0155,SUB-HIST,96.3,A+,True,SCH-001
STU-2026-0219,EXM-0155,SUB-HIST,75.1,B,True,SCH-001
STU-2026-0220,EXM-0155,SUB-HIST,85.5,A,True,SCH-001
STU-2026-0221,EXM-0155,SUB-HIST,19.2,F,False,SCH-001
STU-2026-0222,EXM-0155,SUB-HIST,77.5,B,True,SCH-001
STU-2026-0223,EXM-0155,SUB-HIST,75.0,B,True,SCH-001
STU-2026-0224,EXM-0155,SUB-HIST,81.1,A,True,SCH-001
STU-2026-0225,EXM-0155,SUB-HIST,91.3,A+,True,SCH-001
STU-2026-0226,EXM-0155,SUB-HIST,99.0,A+,True,SCH-001
STU-2026-0227,EXM-0155,SUB-HIST,75.3,B,True,SCH-001
STU-2026-0228,EXM-0155,SUB-HIST,90.3,A+,True,SCH-001
STU-2026-0229,EXM-0155,SUB-HIST,94.6,A+,True,SCH-001
STU-2026-0230,EXM-0155,SUB-HIST,35.6,F,True,SCH-001
STU-2026-0231,EXM-0155,SUB-HIST,77.1,B,True,SCH-001
STU-2026-0232,EXM-0155,SUB-HIST,99.0,A+,True,SCH-001
STU-2026-0233,EXM-0155,SUB-HIST,83.5,A,True,SCH-001
STU-2026-0234,EXM-0155,SUB-HIST,66.1,C,True,SCH-001
STU-2026-0235,EXM-0155,SUB-HIST,80.2,A,True,SCH-001
STU-2026-0236,EXM-0155,SUB-HIST,77.1,B,True,SCH-001
STU-2026-0237,EXM-0155,SUB-HIST,67.2,C,True,SCH-001
STU-2026-0238,EXM-0155,SUB-HIST,75.4,B,True,SCH-001
STU-2026-0239,EXM-0155,SUB-HIST,71.4,B,True,SCH-001
STU-2026-0240,EXM-0155,SUB-HIST,76.5,B,True,SCH-001
STU-2026-0241,EXM-0155,SUB-HIST,93.7,A+,True,SCH-001
STU-2026-0242,EXM-0155,SUB-HIST,96.2,A+,True,SCH-001
STU-2026-0243,EXM-0155,SUB-HIST,57.2,D,True,SCH-001
STU-2026-0244,EXM-0155,SUB-HIST,83.5,A,True,SCH-001
STU-2026-0245,EXM-0155,SUB-HIST,15.0,F,False,SCH-001
STU-2026-0246,EXM-0155,SUB-HIST,34.4,F,False,SCH-001
STU-2026-0247,EXM-0155,SUB-HIST,91.5,A+,True,SCH-001
STU-2026-0248,EXM-0155,SUB-HIST,68.6,C,True,SCH-001
STU-2026-0249,EXM-0155,SUB-HIST,29.2,F,False,SCH-001
STU-2026-0250,EXM-0155,SUB-HIST,77.2,B,True,SCH-001
STU-2026-0251,EXM-0155,SUB-HIST,22.3,F,False,SCH-001
STU-2026-0252,EXM-0155,SUB-HIST,81.4,A,True,SCH-001
STU-2026-0253,EXM-0155,SUB-HIST,27.7,F,False,SCH-001
STU-2026-0254,EXM-0155,SUB-HIST,69.3,C,True,SCH-001
STU-2026-0255,EXM-0155,SUB-HIST,82.7,A,True,SCH-001
STU-2026-0256,EXM-0155,SUB-HIST,66.2,C,True,SCH-001
STU-2026-0257,EXM-0155,SUB-HIST,81.1,A,True,SCH-001
STU-2026-0258,EXM-0155,SUB-HIST,53.5,D,True,SCH-001
STU-2026-0259,EXM-0155,SUB-HIST,70.6,B,True,SCH-001
STU-2026-0260,EXM-0155,SUB-HIST,87.2,A,True,SCH-001
STU-2026-0261,EXM-0155,SUB-HIST,81.3,A,True,SCH-001
STU-2026-0262,EXM-0155,SUB-HIST,71.5,B,True,SCH-001
STU-2026-0263,EXM-0155,SUB-HIST,52.0,D,True,SCH-001
STU-2026-0264,EXM-0155,SUB-HIST,73.4,B,True,SCH-001
STU-2026-0265,EXM-0156,SUB-MATH,77.7,B,True,SCH-001
STU-2026-0266,EXM-0156,SUB-MATH,69.3,C,True,SCH-001
STU-2026-0267,EXM-0156,SUB-MATH,71.0,B,True,SCH-001
STU-2026-0268,EXM-0156,SUB-MATH,79.8,B,True,SCH-001
STU-2026-0269,EXM-0156,SUB-MATH,80.1,A,True,SCH-001
STU-2026-0270,EXM-0156,SUB-MATH,82.5,A,True,SCH-001
STU-2026-0271,EXM-0156,SUB-MATH,71.3,B,True,SCH-001
STU-2026-0272,EXM-0156,SUB-MATH,49.5,F,True,SCH-001
STU-2026-0273,EXM-0156,SUB-MATH,88.4,A,True,SCH-001
STU-2026-0274,EXM-0156,SUB-MATH,71.2,B,True,SCH-001
STU-2026-0275,EXM-0156,SUB-MATH,49.8,F,True,SCH-001
STU-2026-0276,EXM-0156,SUB-MATH,67.2,C,True,SCH-001
STU-2026-0277,EXM-0156,SUB-MATH,76.4,B,True,SCH-001
STU-2026-0278,EXM-0156,SUB-MATH,93.3,A+,True,SCH-001
STU-2026-0279,EXM-0156,SUB-MATH,34.0,F,False,SCH-001
STU-2026-0280,EXM-0156,SUB-MATH,86.8,A,True,SCH-001
STU-2026-0281,EXM-0156,SUB-MATH,70.6,B,True,SCH-001
STU-2026-0282,EXM-0156,SUB-MATH,82.9,A,True,SCH-001
STU-2026-0283,EXM-0156,SUB-MATH,74.8,B,True,SCH-001
STU-2026-0284,EXM-0156,SUB-MATH,76.8,B,True,SCH-001
STU-2026-0285,EXM-0156,SUB-MATH,39.8,F,True,SCH-001
STU-2026-0286,EXM-0156,SUB-MATH,68.0,C,True,SCH-001
STU-2026-0287,EXM-0156,SUB-MATH,68.9,C,True,SCH-001
STU-2026-0288,EXM-0156,SUB-MATH,26.7,F,False,SCH-001
STU-2026-0289,EXM-0156,SUB-MATH,92.4,A+,True,SCH-001
STU-2026-0290,EXM-0156,SUB-MATH,66.8,C,True,SCH-001
STU-2026-0291,EXM-0156,SUB-MATH,65.0,C,True,SCH-001
STU-2026-0292,EXM-0156,SUB-MATH,34.7,F,False,SCH-001
STU-2026-0293,EXM-0156,SUB-MATH,71.6,B,True,SCH-001
STU-2026-0294,EXM-0156,SUB-MATH,68.9,C,True,SCH-001
STU-2026-0295,EXM-0156,SUB-MATH,72.4,B,True,SCH-001
STU-2026-0296,EXM-0156,SUB-MATH,81.7,A,True,SCH-001
STU-2026-0297,EXM-0156,SUB-MATH,74.9,B,True,SCH-001
STU-2026-0298,EXM-0156,SUB-MATH,96.6,A+,True,SCH-001
STU-2026-0299,EXM-0156,SUB-MATH,83.2,A,True,SCH-001
STU-2026-0300,EXM-0156,SUB-MATH,29.7,F,False,SCH-001
STU-2026-0301,EXM-0156,SUB-MATH,85.5,A,True,SCH-001
STU-2026-0302,EXM-0156,SUB-MATH,60.8,C,True,SCH-001
STU-2026-0303,EXM-0156,SUB-MATH,82.1,A,True,SCH-001
STU-2026-0304,EXM-0156,SUB-MATH,81.7,A,True,SCH-001
STU-2026-0305,EXM-0156,SUB-MATH,42.7,F,True,SCH-001
STU-2026-0306,EXM-0156,SUB-MATH,32.9,F,False,SCH-001
STU-2026-0307,EXM-0156,SUB-MATH,97.4,A+,True,SCH-001
STU-2026-0308,EXM-0156,SUB-MATH,88.6,A,True,SCH-001
STU-2026-0309,EXM-0156,SUB-MATH,86.7,A,True,SCH-001
STU-2026-0310,EXM-0156,SUB-MATH,31.0,F,False,SCH-001
STU-2026-0311,EXM-0156,SUB-MATH,94.1,A+,True,SCH-001
STU-2026-0312,EXM-0156,SUB-MATH,79.4,B,True,SCH-001
STU-2026-0313,EXM-0156,SUB-MATH,91.0,A+,True,SCH-001
STU-2026-0314,EXM-0156,SUB-MATH,77.5,B,True,SCH-001
STU-2026-0315,EXM-0156,SUB-MATH,64.4,C,True,SCH-001
STU-2026-0316,EXM-0156,SUB-MATH,39.7,F,True,SCH-001
STU-2026-0317,EXM-0156,SUB-MATH,82.0,A,True,SCH-001
STU-2026-0318,EXM-0156,SUB-MATH,93.4,A+,True,SCH-001
STU-2026-0319,EXM-0156,SUB-MATH,70.2,B,True,SCH-001
STU-2026-0320,EXM-0156,SUB-MATH,27.3,F,False,SCH-001
STU-2026-0321,EXM-0156,SUB-MATH,75.6,B,True,SCH-001
STU-2026-0322,EXM-0156,SUB-MATH,92.6,A+,True,SCH-001
STU-2026-0323,EXM-0156,SUB-MATH,68.0,C,True,SCH-001
STU-2026-0324,EXM-0156,SUB-MATH,88.3,A,True,SCH-001
STU-2026-0325,EXM-0156,SUB-MATH,74.6,B,True,SCH-001
STU-2026-0326,EXM-0156,SUB-MATH,85.8,A,True,SCH-001
STU-2026-0327,EXM-0156,SUB-MATH,80.7,A,True,SCH-001
STU-2026-0328,EXM-0156,SUB-MATH,76.3,B,True,SCH-001
STU-2026-0329,EXM-0156,SUB-MATH,80.3,A,True,SCH-001
STU-2026-0330,EXM-0156,SUB-MATH,92.8,A+,True,SCH-001
STU-2026-0265,EXM-0157,SUB-PHY,80.6,A,True,SCH-001
STU-2026-0266,EXM-0157,SUB-PHY,84.2,A,True,SCH-001
STU-2026-0267,EXM-0157,SUB-PHY,73.1,B,True,SCH-001
STU-2026-0268,EXM-0157,SUB-PHY,86.6,A,True,SCH-001
STU-2026-0269,EXM-0157,SUB-PHY,72.4,B,True,SCH-001
STU-2026-0270,EXM-0157,SUB-PHY,90.1,A+,True,SCH-001
STU-2026-0271,EXM-0157,SUB-PHY,62.4,C,True,SCH-001
STU-2026-0272,EXM-0157,SUB-PHY,64.0,C,True,SCH-001
STU-2026-0273,EXM-0157,SUB-PHY,88.5,A,True,SCH-001
STU-2026-0274,EXM-0157,SUB-PHY,63.1,C,True,SCH-001
STU-2026-0275,EXM-0157,SUB-PHY,61.4,C,True,SCH-001
STU-2026-0276,EXM-0157,SUB-PHY,69.9,C,True,SCH-001
STU-2026-0277,EXM-0157,SUB-PHY,75.2,B,True,SCH-001
STU-2026-0278,EXM-0157,SUB-PHY,83.1,A,True,SCH-001
STU-2026-0279,EXM-0157,SUB-PHY,24.2,F,False,SCH-001
STU-2026-0280,EXM-0157,SUB-PHY,87.5,A,True,SCH-001
STU-2026-0281,EXM-0157,SUB-PHY,66.3,C,True,SCH-001
STU-2026-0282,EXM-0157,SUB-PHY,75.7,B,True,SCH-001
STU-2026-0283,EXM-0157,SUB-PHY,45.0,F,True,SCH-001
STU-2026-0284,EXM-0157,SUB-PHY,82.9,A,True,SCH-001
STU-2026-0285,EXM-0157,SUB-PHY,38.5,F,True,SCH-001
STU-2026-0286,EXM-0157,SUB-PHY,70.7,B,True,SCH-001
STU-2026-0287,EXM-0157,SUB-PHY,79.9,B,True,SCH-001
STU-2026-0288,EXM-0157,SUB-PHY,17.3,F,False,SCH-001
STU-2026-0289,EXM-0157,SUB-PHY,85.1,A,True,SCH-001
STU-2026-0290,EXM-0157,SUB-PHY,73.1,B,True,SCH-001
STU-2026-0291,EXM-0157,SUB-PHY,66.1,C,True,SCH-001
STU-2026-0292,EXM-0157,SUB-PHY,37.7,F,True,SCH-001
STU-2026-0293,EXM-0157,SUB-PHY,77.7,B,True,SCH-001
STU-2026-0294,EXM-0157,SUB-PHY,78.4,B,True,SCH-001
STU-2026-0295,EXM-0157,SUB-PHY,65.8,C,True,SCH-001
STU-2026-0296,EXM-0157,SUB-PHY,96.0,A+,True,SCH-001
STU-2026-0297,EXM-0157,SUB-PHY,75.9,B,True,SCH-001
STU-2026-0298,EXM-0157,SUB-PHY,82.8,A,True,SCH-001
STU-2026-0299,EXM-0157,SUB-PHY,83.8,A,True,SCH-001
STU-2026-0300,EXM-0157,SUB-PHY,33.5,F,False,SCH-001
STU-2026-0301,EXM-0157,SUB-PHY,65.4,C,True,SCH-001
STU-2026-0302,EXM-0157,SUB-PHY,70.9,B,True,SCH-001
STU-2026-0303,EXM-0157,SUB-PHY,83.9,A,True,SCH-001
STU-2026-0304,EXM-0157,SUB-PHY,74.6,B,True,SCH-001
STU-2026-0305,EXM-0157,SUB-PHY,36.7,F,True,SCH-001
STU-2026-0306,EXM-0157,SUB-PHY,20.2,F,False,SCH-001
STU-2026-0307,EXM-0157,SUB-PHY,85.6,A,True,SCH-001
STU-2026-0308,EXM-0157,SUB-PHY,77.1,B,True,SCH-001
STU-2026-0309,EXM-0157,SUB-PHY,67.9,C,True,SCH-001
STU-2026-0310,EXM-0157,SUB-PHY,23.0,F,False,SCH-001
STU-2026-0311,EXM-0157,SUB-PHY,94.5,A+,True,SCH-001
STU-2026-0312,EXM-0157,SUB-PHY,83.1,A,True,SCH-001
STU-2026-0313,EXM-0157,SUB-PHY,86.1,A,True,SCH-001
STU-2026-0314,EXM-0157,SUB-PHY,88.5,A,True,SCH-001
STU-2026-0315,EXM-0157,SUB-PHY,81.6,A,True,SCH-001
STU-2026-0316,EXM-0157,SUB-PHY,49.0,F,True,SCH-001
STU-2026-0317,EXM-0157,SUB-PHY,83.9,A,True,SCH-001
STU-2026-0318,EXM-0157,SUB-PHY,99.0,A+,True,SCH-001
STU-2026-0319,EXM-0157,SUB-PHY,69.5,C,True,SCH-001
STU-2026-0320,EXM-0157,SUB-PHY,26.7,F,False,SCH-001
STU-2026-0321,EXM-0157,SUB-PHY,79.5,B,True,SCH-001
STU-2026-0322,EXM-0157,SUB-PHY,91.9,A+,True,SCH-001
STU-2026-0323,EXM-0157,SUB-PHY,65.2,C,True,SCH-001
STU-2026-0324,EXM-0157,SUB-PHY,80.5,A,True,SCH-001
STU-2026-0325,EXM-0157,SUB-PHY,82.3,A,True,SCH-001
STU-2026-0326,EXM-0157,SUB-PHY,79.3,B,True,SCH-001
STU-2026-0327,EXM-0157,SUB-PHY,80.0,A,True,SCH-001
STU-2026-0328,EXM-0157,SUB-PHY,68.0,C,True,SCH-001
STU-2026-0329,EXM-0157,SUB-PHY,85.2,A,True,SCH-001
STU-2026-0330,EXM-0157,SUB-PHY,74.4,B,True,SCH-001
STU-2026-0265,EXM-0158,SUB-CHEM,86.6,A,True,SCH-001
STU-2026-0266,EXM-0158,SUB-CHEM,70.0,B,True,SCH-001
STU-2026-0267,EXM-0158,SUB-CHEM,61.8,C,True,SCH-001
STU-2026-0268,EXM-0158,SUB-CHEM,73.9,B,True,SCH-001
STU-2026-0269,EXM-0158,SUB-CHEM,79.2,B,True,SCH-001
STU-2026-0270,EXM-0158,SUB-CHEM,99.0,A+,True,SCH-001
STU-2026-0271,EXM-0158,SUB-CHEM,70.8,B,True,SCH-001
STU-2026-0272,EXM-0158,SUB-CHEM,73.6,B,True,SCH-001
STU-2026-0273,EXM-0158,SUB-CHEM,78.6,B,True,SCH-001
STU-2026-0274,EXM-0158,SUB-CHEM,60.8,C,True,SCH-001
STU-2026-0275,EXM-0158,SUB-CHEM,64.5,C,True,SCH-001
STU-2026-0276,EXM-0158,SUB-CHEM,71.9,B,True,SCH-001
STU-2026-0277,EXM-0158,SUB-CHEM,72.6,B,True,SCH-001
STU-2026-0278,EXM-0158,SUB-CHEM,94.6,A+,True,SCH-001
STU-2026-0279,EXM-0158,SUB-CHEM,30.6,F,False,SCH-001
STU-2026-0280,EXM-0158,SUB-CHEM,96.8,A+,True,SCH-001
STU-2026-0281,EXM-0158,SUB-CHEM,78.3,B,True,SCH-001
STU-2026-0282,EXM-0158,SUB-CHEM,74.5,B,True,SCH-001
STU-2026-0283,EXM-0158,SUB-CHEM,57.4,D,True,SCH-001
STU-2026-0284,EXM-0158,SUB-CHEM,66.0,C,True,SCH-001
STU-2026-0285,EXM-0158,SUB-CHEM,39.8,F,True,SCH-001
STU-2026-0286,EXM-0158,SUB-CHEM,70.7,B,True,SCH-001
STU-2026-0287,EXM-0158,SUB-CHEM,79.3,B,True,SCH-001
STU-2026-0288,EXM-0158,SUB-CHEM,32.0,F,False,SCH-001
STU-2026-0289,EXM-0158,SUB-CHEM,81.3,A,True,SCH-001
STU-2026-0290,EXM-0158,SUB-CHEM,71.6,B,True,SCH-001
STU-2026-0291,EXM-0158,SUB-CHEM,68.2,C,True,SCH-001
STU-2026-0292,EXM-0158,SUB-CHEM,40.9,F,True,SCH-001
STU-2026-0293,EXM-0158,SUB-CHEM,68.7,C,True,SCH-001
STU-2026-0294,EXM-0158,SUB-CHEM,83.2,A,True,SCH-001
STU-2026-0295,EXM-0158,SUB-CHEM,78.5,B,True,SCH-001
STU-2026-0296,EXM-0158,SUB-CHEM,93.5,A+,True,SCH-001
STU-2026-0297,EXM-0158,SUB-CHEM,72.2,B,True,SCH-001
STU-2026-0298,EXM-0158,SUB-CHEM,81.6,A,True,SCH-001
STU-2026-0299,EXM-0158,SUB-CHEM,93.1,A+,True,SCH-001
STU-2026-0300,EXM-0158,SUB-CHEM,40.0,F,True,SCH-001
STU-2026-0301,EXM-0158,SUB-CHEM,76.7,B,True,SCH-001
STU-2026-0302,EXM-0158,SUB-CHEM,55.5,D,True,SCH-001
STU-2026-0303,EXM-0158,SUB-CHEM,78.4,B,True,SCH-001
STU-2026-0304,EXM-0158,SUB-CHEM,82.1,A,True,SCH-001
STU-2026-0305,EXM-0158,SUB-CHEM,48.0,F,True,SCH-001
STU-2026-0306,EXM-0158,SUB-CHEM,27.9,F,False,SCH-001
STU-2026-0307,EXM-0158,SUB-CHEM,90.5,A+,True,SCH-001
STU-2026-0308,EXM-0158,SUB-CHEM,75.7,B,True,SCH-001
STU-2026-0309,EXM-0158,SUB-CHEM,82.5,A,True,SCH-001
STU-2026-0310,EXM-0158,SUB-CHEM,32.7,F,False,SCH-001
STU-2026-0311,EXM-0158,SUB-CHEM,96.5,A+,True,SCH-001
STU-2026-0312,EXM-0158,SUB-CHEM,76.4,B,True,SCH-001
STU-2026-0313,EXM-0158,SUB-CHEM,82.2,A,True,SCH-001
STU-2026-0314,EXM-0158,SUB-CHEM,74.1,B,True,SCH-001
STU-2026-0315,EXM-0158,SUB-CHEM,66.7,C,True,SCH-001
STU-2026-0316,EXM-0158,SUB-CHEM,37.8,F,True,SCH-001
STU-2026-0317,EXM-0158,SUB-CHEM,78.5,B,True,SCH-001
STU-2026-0318,EXM-0158,SUB-CHEM,97.7,A+,True,SCH-001
STU-2026-0319,EXM-0158,SUB-CHEM,57.6,D,True,SCH-001
STU-2026-0320,EXM-0158,SUB-CHEM,24.2,F,False,SCH-001
STU-2026-0321,EXM-0158,SUB-CHEM,90.8,A+,True,SCH-001
STU-2026-0322,EXM-0158,SUB-CHEM,79.3,B,True,SCH-001
STU-2026-0323,EXM-0158,SUB-CHEM,69.3,C,True,SCH-001
STU-2026-0324,EXM-0158,SUB-CHEM,83.7,A,True,SCH-001
STU-2026-0325,EXM-0158,SUB-CHEM,67.9,C,True,SCH-001
STU-2026-0326,EXM-0158,SUB-CHEM,78.9,B,True,SCH-001
STU-2026-0327,EXM-0158,SUB-CHEM,88.4,A,True,SCH-001
STU-2026-0328,EXM-0158,SUB-CHEM,75.0,B,True,SCH-001
STU-2026-0329,EXM-0158,SUB-CHEM,90.5,A+,True,SCH-001
STU-2026-0330,EXM-0158,SUB-CHEM,77.2,B,True,SCH-001
STU-2026-0265,EXM-0159,SUB-ENG,97.6,A+,True,SCH-001
STU-2026-0266,EXM-0159,SUB-ENG,82.5,A,True,SCH-001
STU-2026-0267,EXM-0159,SUB-ENG,72.9,B,True,SCH-001
STU-2026-0268,EXM-0159,SUB-ENG,76.1,B,True,SCH-001
STU-2026-0269,EXM-0159,SUB-ENG,80.3,A,True,SCH-001
STU-2026-0270,EXM-0159,SUB-ENG,78.1,B,True,SCH-001
STU-2026-0271,EXM-0159,SUB-ENG,55.8,D,True,SCH-001
STU-2026-0272,EXM-0159,SUB-ENG,76.3,B,True,SCH-001
STU-2026-0273,EXM-0159,SUB-ENG,72.1,B,True,SCH-001
STU-2026-0274,EXM-0159,SUB-ENG,74.8,B,True,SCH-001
STU-2026-0275,EXM-0159,SUB-ENG,52.5,D,True,SCH-001
STU-2026-0276,EXM-0159,SUB-ENG,68.7,C,True,SCH-001
STU-2026-0277,EXM-0159,SUB-ENG,72.9,B,True,SCH-001
STU-2026-0278,EXM-0159,SUB-ENG,79.2,B,True,SCH-001
STU-2026-0279,EXM-0159,SUB-ENG,26.4,F,False,SCH-001
STU-2026-0280,EXM-0159,SUB-ENG,81.9,A,True,SCH-001
STU-2026-0281,EXM-0159,SUB-ENG,70.6,B,True,SCH-001
STU-2026-0282,EXM-0159,SUB-ENG,92.1,A+,True,SCH-001
STU-2026-0283,EXM-0159,SUB-ENG,56.6,D,True,SCH-001
STU-2026-0284,EXM-0159,SUB-ENG,71.1,B,True,SCH-001
STU-2026-0285,EXM-0159,SUB-ENG,38.2,F,True,SCH-001
STU-2026-0286,EXM-0159,SUB-ENG,52.5,D,True,SCH-001
STU-2026-0287,EXM-0159,SUB-ENG,78.7,B,True,SCH-001
STU-2026-0288,EXM-0159,SUB-ENG,32.7,F,False,SCH-001
STU-2026-0289,EXM-0159,SUB-ENG,83.5,A,True,SCH-001
STU-2026-0290,EXM-0159,SUB-ENG,82.6,A,True,SCH-001
STU-2026-0291,EXM-0159,SUB-ENG,67.7,C,True,SCH-001
STU-2026-0292,EXM-0159,SUB-ENG,36.6,F,True,SCH-001
STU-2026-0293,EXM-0159,SUB-ENG,70.4,B,True,SCH-001
STU-2026-0294,EXM-0159,SUB-ENG,64.5,C,True,SCH-001
STU-2026-0295,EXM-0159,SUB-ENG,80.4,A,True,SCH-001
STU-2026-0296,EXM-0159,SUB-ENG,95.2,A+,True,SCH-001
STU-2026-0297,EXM-0159,SUB-ENG,77.1,B,True,SCH-001
STU-2026-0298,EXM-0159,SUB-ENG,93.1,A+,True,SCH-001
STU-2026-0299,EXM-0159,SUB-ENG,91.2,A+,True,SCH-001
STU-2026-0300,EXM-0159,SUB-ENG,28.9,F,False,SCH-001
STU-2026-0301,EXM-0159,SUB-ENG,78.5,B,True,SCH-001
STU-2026-0302,EXM-0159,SUB-ENG,60.6,C,True,SCH-001
STU-2026-0303,EXM-0159,SUB-ENG,76.9,B,True,SCH-001
STU-2026-0304,EXM-0159,SUB-ENG,80.1,A,True,SCH-001
STU-2026-0305,EXM-0159,SUB-ENG,41.0,F,True,SCH-001
STU-2026-0306,EXM-0159,SUB-ENG,36.4,F,True,SCH-001
STU-2026-0307,EXM-0159,SUB-ENG,99.0,A+,True,SCH-001
STU-2026-0308,EXM-0159,SUB-ENG,74.4,B,True,SCH-001
STU-2026-0309,EXM-0159,SUB-ENG,83.6,A,True,SCH-001
STU-2026-0310,EXM-0159,SUB-ENG,34.2,F,False,SCH-001
STU-2026-0311,EXM-0159,SUB-ENG,99.0,A+,True,SCH-001
STU-2026-0312,EXM-0159,SUB-ENG,89.9,A,True,SCH-001
STU-2026-0313,EXM-0159,SUB-ENG,85.3,A,True,SCH-001
STU-2026-0314,EXM-0159,SUB-ENG,80.9,A,True,SCH-001
STU-2026-0315,EXM-0159,SUB-ENG,70.2,B,True,SCH-001
STU-2026-0316,EXM-0159,SUB-ENG,52.2,D,True,SCH-001
STU-2026-0317,EXM-0159,SUB-ENG,79.4,B,True,SCH-001
STU-2026-0318,EXM-0159,SUB-ENG,92.6,A+,True,SCH-001
STU-2026-0319,EXM-0159,SUB-ENG,53.9,D,True,SCH-001
STU-2026-0320,EXM-0159,SUB-ENG,25.9,F,False,SCH-001
STU-2026-0321,EXM-0159,SUB-ENG,77.4,B,True,SCH-001
STU-2026-0322,EXM-0159,SUB-ENG,80.1,A,True,SCH-001
STU-2026-0323,EXM-0159,SUB-ENG,70.2,B,True,SCH-001
STU-2026-0324,EXM-0159,SUB-ENG,84.4,A,True,SCH-001
STU-2026-0325,EXM-0159,SUB-ENG,61.0,C,True,SCH-001
STU-2026-0326,EXM-0159,SUB-ENG,69.5,C,True,SCH-001
STU-2026-0327,EXM-0159,SUB-ENG,74.2,B,True,SCH-001
STU-2026-0328,EXM-0159,SUB-ENG,77.3,B,True,SCH-001
STU-2026-0329,EXM-0159,SUB-ENG,81.4,A,True,SCH-001
STU-2026-0330,EXM-0159,SUB-ENG,82.4,A,True,SCH-001
STU-2026-0265,EXM-0160,SUB-HIST,87.3,A,True,SCH-001
STU-2026-0266,EXM-0160,SUB-HIST,78.3,B,True,SCH-001
STU-2026-0267,EXM-0160,SUB-HIST,75.2,B,True,SCH-001
STU-2026-0268,EXM-0160,SUB-HIST,73.5,B,True,SCH-001
STU-2026-0269,EXM-0160,SUB-HIST,87.1,A,True,SCH-001
STU-2026-0270,EXM-0160,SUB-HIST,95.1,A+,True,SCH-001
STU-2026-0271,EXM-0160,SUB-HIST,63.2,C,True,SCH-001
STU-2026-0272,EXM-0160,SUB-HIST,64.4,C,True,SCH-001
STU-2026-0273,EXM-0160,SUB-HIST,86.0,A,True,SCH-001
STU-2026-0274,EXM-0160,SUB-HIST,73.6,B,True,SCH-001
STU-2026-0275,EXM-0160,SUB-HIST,51.5,D,True,SCH-001
STU-2026-0276,EXM-0160,SUB-HIST,65.5,C,True,SCH-001
STU-2026-0277,EXM-0160,SUB-HIST,79.2,B,True,SCH-001
STU-2026-0278,EXM-0160,SUB-HIST,84.2,A,True,SCH-001
STU-2026-0279,EXM-0160,SUB-HIST,25.7,F,False,SCH-001
STU-2026-0280,EXM-0160,SUB-HIST,85.2,A,True,SCH-001
STU-2026-0281,EXM-0160,SUB-HIST,69.7,C,True,SCH-001
STU-2026-0282,EXM-0160,SUB-HIST,99.0,A+,True,SCH-001
STU-2026-0283,EXM-0160,SUB-HIST,68.4,C,True,SCH-001
STU-2026-0284,EXM-0160,SUB-HIST,91.1,A+,True,SCH-001
STU-2026-0285,EXM-0160,SUB-HIST,38.1,F,True,SCH-001
STU-2026-0286,EXM-0160,SUB-HIST,63.7,C,True,SCH-001
STU-2026-0287,EXM-0160,SUB-HIST,76.6,B,True,SCH-001
STU-2026-0288,EXM-0160,SUB-HIST,31.7,F,False,SCH-001
STU-2026-0289,EXM-0160,SUB-HIST,99.0,A+,True,SCH-001
STU-2026-0290,EXM-0160,SUB-HIST,79.2,B,True,SCH-001
STU-2026-0291,EXM-0160,SUB-HIST,68.9,C,True,SCH-001
STU-2026-0292,EXM-0160,SUB-HIST,29.9,F,False,SCH-001
STU-2026-0293,EXM-0160,SUB-HIST,67.5,C,True,SCH-001
STU-2026-0294,EXM-0160,SUB-HIST,70.0,B,True,SCH-001
STU-2026-0295,EXM-0160,SUB-HIST,65.0,C,True,SCH-001
STU-2026-0296,EXM-0160,SUB-HIST,89.4,A,True,SCH-001
STU-2026-0297,EXM-0160,SUB-HIST,79.7,B,True,SCH-001
STU-2026-0298,EXM-0160,SUB-HIST,81.1,A,True,SCH-001
STU-2026-0299,EXM-0160,SUB-HIST,92.0,A+,True,SCH-001
STU-2026-0300,EXM-0160,SUB-HIST,22.5,F,False,SCH-001
STU-2026-0301,EXM-0160,SUB-HIST,82.5,A,True,SCH-001
STU-2026-0302,EXM-0160,SUB-HIST,62.1,C,True,SCH-001
STU-2026-0303,EXM-0160,SUB-HIST,79.0,B,True,SCH-001
STU-2026-0304,EXM-0160,SUB-HIST,81.1,A,True,SCH-001
STU-2026-0305,EXM-0160,SUB-HIST,38.2,F,True,SCH-001
STU-2026-0306,EXM-0160,SUB-HIST,29.8,F,False,SCH-001
STU-2026-0307,EXM-0160,SUB-HIST,95.7,A+,True,SCH-001
STU-2026-0308,EXM-0160,SUB-HIST,78.0,B,True,SCH-001
STU-2026-0309,EXM-0160,SUB-HIST,85.1,A,True,SCH-001
STU-2026-0310,EXM-0160,SUB-HIST,17.7,F,False,SCH-001
STU-2026-0311,EXM-0160,SUB-HIST,88.6,A,True,SCH-001
STU-2026-0312,EXM-0160,SUB-HIST,84.6,A,True,SCH-001
STU-2026-0313,EXM-0160,SUB-HIST,79.9,B,True,SCH-001
STU-2026-0314,EXM-0160,SUB-HIST,81.2,A,True,SCH-001
STU-2026-0315,EXM-0160,SUB-HIST,62.3,C,True,SCH-001
STU-2026-0316,EXM-0160,SUB-HIST,52.4,D,True,SCH-001
STU-2026-0317,EXM-0160,SUB-HIST,75.2,B,True,SCH-001
STU-2026-0318,EXM-0160,SUB-HIST,99.0,A+,True,SCH-001
STU-2026-0319,EXM-0160,SUB-HIST,69.1,C,True,SCH-001
STU-2026-0320,EXM-0160,SUB-HIST,16.4,F,False,SCH-001
STU-2026-0321,EXM-0160,SUB-HIST,80.2,A,True,SCH-001
STU-2026-0322,EXM-0160,SUB-HIST,87.7,A,True,SCH-001
STU-2026-0323,EXM-0160,SUB-HIST,76.8,B,True,SCH-001
STU-2026-0324,EXM-0160,SUB-HIST,80.3,A,True,SCH-001
STU-2026-0325,EXM-0160,SUB-HIST,64.1,C,True,SCH-001
STU-2026-0326,EXM-0160,SUB-HIST,72.0,B,True,SCH-001
STU-2026-0327,EXM-0160,SUB-HIST,88.2,A,True,SCH-001
STU-2026-0328,EXM-0160,SUB-HIST,79.6,B,True,SCH-001
STU-2026-0329,EXM-0160,SUB-HIST,84.5,A,True,SCH-001
STU-2026-0330,EXM-0160,SUB-HIST,66.7,C,True,SCH-001
STU-2026-0331,EXM-0161,SUB-MATH,68.6,C,True,SCH-001
STU-2026-0332,EXM-0161,SUB-MATH,66.0,C,True,SCH-001
STU-2026-0333,EXM-0161,SUB-MATH,81.6,A,True,SCH-001
STU-2026-0334,EXM-0161,SUB-MATH,82.9,A,True,SCH-001
STU-2026-0335,EXM-0161,SUB-MATH,81.3,A,True,SCH-001
STU-2026-0336,EXM-0161,SUB-MATH,75.8,B,True,SCH-001
STU-2026-0337,EXM-0161,SUB-MATH,72.9,B,True,SCH-001
STU-2026-0338,EXM-0161,SUB-MATH,71.4,B,True,SCH-001
STU-2026-0339,EXM-0161,SUB-MATH,64.1,C,True,SCH-001
STU-2026-0340,EXM-0161,SUB-MATH,68.8,C,True,SCH-001
STU-2026-0341,EXM-0161,SUB-MATH,55.7,D,True,SCH-001
STU-2026-0342,EXM-0161,SUB-MATH,83.8,A,True,SCH-001
STU-2026-0343,EXM-0161,SUB-MATH,40.2,F,True,SCH-001
STU-2026-0344,EXM-0161,SUB-MATH,67.9,C,True,SCH-001
STU-2026-0345,EXM-0161,SUB-MATH,71.2,B,True,SCH-001
STU-2026-0346,EXM-0161,SUB-MATH,69.9,C,True,SCH-001
STU-2026-0347,EXM-0161,SUB-MATH,94.7,A+,True,SCH-001
STU-2026-0348,EXM-0161,SUB-MATH,70.1,B,True,SCH-001
STU-2026-0349,EXM-0161,SUB-MATH,84.1,A,True,SCH-001
STU-2026-0350,EXM-0161,SUB-MATH,89.3,A,True,SCH-001
STU-2026-0351,EXM-0161,SUB-MATH,64.8,C,True,SCH-001
STU-2026-0352,EXM-0161,SUB-MATH,67.9,C,True,SCH-001
STU-2026-0353,EXM-0161,SUB-MATH,84.1,A,True,SCH-001
STU-2026-0354,EXM-0161,SUB-MATH,77.1,B,True,SCH-001
STU-2026-0355,EXM-0161,SUB-MATH,32.4,F,False,SCH-001
STU-2026-0356,EXM-0161,SUB-MATH,84.7,A,True,SCH-001
STU-2026-0357,EXM-0161,SUB-MATH,63.4,C,True,SCH-001
STU-2026-0358,EXM-0161,SUB-MATH,85.5,A,True,SCH-001
STU-2026-0359,EXM-0161,SUB-MATH,82.0,A,True,SCH-001
STU-2026-0360,EXM-0161,SUB-MATH,90.2,A+,True,SCH-001
STU-2026-0361,EXM-0161,SUB-MATH,73.5,B,True,SCH-001
STU-2026-0362,EXM-0161,SUB-MATH,60.1,C,True,SCH-001
STU-2026-0363,EXM-0161,SUB-MATH,79.1,B,True,SCH-001
STU-2026-0364,EXM-0161,SUB-MATH,64.3,C,True,SCH-001
STU-2026-0365,EXM-0161,SUB-MATH,86.1,A,True,SCH-001
STU-2026-0366,EXM-0161,SUB-MATH,90.9,A+,True,SCH-001
STU-2026-0367,EXM-0161,SUB-MATH,65.0,C,True,SCH-001
STU-2026-0368,EXM-0161,SUB-MATH,55.2,D,True,SCH-001
STU-2026-0369,EXM-0161,SUB-MATH,89.9,A,True,SCH-001
STU-2026-0370,EXM-0161,SUB-MATH,73.3,B,True,SCH-001
STU-2026-0371,EXM-0161,SUB-MATH,62.5,C,True,SCH-001
STU-2026-0372,EXM-0161,SUB-MATH,77.7,B,True,SCH-001
STU-2026-0373,EXM-0161,SUB-MATH,62.5,C,True,SCH-001
STU-2026-0374,EXM-0161,SUB-MATH,74.3,B,True,SCH-001
STU-2026-0375,EXM-0161,SUB-MATH,75.3,B,True,SCH-001
STU-2026-0376,EXM-0161,SUB-MATH,75.9,B,True,SCH-001
STU-2026-0377,EXM-0161,SUB-MATH,43.2,F,True,SCH-001
STU-2026-0378,EXM-0161,SUB-MATH,19.5,F,False,SCH-001
STU-2026-0379,EXM-0161,SUB-MATH,73.8,B,True,SCH-001
STU-2026-0380,EXM-0161,SUB-MATH,59.0,D,True,SCH-001
STU-2026-0381,EXM-0161,SUB-MATH,92.2,A+,True,SCH-001
STU-2026-0382,EXM-0161,SUB-MATH,71.5,B,True,SCH-001
STU-2026-0383,EXM-0161,SUB-MATH,66.7,C,True,SCH-001
STU-2026-0384,EXM-0161,SUB-MATH,88.1,A,True,SCH-001
STU-2026-0385,EXM-0161,SUB-MATH,87.1,A,True,SCH-001
STU-2026-0386,EXM-0161,SUB-MATH,40.1,F,True,SCH-001
STU-2026-0387,EXM-0161,SUB-MATH,39.9,F,True,SCH-001
STU-2026-0388,EXM-0161,SUB-MATH,60.9,C,True,SCH-001
STU-2026-0389,EXM-0161,SUB-MATH,88.3,A,True,SCH-001
STU-2026-0390,EXM-0161,SUB-MATH,72.8,B,True,SCH-001
STU-2026-0391,EXM-0161,SUB-MATH,75.3,B,True,SCH-001
STU-2026-0392,EXM-0161,SUB-MATH,74.7,B,True,SCH-001
STU-2026-0393,EXM-0161,SUB-MATH,69.7,C,True,SCH-001
STU-2026-0394,EXM-0161,SUB-MATH,63.9,C,True,SCH-001
STU-2026-0395,EXM-0161,SUB-MATH,80.2,A,True,SCH-001
STU-2026-0396,EXM-0161,SUB-MATH,86.5,A,True,SCH-001
STU-2026-0331,EXM-0162,SUB-PHY,72.4,B,True,SCH-001
STU-2026-0332,EXM-0162,SUB-PHY,66.1,C,True,SCH-001
STU-2026-0333,EXM-0162,SUB-PHY,82.1,A,True,SCH-001
STU-2026-0334,EXM-0162,SUB-PHY,96.6,A+,True,SCH-001
STU-2026-0335,EXM-0162,SUB-PHY,73.7,B,True,SCH-001
STU-2026-0336,EXM-0162,SUB-PHY,85.6,A,True,SCH-001
STU-2026-0337,EXM-0162,SUB-PHY,73.8,B,True,SCH-001
STU-2026-0338,EXM-0162,SUB-PHY,76.1,B,True,SCH-001
STU-2026-0339,EXM-0162,SUB-PHY,56.5,D,True,SCH-001
STU-2026-0340,EXM-0162,SUB-PHY,84.0,A,True,SCH-001
STU-2026-0341,EXM-0162,SUB-PHY,61.5,C,True,SCH-001
STU-2026-0342,EXM-0162,SUB-PHY,84.5,A,True,SCH-001
STU-2026-0343,EXM-0162,SUB-PHY,33.5,F,False,SCH-001
STU-2026-0344,EXM-0162,SUB-PHY,60.5,C,True,SCH-001
STU-2026-0345,EXM-0162,SUB-PHY,75.8,B,True,SCH-001
STU-2026-0346,EXM-0162,SUB-PHY,74.6,B,True,SCH-001
STU-2026-0347,EXM-0162,SUB-PHY,86.1,A,True,SCH-001
STU-2026-0348,EXM-0162,SUB-PHY,79.8,B,True,SCH-001
STU-2026-0349,EXM-0162,SUB-PHY,71.9,B,True,SCH-001
STU-2026-0350,EXM-0162,SUB-PHY,82.7,A,True,SCH-001
STU-2026-0351,EXM-0162,SUB-PHY,84.4,A,True,SCH-001
STU-2026-0352,EXM-0162,SUB-PHY,84.7,A,True,SCH-001
STU-2026-0353,EXM-0162,SUB-PHY,76.7,B,True,SCH-001
STU-2026-0354,EXM-0162,SUB-PHY,85.1,A,True,SCH-001
STU-2026-0355,EXM-0162,SUB-PHY,32.2,F,False,SCH-001
STU-2026-0356,EXM-0162,SUB-PHY,90.6,A+,True,SCH-001
STU-2026-0357,EXM-0162,SUB-PHY,75.9,B,True,SCH-001
STU-2026-0358,EXM-0162,SUB-PHY,74.2,B,True,SCH-001
STU-2026-0359,EXM-0162,SUB-PHY,77.2,B,True,SCH-001
STU-2026-0360,EXM-0162,SUB-PHY,80.2,A,True,SCH-001
STU-2026-0361,EXM-0162,SUB-PHY,73.7,B,True,SCH-001
STU-2026-0362,EXM-0162,SUB-PHY,68.1,C,True,SCH-001
STU-2026-0363,EXM-0162,SUB-PHY,85.2,A,True,SCH-001
STU-2026-0364,EXM-0162,SUB-PHY,54.1,D,True,SCH-001
STU-2026-0365,EXM-0162,SUB-PHY,85.7,A,True,SCH-001
STU-2026-0366,EXM-0162,SUB-PHY,93.3,A+,True,SCH-001
STU-2026-0367,EXM-0162,SUB-PHY,84.6,A,True,SCH-001
STU-2026-0368,EXM-0162,SUB-PHY,67.2,C,True,SCH-001
STU-2026-0369,EXM-0162,SUB-PHY,81.3,A,True,SCH-001
STU-2026-0370,EXM-0162,SUB-PHY,80.4,A,True,SCH-001
STU-2026-0371,EXM-0162,SUB-PHY,59.2,D,True,SCH-001
STU-2026-0372,EXM-0162,SUB-PHY,73.6,B,True,SCH-001
STU-2026-0373,EXM-0162,SUB-PHY,85.4,A,True,SCH-001
STU-2026-0374,EXM-0162,SUB-PHY,82.2,A,True,SCH-001
STU-2026-0375,EXM-0162,SUB-PHY,75.7,B,True,SCH-001
STU-2026-0376,EXM-0162,SUB-PHY,82.2,A,True,SCH-001
STU-2026-0377,EXM-0162,SUB-PHY,53.8,D,True,SCH-001
STU-2026-0378,EXM-0162,SUB-PHY,25.0,F,False,SCH-001
STU-2026-0379,EXM-0162,SUB-PHY,80.0,A,True,SCH-001
STU-2026-0380,EXM-0162,SUB-PHY,71.8,B,True,SCH-001
STU-2026-0381,EXM-0162,SUB-PHY,86.5,A,True,SCH-001
STU-2026-0382,EXM-0162,SUB-PHY,70.2,B,True,SCH-001
STU-2026-0383,EXM-0162,SUB-PHY,63.1,C,True,SCH-001
STU-2026-0384,EXM-0162,SUB-PHY,79.8,B,True,SCH-001
STU-2026-0385,EXM-0162,SUB-PHY,87.1,A,True,SCH-001
STU-2026-0386,EXM-0162,SUB-PHY,49.8,F,True,SCH-001
STU-2026-0387,EXM-0162,SUB-PHY,46.8,F,True,SCH-001
STU-2026-0388,EXM-0162,SUB-PHY,60.9,C,True,SCH-001
STU-2026-0389,EXM-0162,SUB-PHY,81.8,A,True,SCH-001
STU-2026-0390,EXM-0162,SUB-PHY,75.7,B,True,SCH-001
STU-2026-0391,EXM-0162,SUB-PHY,68.6,C,True,SCH-001
STU-2026-0392,EXM-0162,SUB-PHY,85.7,A,True,SCH-001
STU-2026-0393,EXM-0162,SUB-PHY,79.3,B,True,SCH-001
STU-2026-0394,EXM-0162,SUB-PHY,57.5,D,True,SCH-001
STU-2026-0395,EXM-0162,SUB-PHY,89.9,A,True,SCH-001
STU-2026-0396,EXM-0162,SUB-PHY,86.6,A,True,SCH-001
STU-2026-0331,EXM-0163,SUB-CHEM,75.9,B,True,SCH-001
STU-2026-0332,EXM-0163,SUB-CHEM,92.8,A+,True,SCH-001
STU-2026-0333,EXM-0163,SUB-CHEM,75.6,B,True,SCH-001
STU-2026-0334,EXM-0163,SUB-CHEM,94.5,A+,True,SCH-001
STU-2026-0335,EXM-0163,SUB-CHEM,80.6,A,True,SCH-001
STU-2026-0336,EXM-0163,SUB-CHEM,78.0,B,True,SCH-001
STU-2026-0337,EXM-0163,SUB-CHEM,78.3,B,True,SCH-001
STU-2026-0338,EXM-0163,SUB-CHEM,78.3,B,True,SCH-001
STU-2026-0339,EXM-0163,SUB-CHEM,44.9,F,True,SCH-001
STU-2026-0340,EXM-0163,SUB-CHEM,73.9,B,True,SCH-001
STU-2026-0341,EXM-0163,SUB-CHEM,75.6,B,True,SCH-001
STU-2026-0342,EXM-0163,SUB-CHEM,82.5,A,True,SCH-001
STU-2026-0343,EXM-0163,SUB-CHEM,51.3,D,True,SCH-001
STU-2026-0344,EXM-0163,SUB-CHEM,79.2,B,True,SCH-001
STU-2026-0345,EXM-0163,SUB-CHEM,68.9,C,True,SCH-001
STU-2026-0346,EXM-0163,SUB-CHEM,81.8,A,True,SCH-001
STU-2026-0347,EXM-0163,SUB-CHEM,87.5,A,True,SCH-001
STU-2026-0348,EXM-0163,SUB-CHEM,75.3,B,True,SCH-001
STU-2026-0349,EXM-0163,SUB-CHEM,86.5,A,True,SCH-001
STU-2026-0350,EXM-0163,SUB-CHEM,80.9,A,True,SCH-001
STU-2026-0351,EXM-0163,SUB-CHEM,76.7,B,True,SCH-001
STU-2026-0352,EXM-0163,SUB-CHEM,80.8,A,True,SCH-001
STU-2026-0353,EXM-0163,SUB-CHEM,80.8,A,True,SCH-001
STU-2026-0354,EXM-0163,SUB-CHEM,93.3,A+,True,SCH-001
STU-2026-0355,EXM-0163,SUB-CHEM,45.4,F,True,SCH-001
STU-2026-0356,EXM-0163,SUB-CHEM,85.6,A,True,SCH-001
STU-2026-0357,EXM-0163,SUB-CHEM,65.7,C,True,SCH-001
STU-2026-0358,EXM-0163,SUB-CHEM,86.8,A,True,SCH-001
STU-2026-0359,EXM-0163,SUB-CHEM,74.9,B,True,SCH-001
STU-2026-0360,EXM-0163,SUB-CHEM,90.4,A+,True,SCH-001
STU-2026-0361,EXM-0163,SUB-CHEM,70.6,B,True,SCH-001
STU-2026-0362,EXM-0163,SUB-CHEM,61.3,C,True,SCH-001
STU-2026-0363,EXM-0163,SUB-CHEM,73.8,B,True,SCH-001
STU-2026-0364,EXM-0163,SUB-CHEM,67.1,C,True,SCH-001
STU-2026-0365,EXM-0163,SUB-CHEM,92.5,A+,True,SCH-001
STU-2026-0366,EXM-0163,SUB-CHEM,83.4,A,True,SCH-001
STU-2026-0367,EXM-0163,SUB-CHEM,71.9,B,True,SCH-001
STU-2026-0368,EXM-0163,SUB-CHEM,62.0,C,True,SCH-001
STU-2026-0369,EXM-0163,SUB-CHEM,88.7,A,True,SCH-001
STU-2026-0370,EXM-0163,SUB-CHEM,96.2,A+,True,SCH-001
STU-2026-0371,EXM-0163,SUB-CHEM,67.5,C,True,SCH-001
STU-2026-0372,EXM-0163,SUB-CHEM,76.7,B,True,SCH-001
STU-2026-0373,EXM-0163,SUB-CHEM,69.4,C,True,SCH-001
STU-2026-0374,EXM-0163,SUB-CHEM,72.4,B,True,SCH-001
STU-2026-0375,EXM-0163,SUB-CHEM,76.5,B,True,SCH-001
STU-2026-0376,EXM-0163,SUB-CHEM,85.3,A,True,SCH-001
STU-2026-0377,EXM-0163,SUB-CHEM,43.4,F,True,SCH-001
STU-2026-0378,EXM-0163,SUB-CHEM,30.1,F,False,SCH-001
STU-2026-0379,EXM-0163,SUB-CHEM,76.2,B,True,SCH-001
STU-2026-0380,EXM-0163,SUB-CHEM,77.7,B,True,SCH-001
STU-2026-0381,EXM-0163,SUB-CHEM,77.6,B,True,SCH-001
STU-2026-0382,EXM-0163,SUB-CHEM,64.1,C,True,SCH-001
STU-2026-0383,EXM-0163,SUB-CHEM,70.2,B,True,SCH-001
STU-2026-0384,EXM-0163,SUB-CHEM,89.5,A,True,SCH-001
STU-2026-0385,EXM-0163,SUB-CHEM,76.3,B,True,SCH-001
STU-2026-0386,EXM-0163,SUB-CHEM,38.1,F,True,SCH-001
STU-2026-0387,EXM-0163,SUB-CHEM,31.9,F,False,SCH-001
STU-2026-0388,EXM-0163,SUB-CHEM,63.7,C,True,SCH-001
STU-2026-0389,EXM-0163,SUB-CHEM,82.7,A,True,SCH-001
STU-2026-0390,EXM-0163,SUB-CHEM,68.8,C,True,SCH-001
STU-2026-0391,EXM-0163,SUB-CHEM,72.4,B,True,SCH-001
STU-2026-0392,EXM-0163,SUB-CHEM,90.6,A+,True,SCH-001
STU-2026-0393,EXM-0163,SUB-CHEM,73.9,B,True,SCH-001
STU-2026-0394,EXM-0163,SUB-CHEM,70.2,B,True,SCH-001
STU-2026-0395,EXM-0163,SUB-CHEM,71.9,B,True,SCH-001
STU-2026-0396,EXM-0163,SUB-CHEM,82.9,A,True,SCH-001
STU-2026-0331,EXM-0164,SUB-ENG,68.5,C,True,SCH-001
STU-2026-0332,EXM-0164,SUB-ENG,80.0,A,True,SCH-001
STU-2026-0333,EXM-0164,SUB-ENG,66.3,C,True,SCH-001
STU-2026-0334,EXM-0164,SUB-ENG,89.5,A,True,SCH-001
STU-2026-0335,EXM-0164,SUB-ENG,72.5,B,True,SCH-001
STU-2026-0336,EXM-0164,SUB-ENG,73.7,B,True,SCH-001
STU-2026-0337,EXM-0164,SUB-ENG,63.8,C,True,SCH-001
STU-2026-0338,EXM-0164,SUB-ENG,84.1,A,True,SCH-001
STU-2026-0339,EXM-0164,SUB-ENG,67.4,C,True,SCH-001
STU-2026-0340,EXM-0164,SUB-ENG,87.1,A,True,SCH-001
STU-2026-0341,EXM-0164,SUB-ENG,73.6,B,True,SCH-001
STU-2026-0342,EXM-0164,SUB-ENG,82.9,A,True,SCH-001
STU-2026-0343,EXM-0164,SUB-ENG,43.6,F,True,SCH-001
STU-2026-0344,EXM-0164,SUB-ENG,57.4,D,True,SCH-001
STU-2026-0345,EXM-0164,SUB-ENG,58.5,D,True,SCH-001
STU-2026-0346,EXM-0164,SUB-ENG,72.0,B,True,SCH-001
STU-2026-0347,EXM-0164,SUB-ENG,76.3,B,True,SCH-001
STU-2026-0348,EXM-0164,SUB-ENG,75.2,B,True,SCH-001
STU-2026-0349,EXM-0164,SUB-ENG,79.1,B,True,SCH-001
STU-2026-0350,EXM-0164,SUB-ENG,78.2,B,True,SCH-001
STU-2026-0351,EXM-0164,SUB-ENG,77.7,B,True,SCH-001
STU-2026-0352,EXM-0164,SUB-ENG,72.3,B,True,SCH-001
STU-2026-0353,EXM-0164,SUB-ENG,84.7,A,True,SCH-001
STU-2026-0354,EXM-0164,SUB-ENG,93.5,A+,True,SCH-001
STU-2026-0355,EXM-0164,SUB-ENG,37.4,F,True,SCH-001
STU-2026-0356,EXM-0164,SUB-ENG,80.3,A,True,SCH-001
STU-2026-0357,EXM-0164,SUB-ENG,53.2,D,True,SCH-001
STU-2026-0358,EXM-0164,SUB-ENG,83.7,A,True,SCH-001
STU-2026-0359,EXM-0164,SUB-ENG,71.1,B,True,SCH-001
STU-2026-0360,EXM-0164,SUB-ENG,91.6,A+,True,SCH-001
STU-2026-0361,EXM-0164,SUB-ENG,72.2,B,True,SCH-001
STU-2026-0362,EXM-0164,SUB-ENG,72.9,B,True,SCH-001
STU-2026-0363,EXM-0164,SUB-ENG,67.1,C,True,SCH-001
STU-2026-0364,EXM-0164,SUB-ENG,76.9,B,True,SCH-001
STU-2026-0365,EXM-0164,SUB-ENG,83.5,A,True,SCH-001
STU-2026-0366,EXM-0164,SUB-ENG,88.6,A,True,SCH-001
STU-2026-0367,EXM-0164,SUB-ENG,77.8,B,True,SCH-001
STU-2026-0368,EXM-0164,SUB-ENG,58.4,D,True,SCH-001
STU-2026-0369,EXM-0164,SUB-ENG,92.3,A+,True,SCH-001
STU-2026-0370,EXM-0164,SUB-ENG,90.6,A+,True,SCH-001
STU-2026-0371,EXM-0164,SUB-ENG,64.0,C,True,SCH-001
STU-2026-0372,EXM-0164,SUB-ENG,87.6,A,True,SCH-001
STU-2026-0373,EXM-0164,SUB-ENG,73.6,B,True,SCH-001
STU-2026-0374,EXM-0164,SUB-ENG,67.9,C,True,SCH-001
STU-2026-0375,EXM-0164,SUB-ENG,85.3,A,True,SCH-001
STU-2026-0376,EXM-0164,SUB-ENG,74.0,B,True,SCH-001
STU-2026-0377,EXM-0164,SUB-ENG,56.3,D,True,SCH-001
STU-2026-0378,EXM-0164,SUB-ENG,15.8,F,False,SCH-001
STU-2026-0379,EXM-0164,SUB-ENG,82.9,A,True,SCH-001
STU-2026-0380,EXM-0164,SUB-ENG,76.6,B,True,SCH-001
STU-2026-0381,EXM-0164,SUB-ENG,82.8,A,True,SCH-001
STU-2026-0382,EXM-0164,SUB-ENG,71.4,B,True,SCH-001
STU-2026-0383,EXM-0164,SUB-ENG,68.6,C,True,SCH-001
STU-2026-0384,EXM-0164,SUB-ENG,81.0,A,True,SCH-001
STU-2026-0385,EXM-0164,SUB-ENG,87.7,A,True,SCH-001
STU-2026-0386,EXM-0164,SUB-ENG,56.1,D,True,SCH-001
STU-2026-0387,EXM-0164,SUB-ENG,22.7,F,False,SCH-001
STU-2026-0388,EXM-0164,SUB-ENG,70.7,B,True,SCH-001
STU-2026-0389,EXM-0164,SUB-ENG,85.4,A,True,SCH-001
STU-2026-0390,EXM-0164,SUB-ENG,77.3,B,True,SCH-001
STU-2026-0391,EXM-0164,SUB-ENG,74.4,B,True,SCH-001
STU-2026-0392,EXM-0164,SUB-ENG,76.4,B,True,SCH-001
STU-2026-0393,EXM-0164,SUB-ENG,69.2,C,True,SCH-001
STU-2026-0394,EXM-0164,SUB-ENG,61.6,C,True,SCH-001
STU-2026-0395,EXM-0164,SUB-ENG,82.5,A,True,SCH-001
STU-2026-0396,EXM-0164,SUB-ENG,86.9,A,True,SCH-001
STU-2026-0331,EXM-0165,SUB-HIST,65.5,C,True,SCH-001
STU-2026-0332,EXM-0165,SUB-HIST,68.7,C,True,SCH-001
STU-2026-0333,EXM-0165,SUB-HIST,75.4,B,True,SCH-001
STU-2026-0334,EXM-0165,SUB-HIST,73.1,B,True,SCH-001
STU-2026-0335,EXM-0165,SUB-HIST,75.8,B,True,SCH-001
STU-2026-0336,EXM-0165,SUB-HIST,87.7,A,True,SCH-001
STU-2026-0337,EXM-0165,SUB-HIST,78.9,B,True,SCH-001
STU-2026-0338,EXM-0165,SUB-HIST,86.9,A,True,SCH-001
STU-2026-0339,EXM-0165,SUB-HIST,52.3,D,True,SCH-001
STU-2026-0340,EXM-0165,SUB-HIST,92.2,A+,True,SCH-001
STU-2026-0341,EXM-0165,SUB-HIST,62.9,C,True,SCH-001
STU-2026-0342,EXM-0165,SUB-HIST,80.1,A,True,SCH-001
STU-2026-0343,EXM-0165,SUB-HIST,39.6,F,True,SCH-001
STU-2026-0344,EXM-0165,SUB-HIST,56.4,D,True,SCH-001
STU-2026-0345,EXM-0165,SUB-HIST,70.2,B,True,SCH-001
STU-2026-0346,EXM-0165,SUB-HIST,72.8,B,True,SCH-001
STU-2026-0347,EXM-0165,SUB-HIST,90.9,A+,True,SCH-001
STU-2026-0348,EXM-0165,SUB-HIST,72.7,B,True,SCH-001
STU-2026-0349,EXM-0165,SUB-HIST,79.0,B,True,SCH-001
STU-2026-0350,EXM-0165,SUB-HIST,70.2,B,True,SCH-001
STU-2026-0351,EXM-0165,SUB-HIST,69.9,C,True,SCH-001
STU-2026-0352,EXM-0165,SUB-HIST,69.3,C,True,SCH-001
STU-2026-0353,EXM-0165,SUB-HIST,80.6,A,True,SCH-001
STU-2026-0354,EXM-0165,SUB-HIST,82.0,A,True,SCH-001
STU-2026-0355,EXM-0165,SUB-HIST,29.7,F,False,SCH-001
STU-2026-0356,EXM-0165,SUB-HIST,85.8,A,True,SCH-001
STU-2026-0357,EXM-0165,SUB-HIST,62.8,C,True,SCH-001
STU-2026-0358,EXM-0165,SUB-HIST,86.8,A,True,SCH-001
STU-2026-0359,EXM-0165,SUB-HIST,80.7,A,True,SCH-001
STU-2026-0360,EXM-0165,SUB-HIST,90.6,A+,True,SCH-001
STU-2026-0361,EXM-0165,SUB-HIST,69.9,C,True,SCH-001
STU-2026-0362,EXM-0165,SUB-HIST,78.7,B,True,SCH-001
STU-2026-0363,EXM-0165,SUB-HIST,76.2,B,True,SCH-001
STU-2026-0364,EXM-0165,SUB-HIST,73.9,B,True,SCH-001
STU-2026-0365,EXM-0165,SUB-HIST,84.5,A,True,SCH-001
STU-2026-0366,EXM-0165,SUB-HIST,99.0,A+,True,SCH-001
STU-2026-0367,EXM-0165,SUB-HIST,74.3,B,True,SCH-001
STU-2026-0368,EXM-0165,SUB-HIST,60.2,C,True,SCH-001
STU-2026-0369,EXM-0165,SUB-HIST,99.0,A+,True,SCH-001
STU-2026-0370,EXM-0165,SUB-HIST,83.1,A,True,SCH-001
STU-2026-0371,EXM-0165,SUB-HIST,71.7,B,True,SCH-001
STU-2026-0372,EXM-0165,SUB-HIST,75.4,B,True,SCH-001
STU-2026-0373,EXM-0165,SUB-HIST,79.0,B,True,SCH-001
STU-2026-0374,EXM-0165,SUB-HIST,71.8,B,True,SCH-001
STU-2026-0375,EXM-0165,SUB-HIST,80.0,A,True,SCH-001
STU-2026-0376,EXM-0165,SUB-HIST,68.4,C,True,SCH-001
STU-2026-0377,EXM-0165,SUB-HIST,61.8,C,True,SCH-001
STU-2026-0378,EXM-0165,SUB-HIST,34.0,F,False,SCH-001
STU-2026-0379,EXM-0165,SUB-HIST,73.9,B,True,SCH-001
STU-2026-0380,EXM-0165,SUB-HIST,72.7,B,True,SCH-001
STU-2026-0381,EXM-0165,SUB-HIST,79.7,B,True,SCH-001
STU-2026-0382,EXM-0165,SUB-HIST,78.1,B,True,SCH-001
STU-2026-0383,EXM-0165,SUB-HIST,65.4,C,True,SCH-001
STU-2026-0384,EXM-0165,SUB-HIST,83.2,A,True,SCH-001
STU-2026-0385,EXM-0165,SUB-HIST,77.3,B,True,SCH-001
STU-2026-0386,EXM-0165,SUB-HIST,37.0,F,True,SCH-001
STU-2026-0387,EXM-0165,SUB-HIST,15.9,F,False,SCH-001
STU-2026-0388,EXM-0165,SUB-HIST,67.7,C,True,SCH-001
STU-2026-0389,EXM-0165,SUB-HIST,81.3,A,True,SCH-001
STU-2026-0390,EXM-0165,SUB-HIST,64.0,C,True,SCH-001
STU-2026-0391,EXM-0165,SUB-HIST,73.5,B,True,SCH-001
STU-2026-0392,EXM-0165,SUB-HIST,79.5,B,True,SCH-001
STU-2026-0393,EXM-0165,SUB-HIST,73.7,B,True,SCH-001
STU-2026-0394,EXM-0165,SUB-HIST,61.1,C,True,SCH-001
STU-2026-0395,EXM-0165,SUB-HIST,71.3,B,True,SCH-001
STU-2026-0396,EXM-0165,SUB-HIST,76.4,B,True,SCH-001
STU-2026-0397,EXM-0166,SUB-MATH,35.4,F,True,SCH-001
STU-2026-0398,EXM-0166,SUB-MATH,80.6,A,True,SCH-001
STU-2026-0399,EXM-0166,SUB-MATH,79.0,B,True,SCH-001
STU-2026-0400,EXM-0166,SUB-MATH,80.2,A,True,SCH-001
STU-2026-0401,EXM-0166,SUB-MATH,67.5,C,True,SCH-001
STU-2026-0402,EXM-0166,SUB-MATH,75.5,B,True,SCH-001
STU-2026-0403,EXM-0166,SUB-MATH,99.0,A+,True,SCH-001
STU-2026-0404,EXM-0166,SUB-MATH,71.0,B,True,SCH-001
STU-2026-0405,EXM-0166,SUB-MATH,64.2,C,True,SCH-001
STU-2026-0406,EXM-0166,SUB-MATH,78.6,B,True,SCH-001
STU-2026-0407,EXM-0166,SUB-MATH,81.9,A,True,SCH-001
STU-2026-0408,EXM-0166,SUB-MATH,61.9,C,True,SCH-001
STU-2026-0409,EXM-0166,SUB-MATH,71.5,B,True,SCH-001
STU-2026-0410,EXM-0166,SUB-MATH,62.5,C,True,SCH-001
STU-2026-0411,EXM-0166,SUB-MATH,95.0,A+,True,SCH-001
STU-2026-0412,EXM-0166,SUB-MATH,61.8,C,True,SCH-001
STU-2026-0413,EXM-0166,SUB-MATH,79.8,B,True,SCH-001
STU-2026-0414,EXM-0166,SUB-MATH,68.8,C,True,SCH-001
STU-2026-0415,EXM-0166,SUB-MATH,78.4,B,True,SCH-001
STU-2026-0416,EXM-0166,SUB-MATH,63.1,C,True,SCH-001
STU-2026-0417,EXM-0166,SUB-MATH,71.9,B,True,SCH-001
STU-2026-0418,EXM-0166,SUB-MATH,92.7,A+,True,SCH-001
STU-2026-0419,EXM-0166,SUB-MATH,74.6,B,True,SCH-001
STU-2026-0420,EXM-0166,SUB-MATH,90.0,A+,True,SCH-001
STU-2026-0421,EXM-0166,SUB-MATH,84.5,A,True,SCH-001
STU-2026-0422,EXM-0166,SUB-MATH,86.7,A,True,SCH-001
STU-2026-0423,EXM-0166,SUB-MATH,74.1,B,True,SCH-001
STU-2026-0424,EXM-0166,SUB-MATH,78.0,B,True,SCH-001
STU-2026-0425,EXM-0166,SUB-MATH,59.2,D,True,SCH-001
STU-2026-0426,EXM-0166,SUB-MATH,96.0,A+,True,SCH-001
STU-2026-0427,EXM-0166,SUB-MATH,73.1,B,True,SCH-001
STU-2026-0428,EXM-0166,SUB-MATH,75.6,B,True,SCH-001
STU-2026-0429,EXM-0166,SUB-MATH,98.3,A+,True,SCH-001
STU-2026-0430,EXM-0166,SUB-MATH,83.1,A,True,SCH-001
STU-2026-0431,EXM-0166,SUB-MATH,59.3,D,True,SCH-001
STU-2026-0432,EXM-0166,SUB-MATH,79.1,B,True,SCH-001
STU-2026-0433,EXM-0166,SUB-MATH,79.7,B,True,SCH-001
STU-2026-0434,EXM-0166,SUB-MATH,85.8,A,True,SCH-001
STU-2026-0435,EXM-0166,SUB-MATH,63.7,C,True,SCH-001
STU-2026-0436,EXM-0166,SUB-MATH,76.8,B,True,SCH-001
STU-2026-0437,EXM-0166,SUB-MATH,92.9,A+,True,SCH-001
STU-2026-0438,EXM-0166,SUB-MATH,28.7,F,False,SCH-001
STU-2026-0439,EXM-0166,SUB-MATH,87.6,A,True,SCH-001
STU-2026-0440,EXM-0166,SUB-MATH,77.4,B,True,SCH-001
STU-2026-0441,EXM-0166,SUB-MATH,72.1,B,True,SCH-001
STU-2026-0442,EXM-0166,SUB-MATH,75.5,B,True,SCH-001
STU-2026-0443,EXM-0166,SUB-MATH,87.3,A,True,SCH-001
STU-2026-0444,EXM-0166,SUB-MATH,83.0,A,True,SCH-001
STU-2026-0445,EXM-0166,SUB-MATH,44.0,F,True,SCH-001
STU-2026-0446,EXM-0166,SUB-MATH,78.0,B,True,SCH-001
STU-2026-0447,EXM-0166,SUB-MATH,94.7,A+,True,SCH-001
STU-2026-0448,EXM-0166,SUB-MATH,59.6,D,True,SCH-001
STU-2026-0449,EXM-0166,SUB-MATH,91.8,A+,True,SCH-001
STU-2026-0450,EXM-0166,SUB-MATH,49.8,F,True,SCH-001
STU-2026-0451,EXM-0166,SUB-MATH,59.2,D,True,SCH-001
STU-2026-0452,EXM-0166,SUB-MATH,80.3,A,True,SCH-001
STU-2026-0453,EXM-0166,SUB-MATH,91.2,A+,True,SCH-001
STU-2026-0454,EXM-0166,SUB-MATH,93.1,A+,True,SCH-001
STU-2026-0455,EXM-0166,SUB-MATH,85.5,A,True,SCH-001
STU-2026-0456,EXM-0166,SUB-MATH,81.9,A,True,SCH-001
STU-2026-0457,EXM-0166,SUB-MATH,80.7,A,True,SCH-001
STU-2026-0458,EXM-0166,SUB-MATH,77.8,B,True,SCH-001
STU-2026-0459,EXM-0166,SUB-MATH,93.1,A+,True,SCH-001
STU-2026-0460,EXM-0166,SUB-MATH,27.0,F,False,SCH-001
STU-2026-0461,EXM-0166,SUB-MATH,79.4,B,True,SCH-001
STU-2026-0462,EXM-0166,SUB-MATH,57.6,D,True,SCH-001
STU-2026-0397,EXM-0167,SUB-PHY,24.1,F,False,SCH-001
STU-2026-0398,EXM-0167,SUB-PHY,78.8,B,True,SCH-001
STU-2026-0399,EXM-0167,SUB-PHY,72.3,B,True,SCH-001
STU-2026-0400,EXM-0167,SUB-PHY,67.9,C,True,SCH-001
STU-2026-0401,EXM-0167,SUB-PHY,69.4,C,True,SCH-001
STU-2026-0402,EXM-0167,SUB-PHY,89.3,A,True,SCH-001
STU-2026-0403,EXM-0167,SUB-PHY,90.5,A+,True,SCH-001
STU-2026-0404,EXM-0167,SUB-PHY,75.8,B,True,SCH-001
STU-2026-0405,EXM-0167,SUB-PHY,66.3,C,True,SCH-001
STU-2026-0406,EXM-0167,SUB-PHY,77.8,B,True,SCH-001
STU-2026-0407,EXM-0167,SUB-PHY,90.3,A+,True,SCH-001
STU-2026-0408,EXM-0167,SUB-PHY,83.3,A,True,SCH-001
STU-2026-0409,EXM-0167,SUB-PHY,71.7,B,True,SCH-001
STU-2026-0410,EXM-0167,SUB-PHY,65.0,C,True,SCH-001
STU-2026-0411,EXM-0167,SUB-PHY,93.6,A+,True,SCH-001
STU-2026-0412,EXM-0167,SUB-PHY,59.3,D,True,SCH-001
STU-2026-0413,EXM-0167,SUB-PHY,76.8,B,True,SCH-001
STU-2026-0414,EXM-0167,SUB-PHY,87.5,A,True,SCH-001
STU-2026-0415,EXM-0167,SUB-PHY,72.1,B,True,SCH-001
STU-2026-0416,EXM-0167,SUB-PHY,60.8,C,True,SCH-001
STU-2026-0417,EXM-0167,SUB-PHY,79.9,B,True,SCH-001
STU-2026-0418,EXM-0167,SUB-PHY,86.3,A,True,SCH-001
STU-2026-0419,EXM-0167,SUB-PHY,77.3,B,True,SCH-001
STU-2026-0420,EXM-0167,SUB-PHY,86.0,A,True,SCH-001
STU-2026-0421,EXM-0167,SUB-PHY,88.4,A,True,SCH-001
STU-2026-0422,EXM-0167,SUB-PHY,70.1,B,True,SCH-001
STU-2026-0423,EXM-0167,SUB-PHY,83.7,A,True,SCH-001
STU-2026-0424,EXM-0167,SUB-PHY,82.0,A,True,SCH-001
STU-2026-0425,EXM-0167,SUB-PHY,70.4,B,True,SCH-001
STU-2026-0426,EXM-0167,SUB-PHY,86.3,A,True,SCH-001
STU-2026-0427,EXM-0167,SUB-PHY,60.1,C,True,SCH-001
STU-2026-0428,EXM-0167,SUB-PHY,80.6,A,True,SCH-001
STU-2026-0429,EXM-0167,SUB-PHY,99.0,A+,True,SCH-001
STU-2026-0430,EXM-0167,SUB-PHY,75.7,B,True,SCH-001
STU-2026-0431,EXM-0167,SUB-PHY,71.1,B,True,SCH-001
STU-2026-0432,EXM-0167,SUB-PHY,81.9,A,True,SCH-001
STU-2026-0433,EXM-0167,SUB-PHY,78.8,B,True,SCH-001
STU-2026-0434,EXM-0167,SUB-PHY,83.2,A,True,SCH-001
STU-2026-0435,EXM-0167,SUB-PHY,78.3,B,True,SCH-001
STU-2026-0436,EXM-0167,SUB-PHY,70.9,B,True,SCH-001
STU-2026-0437,EXM-0167,SUB-PHY,75.6,B,True,SCH-001
STU-2026-0438,EXM-0167,SUB-PHY,39.5,F,True,SCH-001
STU-2026-0439,EXM-0167,SUB-PHY,76.8,B,True,SCH-001
STU-2026-0440,EXM-0167,SUB-PHY,75.0,B,True,SCH-001
STU-2026-0441,EXM-0167,SUB-PHY,85.2,A,True,SCH-001
STU-2026-0442,EXM-0167,SUB-PHY,67.9,C,True,SCH-001
STU-2026-0443,EXM-0167,SUB-PHY,69.6,C,True,SCH-001
STU-2026-0444,EXM-0167,SUB-PHY,85.6,A,True,SCH-001
STU-2026-0445,EXM-0167,SUB-PHY,56.3,D,True,SCH-001
STU-2026-0446,EXM-0167,SUB-PHY,78.7,B,True,SCH-001
STU-2026-0447,EXM-0167,SUB-PHY,96.0,A+,True,SCH-001
STU-2026-0448,EXM-0167,SUB-PHY,63.3,C,True,SCH-001
STU-2026-0449,EXM-0167,SUB-PHY,87.7,A,True,SCH-001
STU-2026-0450,EXM-0167,SUB-PHY,50.9,D,True,SCH-001
STU-2026-0451,EXM-0167,SUB-PHY,38.6,F,True,SCH-001
STU-2026-0452,EXM-0167,SUB-PHY,81.1,A,True,SCH-001
STU-2026-0453,EXM-0167,SUB-PHY,95.1,A+,True,SCH-001
STU-2026-0454,EXM-0167,SUB-PHY,99.0,A+,True,SCH-001
STU-2026-0455,EXM-0167,SUB-PHY,83.4,A,True,SCH-001
STU-2026-0456,EXM-0167,SUB-PHY,69.0,C,True,SCH-001
STU-2026-0457,EXM-0167,SUB-PHY,79.5,B,True,SCH-001
STU-2026-0458,EXM-0167,SUB-PHY,73.1,B,True,SCH-001
STU-2026-0459,EXM-0167,SUB-PHY,87.0,A,True,SCH-001
STU-2026-0460,EXM-0167,SUB-PHY,23.1,F,False,SCH-001
STU-2026-0461,EXM-0167,SUB-PHY,70.2,B,True,SCH-001
STU-2026-0462,EXM-0167,SUB-PHY,76.0,B,True,SCH-001
STU-2026-0397,EXM-0168,SUB-CHEM,37.2,F,True,SCH-001
STU-2026-0398,EXM-0168,SUB-CHEM,72.5,B,True,SCH-001
STU-2026-0399,EXM-0168,SUB-CHEM,81.9,A,True,SCH-001
STU-2026-0400,EXM-0168,SUB-CHEM,67.2,C,True,SCH-001
STU-2026-0401,EXM-0168,SUB-CHEM,70.8,B,True,SCH-001
STU-2026-0402,EXM-0168,SUB-CHEM,80.8,A,True,SCH-001
STU-2026-0403,EXM-0168,SUB-CHEM,96.2,A+,True,SCH-001
STU-2026-0404,EXM-0168,SUB-CHEM,76.2,B,True,SCH-001
STU-2026-0405,EXM-0168,SUB-CHEM,71.6,B,True,SCH-001
STU-2026-0406,EXM-0168,SUB-CHEM,68.7,C,True,SCH-001
STU-2026-0407,EXM-0168,SUB-CHEM,70.8,B,True,SCH-001
STU-2026-0408,EXM-0168,SUB-CHEM,88.8,A,True,SCH-001
STU-2026-0409,EXM-0168,SUB-CHEM,72.1,B,True,SCH-001
STU-2026-0410,EXM-0168,SUB-CHEM,64.4,C,True,SCH-001
STU-2026-0411,EXM-0168,SUB-CHEM,99.0,A+,True,SCH-001
STU-2026-0412,EXM-0168,SUB-CHEM,62.3,C,True,SCH-001
STU-2026-0413,EXM-0168,SUB-CHEM,82.0,A,True,SCH-001
STU-2026-0414,EXM-0168,SUB-CHEM,65.4,C,True,SCH-001
STU-2026-0415,EXM-0168,SUB-CHEM,77.1,B,True,SCH-001
STU-2026-0416,EXM-0168,SUB-CHEM,66.6,C,True,SCH-001
STU-2026-0417,EXM-0168,SUB-CHEM,84.6,A,True,SCH-001
STU-2026-0418,EXM-0168,SUB-CHEM,79.0,B,True,SCH-001
STU-2026-0419,EXM-0168,SUB-CHEM,90.7,A+,True,SCH-001
STU-2026-0420,EXM-0168,SUB-CHEM,69.2,C,True,SCH-001
STU-2026-0421,EXM-0168,SUB-CHEM,98.3,A+,True,SCH-001
STU-2026-0422,EXM-0168,SUB-CHEM,77.8,B,True,SCH-001
STU-2026-0423,EXM-0168,SUB-CHEM,91.6,A+,True,SCH-001
STU-2026-0424,EXM-0168,SUB-CHEM,76.1,B,True,SCH-001
STU-2026-0425,EXM-0168,SUB-CHEM,71.9,B,True,SCH-001
STU-2026-0426,EXM-0168,SUB-CHEM,95.3,A+,True,SCH-001
STU-2026-0427,EXM-0168,SUB-CHEM,78.2,B,True,SCH-001
STU-2026-0428,EXM-0168,SUB-CHEM,66.2,C,True,SCH-001
STU-2026-0429,EXM-0168,SUB-CHEM,93.6,A+,True,SCH-001
STU-2026-0430,EXM-0168,SUB-CHEM,58.4,D,True,SCH-001
STU-2026-0431,EXM-0168,SUB-CHEM,64.1,C,True,SCH-001
STU-2026-0432,EXM-0168,SUB-CHEM,78.5,B,True,SCH-001
STU-2026-0433,EXM-0168,SUB-CHEM,80.2,A,True,SCH-001
STU-2026-0434,EXM-0168,SUB-CHEM,99.0,A+,True,SCH-001
STU-2026-0435,EXM-0168,SUB-CHEM,83.6,A,True,SCH-001
STU-2026-0436,EXM-0168,SUB-CHEM,80.4,A,True,SCH-001
STU-2026-0437,EXM-0168,SUB-CHEM,74.1,B,True,SCH-001
STU-2026-0438,EXM-0168,SUB-CHEM,37.3,F,True,SCH-001
STU-2026-0439,EXM-0168,SUB-CHEM,74.8,B,True,SCH-001
STU-2026-0440,EXM-0168,SUB-CHEM,81.9,A,True,SCH-001
STU-2026-0441,EXM-0168,SUB-CHEM,69.9,C,True,SCH-001
STU-2026-0442,EXM-0168,SUB-CHEM,75.2,B,True,SCH-001
STU-2026-0443,EXM-0168,SUB-CHEM,86.6,A,True,SCH-001
STU-2026-0444,EXM-0168,SUB-CHEM,73.2,B,True,SCH-001
STU-2026-0445,EXM-0168,SUB-CHEM,43.9,F,True,SCH-001
STU-2026-0446,EXM-0168,SUB-CHEM,77.6,B,True,SCH-001
STU-2026-0447,EXM-0168,SUB-CHEM,94.5,A+,True,SCH-001
STU-2026-0448,EXM-0168,SUB-CHEM,75.7,B,True,SCH-001
STU-2026-0449,EXM-0168,SUB-CHEM,94.2,A+,True,SCH-001
STU-2026-0450,EXM-0168,SUB-CHEM,56.1,D,True,SCH-001
STU-2026-0451,EXM-0168,SUB-CHEM,48.4,F,True,SCH-001
STU-2026-0452,EXM-0168,SUB-CHEM,75.6,B,True,SCH-001
STU-2026-0453,EXM-0168,SUB-CHEM,99.0,A+,True,SCH-001
STU-2026-0454,EXM-0168,SUB-CHEM,96.4,A+,True,SCH-001
STU-2026-0455,EXM-0168,SUB-CHEM,90.0,A+,True,SCH-001
STU-2026-0456,EXM-0168,SUB-CHEM,72.4,B,True,SCH-001
STU-2026-0457,EXM-0168,SUB-CHEM,81.3,A,True,SCH-001
STU-2026-0458,EXM-0168,SUB-CHEM,79.6,B,True,SCH-001
STU-2026-0459,EXM-0168,SUB-CHEM,92.4,A+,True,SCH-001
STU-2026-0460,EXM-0168,SUB-CHEM,36.3,F,True,SCH-001
STU-2026-0461,EXM-0168,SUB-CHEM,70.8,B,True,SCH-001
STU-2026-0462,EXM-0168,SUB-CHEM,70.1,B,True,SCH-001
STU-2026-0397,EXM-0169,SUB-ENG,39.7,F,True,SCH-001
STU-2026-0398,EXM-0169,SUB-ENG,83.6,A,True,SCH-001
STU-2026-0399,EXM-0169,SUB-ENG,71.0,B,True,SCH-001
STU-2026-0400,EXM-0169,SUB-ENG,79.4,B,True,SCH-001
STU-2026-0401,EXM-0169,SUB-ENG,77.0,B,True,SCH-001
STU-2026-0402,EXM-0169,SUB-ENG,89.5,A,True,SCH-001
STU-2026-0403,EXM-0169,SUB-ENG,95.0,A+,True,SCH-001
STU-2026-0404,EXM-0169,SUB-ENG,86.4,A,True,SCH-001
STU-2026-0405,EXM-0169,SUB-ENG,71.2,B,True,SCH-001
STU-2026-0406,EXM-0169,SUB-ENG,71.4,B,True,SCH-001
STU-2026-0407,EXM-0169,SUB-ENG,77.6,B,True,SCH-001
STU-2026-0408,EXM-0169,SUB-ENG,69.8,C,True,SCH-001
STU-2026-0409,EXM-0169,SUB-ENG,82.4,A,True,SCH-001
STU-2026-0410,EXM-0169,SUB-ENG,74.2,B,True,SCH-001
STU-2026-0411,EXM-0169,SUB-ENG,92.5,A+,True,SCH-001
STU-2026-0412,EXM-0169,SUB-ENG,65.1,C,True,SCH-001
STU-2026-0413,EXM-0169,SUB-ENG,79.9,B,True,SCH-001
STU-2026-0414,EXM-0169,SUB-ENG,76.7,B,True,SCH-001
STU-2026-0415,EXM-0169,SUB-ENG,70.8,B,True,SCH-001
STU-2026-0416,EXM-0169,SUB-ENG,62.5,C,True,SCH-001
STU-2026-0417,EXM-0169,SUB-ENG,81.7,A,True,SCH-001
STU-2026-0418,EXM-0169,SUB-ENG,81.9,A,True,SCH-001
STU-2026-0419,EXM-0169,SUB-ENG,79.5,B,True,SCH-001
STU-2026-0420,EXM-0169,SUB-ENG,77.6,B,True,SCH-001
STU-2026-0421,EXM-0169,SUB-ENG,92.0,A+,True,SCH-001
STU-2026-0422,EXM-0169,SUB-ENG,90.2,A+,True,SCH-001
STU-2026-0423,EXM-0169,SUB-ENG,82.9,A,True,SCH-001
STU-2026-0424,EXM-0169,SUB-ENG,82.2,A,True,SCH-001
STU-2026-0425,EXM-0169,SUB-ENG,76.6,B,True,SCH-001
STU-2026-0426,EXM-0169,SUB-ENG,74.0,B,True,SCH-001
STU-2026-0427,EXM-0169,SUB-ENG,78.2,B,True,SCH-001
STU-2026-0428,EXM-0169,SUB-ENG,72.5,B,True,SCH-001
STU-2026-0429,EXM-0169,SUB-ENG,99.0,A+,True,SCH-001
STU-2026-0430,EXM-0169,SUB-ENG,67.0,C,True,SCH-001
STU-2026-0431,EXM-0169,SUB-ENG,72.4,B,True,SCH-001
STU-2026-0432,EXM-0169,SUB-ENG,86.1,A,True,SCH-001
STU-2026-0433,EXM-0169,SUB-ENG,79.5,B,True,SCH-001
STU-2026-0434,EXM-0169,SUB-ENG,86.2,A,True,SCH-001
STU-2026-0435,EXM-0169,SUB-ENG,67.5,C,True,SCH-001
STU-2026-0436,EXM-0169,SUB-ENG,82.3,A,True,SCH-001
STU-2026-0437,EXM-0169,SUB-ENG,65.7,C,True,SCH-001
STU-2026-0438,EXM-0169,SUB-ENG,40.4,F,True,SCH-001
STU-2026-0439,EXM-0169,SUB-ENG,69.7,C,True,SCH-001
STU-2026-0440,EXM-0169,SUB-ENG,81.2,A,True,SCH-001
STU-2026-0441,EXM-0169,SUB-ENG,69.0,C,True,SCH-001
STU-2026-0442,EXM-0169,SUB-ENG,88.9,A,True,SCH-001
STU-2026-0443,EXM-0169,SUB-ENG,81.1,A,True,SCH-001
STU-2026-0444,EXM-0169,SUB-ENG,84.4,A,True,SCH-001
STU-2026-0445,EXM-0169,SUB-ENG,39.7,F,True,SCH-001
STU-2026-0446,EXM-0169,SUB-ENG,82.0,A,True,SCH-001
STU-2026-0447,EXM-0169,SUB-ENG,90.7,A+,True,SCH-001
STU-2026-0448,EXM-0169,SUB-ENG,63.4,C,True,SCH-001
STU-2026-0449,EXM-0169,SUB-ENG,84.8,A,True,SCH-001
STU-2026-0450,EXM-0169,SUB-ENG,59.9,D,True,SCH-001
STU-2026-0451,EXM-0169,SUB-ENG,45.9,F,True,SCH-001
STU-2026-0452,EXM-0169,SUB-ENG,80.8,A,True,SCH-001
STU-2026-0453,EXM-0169,SUB-ENG,93.8,A+,True,SCH-001
STU-2026-0454,EXM-0169,SUB-ENG,92.0,A+,True,SCH-001
STU-2026-0455,EXM-0169,SUB-ENG,95.5,A+,True,SCH-001
STU-2026-0456,EXM-0169,SUB-ENG,64.5,C,True,SCH-001
STU-2026-0457,EXM-0169,SUB-ENG,92.2,A+,True,SCH-001
STU-2026-0458,EXM-0169,SUB-ENG,59.2,D,True,SCH-001
STU-2026-0459,EXM-0169,SUB-ENG,77.9,B,True,SCH-001
STU-2026-0460,EXM-0169,SUB-ENG,34.1,F,False,SCH-001
STU-2026-0461,EXM-0169,SUB-ENG,67.2,C,True,SCH-001
STU-2026-0462,EXM-0169,SUB-ENG,72.1,B,True,SCH-001
STU-2026-0397,EXM-0170,SUB-HIST,37.8,F,True,SCH-001
STU-2026-0398,EXM-0170,SUB-HIST,79.9,B,True,SCH-001
STU-2026-0399,EXM-0170,SUB-HIST,75.3,B,True,SCH-001
STU-2026-0400,EXM-0170,SUB-HIST,61.2,C,True,SCH-001
STU-2026-0401,EXM-0170,SUB-HIST,72.3,B,True,SCH-001
STU-2026-0402,EXM-0170,SUB-HIST,81.5,A,True,SCH-001
STU-2026-0403,EXM-0170,SUB-HIST,90.8,A+,True,SCH-001
STU-2026-0404,EXM-0170,SUB-HIST,75.8,B,True,SCH-001
STU-2026-0405,EXM-0170,SUB-HIST,58.2,D,True,SCH-001
STU-2026-0406,EXM-0170,SUB-HIST,62.7,C,True,SCH-001
STU-2026-0407,EXM-0170,SUB-HIST,70.7,B,True,SCH-001
STU-2026-0408,EXM-0170,SUB-HIST,71.2,B,True,SCH-001
STU-2026-0409,EXM-0170,SUB-HIST,70.5,B,True,SCH-001
STU-2026-0410,EXM-0170,SUB-HIST,49.0,F,True,SCH-001
STU-2026-0411,EXM-0170,SUB-HIST,85.7,A,True,SCH-001
STU-2026-0412,EXM-0170,SUB-HIST,65.3,C,True,SCH-001
STU-2026-0413,EXM-0170,SUB-HIST,78.8,B,True,SCH-001
STU-2026-0414,EXM-0170,SUB-HIST,71.2,B,True,SCH-001
STU-2026-0415,EXM-0170,SUB-HIST,72.0,B,True,SCH-001
STU-2026-0416,EXM-0170,SUB-HIST,69.9,C,True,SCH-001
STU-2026-0417,EXM-0170,SUB-HIST,80.7,A,True,SCH-001
STU-2026-0418,EXM-0170,SUB-HIST,81.8,A,True,SCH-001
STU-2026-0419,EXM-0170,SUB-HIST,81.3,A,True,SCH-001
STU-2026-0420,EXM-0170,SUB-HIST,78.3,B,True,SCH-001
STU-2026-0421,EXM-0170,SUB-HIST,91.3,A+,True,SCH-001
STU-2026-0422,EXM-0170,SUB-HIST,86.8,A,True,SCH-001
STU-2026-0423,EXM-0170,SUB-HIST,83.0,A,True,SCH-001
STU-2026-0424,EXM-0170,SUB-HIST,76.8,B,True,SCH-001
STU-2026-0425,EXM-0170,SUB-HIST,56.5,D,True,SCH-001
STU-2026-0426,EXM-0170,SUB-HIST,78.1,B,True,SCH-001
STU-2026-0427,EXM-0170,SUB-HIST,73.2,B,True,SCH-001
STU-2026-0428,EXM-0170,SUB-HIST,81.8,A,True,SCH-001
STU-2026-0429,EXM-0170,SUB-HIST,99.0,A+,True,SCH-001
STU-2026-0430,EXM-0170,SUB-HIST,88.8,A,True,SCH-001
STU-2026-0431,EXM-0170,SUB-HIST,68.7,C,True,SCH-001
STU-2026-0432,EXM-0170,SUB-HIST,78.0,B,True,SCH-001
STU-2026-0433,EXM-0170,SUB-HIST,76.7,B,True,SCH-001
STU-2026-0434,EXM-0170,SUB-HIST,73.4,B,True,SCH-001
STU-2026-0435,EXM-0170,SUB-HIST,77.7,B,True,SCH-001
STU-2026-0436,EXM-0170,SUB-HIST,83.9,A,True,SCH-001
STU-2026-0437,EXM-0170,SUB-HIST,75.4,B,True,SCH-001
STU-2026-0438,EXM-0170,SUB-HIST,27.6,F,False,SCH-001
STU-2026-0439,EXM-0170,SUB-HIST,66.6,C,True,SCH-001
STU-2026-0440,EXM-0170,SUB-HIST,79.9,B,True,SCH-001
STU-2026-0441,EXM-0170,SUB-HIST,84.6,A,True,SCH-001
STU-2026-0442,EXM-0170,SUB-HIST,82.2,A,True,SCH-001
STU-2026-0443,EXM-0170,SUB-HIST,83.4,A,True,SCH-001
STU-2026-0444,EXM-0170,SUB-HIST,83.5,A,True,SCH-001
STU-2026-0445,EXM-0170,SUB-HIST,47.3,F,True,SCH-001
STU-2026-0446,EXM-0170,SUB-HIST,80.8,A,True,SCH-001
STU-2026-0447,EXM-0170,SUB-HIST,87.6,A,True,SCH-001
STU-2026-0448,EXM-0170,SUB-HIST,70.5,B,True,SCH-001
STU-2026-0449,EXM-0170,SUB-HIST,83.4,A,True,SCH-001
STU-2026-0450,EXM-0170,SUB-HIST,49.2,F,True,SCH-001
STU-2026-0451,EXM-0170,SUB-HIST,50.5,D,True,SCH-001
STU-2026-0452,EXM-0170,SUB-HIST,77.8,B,True,SCH-001
STU-2026-0453,EXM-0170,SUB-HIST,96.8,A+,True,SCH-001
STU-2026-0454,EXM-0170,SUB-HIST,99.0,A+,True,SCH-001
STU-2026-0455,EXM-0170,SUB-HIST,91.7,A+,True,SCH-001
STU-2026-0456,EXM-0170,SUB-HIST,64.0,C,True,SCH-001
STU-2026-0457,EXM-0170,SUB-HIST,77.4,B,True,SCH-001
STU-2026-0458,EXM-0170,SUB-HIST,79.0,B,True,SCH-001
STU-2026-0459,EXM-0170,SUB-HIST,88.4,A,True,SCH-001
STU-2026-0460,EXM-0170,SUB-HIST,29.3,F,False,SCH-001
STU-2026-0461,EXM-0170,SUB-HIST,70.2,B,True,SCH-001
STU-2026-0462,EXM-0170,SUB-HIST,67.3,C,True,SCH-001
STU-2026-0463,EXM-0171,SUB-MATH,93.9,A+,True,SCH-001
STU-2026-0464,EXM-0171,SUB-MATH,55.6,D,True,SCH-001
STU-2026-0465,EXM-0171,SUB-MATH,87.8,A,True,SCH-001
STU-2026-0466,EXM-0171,SUB-MATH,85.8,A,True,SCH-001
STU-2026-0467,EXM-0171,SUB-MATH,72.6,B,True,SCH-001
STU-2026-0468,EXM-0171,SUB-MATH,69.7,C,True,SCH-001
STU-2026-0469,EXM-0171,SUB-MATH,69.9,C,True,SCH-001
STU-2026-0470,EXM-0171,SUB-MATH,56.3,D,True,SCH-001
STU-2026-0471,EXM-0171,SUB-MATH,84.1,A,True,SCH-001
STU-2026-0472,EXM-0171,SUB-MATH,36.1,F,True,SCH-001
STU-2026-0473,EXM-0171,SUB-MATH,68.1,C,True,SCH-001
STU-2026-0474,EXM-0171,SUB-MATH,80.7,A,True,SCH-001
STU-2026-0475,EXM-0171,SUB-MATH,76.8,B,True,SCH-001
STU-2026-0476,EXM-0171,SUB-MATH,69.7,C,True,SCH-001
STU-2026-0477,EXM-0171,SUB-MATH,65.9,C,True,SCH-001
STU-2026-0478,EXM-0171,SUB-MATH,49.6,F,True,SCH-001
STU-2026-0479,EXM-0171,SUB-MATH,74.9,B,True,SCH-001
STU-2026-0480,EXM-0171,SUB-MATH,60.6,C,True,SCH-001
STU-2026-0481,EXM-0171,SUB-MATH,77.6,B,True,SCH-001
STU-2026-0482,EXM-0171,SUB-MATH,57.8,D,True,SCH-001
STU-2026-0483,EXM-0171,SUB-MATH,36.8,F,True,SCH-001
STU-2026-0484,EXM-0171,SUB-MATH,87.8,A,True,SCH-001
STU-2026-0485,EXM-0171,SUB-MATH,90.6,A+,True,SCH-001
STU-2026-0486,EXM-0171,SUB-MATH,70.1,B,True,SCH-001
STU-2026-0487,EXM-0171,SUB-MATH,84.1,A,True,SCH-001
STU-2026-0488,EXM-0171,SUB-MATH,81.3,A,True,SCH-001
STU-2026-0489,EXM-0171,SUB-MATH,79.3,B,True,SCH-001
STU-2026-0490,EXM-0171,SUB-MATH,77.8,B,True,SCH-001
STU-2026-0491,EXM-0171,SUB-MATH,83.2,A,True,SCH-001
STU-2026-0492,EXM-0171,SUB-MATH,85.4,A,True,SCH-001
STU-2026-0493,EXM-0171,SUB-MATH,75.7,B,True,SCH-001
STU-2026-0494,EXM-0171,SUB-MATH,75.7,B,True,SCH-001
STU-2026-0495,EXM-0171,SUB-MATH,65.7,C,True,SCH-001
STU-2026-0496,EXM-0171,SUB-MATH,38.4,F,True,SCH-001
STU-2026-0497,EXM-0171,SUB-MATH,50.2,D,True,SCH-001
STU-2026-0498,EXM-0171,SUB-MATH,49.7,F,True,SCH-001
STU-2026-0499,EXM-0171,SUB-MATH,31.0,F,False,SCH-001
STU-2026-0500,EXM-0171,SUB-MATH,60.0,C,True,SCH-001
STU-2026-0501,EXM-0171,SUB-MATH,77.5,B,True,SCH-001
STU-2026-0502,EXM-0171,SUB-MATH,76.2,B,True,SCH-001
STU-2026-0503,EXM-0171,SUB-MATH,56.4,D,True,SCH-001
STU-2026-0504,EXM-0171,SUB-MATH,87.3,A,True,SCH-001
STU-2026-0505,EXM-0171,SUB-MATH,88.7,A,True,SCH-001
STU-2026-0506,EXM-0171,SUB-MATH,64.8,C,True,SCH-001
STU-2026-0507,EXM-0171,SUB-MATH,75.1,B,True,SCH-001
STU-2026-0508,EXM-0171,SUB-MATH,67.8,C,True,SCH-001
STU-2026-0509,EXM-0171,SUB-MATH,53.7,D,True,SCH-001
STU-2026-0510,EXM-0171,SUB-MATH,59.3,D,True,SCH-001
STU-2026-0511,EXM-0171,SUB-MATH,52.0,D,True,SCH-001
STU-2026-0512,EXM-0171,SUB-MATH,61.1,C,True,SCH-001
STU-2026-0513,EXM-0171,SUB-MATH,47.8,F,True,SCH-001
STU-2026-0514,EXM-0171,SUB-MATH,87.7,A,True,SCH-001
STU-2026-0515,EXM-0171,SUB-MATH,79.7,B,True,SCH-001
STU-2026-0516,EXM-0171,SUB-MATH,33.7,F,False,SCH-001
STU-2026-0517,EXM-0171,SUB-MATH,66.7,C,True,SCH-001
STU-2026-0518,EXM-0171,SUB-MATH,51.1,D,True,SCH-001
STU-2026-0519,EXM-0171,SUB-MATH,82.1,A,True,SCH-001
STU-2026-0520,EXM-0171,SUB-MATH,79.2,B,True,SCH-001
STU-2026-0521,EXM-0171,SUB-MATH,68.8,C,True,SCH-001
STU-2026-0522,EXM-0171,SUB-MATH,74.0,B,True,SCH-001
STU-2026-0523,EXM-0171,SUB-MATH,81.2,A,True,SCH-001
STU-2026-0524,EXM-0171,SUB-MATH,74.7,B,True,SCH-001
STU-2026-0525,EXM-0171,SUB-MATH,55.6,D,True,SCH-001
STU-2026-0526,EXM-0171,SUB-MATH,70.7,B,True,SCH-001
STU-2026-0527,EXM-0171,SUB-MATH,79.6,B,True,SCH-001
STU-2026-0528,EXM-0171,SUB-MATH,72.7,B,True,SCH-001
STU-2026-0463,EXM-0172,SUB-PHY,97.2,A+,True,SCH-001
STU-2026-0464,EXM-0172,SUB-PHY,50.8,D,True,SCH-001
STU-2026-0465,EXM-0172,SUB-PHY,73.3,B,True,SCH-001
STU-2026-0466,EXM-0172,SUB-PHY,71.6,B,True,SCH-001
STU-2026-0467,EXM-0172,SUB-PHY,67.5,C,True,SCH-001
STU-2026-0468,EXM-0172,SUB-PHY,70.7,B,True,SCH-001
STU-2026-0469,EXM-0172,SUB-PHY,76.7,B,True,SCH-001
STU-2026-0470,EXM-0172,SUB-PHY,69.7,C,True,SCH-001
STU-2026-0471,EXM-0172,SUB-PHY,72.2,B,True,SCH-001
STU-2026-0472,EXM-0172,SUB-PHY,31.0,F,False,SCH-001
STU-2026-0473,EXM-0172,SUB-PHY,80.0,A,True,SCH-001
STU-2026-0474,EXM-0172,SUB-PHY,69.1,C,True,SCH-001
STU-2026-0475,EXM-0172,SUB-PHY,81.2,A,True,SCH-001
STU-2026-0476,EXM-0172,SUB-PHY,56.8,D,True,SCH-001
STU-2026-0477,EXM-0172,SUB-PHY,68.8,C,True,SCH-001
STU-2026-0478,EXM-0172,SUB-PHY,51.0,D,True,SCH-001
STU-2026-0479,EXM-0172,SUB-PHY,70.8,B,True,SCH-001
STU-2026-0480,EXM-0172,SUB-PHY,62.0,C,True,SCH-001
STU-2026-0481,EXM-0172,SUB-PHY,80.8,A,True,SCH-001
STU-2026-0482,EXM-0172,SUB-PHY,68.5,C,True,SCH-001
STU-2026-0483,EXM-0172,SUB-PHY,18.4,F,False,SCH-001
STU-2026-0484,EXM-0172,SUB-PHY,80.5,A,True,SCH-001
STU-2026-0485,EXM-0172,SUB-PHY,94.8,A+,True,SCH-001
STU-2026-0486,EXM-0172,SUB-PHY,72.6,B,True,SCH-001
STU-2026-0487,EXM-0172,SUB-PHY,82.6,A,True,SCH-001
STU-2026-0488,EXM-0172,SUB-PHY,77.0,B,True,SCH-001
STU-2026-0489,EXM-0172,SUB-PHY,75.1,B,True,SCH-001
STU-2026-0490,EXM-0172,SUB-PHY,80.4,A,True,SCH-001
STU-2026-0491,EXM-0172,SUB-PHY,85.3,A,True,SCH-001
STU-2026-0492,EXM-0172,SUB-PHY,95.5,A+,True,SCH-001
STU-2026-0493,EXM-0172,SUB-PHY,78.7,B,True,SCH-001
STU-2026-0494,EXM-0172,SUB-PHY,83.0,A,True,SCH-001
STU-2026-0495,EXM-0172,SUB-PHY,69.1,C,True,SCH-001
STU-2026-0496,EXM-0172,SUB-PHY,33.6,F,False,SCH-001
STU-2026-0497,EXM-0172,SUB-PHY,47.7,F,True,SCH-001
STU-2026-0498,EXM-0172,SUB-PHY,63.6,C,True,SCH-001
STU-2026-0499,EXM-0172,SUB-PHY,22.5,F,False,SCH-001
STU-2026-0500,EXM-0172,SUB-PHY,51.3,D,True,SCH-001
STU-2026-0501,EXM-0172,SUB-PHY,83.6,A,True,SCH-001
STU-2026-0502,EXM-0172,SUB-PHY,86.1,A,True,SCH-001
STU-2026-0503,EXM-0172,SUB-PHY,67.8,C,True,SCH-001
STU-2026-0504,EXM-0172,SUB-PHY,82.9,A,True,SCH-001
STU-2026-0505,EXM-0172,SUB-PHY,70.7,B,True,SCH-001
STU-2026-0506,EXM-0172,SUB-PHY,76.7,B,True,SCH-001
STU-2026-0507,EXM-0172,SUB-PHY,83.9,A,True,SCH-001
STU-2026-0508,EXM-0172,SUB-PHY,88.8,A,True,SCH-001
STU-2026-0509,EXM-0172,SUB-PHY,63.9,C,True,SCH-001
STU-2026-0510,EXM-0172,SUB-PHY,64.6,C,True,SCH-001
STU-2026-0511,EXM-0172,SUB-PHY,47.4,F,True,SCH-001
STU-2026-0512,EXM-0172,SUB-PHY,64.2,C,True,SCH-001
STU-2026-0513,EXM-0172,SUB-PHY,59.8,D,True,SCH-001
STU-2026-0514,EXM-0172,SUB-PHY,70.2,B,True,SCH-001
STU-2026-0515,EXM-0172,SUB-PHY,80.4,A,True,SCH-001
STU-2026-0516,EXM-0172,SUB-PHY,21.8,F,False,SCH-001
STU-2026-0517,EXM-0172,SUB-PHY,71.1,B,True,SCH-001
STU-2026-0518,EXM-0172,SUB-PHY,46.3,F,True,SCH-001
STU-2026-0519,EXM-0172,SUB-PHY,75.2,B,True,SCH-001
STU-2026-0520,EXM-0172,SUB-PHY,89.4,A,True,SCH-001
STU-2026-0521,EXM-0172,SUB-PHY,61.6,C,True,SCH-001
STU-2026-0522,EXM-0172,SUB-PHY,77.8,B,True,SCH-001
STU-2026-0523,EXM-0172,SUB-PHY,89.0,A,True,SCH-001
STU-2026-0524,EXM-0172,SUB-PHY,76.1,B,True,SCH-001
STU-2026-0525,EXM-0172,SUB-PHY,54.0,D,True,SCH-001
STU-2026-0526,EXM-0172,SUB-PHY,75.2,B,True,SCH-001
STU-2026-0527,EXM-0172,SUB-PHY,71.9,B,True,SCH-001
STU-2026-0528,EXM-0172,SUB-PHY,82.9,A,True,SCH-001
STU-2026-0463,EXM-0173,SUB-CHEM,91.3,A+,True,SCH-001
STU-2026-0464,EXM-0173,SUB-CHEM,72.1,B,True,SCH-001
STU-2026-0465,EXM-0173,SUB-CHEM,61.0,C,True,SCH-001
STU-2026-0466,EXM-0173,SUB-CHEM,78.4,B,True,SCH-001
STU-2026-0467,EXM-0173,SUB-CHEM,84.5,A,True,SCH-001
STU-2026-0468,EXM-0173,SUB-CHEM,78.0,B,True,SCH-001
STU-2026-0469,EXM-0173,SUB-CHEM,71.1,B,True,SCH-001
STU-2026-0470,EXM-0173,SUB-CHEM,73.2,B,True,SCH-001
STU-2026-0471,EXM-0173,SUB-CHEM,85.9,A,True,SCH-001
STU-2026-0472,EXM-0173,SUB-CHEM,37.6,F,True,SCH-001
STU-2026-0473,EXM-0173,SUB-CHEM,71.0,B,True,SCH-001
STU-2026-0474,EXM-0173,SUB-CHEM,73.6,B,True,SCH-001
STU-2026-0475,EXM-0173,SUB-CHEM,88.3,A,True,SCH-001
STU-2026-0476,EXM-0173,SUB-CHEM,65.6,C,True,SCH-001
STU-2026-0477,EXM-0173,SUB-CHEM,55.9,D,True,SCH-001
STU-2026-0478,EXM-0173,SUB-CHEM,50.4,D,True,SCH-001
STU-2026-0479,EXM-0173,SUB-CHEM,66.9,C,True,SCH-001
STU-2026-0480,EXM-0173,SUB-CHEM,69.4,C,True,SCH-001
STU-2026-0481,EXM-0173,SUB-CHEM,79.3,B,True,SCH-001
STU-2026-0482,EXM-0173,SUB-CHEM,58.9,D,True,SCH-001
STU-2026-0483,EXM-0173,SUB-CHEM,19.6,F,False,SCH-001
STU-2026-0484,EXM-0173,SUB-CHEM,91.2,A+,True,SCH-001
STU-2026-0485,EXM-0173,SUB-CHEM,89.7,A,True,SCH-001
STU-2026-0486,EXM-0173,SUB-CHEM,80.1,A,True,SCH-001
STU-2026-0487,EXM-0173,SUB-CHEM,97.1,A+,True,SCH-001
STU-2026-0488,EXM-0173,SUB-CHEM,71.3,B,True,SCH-001
STU-2026-0489,EXM-0173,SUB-CHEM,70.7,B,True,SCH-001
STU-2026-0490,EXM-0173,SUB-CHEM,81.6,A,True,SCH-001
STU-2026-0491,EXM-0173,SUB-CHEM,93.0,A+,True,SCH-001
STU-2026-0492,EXM-0173,SUB-CHEM,88.6,A,True,SCH-001
STU-2026-0493,EXM-0173,SUB-CHEM,75.0,B,True,SCH-001
STU-2026-0494,EXM-0173,SUB-CHEM,71.2,B,True,SCH-001
STU-2026-0495,EXM-0173,SUB-CHEM,75.2,B,True,SCH-001
STU-2026-0496,EXM-0173,SUB-CHEM,29.1,F,False,SCH-001
STU-2026-0497,EXM-0173,SUB-CHEM,60.4,C,True,SCH-001
STU-2026-0498,EXM-0173,SUB-CHEM,60.7,C,True,SCH-001
STU-2026-0499,EXM-0173,SUB-CHEM,22.5,F,False,SCH-001
STU-2026-0500,EXM-0173,SUB-CHEM,54.5,D,True,SCH-001
STU-2026-0501,EXM-0173,SUB-CHEM,90.3,A+,True,SCH-001
STU-2026-0502,EXM-0173,SUB-CHEM,77.8,B,True,SCH-001
STU-2026-0503,EXM-0173,SUB-CHEM,73.9,B,True,SCH-001
STU-2026-0504,EXM-0173,SUB-CHEM,87.5,A,True,SCH-001
STU-2026-0505,EXM-0173,SUB-CHEM,88.9,A,True,SCH-001
STU-2026-0506,EXM-0173,SUB-CHEM,74.8,B,True,SCH-001
STU-2026-0507,EXM-0173,SUB-CHEM,76.8,B,True,SCH-001
STU-2026-0508,EXM-0173,SUB-CHEM,60.2,C,True,SCH-001
STU-2026-0509,EXM-0173,SUB-CHEM,64.9,C,True,SCH-001
STU-2026-0510,EXM-0173,SUB-CHEM,66.8,C,True,SCH-001
STU-2026-0511,EXM-0173,SUB-CHEM,55.6,D,True,SCH-001
STU-2026-0512,EXM-0173,SUB-CHEM,64.7,C,True,SCH-001
STU-2026-0513,EXM-0173,SUB-CHEM,59.7,D,True,SCH-001
STU-2026-0514,EXM-0173,SUB-CHEM,78.7,B,True,SCH-001
STU-2026-0515,EXM-0173,SUB-CHEM,73.7,B,True,SCH-001
STU-2026-0516,EXM-0173,SUB-CHEM,15.9,F,False,SCH-001
STU-2026-0517,EXM-0173,SUB-CHEM,64.1,C,True,SCH-001
STU-2026-0518,EXM-0173,SUB-CHEM,50.1,D,True,SCH-001
STU-2026-0519,EXM-0173,SUB-CHEM,74.8,B,True,SCH-001
STU-2026-0520,EXM-0173,SUB-CHEM,82.7,A,True,SCH-001
STU-2026-0521,EXM-0173,SUB-CHEM,63.7,C,True,SCH-001
STU-2026-0522,EXM-0173,SUB-CHEM,85.0,A,True,SCH-001
STU-2026-0523,EXM-0173,SUB-CHEM,80.4,A,True,SCH-001
STU-2026-0524,EXM-0173,SUB-CHEM,68.1,C,True,SCH-001
STU-2026-0525,EXM-0173,SUB-CHEM,56.4,D,True,SCH-001
STU-2026-0526,EXM-0173,SUB-CHEM,72.9,B,True,SCH-001
STU-2026-0527,EXM-0173,SUB-CHEM,71.8,B,True,SCH-001
STU-2026-0528,EXM-0173,SUB-CHEM,80.9,A,True,SCH-001
STU-2026-0463,EXM-0174,SUB-ENG,97.8,A+,True,SCH-001
STU-2026-0464,EXM-0174,SUB-ENG,69.5,C,True,SCH-001
STU-2026-0465,EXM-0174,SUB-ENG,65.9,C,True,SCH-001
STU-2026-0466,EXM-0174,SUB-ENG,71.1,B,True,SCH-001
STU-2026-0467,EXM-0174,SUB-ENG,81.9,A,True,SCH-001
STU-2026-0468,EXM-0174,SUB-ENG,81.8,A,True,SCH-001
STU-2026-0469,EXM-0174,SUB-ENG,73.5,B,True,SCH-001
STU-2026-0470,EXM-0174,SUB-ENG,71.4,B,True,SCH-001
STU-2026-0471,EXM-0174,SUB-ENG,78.8,B,True,SCH-001
STU-2026-0472,EXM-0174,SUB-ENG,30.7,F,False,SCH-001
STU-2026-0473,EXM-0174,SUB-ENG,68.5,C,True,SCH-001
STU-2026-0474,EXM-0174,SUB-ENG,75.8,B,True,SCH-001
STU-2026-0475,EXM-0174,SUB-ENG,80.4,A,True,SCH-001
STU-2026-0476,EXM-0174,SUB-ENG,62.7,C,True,SCH-001
STU-2026-0477,EXM-0174,SUB-ENG,69.1,C,True,SCH-001
STU-2026-0478,EXM-0174,SUB-ENG,64.2,C,True,SCH-001
STU-2026-0479,EXM-0174,SUB-ENG,67.0,C,True,SCH-001
STU-2026-0480,EXM-0174,SUB-ENG,54.4,D,True,SCH-001
STU-2026-0481,EXM-0174,SUB-ENG,85.9,A,True,SCH-001
STU-2026-0482,EXM-0174,SUB-ENG,63.4,C,True,SCH-001
STU-2026-0483,EXM-0174,SUB-ENG,17.4,F,False,SCH-001
STU-2026-0484,EXM-0174,SUB-ENG,99.0,A+,True,SCH-001
STU-2026-0485,EXM-0174,SUB-ENG,88.1,A,True,SCH-001
STU-2026-0486,EXM-0174,SUB-ENG,72.7,B,True,SCH-001
STU-2026-0487,EXM-0174,SUB-ENG,87.0,A,True,SCH-001
STU-2026-0488,EXM-0174,SUB-ENG,77.7,B,True,SCH-001
STU-2026-0489,EXM-0174,SUB-ENG,71.4,B,True,SCH-001
STU-2026-0490,EXM-0174,SUB-ENG,78.0,B,True,SCH-001
STU-2026-0491,EXM-0174,SUB-ENG,81.3,A,True,SCH-001
STU-2026-0492,EXM-0174,SUB-ENG,84.7,A,True,SCH-001
STU-2026-0493,EXM-0174,SUB-ENG,84.1,A,True,SCH-001
STU-2026-0494,EXM-0174,SUB-ENG,81.5,A,True,SCH-001
STU-2026-0495,EXM-0174,SUB-ENG,79.1,B,True,SCH-001
STU-2026-0496,EXM-0174,SUB-ENG,31.9,F,False,SCH-001
STU-2026-0497,EXM-0174,SUB-ENG,53.9,D,True,SCH-001
STU-2026-0498,EXM-0174,SUB-ENG,57.0,D,True,SCH-001
STU-2026-0499,EXM-0174,SUB-ENG,25.1,F,False,SCH-001
STU-2026-0500,EXM-0174,SUB-ENG,57.4,D,True,SCH-001
STU-2026-0501,EXM-0174,SUB-ENG,84.8,A,True,SCH-001
STU-2026-0502,EXM-0174,SUB-ENG,82.9,A,True,SCH-001
STU-2026-0503,EXM-0174,SUB-ENG,66.4,C,True,SCH-001
STU-2026-0504,EXM-0174,SUB-ENG,80.0,A,True,SCH-001
STU-2026-0505,EXM-0174,SUB-ENG,88.8,A,True,SCH-001
STU-2026-0506,EXM-0174,SUB-ENG,79.9,B,True,SCH-001
STU-2026-0507,EXM-0174,SUB-ENG,82.7,A,True,SCH-001
STU-2026-0508,EXM-0174,SUB-ENG,78.4,B,True,SCH-001
STU-2026-0509,EXM-0174,SUB-ENG,53.8,D,True,SCH-001
STU-2026-0510,EXM-0174,SUB-ENG,67.4,C,True,SCH-001
STU-2026-0511,EXM-0174,SUB-ENG,68.5,C,True,SCH-001
STU-2026-0512,EXM-0174,SUB-ENG,57.3,D,True,SCH-001
STU-2026-0513,EXM-0174,SUB-ENG,66.5,C,True,SCH-001
STU-2026-0514,EXM-0174,SUB-ENG,80.4,A,True,SCH-001
STU-2026-0515,EXM-0174,SUB-ENG,72.7,B,True,SCH-001
STU-2026-0516,EXM-0174,SUB-ENG,29.9,F,False,SCH-001
STU-2026-0517,EXM-0174,SUB-ENG,74.8,B,True,SCH-001
STU-2026-0518,EXM-0174,SUB-ENG,47.3,F,True,SCH-001
STU-2026-0519,EXM-0174,SUB-ENG,67.5,C,True,SCH-001
STU-2026-0520,EXM-0174,SUB-ENG,97.2,A+,True,SCH-001
STU-2026-0521,EXM-0174,SUB-ENG,77.1,B,True,SCH-001
STU-2026-0522,EXM-0174,SUB-ENG,75.6,B,True,SCH-001
STU-2026-0523,EXM-0174,SUB-ENG,97.5,A+,True,SCH-001
STU-2026-0524,EXM-0174,SUB-ENG,74.4,B,True,SCH-001
STU-2026-0525,EXM-0174,SUB-ENG,59.3,D,True,SCH-001
STU-2026-0526,EXM-0174,SUB-ENG,64.4,C,True,SCH-001
STU-2026-0527,EXM-0174,SUB-ENG,81.8,A,True,SCH-001
STU-2026-0528,EXM-0174,SUB-ENG,80.7,A,True,SCH-001
STU-2026-0463,EXM-0175,SUB-HIST,97.3,A+,True,SCH-001
STU-2026-0464,EXM-0175,SUB-HIST,64.4,C,True,SCH-001
STU-2026-0465,EXM-0175,SUB-HIST,66.8,C,True,SCH-001
STU-2026-0466,EXM-0175,SUB-HIST,69.0,C,True,SCH-001
STU-2026-0467,EXM-0175,SUB-HIST,69.4,C,True,SCH-001
STU-2026-0468,EXM-0175,SUB-HIST,75.8,B,True,SCH-001
STU-2026-0469,EXM-0175,SUB-HIST,77.7,B,True,SCH-001
STU-2026-0470,EXM-0175,SUB-HIST,64.5,C,True,SCH-001
STU-2026-0471,EXM-0175,SUB-HIST,83.4,A,True,SCH-001
STU-2026-0472,EXM-0175,SUB-HIST,32.8,F,False,SCH-001
STU-2026-0473,EXM-0175,SUB-HIST,69.5,C,True,SCH-001
STU-2026-0474,EXM-0175,SUB-HIST,70.3,B,True,SCH-001
STU-2026-0475,EXM-0175,SUB-HIST,77.8,B,True,SCH-001
STU-2026-0476,EXM-0175,SUB-HIST,68.4,C,True,SCH-001
STU-2026-0477,EXM-0175,SUB-HIST,67.2,C,True,SCH-001
STU-2026-0478,EXM-0175,SUB-HIST,48.0,F,True,SCH-001
STU-2026-0479,EXM-0175,SUB-HIST,65.5,C,True,SCH-001
STU-2026-0480,EXM-0175,SUB-HIST,72.4,B,True,SCH-001
STU-2026-0481,EXM-0175,SUB-HIST,89.3,A,True,SCH-001
STU-2026-0482,EXM-0175,SUB-HIST,72.7,B,True,SCH-001
STU-2026-0483,EXM-0175,SUB-HIST,27.0,F,False,SCH-001
STU-2026-0484,EXM-0175,SUB-HIST,83.4,A,True,SCH-001
STU-2026-0485,EXM-0175,SUB-HIST,88.2,A,True,SCH-001
STU-2026-0486,EXM-0175,SUB-HIST,69.0,C,True,SCH-001
STU-2026-0487,EXM-0175,SUB-HIST,86.0,A,True,SCH-001
STU-2026-0488,EXM-0175,SUB-HIST,78.3,B,True,SCH-001
STU-2026-0489,EXM-0175,SUB-HIST,78.2,B,True,SCH-001
STU-2026-0490,EXM-0175,SUB-HIST,72.3,B,True,SCH-001
STU-2026-0491,EXM-0175,SUB-HIST,91.1,A+,True,SCH-001
STU-2026-0492,EXM-0175,SUB-HIST,83.6,A,True,SCH-001
STU-2026-0493,EXM-0175,SUB-HIST,78.4,B,True,SCH-001
STU-2026-0494,EXM-0175,SUB-HIST,64.2,C,True,SCH-001
STU-2026-0495,EXM-0175,SUB-HIST,82.1,A,True,SCH-001
STU-2026-0496,EXM-0175,SUB-HIST,33.1,F,False,SCH-001
STU-2026-0497,EXM-0175,SUB-HIST,57.5,D,True,SCH-001
STU-2026-0498,EXM-0175,SUB-HIST,52.1,D,True,SCH-001
STU-2026-0499,EXM-0175,SUB-HIST,31.8,F,False,SCH-001
STU-2026-0500,EXM-0175,SUB-HIST,51.2,D,True,SCH-001
STU-2026-0501,EXM-0175,SUB-HIST,73.7,B,True,SCH-001
STU-2026-0502,EXM-0175,SUB-HIST,76.2,B,True,SCH-001
STU-2026-0503,EXM-0175,SUB-HIST,70.1,B,True,SCH-001
STU-2026-0504,EXM-0175,SUB-HIST,67.9,C,True,SCH-001
STU-2026-0505,EXM-0175,SUB-HIST,85.6,A,True,SCH-001
STU-2026-0506,EXM-0175,SUB-HIST,77.9,B,True,SCH-001
STU-2026-0507,EXM-0175,SUB-HIST,66.8,C,True,SCH-001
STU-2026-0508,EXM-0175,SUB-HIST,78.8,B,True,SCH-001
STU-2026-0509,EXM-0175,SUB-HIST,61.1,C,True,SCH-001
STU-2026-0510,EXM-0175,SUB-HIST,71.0,B,True,SCH-001
STU-2026-0511,EXM-0175,SUB-HIST,43.6,F,True,SCH-001
STU-2026-0512,EXM-0175,SUB-HIST,64.6,C,True,SCH-001
STU-2026-0513,EXM-0175,SUB-HIST,60.7,C,True,SCH-001
STU-2026-0514,EXM-0175,SUB-HIST,81.0,A,True,SCH-001
STU-2026-0515,EXM-0175,SUB-HIST,75.0,B,True,SCH-001
STU-2026-0516,EXM-0175,SUB-HIST,22.2,F,False,SCH-001
STU-2026-0517,EXM-0175,SUB-HIST,70.3,B,True,SCH-001
STU-2026-0518,EXM-0175,SUB-HIST,42.7,F,True,SCH-001
STU-2026-0519,EXM-0175,SUB-HIST,83.5,A,True,SCH-001
STU-2026-0520,EXM-0175,SUB-HIST,94.3,A+,True,SCH-001
STU-2026-0521,EXM-0175,SUB-HIST,66.7,C,True,SCH-001
STU-2026-0522,EXM-0175,SUB-HIST,68.8,C,True,SCH-001
STU-2026-0523,EXM-0175,SUB-HIST,78.0,B,True,SCH-001
STU-2026-0524,EXM-0175,SUB-HIST,82.2,A,True,SCH-001
STU-2026-0525,EXM-0175,SUB-HIST,58.7,D,True,SCH-001
STU-2026-0526,EXM-0175,SUB-HIST,66.1,C,True,SCH-001
STU-2026-0527,EXM-0175,SUB-HIST,55.8,D,True,SCH-001
STU-2026-0528,EXM-0175,SUB-HIST,78.6,B,True,SCH-001
STU-2026-0529,EXM-0176,SUB-MATH,79.7,B,True,SCH-001
STU-2026-0530,EXM-0176,SUB-MATH,68.9,C,True,SCH-001
STU-2026-0531,EXM-0176,SUB-MATH,80.7,A,True,SCH-001
STU-2026-0532,EXM-0176,SUB-MATH,94.6,A+,True,SCH-001
STU-2026-0533,EXM-0176,SUB-MATH,80.6,A,True,SCH-001
STU-2026-0534,EXM-0176,SUB-MATH,65.8,C,True,SCH-001
STU-2026-0535,EXM-0176,SUB-MATH,99.0,A+,True,SCH-001
STU-2026-0536,EXM-0176,SUB-MATH,88.1,A,True,SCH-001
STU-2026-0537,EXM-0176,SUB-MATH,99.0,A+,True,SCH-001
STU-2026-0538,EXM-0176,SUB-MATH,61.8,C,True,SCH-001
STU-2026-0539,EXM-0176,SUB-MATH,22.5,F,False,SCH-001
STU-2026-0540,EXM-0176,SUB-MATH,69.6,C,True,SCH-001
STU-2026-0541,EXM-0176,SUB-MATH,62.2,C,True,SCH-001
STU-2026-0542,EXM-0176,SUB-MATH,82.3,A,True,SCH-001
STU-2026-0543,EXM-0176,SUB-MATH,70.8,B,True,SCH-001
STU-2026-0544,EXM-0176,SUB-MATH,76.3,B,True,SCH-001
STU-2026-0545,EXM-0176,SUB-MATH,87.3,A,True,SCH-001
STU-2026-0546,EXM-0176,SUB-MATH,84.0,A,True,SCH-001
STU-2026-0547,EXM-0176,SUB-MATH,76.1,B,True,SCH-001
STU-2026-0548,EXM-0176,SUB-MATH,90.2,A+,True,SCH-001
STU-2026-0549,EXM-0176,SUB-MATH,70.5,B,True,SCH-001
STU-2026-0550,EXM-0176,SUB-MATH,82.3,A,True,SCH-001
STU-2026-0551,EXM-0176,SUB-MATH,49.0,F,True,SCH-001
STU-2026-0552,EXM-0176,SUB-MATH,45.2,F,True,SCH-001
STU-2026-0553,EXM-0176,SUB-MATH,88.9,A,True,SCH-001
STU-2026-0554,EXM-0176,SUB-MATH,82.8,A,True,SCH-001
STU-2026-0555,EXM-0176,SUB-MATH,64.6,C,True,SCH-001
STU-2026-0556,EXM-0176,SUB-MATH,69.9,C,True,SCH-001
STU-2026-0557,EXM-0176,SUB-MATH,74.6,B,True,SCH-001
STU-2026-0558,EXM-0176,SUB-MATH,71.9,B,True,SCH-001
STU-2026-0559,EXM-0176,SUB-MATH,83.8,A,True,SCH-001
STU-2026-0560,EXM-0176,SUB-MATH,88.6,A,True,SCH-001
STU-2026-0561,EXM-0176,SUB-MATH,91.5,A+,True,SCH-001
STU-2026-0562,EXM-0176,SUB-MATH,66.7,C,True,SCH-001
STU-2026-0563,EXM-0176,SUB-MATH,60.6,C,True,SCH-001
STU-2026-0564,EXM-0176,SUB-MATH,73.5,B,True,SCH-001
STU-2026-0565,EXM-0176,SUB-MATH,93.0,A+,True,SCH-001
STU-2026-0566,EXM-0176,SUB-MATH,77.6,B,True,SCH-001
STU-2026-0567,EXM-0176,SUB-MATH,61.3,C,True,SCH-001
STU-2026-0568,EXM-0176,SUB-MATH,72.1,B,True,SCH-001
STU-2026-0569,EXM-0176,SUB-MATH,69.2,C,True,SCH-001
STU-2026-0570,EXM-0176,SUB-MATH,74.0,B,True,SCH-001
STU-2026-0571,EXM-0176,SUB-MATH,90.9,A+,True,SCH-001
STU-2026-0572,EXM-0176,SUB-MATH,79.6,B,True,SCH-001
STU-2026-0573,EXM-0176,SUB-MATH,78.2,B,True,SCH-001
STU-2026-0574,EXM-0176,SUB-MATH,51.7,D,True,SCH-001
STU-2026-0575,EXM-0176,SUB-MATH,94.1,A+,True,SCH-001
STU-2026-0576,EXM-0176,SUB-MATH,56.9,D,True,SCH-001
STU-2026-0577,EXM-0176,SUB-MATH,82.8,A,True,SCH-001
STU-2026-0578,EXM-0176,SUB-MATH,75.1,B,True,SCH-001
STU-2026-0579,EXM-0176,SUB-MATH,88.5,A,True,SCH-001
STU-2026-0580,EXM-0176,SUB-MATH,97.3,A+,True,SCH-001
STU-2026-0581,EXM-0176,SUB-MATH,71.2,B,True,SCH-001
STU-2026-0582,EXM-0176,SUB-MATH,40.2,F,True,SCH-001
STU-2026-0583,EXM-0176,SUB-MATH,79.3,B,True,SCH-001
STU-2026-0584,EXM-0176,SUB-MATH,69.7,C,True,SCH-001
STU-2026-0585,EXM-0176,SUB-MATH,76.2,B,True,SCH-001
STU-2026-0586,EXM-0176,SUB-MATH,65.4,C,True,SCH-001
STU-2026-0587,EXM-0176,SUB-MATH,83.8,A,True,SCH-001
STU-2026-0588,EXM-0176,SUB-MATH,15.0,F,False,SCH-001
STU-2026-0589,EXM-0176,SUB-MATH,91.9,A+,True,SCH-001
STU-2026-0590,EXM-0176,SUB-MATH,47.3,F,True,SCH-001
STU-2026-0591,EXM-0176,SUB-MATH,72.6,B,True,SCH-001
STU-2026-0592,EXM-0176,SUB-MATH,60.0,C,True,SCH-001
STU-2026-0593,EXM-0176,SUB-MATH,75.9,B,True,SCH-001
STU-2026-0594,EXM-0176,SUB-MATH,69.2,C,True,SCH-001
STU-2026-0595,EXM-0176,SUB-MATH,65.1,C,True,SCH-001
STU-2026-0596,EXM-0176,SUB-MATH,90.6,A+,True,SCH-001
STU-2026-0597,EXM-0176,SUB-MATH,80.3,A,True,SCH-001
STU-2026-0598,EXM-0176,SUB-MATH,93.1,A+,True,SCH-001
STU-2026-0599,EXM-0176,SUB-MATH,34.6,F,False,SCH-001
STU-2026-0600,EXM-0176,SUB-MATH,55.5,D,True,SCH-001
STU-2026-0529,EXM-0177,SUB-PHY,69.9,C,True,SCH-001
STU-2026-0530,EXM-0177,SUB-PHY,71.1,B,True,SCH-001
STU-2026-0531,EXM-0177,SUB-PHY,87.3,A,True,SCH-001
STU-2026-0532,EXM-0177,SUB-PHY,94.4,A+,True,SCH-001
STU-2026-0533,EXM-0177,SUB-PHY,78.5,B,True,SCH-001
STU-2026-0534,EXM-0177,SUB-PHY,54.3,D,True,SCH-001
STU-2026-0535,EXM-0177,SUB-PHY,99.0,A+,True,SCH-001
STU-2026-0536,EXM-0177,SUB-PHY,97.8,A+,True,SCH-001
STU-2026-0537,EXM-0177,SUB-PHY,98.2,A+,True,SCH-001
STU-2026-0538,EXM-0177,SUB-PHY,82.0,A,True,SCH-001
STU-2026-0539,EXM-0177,SUB-PHY,37.2,F,True,SCH-001
STU-2026-0540,EXM-0177,SUB-PHY,49.5,F,True,SCH-001
STU-2026-0541,EXM-0177,SUB-PHY,69.9,C,True,SCH-001
STU-2026-0542,EXM-0177,SUB-PHY,83.9,A,True,SCH-001
STU-2026-0543,EXM-0177,SUB-PHY,63.0,C,True,SCH-001
STU-2026-0544,EXM-0177,SUB-PHY,82.2,A,True,SCH-001
STU-2026-0545,EXM-0177,SUB-PHY,76.6,B,True,SCH-001
STU-2026-0546,EXM-0177,SUB-PHY,86.3,A,True,SCH-001
STU-2026-0547,EXM-0177,SUB-PHY,80.0,A,True,SCH-001
STU-2026-0548,EXM-0177,SUB-PHY,89.9,A,True,SCH-001
STU-2026-0549,EXM-0177,SUB-PHY,63.4,C,True,SCH-001
STU-2026-0550,EXM-0177,SUB-PHY,72.1,B,True,SCH-001
STU-2026-0551,EXM-0177,SUB-PHY,51.7,D,True,SCH-001
STU-2026-0552,EXM-0177,SUB-PHY,41.9,F,True,SCH-001
STU-2026-0553,EXM-0177,SUB-PHY,63.1,C,True,SCH-001
STU-2026-0554,EXM-0177,SUB-PHY,83.6,A,True,SCH-001
STU-2026-0555,EXM-0177,SUB-PHY,65.2,C,True,SCH-001
STU-2026-0556,EXM-0177,SUB-PHY,67.4,C,True,SCH-001
STU-2026-0557,EXM-0177,SUB-PHY,75.1,B,True,SCH-001
STU-2026-0558,EXM-0177,SUB-PHY,82.4,A,True,SCH-001
STU-2026-0559,EXM-0177,SUB-PHY,87.7,A,True,SCH-001
STU-2026-0560,EXM-0177,SUB-PHY,98.2,A+,True,SCH-001
STU-2026-0561,EXM-0177,SUB-PHY,86.1,A,True,SCH-001
STU-2026-0562,EXM-0177,SUB-PHY,78.9,B,True,SCH-001
STU-2026-0563,EXM-0177,SUB-PHY,62.6,C,True,SCH-001
STU-2026-0564,EXM-0177,SUB-PHY,81.4,A,True,SCH-001
STU-2026-0565,EXM-0177,SUB-PHY,95.5,A+,True,SCH-001
STU-2026-0566,EXM-0177,SUB-PHY,79.5,B,True,SCH-001
STU-2026-0567,EXM-0177,SUB-PHY,55.2,D,True,SCH-001
STU-2026-0568,EXM-0177,SUB-PHY,70.4,B,True,SCH-001
STU-2026-0569,EXM-0177,SUB-PHY,75.9,B,True,SCH-001
STU-2026-0570,EXM-0177,SUB-PHY,86.1,A,True,SCH-001
STU-2026-0571,EXM-0177,SUB-PHY,87.3,A,True,SCH-001
STU-2026-0572,EXM-0177,SUB-PHY,67.7,C,True,SCH-001
STU-2026-0573,EXM-0177,SUB-PHY,60.3,C,True,SCH-001
STU-2026-0574,EXM-0177,SUB-PHY,59.2,D,True,SCH-001
STU-2026-0575,EXM-0177,SUB-PHY,95.6,A+,True,SCH-001
STU-2026-0576,EXM-0177,SUB-PHY,56.1,D,True,SCH-001
STU-2026-0577,EXM-0177,SUB-PHY,79.2,B,True,SCH-001
STU-2026-0578,EXM-0177,SUB-PHY,83.9,A,True,SCH-001
STU-2026-0579,EXM-0177,SUB-PHY,81.9,A,True,SCH-001
STU-2026-0580,EXM-0177,SUB-PHY,93.4,A+,True,SCH-001
STU-2026-0581,EXM-0177,SUB-PHY,61.0,C,True,SCH-001
STU-2026-0582,EXM-0177,SUB-PHY,33.7,F,False,SCH-001
STU-2026-0583,EXM-0177,SUB-PHY,76.5,B,True,SCH-001
STU-2026-0584,EXM-0177,SUB-PHY,66.1,C,True,SCH-001
STU-2026-0585,EXM-0177,SUB-PHY,82.3,A,True,SCH-001
STU-2026-0586,EXM-0177,SUB-PHY,64.4,C,True,SCH-001
STU-2026-0587,EXM-0177,SUB-PHY,97.1,A+,True,SCH-001
STU-2026-0588,EXM-0177,SUB-PHY,15.0,F,False,SCH-001
STU-2026-0589,EXM-0177,SUB-PHY,89.4,A,True,SCH-001
STU-2026-0590,EXM-0177,SUB-PHY,40.0,F,True,SCH-001
STU-2026-0591,EXM-0177,SUB-PHY,92.0,A+,True,SCH-001
STU-2026-0592,EXM-0177,SUB-PHY,65.6,C,True,SCH-001
STU-2026-0593,EXM-0177,SUB-PHY,89.3,A,True,SCH-001
STU-2026-0594,EXM-0177,SUB-PHY,73.2,B,True,SCH-001
STU-2026-0595,EXM-0177,SUB-PHY,70.1,B,True,SCH-001
STU-2026-0596,EXM-0177,SUB-PHY,87.7,A,True,SCH-001
STU-2026-0597,EXM-0177,SUB-PHY,80.1,A,True,SCH-001
STU-2026-0598,EXM-0177,SUB-PHY,94.7,A+,True,SCH-001
STU-2026-0599,EXM-0177,SUB-PHY,32.8,F,False,SCH-001
STU-2026-0600,EXM-0177,SUB-PHY,52.4,D,True,SCH-001
STU-2026-0529,EXM-0178,SUB-CHEM,76.3,B,True,SCH-001
STU-2026-0530,EXM-0178,SUB-CHEM,78.0,B,True,SCH-001
STU-2026-0531,EXM-0178,SUB-CHEM,78.2,B,True,SCH-001
STU-2026-0532,EXM-0178,SUB-CHEM,83.7,A,True,SCH-001
STU-2026-0533,EXM-0178,SUB-CHEM,85.5,A,True,SCH-001
STU-2026-0534,EXM-0178,SUB-CHEM,67.3,C,True,SCH-001
STU-2026-0535,EXM-0178,SUB-CHEM,99.0,A+,True,SCH-001
STU-2026-0536,EXM-0178,SUB-CHEM,90.4,A+,True,SCH-001
STU-2026-0537,EXM-0178,SUB-CHEM,99.0,A+,True,SCH-001
STU-2026-0538,EXM-0178,SUB-CHEM,71.0,B,True,SCH-001
STU-2026-0539,EXM-0178,SUB-CHEM,27.9,F,False,SCH-001
STU-2026-0540,EXM-0178,SUB-CHEM,66.2,C,True,SCH-001
STU-2026-0541,EXM-0178,SUB-CHEM,71.2,B,True,SCH-001
STU-2026-0542,EXM-0178,SUB-CHEM,96.8,A+,True,SCH-001
STU-2026-0543,EXM-0178,SUB-CHEM,60.6,C,True,SCH-001
STU-2026-0544,EXM-0178,SUB-CHEM,86.1,A,True,SCH-001
STU-2026-0545,EXM-0178,SUB-CHEM,73.0,B,True,SCH-001
STU-2026-0546,EXM-0178,SUB-CHEM,87.0,A,True,SCH-001
STU-2026-0547,EXM-0178,SUB-CHEM,83.9,A,True,SCH-001
STU-2026-0548,EXM-0178,SUB-CHEM,99.0,A+,True,SCH-001
STU-2026-0549,EXM-0178,SUB-CHEM,61.6,C,True,SCH-001
STU-2026-0550,EXM-0178,SUB-CHEM,75.3,B,True,SCH-001
STU-2026-0551,EXM-0178,SUB-CHEM,39.1,F,True,SCH-001
STU-2026-0552,EXM-0178,SUB-CHEM,37.6,F,True,SCH-001
STU-2026-0553,EXM-0178,SUB-CHEM,81.4,A,True,SCH-001
STU-2026-0554,EXM-0178,SUB-CHEM,92.6,A+,True,SCH-001
STU-2026-0555,EXM-0178,SUB-CHEM,63.8,C,True,SCH-001
STU-2026-0556,EXM-0178,SUB-CHEM,67.1,C,True,SCH-001
STU-2026-0557,EXM-0178,SUB-CHEM,80.3,A,True,SCH-001
STU-2026-0558,EXM-0178,SUB-CHEM,79.0,B,True,SCH-001
STU-2026-0559,EXM-0178,SUB-CHEM,72.7,B,True,SCH-001
STU-2026-0560,EXM-0178,SUB-CHEM,93.3,A+,True,SCH-001
STU-2026-0561,EXM-0178,SUB-CHEM,86.0,A,True,SCH-001
STU-2026-0562,EXM-0178,SUB-CHEM,74.0,B,True,SCH-001
STU-2026-0563,EXM-0178,SUB-CHEM,73.9,B,True,SCH-001
STU-2026-0564,EXM-0178,SUB-CHEM,84.5,A,True,SCH-001
STU-2026-0565,EXM-0178,SUB-CHEM,81.9,A,True,SCH-001
STU-2026-0566,EXM-0178,SUB-CHEM,61.2,C,True,SCH-001
STU-2026-0567,EXM-0178,SUB-CHEM,56.6,D,True,SCH-001
STU-2026-0568,EXM-0178,SUB-CHEM,73.2,B,True,SCH-001
STU-2026-0569,EXM-0178,SUB-CHEM,85.9,A,True,SCH-001
STU-2026-0570,EXM-0178,SUB-CHEM,83.4,A,True,SCH-001
STU-2026-0571,EXM-0178,SUB-CHEM,99.0,A+,True,SCH-001
STU-2026-0572,EXM-0178,SUB-CHEM,80.8,A,True,SCH-001
STU-2026-0573,EXM-0178,SUB-CHEM,71.2,B,True,SCH-001
STU-2026-0574,EXM-0178,SUB-CHEM,54.6,D,True,SCH-001
STU-2026-0575,EXM-0178,SUB-CHEM,86.8,A,True,SCH-001
STU-2026-0576,EXM-0178,SUB-CHEM,70.1,B,True,SCH-001
STU-2026-0577,EXM-0178,SUB-CHEM,88.7,A,True,SCH-001
STU-2026-0578,EXM-0178,SUB-CHEM,84.9,A,True,SCH-001
STU-2026-0579,EXM-0178,SUB-CHEM,86.5,A,True,SCH-001
STU-2026-0580,EXM-0178,SUB-CHEM,98.8,A+,True,SCH-001
STU-2026-0581,EXM-0178,SUB-CHEM,57.9,D,True,SCH-001
STU-2026-0582,EXM-0178,SUB-CHEM,32.8,F,False,SCH-001
STU-2026-0583,EXM-0178,SUB-CHEM,79.6,B,True,SCH-001
STU-2026-0584,EXM-0178,SUB-CHEM,75.4,B,True,SCH-001
STU-2026-0585,EXM-0178,SUB-CHEM,71.3,B,True,SCH-001
STU-2026-0586,EXM-0178,SUB-CHEM,51.7,D,True,SCH-001
STU-2026-0587,EXM-0178,SUB-CHEM,82.0,A,True,SCH-001
STU-2026-0588,EXM-0178,SUB-CHEM,15.4,F,False,SCH-001
STU-2026-0589,EXM-0178,SUB-CHEM,97.0,A+,True,SCH-001
STU-2026-0590,EXM-0178,SUB-CHEM,41.9,F,True,SCH-001
STU-2026-0591,EXM-0178,SUB-CHEM,95.4,A+,True,SCH-001
STU-2026-0592,EXM-0178,SUB-CHEM,55.5,D,True,SCH-001
STU-2026-0593,EXM-0178,SUB-CHEM,71.0,B,True,SCH-001
STU-2026-0594,EXM-0178,SUB-CHEM,84.7,A,True,SCH-001
STU-2026-0595,EXM-0178,SUB-CHEM,53.7,D,True,SCH-001
STU-2026-0596,EXM-0178,SUB-CHEM,90.9,A+,True,SCH-001
STU-2026-0597,EXM-0178,SUB-CHEM,69.3,C,True,SCH-001
STU-2026-0598,EXM-0178,SUB-CHEM,94.5,A+,True,SCH-001
STU-2026-0599,EXM-0178,SUB-CHEM,35.2,F,True,SCH-001
STU-2026-0600,EXM-0178,SUB-CHEM,54.5,D,True,SCH-001
STU-2026-0529,EXM-0179,SUB-ENG,86.0,A,True,SCH-001
STU-2026-0530,EXM-0179,SUB-ENG,64.8,C,True,SCH-001
STU-2026-0531,EXM-0179,SUB-ENG,85.5,A,True,SCH-001
STU-2026-0532,EXM-0179,SUB-ENG,80.0,A,True,SCH-001
STU-2026-0533,EXM-0179,SUB-ENG,81.7,A,True,SCH-001
STU-2026-0534,EXM-0179,SUB-ENG,64.9,C,True,SCH-001
STU-2026-0535,EXM-0179,SUB-ENG,87.6,A,True,SCH-001
STU-2026-0536,EXM-0179,SUB-ENG,93.0,A+,True,SCH-001
STU-2026-0537,EXM-0179,SUB-ENG,86.1,A,True,SCH-001
STU-2026-0538,EXM-0179,SUB-ENG,76.0,B,True,SCH-001
STU-2026-0539,EXM-0179,SUB-ENG,37.2,F,True,SCH-001
STU-2026-0540,EXM-0179,SUB-ENG,61.5,C,True,SCH-001
STU-2026-0541,EXM-0179,SUB-ENG,66.6,C,True,SCH-001
STU-2026-0542,EXM-0179,SUB-ENG,92.2,A+,True,SCH-001
STU-2026-0543,EXM-0179,SUB-ENG,63.0,C,True,SCH-001
STU-2026-0544,EXM-0179,SUB-ENG,84.6,A,True,SCH-001
STU-2026-0545,EXM-0179,SUB-ENG,71.4,B,True,SCH-001
STU-2026-0546,EXM-0179,SUB-ENG,80.5,A,True,SCH-001
STU-2026-0547,EXM-0179,SUB-ENG,71.8,B,True,SCH-001
STU-2026-0548,EXM-0179,SUB-ENG,87.0,A,True,SCH-001
STU-2026-0549,EXM-0179,SUB-ENG,56.9,D,True,SCH-001
STU-2026-0550,EXM-0179,SUB-ENG,78.3,B,True,SCH-001
STU-2026-0551,EXM-0179,SUB-ENG,47.5,F,True,SCH-001
STU-2026-0552,EXM-0179,SUB-ENG,35.5,F,True,SCH-001
STU-2026-0553,EXM-0179,SUB-ENG,67.2,C,True,SCH-001
STU-2026-0554,EXM-0179,SUB-ENG,82.2,A,True,SCH-001
STU-2026-0555,EXM-0179,SUB-ENG,59.6,D,True,SCH-001
STU-2026-0556,EXM-0179,SUB-ENG,87.2,A,True,SCH-001
STU-2026-0557,EXM-0179,SUB-ENG,89.0,A,True,SCH-001
STU-2026-0558,EXM-0179,SUB-ENG,84.0,A,True,SCH-001
STU-2026-0559,EXM-0179,SUB-ENG,85.4,A,True,SCH-001
STU-2026-0560,EXM-0179,SUB-ENG,85.3,A,True,SCH-001
STU-2026-0561,EXM-0179,SUB-ENG,97.9,A+,True,SCH-001
STU-2026-0562,EXM-0179,SUB-ENG,78.9,B,True,SCH-001
STU-2026-0563,EXM-0179,SUB-ENG,67.7,C,True,SCH-001
STU-2026-0564,EXM-0179,SUB-ENG,86.7,A,True,SCH-001
STU-2026-0565,EXM-0179,SUB-ENG,88.5,A,True,SCH-001
STU-2026-0566,EXM-0179,SUB-ENG,64.2,C,True,SCH-001
STU-2026-0567,EXM-0179,SUB-ENG,58.6,D,True,SCH-001
STU-2026-0568,EXM-0179,SUB-ENG,82.3,A,True,SCH-001
STU-2026-0569,EXM-0179,SUB-ENG,70.7,B,True,SCH-001
STU-2026-0570,EXM-0179,SUB-ENG,77.2,B,True,SCH-001
STU-2026-0571,EXM-0179,SUB-ENG,79.3,B,True,SCH-001
STU-2026-0572,EXM-0179,SUB-ENG,74.6,B,True,SCH-001
STU-2026-0573,EXM-0179,SUB-ENG,64.1,C,True,SCH-001
STU-2026-0574,EXM-0179,SUB-ENG,70.6,B,True,SCH-001
STU-2026-0575,EXM-0179,SUB-ENG,97.6,A+,True,SCH-001
STU-2026-0576,EXM-0179,SUB-ENG,63.3,C,True,SCH-001
STU-2026-0577,EXM-0179,SUB-ENG,89.8,A,True,SCH-001
STU-2026-0578,EXM-0179,SUB-ENG,82.0,A,True,SCH-001
STU-2026-0579,EXM-0179,SUB-ENG,70.1,B,True,SCH-001
STU-2026-0580,EXM-0179,SUB-ENG,94.0,A+,True,SCH-001
STU-2026-0581,EXM-0179,SUB-ENG,58.6,D,True,SCH-001
STU-2026-0582,EXM-0179,SUB-ENG,50.5,D,True,SCH-001
STU-2026-0583,EXM-0179,SUB-ENG,78.3,B,True,SCH-001
STU-2026-0584,EXM-0179,SUB-ENG,65.8,C,True,SCH-001
STU-2026-0585,EXM-0179,SUB-ENG,76.6,B,True,SCH-001
STU-2026-0586,EXM-0179,SUB-ENG,68.0,C,True,SCH-001
STU-2026-0587,EXM-0179,SUB-ENG,88.3,A,True,SCH-001
STU-2026-0588,EXM-0179,SUB-ENG,15.0,F,False,SCH-001
STU-2026-0589,EXM-0179,SUB-ENG,93.0,A+,True,SCH-001
STU-2026-0590,EXM-0179,SUB-ENG,42.0,F,True,SCH-001
STU-2026-0591,EXM-0179,SUB-ENG,81.5,A,True,SCH-001
STU-2026-0592,EXM-0179,SUB-ENG,57.3,D,True,SCH-001
STU-2026-0593,EXM-0179,SUB-ENG,77.8,B,True,SCH-001
STU-2026-0594,EXM-0179,SUB-ENG,71.0,B,True,SCH-001
STU-2026-0595,EXM-0179,SUB-ENG,65.4,C,True,SCH-001
STU-2026-0596,EXM-0179,SUB-ENG,86.0,A,True,SCH-001
STU-2026-0597,EXM-0179,SUB-ENG,78.0,B,True,SCH-001
STU-2026-0598,EXM-0179,SUB-ENG,87.1,A,True,SCH-001
STU-2026-0599,EXM-0179,SUB-ENG,44.7,F,True,SCH-001
STU-2026-0600,EXM-0179,SUB-ENG,48.8,F,True,SCH-001
STU-2026-0529,EXM-0180,SUB-HIST,73.2,B,True,SCH-001
STU-2026-0530,EXM-0180,SUB-HIST,66.5,C,True,SCH-001
STU-2026-0531,EXM-0180,SUB-HIST,77.8,B,True,SCH-001
STU-2026-0532,EXM-0180,SUB-HIST,91.6,A+,True,SCH-001
STU-2026-0533,EXM-0180,SUB-HIST,78.0,B,True,SCH-001
STU-2026-0534,EXM-0180,SUB-HIST,57.5,D,True,SCH-001
STU-2026-0535,EXM-0180,SUB-HIST,96.4,A+,True,SCH-001
STU-2026-0536,EXM-0180,SUB-HIST,99.0,A+,True,SCH-001
STU-2026-0537,EXM-0180,SUB-HIST,98.7,A+,True,SCH-001
STU-2026-0538,EXM-0180,SUB-HIST,69.9,C,True,SCH-001
STU-2026-0539,EXM-0180,SUB-HIST,20.5,F,False,SCH-001
STU-2026-0540,EXM-0180,SUB-HIST,67.6,C,True,SCH-001
STU-2026-0541,EXM-0180,SUB-HIST,69.3,C,True,SCH-001
STU-2026-0542,EXM-0180,SUB-HIST,87.3,A,True,SCH-001
STU-2026-0543,EXM-0180,SUB-HIST,72.1,B,True,SCH-001
STU-2026-0544,EXM-0180,SUB-HIST,86.5,A,True,SCH-001
STU-2026-0545,EXM-0180,SUB-HIST,73.5,B,True,SCH-001
STU-2026-0546,EXM-0180,SUB-HIST,75.9,B,True,SCH-001
STU-2026-0547,EXM-0180,SUB-HIST,71.5,B,True,SCH-001
STU-2026-0548,EXM-0180,SUB-HIST,81.1,A,True,SCH-001
STU-2026-0549,EXM-0180,SUB-HIST,73.9,B,True,SCH-001
STU-2026-0550,EXM-0180,SUB-HIST,67.6,C,True,SCH-001
STU-2026-0551,EXM-0180,SUB-HIST,45.5,F,True,SCH-001
STU-2026-0552,EXM-0180,SUB-HIST,26.6,F,False,SCH-001
STU-2026-0553,EXM-0180,SUB-HIST,80.0,A,True,SCH-001
STU-2026-0554,EXM-0180,SUB-HIST,89.3,A,True,SCH-001
STU-2026-0555,EXM-0180,SUB-HIST,57.4,D,True,SCH-001
STU-2026-0556,EXM-0180,SUB-HIST,64.5,C,True,SCH-001
STU-2026-0557,EXM-0180,SUB-HIST,80.5,A,True,SCH-001
STU-2026-0558,EXM-0180,SUB-HIST,77.6,B,True,SCH-001
STU-2026-0559,EXM-0180,SUB-HIST,83.9,A,True,SCH-001
STU-2026-0560,EXM-0180,SUB-HIST,97.4,A+,True,SCH-001
STU-2026-0561,EXM-0180,SUB-HIST,92.9,A+,True,SCH-001
STU-2026-0562,EXM-0180,SUB-HIST,69.5,C,True,SCH-001
STU-2026-0563,EXM-0180,SUB-HIST,72.6,B,True,SCH-001
STU-2026-0564,EXM-0180,SUB-HIST,89.3,A,True,SCH-001
STU-2026-0565,EXM-0180,SUB-HIST,74.5,B,True,SCH-001
STU-2026-0566,EXM-0180,SUB-HIST,82.3,A,True,SCH-001
STU-2026-0567,EXM-0180,SUB-HIST,54.8,D,True,SCH-001
STU-2026-0568,EXM-0180,SUB-HIST,74.5,B,True,SCH-001
STU-2026-0569,EXM-0180,SUB-HIST,71.2,B,True,SCH-001
STU-2026-0570,EXM-0180,SUB-HIST,79.3,B,True,SCH-001
STU-2026-0571,EXM-0180,SUB-HIST,86.2,A,True,SCH-001
STU-2026-0572,EXM-0180,SUB-HIST,73.7,B,True,SCH-001
STU-2026-0573,EXM-0180,SUB-HIST,67.7,C,True,SCH-001
STU-2026-0574,EXM-0180,SUB-HIST,48.2,F,True,SCH-001
STU-2026-0575,EXM-0180,SUB-HIST,95.8,A+,True,SCH-001
STU-2026-0576,EXM-0180,SUB-HIST,63.8,C,True,SCH-001
STU-2026-0577,EXM-0180,SUB-HIST,99.0,A+,True,SCH-001
STU-2026-0578,EXM-0180,SUB-HIST,75.0,B,True,SCH-001
STU-2026-0579,EXM-0180,SUB-HIST,88.0,A,True,SCH-001
STU-2026-0580,EXM-0180,SUB-HIST,99.0,A+,True,SCH-001
STU-2026-0581,EXM-0180,SUB-HIST,63.5,C,True,SCH-001
STU-2026-0582,EXM-0180,SUB-HIST,45.2,F,True,SCH-001
STU-2026-0583,EXM-0180,SUB-HIST,75.3,B,True,SCH-001
STU-2026-0584,EXM-0180,SUB-HIST,69.0,C,True,SCH-001
STU-2026-0585,EXM-0180,SUB-HIST,67.0,C,True,SCH-001
STU-2026-0586,EXM-0180,SUB-HIST,67.1,C,True,SCH-001
STU-2026-0587,EXM-0180,SUB-HIST,88.2,A,True,SCH-001
STU-2026-0588,EXM-0180,SUB-HIST,15.0,F,False,SCH-001
STU-2026-0589,EXM-0180,SUB-HIST,86.9,A,True,SCH-001
STU-2026-0590,EXM-0180,SUB-HIST,43.6,F,True,SCH-001
STU-2026-0591,EXM-0180,SUB-HIST,95.7,A+,True,SCH-001
STU-2026-0592,EXM-0180,SUB-HIST,54.3,D,True,SCH-001
STU-2026-0593,EXM-0180,SUB-HIST,71.1,B,True,SCH-001
STU-2026-0594,EXM-0180,SUB-HIST,89.1,A,True,SCH-001
STU-2026-0595,EXM-0180,SUB-HIST,74.1,B,True,SCH-001
STU-2026-0596,EXM-0180,SUB-HIST,99.0,A+,True,SCH-001
STU-2026-0597,EXM-0180,SUB-HIST,77.9,B,True,SCH-001
STU-2026-0598,EXM-0180,SUB-HIST,83.8,A,True,SCH-001
STU-2026-0599,EXM-0180,SUB-HIST,28.4,F,False,SCH-001
STU-2026-0600,EXM-0180,SUB-HIST,63.0,C,True,SCH-001
STU-2026-0001,EXM-0181,SUB-MATH,73.8,B,True,SCH-001
STU-2026-0002,EXM-0181,SUB-MATH,92.2,A+,True,SCH-001
STU-2026-0003,EXM-0181,SUB-MATH,96.5,A+,True,SCH-001
STU-2026-0004,EXM-0181,SUB-MATH,49.7,F,True,SCH-001
STU-2026-0005,EXM-0181,SUB-MATH,67.3,C,True,SCH-001
STU-2026-0006,EXM-0181,SUB-MATH,82.5,A,True,SCH-001
STU-2026-0007,EXM-0181,SUB-MATH,71.3,B,True,SCH-001
STU-2026-0008,EXM-0181,SUB-MATH,59.9,D,True,SCH-001
STU-2026-0009,EXM-0181,SUB-MATH,53.2,D,True,SCH-001
STU-2026-0010,EXM-0181,SUB-MATH,75.6,B,True,SCH-001
STU-2026-0011,EXM-0181,SUB-MATH,84.2,A,True,SCH-001
STU-2026-0012,EXM-0181,SUB-MATH,90.7,A+,True,SCH-001
STU-2026-0013,EXM-0181,SUB-MATH,80.5,A,True,SCH-001
STU-2026-0014,EXM-0181,SUB-MATH,59.8,D,True,SCH-001
STU-2026-0015,EXM-0181,SUB-MATH,90.5,A+,True,SCH-001
STU-2026-0016,EXM-0181,SUB-MATH,55.1,D,True,SCH-001
STU-2026-0017,EXM-0181,SUB-MATH,80.6,A,True,SCH-001
STU-2026-0018,EXM-0181,SUB-MATH,82.7,A,True,SCH-001
STU-2026-0019,EXM-0181,SUB-MATH,62.3,C,True,SCH-001
STU-2026-0020,EXM-0181,SUB-MATH,73.1,B,True,SCH-001
STU-2026-0021,EXM-0181,SUB-MATH,40.4,F,True,SCH-001
STU-2026-0022,EXM-0181,SUB-MATH,59.9,D,True,SCH-001
STU-2026-0023,EXM-0181,SUB-MATH,89.6,A,True,SCH-001
STU-2026-0024,EXM-0181,SUB-MATH,71.4,B,True,SCH-001
STU-2026-0025,EXM-0181,SUB-MATH,71.3,B,True,SCH-001
STU-2026-0026,EXM-0181,SUB-MATH,80.1,A,True,SCH-001
STU-2026-0027,EXM-0181,SUB-MATH,64.3,C,True,SCH-001
STU-2026-0028,EXM-0181,SUB-MATH,61.6,C,True,SCH-001
STU-2026-0029,EXM-0181,SUB-MATH,73.9,B,True,SCH-001
STU-2026-0030,EXM-0181,SUB-MATH,86.9,A,True,SCH-001
STU-2026-0031,EXM-0181,SUB-MATH,83.5,A,True,SCH-001
STU-2026-0032,EXM-0181,SUB-MATH,62.5,C,True,SCH-001
STU-2026-0033,EXM-0181,SUB-MATH,91.3,A+,True,SCH-001
STU-2026-0034,EXM-0181,SUB-MATH,82.5,A,True,SCH-001
STU-2026-0035,EXM-0181,SUB-MATH,84.7,A,True,SCH-001
STU-2026-0036,EXM-0181,SUB-MATH,98.9,A+,True,SCH-001
STU-2026-0037,EXM-0181,SUB-MATH,76.8,B,True,SCH-001
STU-2026-0038,EXM-0181,SUB-MATH,79.9,B,True,SCH-001
STU-2026-0039,EXM-0181,SUB-MATH,50.6,D,True,SCH-001
STU-2026-0040,EXM-0181,SUB-MATH,42.3,F,True,SCH-001
STU-2026-0041,EXM-0181,SUB-MATH,83.8,A,True,SCH-001
STU-2026-0042,EXM-0181,SUB-MATH,80.2,A,True,SCH-001
STU-2026-0043,EXM-0181,SUB-MATH,72.2,B,True,SCH-001
STU-2026-0044,EXM-0181,SUB-MATH,33.7,F,False,SCH-001
STU-2026-0045,EXM-0181,SUB-MATH,75.4,B,True,SCH-001
STU-2026-0046,EXM-0181,SUB-MATH,76.4,B,True,SCH-001
STU-2026-0047,EXM-0181,SUB-MATH,77.3,B,True,SCH-001
STU-2026-0048,EXM-0181,SUB-MATH,77.1,B,True,SCH-001
STU-2026-0049,EXM-0181,SUB-MATH,79.3,B,True,SCH-001
STU-2026-0050,EXM-0181,SUB-MATH,84.3,A,True,SCH-001
STU-2026-0051,EXM-0181,SUB-MATH,73.5,B,True,SCH-001
STU-2026-0052,EXM-0181,SUB-MATH,70.7,B,True,SCH-001
STU-2026-0053,EXM-0181,SUB-MATH,89.4,A,True,SCH-001
STU-2026-0054,EXM-0181,SUB-MATH,26.6,F,False,SCH-001
STU-2026-0055,EXM-0181,SUB-MATH,97.0,A+,True,SCH-001
STU-2026-0056,EXM-0181,SUB-MATH,92.9,A+,True,SCH-001
STU-2026-0057,EXM-0181,SUB-MATH,57.5,D,True,SCH-001
STU-2026-0058,EXM-0181,SUB-MATH,72.8,B,True,SCH-001
STU-2026-0059,EXM-0181,SUB-MATH,88.6,A,True,SCH-001
STU-2026-0060,EXM-0181,SUB-MATH,77.0,B,True,SCH-001
STU-2026-0061,EXM-0181,SUB-MATH,70.3,B,True,SCH-001
STU-2026-0062,EXM-0181,SUB-MATH,72.9,B,True,SCH-001
STU-2026-0063,EXM-0181,SUB-MATH,71.9,B,True,SCH-001
STU-2026-0064,EXM-0181,SUB-MATH,86.6,A,True,SCH-001
STU-2026-0065,EXM-0181,SUB-MATH,55.4,D,True,SCH-001
STU-2026-0066,EXM-0181,SUB-MATH,67.1,C,True,SCH-001
STU-2026-0001,EXM-0182,SUB-PHY,73.6,B,True,SCH-001
STU-2026-0002,EXM-0182,SUB-PHY,93.3,A+,True,SCH-001
STU-2026-0003,EXM-0182,SUB-PHY,86.0,A,True,SCH-001
STU-2026-0004,EXM-0182,SUB-PHY,42.1,F,True,SCH-001
STU-2026-0005,EXM-0182,SUB-PHY,75.9,B,True,SCH-001
STU-2026-0006,EXM-0182,SUB-PHY,68.6,C,True,SCH-001
STU-2026-0007,EXM-0182,SUB-PHY,69.5,C,True,SCH-001
STU-2026-0008,EXM-0182,SUB-PHY,39.0,F,True,SCH-001
STU-2026-0009,EXM-0182,SUB-PHY,52.6,D,True,SCH-001
STU-2026-0010,EXM-0182,SUB-PHY,74.7,B,True,SCH-001
STU-2026-0011,EXM-0182,SUB-PHY,81.0,A,True,SCH-001
STU-2026-0012,EXM-0182,SUB-PHY,82.7,A,True,SCH-001
STU-2026-0013,EXM-0182,SUB-PHY,86.1,A,True,SCH-001
STU-2026-0014,EXM-0182,SUB-PHY,61.5,C,True,SCH-001
STU-2026-0015,EXM-0182,SUB-PHY,77.8,B,True,SCH-001
STU-2026-0016,EXM-0182,SUB-PHY,64.3,C,True,SCH-001
STU-2026-0017,EXM-0182,SUB-PHY,76.1,B,True,SCH-001
STU-2026-0018,EXM-0182,SUB-PHY,86.3,A,True,SCH-001
STU-2026-0019,EXM-0182,SUB-PHY,62.2,C,True,SCH-001
STU-2026-0020,EXM-0182,SUB-PHY,65.2,C,True,SCH-001
STU-2026-0021,EXM-0182,SUB-PHY,42.0,F,True,SCH-001
STU-2026-0022,EXM-0182,SUB-PHY,72.2,B,True,SCH-001
STU-2026-0023,EXM-0182,SUB-PHY,83.9,A,True,SCH-001
STU-2026-0024,EXM-0182,SUB-PHY,71.3,B,True,SCH-001
STU-2026-0025,EXM-0182,SUB-PHY,76.9,B,True,SCH-001
STU-2026-0026,EXM-0182,SUB-PHY,86.7,A,True,SCH-001
STU-2026-0027,EXM-0182,SUB-PHY,75.7,B,True,SCH-001
STU-2026-0028,EXM-0182,SUB-PHY,71.2,B,True,SCH-001
STU-2026-0029,EXM-0182,SUB-PHY,75.8,B,True,SCH-001
STU-2026-0030,EXM-0182,SUB-PHY,72.3,B,True,SCH-001
STU-2026-0031,EXM-0182,SUB-PHY,75.2,B,True,SCH-001
STU-2026-0032,EXM-0182,SUB-PHY,69.4,C,True,SCH-001
STU-2026-0033,EXM-0182,SUB-PHY,99.0,A+,True,SCH-001
STU-2026-0034,EXM-0182,SUB-PHY,90.7,A+,True,SCH-001
STU-2026-0035,EXM-0182,SUB-PHY,90.0,A+,True,SCH-001
STU-2026-0036,EXM-0182,SUB-PHY,81.6,A,True,SCH-001
STU-2026-0037,EXM-0182,SUB-PHY,75.2,B,True,SCH-001
STU-2026-0038,EXM-0182,SUB-PHY,79.8,B,True,SCH-001
STU-2026-0039,EXM-0182,SUB-PHY,54.5,D,True,SCH-001
STU-2026-0040,EXM-0182,SUB-PHY,51.2,D,True,SCH-001
STU-2026-0041,EXM-0182,SUB-PHY,76.0,B,True,SCH-001
STU-2026-0042,EXM-0182,SUB-PHY,75.8,B,True,SCH-001
STU-2026-0043,EXM-0182,SUB-PHY,66.3,C,True,SCH-001
STU-2026-0044,EXM-0182,SUB-PHY,35.1,F,True,SCH-001
STU-2026-0045,EXM-0182,SUB-PHY,71.0,B,True,SCH-001
STU-2026-0046,EXM-0182,SUB-PHY,69.7,C,True,SCH-001
STU-2026-0047,EXM-0182,SUB-PHY,83.8,A,True,SCH-001
STU-2026-0048,EXM-0182,SUB-PHY,87.8,A,True,SCH-001
STU-2026-0049,EXM-0182,SUB-PHY,81.6,A,True,SCH-001
STU-2026-0050,EXM-0182,SUB-PHY,84.9,A,True,SCH-001
STU-2026-0051,EXM-0182,SUB-PHY,72.9,B,True,SCH-001
STU-2026-0052,EXM-0182,SUB-PHY,69.7,C,True,SCH-001
STU-2026-0053,EXM-0182,SUB-PHY,85.8,A,True,SCH-001
STU-2026-0054,EXM-0182,SUB-PHY,45.0,F,True,SCH-001
STU-2026-0055,EXM-0182,SUB-PHY,90.3,A+,True,SCH-001
STU-2026-0056,EXM-0182,SUB-PHY,91.0,A+,True,SCH-001
STU-2026-0057,EXM-0182,SUB-PHY,76.8,B,True,SCH-001
STU-2026-0058,EXM-0182,SUB-PHY,64.4,C,True,SCH-001
STU-2026-0059,EXM-0182,SUB-PHY,72.1,B,True,SCH-001
STU-2026-0060,EXM-0182,SUB-PHY,60.7,C,True,SCH-001
STU-2026-0061,EXM-0182,SUB-PHY,67.5,C,True,SCH-001
STU-2026-0062,EXM-0182,SUB-PHY,75.8,B,True,SCH-001
STU-2026-0063,EXM-0182,SUB-PHY,67.3,C,True,SCH-001
STU-2026-0064,EXM-0182,SUB-PHY,74.3,B,True,SCH-001
STU-2026-0065,EXM-0182,SUB-PHY,83.2,A,True,SCH-001
STU-2026-0066,EXM-0182,SUB-PHY,62.6,C,True,SCH-001
STU-2026-0001,EXM-0183,SUB-CHEM,80.2,A,True,SCH-001
STU-2026-0002,EXM-0183,SUB-CHEM,85.4,A,True,SCH-001
STU-2026-0003,EXM-0183,SUB-CHEM,90.0,A+,True,SCH-001
STU-2026-0004,EXM-0183,SUB-CHEM,21.3,F,False,SCH-001
STU-2026-0005,EXM-0183,SUB-CHEM,84.2,A,True,SCH-001
STU-2026-0006,EXM-0183,SUB-CHEM,71.6,B,True,SCH-001
STU-2026-0007,EXM-0183,SUB-CHEM,68.9,C,True,SCH-001
STU-2026-0008,EXM-0183,SUB-CHEM,26.5,F,False,SCH-001
STU-2026-0009,EXM-0183,SUB-CHEM,55.2,D,True,SCH-001
STU-2026-0010,EXM-0183,SUB-CHEM,73.7,B,True,SCH-001
STU-2026-0011,EXM-0183,SUB-CHEM,95.3,A+,True,SCH-001
STU-2026-0012,EXM-0183,SUB-CHEM,82.7,A,True,SCH-001
STU-2026-0013,EXM-0183,SUB-CHEM,86.7,A,True,SCH-001
STU-2026-0014,EXM-0183,SUB-CHEM,63.6,C,True,SCH-001
STU-2026-0015,EXM-0183,SUB-CHEM,78.1,B,True,SCH-001
STU-2026-0016,EXM-0183,SUB-CHEM,57.5,D,True,SCH-001
STU-2026-0017,EXM-0183,SUB-CHEM,79.5,B,True,SCH-001
STU-2026-0018,EXM-0183,SUB-CHEM,77.2,B,True,SCH-001
STU-2026-0019,EXM-0183,SUB-CHEM,63.8,C,True,SCH-001
STU-2026-0020,EXM-0183,SUB-CHEM,70.1,B,True,SCH-001
STU-2026-0021,EXM-0183,SUB-CHEM,39.2,F,True,SCH-001
STU-2026-0022,EXM-0183,SUB-CHEM,72.8,B,True,SCH-001
STU-2026-0023,EXM-0183,SUB-CHEM,77.0,B,True,SCH-001
STU-2026-0024,EXM-0183,SUB-CHEM,65.0,C,True,SCH-001
STU-2026-0025,EXM-0183,SUB-CHEM,77.1,B,True,SCH-001
STU-2026-0026,EXM-0183,SUB-CHEM,84.8,A,True,SCH-001
STU-2026-0027,EXM-0183,SUB-CHEM,68.8,C,True,SCH-001
STU-2026-0028,EXM-0183,SUB-CHEM,67.3,C,True,SCH-001
STU-2026-0029,EXM-0183,SUB-CHEM,73.4,B,True,SCH-001
STU-2026-0030,EXM-0183,SUB-CHEM,72.0,B,True,SCH-001
STU-2026-0031,EXM-0183,SUB-CHEM,74.0,B,True,SCH-001
STU-2026-0032,EXM-0183,SUB-CHEM,65.2,C,True,SCH-001
STU-2026-0033,EXM-0183,SUB-CHEM,89.8,A,True,SCH-001
STU-2026-0034,EXM-0183,SUB-CHEM,81.9,A,True,SCH-001
STU-2026-0035,EXM-0183,SUB-CHEM,84.1,A,True,SCH-001
STU-2026-0036,EXM-0183,SUB-CHEM,90.4,A+,True,SCH-001
STU-2026-0037,EXM-0183,SUB-CHEM,77.7,B,True,SCH-001
STU-2026-0038,EXM-0183,SUB-CHEM,89.7,A,True,SCH-001
STU-2026-0039,EXM-0183,SUB-CHEM,52.5,D,True,SCH-001
STU-2026-0040,EXM-0183,SUB-CHEM,50.6,D,True,SCH-001
STU-2026-0041,EXM-0183,SUB-CHEM,83.3,A,True,SCH-001
STU-2026-0042,EXM-0183,SUB-CHEM,82.8,A,True,SCH-001
STU-2026-0043,EXM-0183,SUB-CHEM,81.0,A,True,SCH-001
STU-2026-0044,EXM-0183,SUB-CHEM,46.7,F,True,SCH-001
STU-2026-0045,EXM-0183,SUB-CHEM,66.5,C,True,SCH-001
STU-2026-0046,EXM-0183,SUB-CHEM,71.1,B,True,SCH-001
STU-2026-0047,EXM-0183,SUB-CHEM,74.6,B,True,SCH-001
STU-2026-0048,EXM-0183,SUB-CHEM,78.1,B,True,SCH-001
STU-2026-0049,EXM-0183,SUB-CHEM,86.6,A,True,SCH-001
STU-2026-0050,EXM-0183,SUB-CHEM,72.7,B,True,SCH-001
STU-2026-0051,EXM-0183,SUB-CHEM,81.6,A,True,SCH-001
STU-2026-0052,EXM-0183,SUB-CHEM,73.9,B,True,SCH-001
STU-2026-0053,EXM-0183,SUB-CHEM,85.9,A,True,SCH-001
STU-2026-0054,EXM-0183,SUB-CHEM,31.0,F,False,SCH-001
STU-2026-0055,EXM-0183,SUB-CHEM,89.4,A,True,SCH-001
STU-2026-0056,EXM-0183,SUB-CHEM,93.1,A+,True,SCH-001
STU-2026-0057,EXM-0183,SUB-CHEM,64.6,C,True,SCH-001
STU-2026-0058,EXM-0183,SUB-CHEM,71.5,B,True,SCH-001
STU-2026-0059,EXM-0183,SUB-CHEM,77.6,B,True,SCH-001
STU-2026-0060,EXM-0183,SUB-CHEM,73.1,B,True,SCH-001
STU-2026-0061,EXM-0183,SUB-CHEM,78.7,B,True,SCH-001
STU-2026-0062,EXM-0183,SUB-CHEM,52.9,D,True,SCH-001
STU-2026-0063,EXM-0183,SUB-CHEM,74.9,B,True,SCH-001
STU-2026-0064,EXM-0183,SUB-CHEM,74.0,B,True,SCH-001
STU-2026-0065,EXM-0183,SUB-CHEM,73.7,B,True,SCH-001
STU-2026-0066,EXM-0183,SUB-CHEM,58.7,D,True,SCH-001
STU-2026-0001,EXM-0184,SUB-ENG,84.5,A,True,SCH-001
STU-2026-0002,EXM-0184,SUB-ENG,90.4,A+,True,SCH-001
STU-2026-0003,EXM-0184,SUB-ENG,97.8,A+,True,SCH-001
STU-2026-0004,EXM-0184,SUB-ENG,34.8,F,False,SCH-001
STU-2026-0005,EXM-0184,SUB-ENG,83.7,A,True,SCH-001
STU-2026-0006,EXM-0184,SUB-ENG,76.4,B,True,SCH-001
STU-2026-0007,EXM-0184,SUB-ENG,66.4,C,True,SCH-001
STU-2026-0008,EXM-0184,SUB-ENG,32.9,F,False,SCH-001
STU-2026-0009,EXM-0184,SUB-ENG,41.5,F,True,SCH-001
STU-2026-0010,EXM-0184,SUB-ENG,68.0,C,True,SCH-001
STU-2026-0011,EXM-0184,SUB-ENG,97.0,A+,True,SCH-001
STU-2026-0012,EXM-0184,SUB-ENG,93.2,A+,True,SCH-001
STU-2026-0013,EXM-0184,SUB-ENG,90.1,A+,True,SCH-001
STU-2026-0014,EXM-0184,SUB-ENG,65.4,C,True,SCH-001
STU-2026-0015,EXM-0184,SUB-ENG,86.7,A,True,SCH-001
STU-2026-0016,EXM-0184,SUB-ENG,53.8,D,True,SCH-001
STU-2026-0017,EXM-0184,SUB-ENG,88.3,A,True,SCH-001
STU-2026-0018,EXM-0184,SUB-ENG,84.0,A,True,SCH-001
STU-2026-0019,EXM-0184,SUB-ENG,67.0,C,True,SCH-001
STU-2026-0020,EXM-0184,SUB-ENG,71.4,B,True,SCH-001
STU-2026-0021,EXM-0184,SUB-ENG,40.2,F,True,SCH-001
STU-2026-0022,EXM-0184,SUB-ENG,65.8,C,True,SCH-001
STU-2026-0023,EXM-0184,SUB-ENG,69.7,C,True,SCH-001
STU-2026-0024,EXM-0184,SUB-ENG,62.5,C,True,SCH-001
STU-2026-0025,EXM-0184,SUB-ENG,75.0,B,True,SCH-001
STU-2026-0026,EXM-0184,SUB-ENG,86.1,A,True,SCH-001
STU-2026-0027,EXM-0184,SUB-ENG,75.6,B,True,SCH-001
STU-2026-0028,EXM-0184,SUB-ENG,61.3,C,True,SCH-001
STU-2026-0029,EXM-0184,SUB-ENG,81.7,A,True,SCH-001
STU-2026-0030,EXM-0184,SUB-ENG,82.5,A,True,SCH-001
STU-2026-0031,EXM-0184,SUB-ENG,81.0,A,True,SCH-001
STU-2026-0032,EXM-0184,SUB-ENG,63.1,C,True,SCH-001
STU-2026-0033,EXM-0184,SUB-ENG,97.6,A+,True,SCH-001
STU-2026-0034,EXM-0184,SUB-ENG,74.6,B,True,SCH-001
STU-2026-0035,EXM-0184,SUB-ENG,84.1,A,True,SCH-001
STU-2026-0036,EXM-0184,SUB-ENG,99.0,A+,True,SCH-001
STU-2026-0037,EXM-0184,SUB-ENG,69.1,C,True,SCH-001
STU-2026-0038,EXM-0184,SUB-ENG,79.1,B,True,SCH-001
STU-2026-0039,EXM-0184,SUB-ENG,56.0,D,True,SCH-001
STU-2026-0040,EXM-0184,SUB-ENG,44.6,F,True,SCH-001
STU-2026-0041,EXM-0184,SUB-ENG,90.9,A+,True,SCH-001
STU-2026-0042,EXM-0184,SUB-ENG,81.1,A,True,SCH-001
STU-2026-0043,EXM-0184,SUB-ENG,87.4,A,True,SCH-001
STU-2026-0044,EXM-0184,SUB-ENG,29.3,F,False,SCH-001
STU-2026-0045,EXM-0184,SUB-ENG,70.5,B,True,SCH-001
STU-2026-0046,EXM-0184,SUB-ENG,81.2,A,True,SCH-001
STU-2026-0047,EXM-0184,SUB-ENG,78.5,B,True,SCH-001
STU-2026-0048,EXM-0184,SUB-ENG,83.1,A,True,SCH-001
STU-2026-0049,EXM-0184,SUB-ENG,82.8,A,True,SCH-001
STU-2026-0050,EXM-0184,SUB-ENG,74.0,B,True,SCH-001
STU-2026-0051,EXM-0184,SUB-ENG,71.9,B,True,SCH-001
STU-2026-0052,EXM-0184,SUB-ENG,72.9,B,True,SCH-001
STU-2026-0053,EXM-0184,SUB-ENG,86.6,A,True,SCH-001
STU-2026-0054,EXM-0184,SUB-ENG,23.2,F,False,SCH-001
STU-2026-0055,EXM-0184,SUB-ENG,96.0,A+,True,SCH-001
STU-2026-0056,EXM-0184,SUB-ENG,92.0,A+,True,SCH-001
STU-2026-0057,EXM-0184,SUB-ENG,62.6,C,True,SCH-001
STU-2026-0058,EXM-0184,SUB-ENG,71.4,B,True,SCH-001
STU-2026-0059,EXM-0184,SUB-ENG,80.9,A,True,SCH-001
STU-2026-0060,EXM-0184,SUB-ENG,79.2,B,True,SCH-001
STU-2026-0061,EXM-0184,SUB-ENG,82.9,A,True,SCH-001
STU-2026-0062,EXM-0184,SUB-ENG,66.2,C,True,SCH-001
STU-2026-0063,EXM-0184,SUB-ENG,80.1,A,True,SCH-001
STU-2026-0064,EXM-0184,SUB-ENG,73.4,B,True,SCH-001
STU-2026-0065,EXM-0184,SUB-ENG,90.5,A+,True,SCH-001
STU-2026-0066,EXM-0184,SUB-ENG,51.6,D,True,SCH-001
STU-2026-0001,EXM-0185,SUB-HIST,81.7,A,True,SCH-001
STU-2026-0002,EXM-0185,SUB-HIST,96.4,A+,True,SCH-001
STU-2026-0003,EXM-0185,SUB-HIST,79.6,B,True,SCH-001
STU-2026-0004,EXM-0185,SUB-HIST,39.3,F,True,SCH-001
STU-2026-0005,EXM-0185,SUB-HIST,77.0,B,True,SCH-001
STU-2026-0006,EXM-0185,SUB-HIST,69.5,C,True,SCH-001
STU-2026-0007,EXM-0185,SUB-HIST,61.3,C,True,SCH-001
STU-2026-0008,EXM-0185,SUB-HIST,32.8,F,False,SCH-001
STU-2026-0009,EXM-0185,SUB-HIST,56.9,D,True,SCH-001
STU-2026-0010,EXM-0185,SUB-HIST,87.1,A,True,SCH-001
STU-2026-0011,EXM-0185,SUB-HIST,85.6,A,True,SCH-001
STU-2026-0012,EXM-0185,SUB-HIST,82.6,A,True,SCH-001
STU-2026-0013,EXM-0185,SUB-HIST,83.7,A,True,SCH-001
STU-2026-0014,EXM-0185,SUB-HIST,72.1,B,True,SCH-001
STU-2026-0015,EXM-0185,SUB-HIST,85.4,A,True,SCH-001
STU-2026-0016,EXM-0185,SUB-HIST,56.2,D,True,SCH-001
STU-2026-0017,EXM-0185,SUB-HIST,79.1,B,True,SCH-001
STU-2026-0018,EXM-0185,SUB-HIST,96.9,A+,True,SCH-001
STU-2026-0019,EXM-0185,SUB-HIST,61.8,C,True,SCH-001
STU-2026-0020,EXM-0185,SUB-HIST,56.7,D,True,SCH-001
STU-2026-0021,EXM-0185,SUB-HIST,38.8,F,True,SCH-001
STU-2026-0022,EXM-0185,SUB-HIST,56.6,D,True,SCH-001
STU-2026-0023,EXM-0185,SUB-HIST,81.2,A,True,SCH-001
STU-2026-0024,EXM-0185,SUB-HIST,66.9,C,True,SCH-001
STU-2026-0025,EXM-0185,SUB-HIST,85.5,A,True,SCH-001
STU-2026-0026,EXM-0185,SUB-HIST,76.1,B,True,SCH-001
STU-2026-0027,EXM-0185,SUB-HIST,66.7,C,True,SCH-001
STU-2026-0028,EXM-0185,SUB-HIST,72.5,B,True,SCH-001
STU-2026-0029,EXM-0185,SUB-HIST,69.5,C,True,SCH-001
STU-2026-0030,EXM-0185,SUB-HIST,78.3,B,True,SCH-001
STU-2026-0031,EXM-0185,SUB-HIST,82.0,A,True,SCH-001
STU-2026-0032,EXM-0185,SUB-HIST,66.5,C,True,SCH-001
STU-2026-0033,EXM-0185,SUB-HIST,99.0,A+,True,SCH-001
STU-2026-0034,EXM-0185,SUB-HIST,90.5,A+,True,SCH-001
STU-2026-0035,EXM-0185,SUB-HIST,89.1,A,True,SCH-001
STU-2026-0036,EXM-0185,SUB-HIST,91.8,A+,True,SCH-001
STU-2026-0037,EXM-0185,SUB-HIST,73.7,B,True,SCH-001
STU-2026-0038,EXM-0185,SUB-HIST,74.3,B,True,SCH-001
STU-2026-0039,EXM-0185,SUB-HIST,67.4,C,True,SCH-001
STU-2026-0040,EXM-0185,SUB-HIST,48.7,F,True,SCH-001
STU-2026-0041,EXM-0185,SUB-HIST,79.5,B,True,SCH-001
STU-2026-0042,EXM-0185,SUB-HIST,83.6,A,True,SCH-001
STU-2026-0043,EXM-0185,SUB-HIST,93.0,A+,True,SCH-001
STU-2026-0044,EXM-0185,SUB-HIST,35.5,F,True,SCH-001
STU-2026-0045,EXM-0185,SUB-HIST,78.0,B,True,SCH-001
STU-2026-0046,EXM-0185,SUB-HIST,77.7,B,True,SCH-001
STU-2026-0047,EXM-0185,SUB-HIST,75.8,B,True,SCH-001
STU-2026-0048,EXM-0185,SUB-HIST,77.9,B,True,SCH-001
STU-2026-0049,EXM-0185,SUB-HIST,99.0,A+,True,SCH-001
STU-2026-0050,EXM-0185,SUB-HIST,73.6,B,True,SCH-001
STU-2026-0051,EXM-0185,SUB-HIST,67.3,C,True,SCH-001
STU-2026-0052,EXM-0185,SUB-HIST,82.7,A,True,SCH-001
STU-2026-0053,EXM-0185,SUB-HIST,81.7,A,True,SCH-001
STU-2026-0054,EXM-0185,SUB-HIST,18.1,F,False,SCH-001
STU-2026-0055,EXM-0185,SUB-HIST,92.8,A+,True,SCH-001
STU-2026-0056,EXM-0185,SUB-HIST,89.5,A,True,SCH-001
STU-2026-0057,EXM-0185,SUB-HIST,53.4,D,True,SCH-001
STU-2026-0058,EXM-0185,SUB-HIST,69.7,C,True,SCH-001
STU-2026-0059,EXM-0185,SUB-HIST,71.5,B,True,SCH-001
STU-2026-0060,EXM-0185,SUB-HIST,73.6,B,True,SCH-001
STU-2026-0061,EXM-0185,SUB-HIST,79.1,B,True,SCH-001
STU-2026-0062,EXM-0185,SUB-HIST,78.5,B,True,SCH-001
STU-2026-0063,EXM-0185,SUB-HIST,70.2,B,True,SCH-001
STU-2026-0064,EXM-0185,SUB-HIST,76.5,B,True,SCH-001
STU-2026-0065,EXM-0185,SUB-HIST,71.1,B,True,SCH-001
STU-2026-0066,EXM-0185,SUB-HIST,73.0,B,True,SCH-001
STU-2026-0067,EXM-0186,SUB-MATH,36.8,F,True,SCH-001
STU-2026-0068,EXM-0186,SUB-MATH,89.1,A,True,SCH-001
STU-2026-0069,EXM-0186,SUB-MATH,60.7,C,True,SCH-001
STU-2026-0070,EXM-0186,SUB-MATH,87.1,A,True,SCH-001
STU-2026-0071,EXM-0186,SUB-MATH,64.2,C,True,SCH-001
STU-2026-0072,EXM-0186,SUB-MATH,73.5,B,True,SCH-001
STU-2026-0073,EXM-0186,SUB-MATH,75.6,B,True,SCH-001
STU-2026-0074,EXM-0186,SUB-MATH,73.3,B,True,SCH-001
STU-2026-0075,EXM-0186,SUB-MATH,83.3,A,True,SCH-001
STU-2026-0076,EXM-0186,SUB-MATH,85.3,A,True,SCH-001
STU-2026-0077,EXM-0186,SUB-MATH,78.8,B,True,SCH-001
STU-2026-0078,EXM-0186,SUB-MATH,61.8,C,True,SCH-001
STU-2026-0079,EXM-0186,SUB-MATH,73.4,B,True,SCH-001
STU-2026-0080,EXM-0186,SUB-MATH,82.3,A,True,SCH-001
STU-2026-0081,EXM-0186,SUB-MATH,72.6,B,True,SCH-001
STU-2026-0082,EXM-0186,SUB-MATH,71.0,B,True,SCH-001
STU-2026-0083,EXM-0186,SUB-MATH,77.1,B,True,SCH-001
STU-2026-0084,EXM-0186,SUB-MATH,94.9,A+,True,SCH-001
STU-2026-0085,EXM-0186,SUB-MATH,84.0,A,True,SCH-001
STU-2026-0086,EXM-0186,SUB-MATH,66.6,C,True,SCH-001
STU-2026-0087,EXM-0186,SUB-MATH,82.2,A,True,SCH-001
STU-2026-0088,EXM-0186,SUB-MATH,62.1,C,True,SCH-001
STU-2026-0089,EXM-0186,SUB-MATH,70.7,B,True,SCH-001
STU-2026-0090,EXM-0186,SUB-MATH,72.3,B,True,SCH-001
STU-2026-0091,EXM-0186,SUB-MATH,72.6,B,True,SCH-001
STU-2026-0092,EXM-0186,SUB-MATH,72.3,B,True,SCH-001
STU-2026-0093,EXM-0186,SUB-MATH,67.1,C,True,SCH-001
STU-2026-0094,EXM-0186,SUB-MATH,87.4,A,True,SCH-001
STU-2026-0095,EXM-0186,SUB-MATH,62.7,C,True,SCH-001
STU-2026-0096,EXM-0186,SUB-MATH,72.2,B,True,SCH-001
STU-2026-0097,EXM-0186,SUB-MATH,25.8,F,False,SCH-001
STU-2026-0098,EXM-0186,SUB-MATH,88.0,A,True,SCH-001
STU-2026-0099,EXM-0186,SUB-MATH,99.0,A+,True,SCH-001
STU-2026-0100,EXM-0186,SUB-MATH,59.8,D,True,SCH-001
STU-2026-0101,EXM-0186,SUB-MATH,84.7,A,True,SCH-001
STU-2026-0102,EXM-0186,SUB-MATH,87.8,A,True,SCH-001
STU-2026-0103,EXM-0186,SUB-MATH,69.0,C,True,SCH-001
STU-2026-0104,EXM-0186,SUB-MATH,62.6,C,True,SCH-001
STU-2026-0105,EXM-0186,SUB-MATH,60.2,C,True,SCH-001
STU-2026-0106,EXM-0186,SUB-MATH,62.1,C,True,SCH-001
STU-2026-0107,EXM-0186,SUB-MATH,65.7,C,True,SCH-001
STU-2026-0108,EXM-0186,SUB-MATH,67.3,C,True,SCH-001
STU-2026-0109,EXM-0186,SUB-MATH,89.7,A,True,SCH-001
STU-2026-0110,EXM-0186,SUB-MATH,30.6,F,False,SCH-001
STU-2026-0111,EXM-0186,SUB-MATH,73.2,B,True,SCH-001
STU-2026-0112,EXM-0186,SUB-MATH,71.0,B,True,SCH-001
STU-2026-0113,EXM-0186,SUB-MATH,76.5,B,True,SCH-001
STU-2026-0114,EXM-0186,SUB-MATH,83.3,A,True,SCH-001
STU-2026-0115,EXM-0186,SUB-MATH,72.3,B,True,SCH-001
STU-2026-0116,EXM-0186,SUB-MATH,90.3,A+,True,SCH-001
STU-2026-0117,EXM-0186,SUB-MATH,76.2,B,True,SCH-001
STU-2026-0118,EXM-0186,SUB-MATH,87.9,A,True,SCH-001
STU-2026-0119,EXM-0186,SUB-MATH,99.0,A+,True,SCH-001
STU-2026-0120,EXM-0186,SUB-MATH,15.0,F,False,SCH-001
STU-2026-0121,EXM-0186,SUB-MATH,90.9,A+,True,SCH-001
STU-2026-0122,EXM-0186,SUB-MATH,76.1,B,True,SCH-001
STU-2026-0123,EXM-0186,SUB-MATH,64.2,C,True,SCH-001
STU-2026-0124,EXM-0186,SUB-MATH,99.0,A+,True,SCH-001
STU-2026-0125,EXM-0186,SUB-MATH,67.6,C,True,SCH-001
STU-2026-0126,EXM-0186,SUB-MATH,78.4,B,True,SCH-001
STU-2026-0127,EXM-0186,SUB-MATH,72.6,B,True,SCH-001
STU-2026-0128,EXM-0186,SUB-MATH,39.6,F,True,SCH-001
STU-2026-0129,EXM-0186,SUB-MATH,94.4,A+,True,SCH-001
STU-2026-0130,EXM-0186,SUB-MATH,75.0,B,True,SCH-001
STU-2026-0131,EXM-0186,SUB-MATH,76.6,B,True,SCH-001
STU-2026-0132,EXM-0186,SUB-MATH,80.1,A,True,SCH-001
STU-2026-0067,EXM-0187,SUB-PHY,33.0,F,False,SCH-001
STU-2026-0068,EXM-0187,SUB-PHY,88.9,A,True,SCH-001
STU-2026-0069,EXM-0187,SUB-PHY,68.3,C,True,SCH-001
STU-2026-0070,EXM-0187,SUB-PHY,87.9,A,True,SCH-001
STU-2026-0071,EXM-0187,SUB-PHY,75.8,B,True,SCH-001
STU-2026-0072,EXM-0187,SUB-PHY,55.3,D,True,SCH-001
STU-2026-0073,EXM-0187,SUB-PHY,79.0,B,True,SCH-001
STU-2026-0074,EXM-0187,SUB-PHY,86.8,A,True,SCH-001
STU-2026-0075,EXM-0187,SUB-PHY,74.0,B,True,SCH-001
STU-2026-0076,EXM-0187,SUB-PHY,80.8,A,True,SCH-001
STU-2026-0077,EXM-0187,SUB-PHY,86.6,A,True,SCH-001
STU-2026-0078,EXM-0187,SUB-PHY,67.8,C,True,SCH-001
STU-2026-0079,EXM-0187,SUB-PHY,82.5,A,True,SCH-001
STU-2026-0080,EXM-0187,SUB-PHY,83.6,A,True,SCH-001
STU-2026-0081,EXM-0187,SUB-PHY,77.8,B,True,SCH-001
STU-2026-0082,EXM-0187,SUB-PHY,55.4,D,True,SCH-001
STU-2026-0083,EXM-0187,SUB-PHY,70.8,B,True,SCH-001
STU-2026-0084,EXM-0187,SUB-PHY,94.4,A+,True,SCH-001
STU-2026-0085,EXM-0187,SUB-PHY,82.3,A,True,SCH-001
STU-2026-0086,EXM-0187,SUB-PHY,65.4,C,True,SCH-001
STU-2026-0087,EXM-0187,SUB-PHY,85.1,A,True,SCH-001
STU-2026-0088,EXM-0187,SUB-PHY,51.2,D,True,SCH-001
STU-2026-0089,EXM-0187,SUB-PHY,87.3,A,True,SCH-001
STU-2026-0090,EXM-0187,SUB-PHY,72.4,B,True,SCH-001
STU-2026-0091,EXM-0187,SUB-PHY,74.4,B,True,SCH-001
STU-2026-0092,EXM-0187,SUB-PHY,77.3,B,True,SCH-001
STU-2026-0093,EXM-0187,SUB-PHY,75.5,B,True,SCH-001
STU-2026-0094,EXM-0187,SUB-PHY,88.2,A,True,SCH-001
STU-2026-0095,EXM-0187,SUB-PHY,72.6,B,True,SCH-001
STU-2026-0096,EXM-0187,SUB-PHY,73.2,B,True,SCH-001
STU-2026-0097,EXM-0187,SUB-PHY,29.8,F,False,SCH-001
STU-2026-0098,EXM-0187,SUB-PHY,96.0,A+,True,SCH-001
STU-2026-0099,EXM-0187,SUB-PHY,96.8,A+,True,SCH-001
STU-2026-0100,EXM-0187,SUB-PHY,68.7,C,True,SCH-001
STU-2026-0101,EXM-0187,SUB-PHY,85.5,A,True,SCH-001
STU-2026-0102,EXM-0187,SUB-PHY,70.2,B,True,SCH-001
STU-2026-0103,EXM-0187,SUB-PHY,78.6,B,True,SCH-001
STU-2026-0104,EXM-0187,SUB-PHY,43.6,F,True,SCH-001
STU-2026-0105,EXM-0187,SUB-PHY,58.2,D,True,SCH-001
STU-2026-0106,EXM-0187,SUB-PHY,56.6,D,True,SCH-001
STU-2026-0107,EXM-0187,SUB-PHY,61.7,C,True,SCH-001
STU-2026-0108,EXM-0187,SUB-PHY,73.8,B,True,SCH-001
STU-2026-0109,EXM-0187,SUB-PHY,93.5,A+,True,SCH-001
STU-2026-0110,EXM-0187,SUB-PHY,37.3,F,True,SCH-001
STU-2026-0111,EXM-0187,SUB-PHY,68.4,C,True,SCH-001
STU-2026-0112,EXM-0187,SUB-PHY,80.7,A,True,SCH-001
STU-2026-0113,EXM-0187,SUB-PHY,76.1,B,True,SCH-001
STU-2026-0114,EXM-0187,SUB-PHY,84.6,A,True,SCH-001
STU-2026-0115,EXM-0187,SUB-PHY,65.4,C,True,SCH-001
STU-2026-0116,EXM-0187,SUB-PHY,90.0,A+,True,SCH-001
STU-2026-0117,EXM-0187,SUB-PHY,81.8,A,True,SCH-001
STU-2026-0118,EXM-0187,SUB-PHY,89.8,A,True,SCH-001
STU-2026-0119,EXM-0187,SUB-PHY,82.6,A,True,SCH-001
STU-2026-0120,EXM-0187,SUB-PHY,22.0,F,False,SCH-001
STU-2026-0121,EXM-0187,SUB-PHY,83.8,A,True,SCH-001
STU-2026-0122,EXM-0187,SUB-PHY,89.3,A,True,SCH-001
STU-2026-0123,EXM-0187,SUB-PHY,73.3,B,True,SCH-001
STU-2026-0124,EXM-0187,SUB-PHY,99.0,A+,True,SCH-001
STU-2026-0125,EXM-0187,SUB-PHY,85.2,A,True,SCH-001
STU-2026-0126,EXM-0187,SUB-PHY,77.9,B,True,SCH-001
STU-2026-0127,EXM-0187,SUB-PHY,72.1,B,True,SCH-001
STU-2026-0128,EXM-0187,SUB-PHY,42.1,F,True,SCH-001
STU-2026-0129,EXM-0187,SUB-PHY,82.4,A,True,SCH-001
STU-2026-0130,EXM-0187,SUB-PHY,78.6,B,True,SCH-001
STU-2026-0131,EXM-0187,SUB-PHY,78.3,B,True,SCH-001
STU-2026-0132,EXM-0187,SUB-PHY,81.5,A,True,SCH-001
STU-2026-0067,EXM-0188,SUB-CHEM,51.9,D,True,SCH-001
STU-2026-0068,EXM-0188,SUB-CHEM,82.9,A,True,SCH-001
STU-2026-0069,EXM-0188,SUB-CHEM,68.1,C,True,SCH-001
STU-2026-0070,EXM-0188,SUB-CHEM,78.1,B,True,SCH-001
STU-2026-0071,EXM-0188,SUB-CHEM,60.8,C,True,SCH-001
STU-2026-0072,EXM-0188,SUB-CHEM,73.3,B,True,SCH-001
STU-2026-0073,EXM-0188,SUB-CHEM,81.6,A,True,SCH-001
STU-2026-0074,EXM-0188,SUB-CHEM,91.8,A+,True,SCH-001
STU-2026-0075,EXM-0188,SUB-CHEM,82.3,A,True,SCH-001
STU-2026-0076,EXM-0188,SUB-CHEM,78.8,B,True,SCH-001
STU-2026-0077,EXM-0188,SUB-CHEM,77.6,B,True,SCH-001
STU-2026-0078,EXM-0188,SUB-CHEM,79.0,B,True,SCH-001
STU-2026-0079,EXM-0188,SUB-CHEM,81.8,A,True,SCH-001
STU-2026-0080,EXM-0188,SUB-CHEM,99.0,A+,True,SCH-001
STU-2026-0081,EXM-0188,SUB-CHEM,58.8,D,True,SCH-001
STU-2026-0082,EXM-0188,SUB-CHEM,55.5,D,True,SCH-001
STU-2026-0083,EXM-0188,SUB-CHEM,90.7,A+,True,SCH-001
STU-2026-0084,EXM-0188,SUB-CHEM,91.2,A+,True,SCH-001
STU-2026-0085,EXM-0188,SUB-CHEM,85.6,A,True,SCH-001
STU-2026-0086,EXM-0188,SUB-CHEM,54.6,D,True,SCH-001
STU-2026-0087,EXM-0188,SUB-CHEM,87.9,A,True,SCH-001
STU-2026-0088,EXM-0188,SUB-CHEM,56.9,D,True,SCH-001
STU-2026-0089,EXM-0188,SUB-CHEM,74.6,B,True,SCH-001
STU-2026-0090,EXM-0188,SUB-CHEM,86.5,A,True,SCH-001
STU-2026-0091,EXM-0188,SUB-CHEM,70.9,B,True,SCH-001
STU-2026-0092,EXM-0188,SUB-CHEM,64.7,C,True,SCH-001
STU-2026-0093,EXM-0188,SUB-CHEM,76.9,B,True,SCH-001
STU-2026-0094,EXM-0188,SUB-CHEM,77.4,B,True,SCH-001
STU-2026-0095,EXM-0188,SUB-CHEM,66.7,C,True,SCH-001
STU-2026-0096,EXM-0188,SUB-CHEM,76.7,B,True,SCH-001
STU-2026-0097,EXM-0188,SUB-CHEM,26.4,F,False,SCH-001
STU-2026-0098,EXM-0188,SUB-CHEM,86.4,A,True,SCH-001
STU-2026-0099,EXM-0188,SUB-CHEM,99.0,A+,True,SCH-001
STU-2026-0100,EXM-0188,SUB-CHEM,65.8,C,True,SCH-001
STU-2026-0101,EXM-0188,SUB-CHEM,99.0,A+,True,SCH-001
STU-2026-0102,EXM-0188,SUB-CHEM,77.7,B,True,SCH-001
STU-2026-0103,EXM-0188,SUB-CHEM,81.5,A,True,SCH-001
STU-2026-0104,EXM-0188,SUB-CHEM,50.9,D,True,SCH-001
STU-2026-0105,EXM-0188,SUB-CHEM,59.0,D,True,SCH-001
STU-2026-0106,EXM-0188,SUB-CHEM,64.0,C,True,SCH-001
STU-2026-0107,EXM-0188,SUB-CHEM,58.6,D,True,SCH-001
STU-2026-0108,EXM-0188,SUB-CHEM,71.1,B,True,SCH-001
STU-2026-0109,EXM-0188,SUB-CHEM,95.7,A+,True,SCH-001
STU-2026-0110,EXM-0188,SUB-CHEM,30.3,F,False,SCH-001
STU-2026-0111,EXM-0188,SUB-CHEM,72.2,B,True,SCH-001
STU-2026-0112,EXM-0188,SUB-CHEM,79.3,B,True,SCH-001
STU-2026-0113,EXM-0188,SUB-CHEM,75.1,B,True,SCH-001
STU-2026-0114,EXM-0188,SUB-CHEM,75.5,B,True,SCH-001
STU-2026-0115,EXM-0188,SUB-CHEM,84.4,A,True,SCH-001
STU-2026-0116,EXM-0188,SUB-CHEM,99.0,A+,True,SCH-001
STU-2026-0117,EXM-0188,SUB-CHEM,75.9,B,True,SCH-001
STU-2026-0118,EXM-0188,SUB-CHEM,96.3,A+,True,SCH-001
STU-2026-0119,EXM-0188,SUB-CHEM,90.4,A+,True,SCH-001
STU-2026-0120,EXM-0188,SUB-CHEM,15.0,F,False,SCH-001
STU-2026-0121,EXM-0188,SUB-CHEM,78.7,B,True,SCH-001
STU-2026-0122,EXM-0188,SUB-CHEM,95.3,A+,True,SCH-001
STU-2026-0123,EXM-0188,SUB-CHEM,71.3,B,True,SCH-001
STU-2026-0124,EXM-0188,SUB-CHEM,86.5,A,True,SCH-001
STU-2026-0125,EXM-0188,SUB-CHEM,51.3,D,True,SCH-001
STU-2026-0126,EXM-0188,SUB-CHEM,78.1,B,True,SCH-001
STU-2026-0127,EXM-0188,SUB-CHEM,74.1,B,True,SCH-001
STU-2026-0128,EXM-0188,SUB-CHEM,27.1,F,False,SCH-001
STU-2026-0129,EXM-0188,SUB-CHEM,80.0,A,True,SCH-001
STU-2026-0130,EXM-0188,SUB-CHEM,70.7,B,True,SCH-001
STU-2026-0131,EXM-0188,SUB-CHEM,67.0,C,True,SCH-001
STU-2026-0132,EXM-0188,SUB-CHEM,78.2,B,True,SCH-001
STU-2026-0067,EXM-0189,SUB-ENG,32.8,F,False,SCH-001
STU-2026-0068,EXM-0189,SUB-ENG,88.6,A,True,SCH-001
STU-2026-0069,EXM-0189,SUB-ENG,67.1,C,True,SCH-001
STU-2026-0070,EXM-0189,SUB-ENG,66.4,C,True,SCH-001
STU-2026-0071,EXM-0189,SUB-ENG,76.8,B,True,SCH-001
STU-2026-0072,EXM-0189,SUB-ENG,69.9,C,True,SCH-001
STU-2026-0073,EXM-0189,SUB-ENG,70.9,B,True,SCH-001
STU-2026-0074,EXM-0189,SUB-ENG,80.1,A,True,SCH-001
STU-2026-0075,EXM-0189,SUB-ENG,81.4,A,True,SCH-001
STU-2026-0076,EXM-0189,SUB-ENG,61.7,C,True,SCH-001
STU-2026-0077,EXM-0189,SUB-ENG,58.7,D,True,SCH-001
STU-2026-0078,EXM-0189,SUB-ENG,76.2,B,True,SCH-001
STU-2026-0079,EXM-0189,SUB-ENG,77.8,B,True,SCH-001
STU-2026-0080,EXM-0189,SUB-ENG,85.9,A,True,SCH-001
STU-2026-0081,EXM-0189,SUB-ENG,74.1,B,True,SCH-001
STU-2026-0082,EXM-0189,SUB-ENG,54.8,D,True,SCH-001
STU-2026-0083,EXM-0189,SUB-ENG,74.6,B,True,SCH-001
STU-2026-0084,EXM-0189,SUB-ENG,78.0,B,True,SCH-001
STU-2026-0085,EXM-0189,SUB-ENG,77.0,B,True,SCH-001
STU-2026-0086,EXM-0189,SUB-ENG,65.8,C,True,SCH-001
STU-2026-0087,EXM-0189,SUB-ENG,97.5,A+,True,SCH-001
STU-2026-0088,EXM-0189,SUB-ENG,38.7,F,True,SCH-001
STU-2026-0089,EXM-0189,SUB-ENG,87.3,A,True,SCH-001
STU-2026-0090,EXM-0189,SUB-ENG,69.6,C,True,SCH-001
STU-2026-0091,EXM-0189,SUB-ENG,68.7,C,True,SCH-001
STU-2026-0092,EXM-0189,SUB-ENG,56.9,D,True,SCH-001
STU-2026-0093,EXM-0189,SUB-ENG,72.2,B,True,SCH-001
STU-2026-0094,EXM-0189,SUB-ENG,88.3,A,True,SCH-001
STU-2026-0095,EXM-0189,SUB-ENG,77.2,B,True,SCH-001
STU-2026-0096,EXM-0189,SUB-ENG,72.7,B,True,SCH-001
STU-2026-0097,EXM-0189,SUB-ENG,15.0,F,False,SCH-001
STU-2026-0098,EXM-0189,SUB-ENG,99.0,A+,True,SCH-001
STU-2026-0099,EXM-0189,SUB-ENG,91.3,A+,True,SCH-001
STU-2026-0100,EXM-0189,SUB-ENG,62.6,C,True,SCH-001
STU-2026-0101,EXM-0189,SUB-ENG,88.7,A,True,SCH-001
STU-2026-0102,EXM-0189,SUB-ENG,93.3,A+,True,SCH-001
STU-2026-0103,EXM-0189,SUB-ENG,65.6,C,True,SCH-001
STU-2026-0104,EXM-0189,SUB-ENG,68.9,C,True,SCH-001
STU-2026-0105,EXM-0189,SUB-ENG,55.6,D,True,SCH-001
STU-2026-0106,EXM-0189,SUB-ENG,51.9,D,True,SCH-001
STU-2026-0107,EXM-0189,SUB-ENG,53.1,D,True,SCH-001
STU-2026-0108,EXM-0189,SUB-ENG,75.4,B,True,SCH-001
STU-2026-0109,EXM-0189,SUB-ENG,88.1,A,True,SCH-001
STU-2026-0110,EXM-0189,SUB-ENG,29.7,F,False,SCH-001
STU-2026-0111,EXM-0189,SUB-ENG,60.8,C,True,SCH-001
STU-2026-0112,EXM-0189,SUB-ENG,75.3,B,True,SCH-001
STU-2026-0113,EXM-0189,SUB-ENG,85.6,A,True,SCH-001
STU-2026-0114,EXM-0189,SUB-ENG,74.6,B,True,SCH-001
STU-2026-0115,EXM-0189,SUB-ENG,75.4,B,True,SCH-001
STU-2026-0116,EXM-0189,SUB-ENG,93.7,A+,True,SCH-001
STU-2026-0117,EXM-0189,SUB-ENG,69.5,C,True,SCH-001
STU-2026-0118,EXM-0189,SUB-ENG,75.2,B,True,SCH-001
STU-2026-0119,EXM-0189,SUB-ENG,92.6,A+,True,SCH-001
STU-2026-0120,EXM-0189,SUB-ENG,20.4,F,False,SCH-001
STU-2026-0121,EXM-0189,SUB-ENG,90.8,A+,True,SCH-001
STU-2026-0122,EXM-0189,SUB-ENG,87.0,A,True,SCH-001
STU-2026-0123,EXM-0189,SUB-ENG,67.2,C,True,SCH-001
STU-2026-0124,EXM-0189,SUB-ENG,87.4,A,True,SCH-001
STU-2026-0125,EXM-0189,SUB-ENG,82.7,A,True,SCH-001
STU-2026-0126,EXM-0189,SUB-ENG,66.6,C,True,SCH-001
STU-2026-0127,EXM-0189,SUB-ENG,78.9,B,True,SCH-001
STU-2026-0128,EXM-0189,SUB-ENG,37.5,F,True,SCH-001
STU-2026-0129,EXM-0189,SUB-ENG,86.3,A,True,SCH-001
STU-2026-0130,EXM-0189,SUB-ENG,74.0,B,True,SCH-001
STU-2026-0131,EXM-0189,SUB-ENG,83.0,A,True,SCH-001
STU-2026-0132,EXM-0189,SUB-ENG,79.9,B,True,SCH-001
STU-2026-0067,EXM-0190,SUB-HIST,38.5,F,True,SCH-001
STU-2026-0068,EXM-0190,SUB-HIST,85.8,A,True,SCH-001
STU-2026-0069,EXM-0190,SUB-HIST,64.3,C,True,SCH-001
STU-2026-0070,EXM-0190,SUB-HIST,87.1,A,True,SCH-001
STU-2026-0071,EXM-0190,SUB-HIST,72.6,B,True,SCH-001
STU-2026-0072,EXM-0190,SUB-HIST,63.6,C,True,SCH-001
STU-2026-0073,EXM-0190,SUB-HIST,68.8,C,True,SCH-001
STU-2026-0074,EXM-0190,SUB-HIST,76.5,B,True,SCH-001
STU-2026-0075,EXM-0190,SUB-HIST,76.6,B,True,SCH-001
STU-2026-0076,EXM-0190,SUB-HIST,71.6,B,True,SCH-001
STU-2026-0077,EXM-0190,SUB-HIST,78.0,B,True,SCH-001
STU-2026-0078,EXM-0190,SUB-HIST,79.9,B,True,SCH-001
STU-2026-0079,EXM-0190,SUB-HIST,73.0,B,True,SCH-001
STU-2026-0080,EXM-0190,SUB-HIST,90.4,A+,True,SCH-001
STU-2026-0081,EXM-0190,SUB-HIST,60.3,C,True,SCH-001
STU-2026-0082,EXM-0190,SUB-HIST,55.0,D,True,SCH-001
STU-2026-0083,EXM-0190,SUB-HIST,79.5,B,True,SCH-001
STU-2026-0084,EXM-0190,SUB-HIST,79.9,B,True,SCH-001
STU-2026-0085,EXM-0190,SUB-HIST,79.4,B,True,SCH-001
STU-2026-0086,EXM-0190,SUB-HIST,57.1,D,True,SCH-001
STU-2026-0087,EXM-0190,SUB-HIST,84.6,A,True,SCH-001
STU-2026-0088,EXM-0190,SUB-HIST,58.0,D,True,SCH-001
STU-2026-0089,EXM-0190,SUB-HIST,70.5,B,True,SCH-001
STU-2026-0090,EXM-0190,SUB-HIST,80.0,A,True,SCH-001
STU-2026-0091,EXM-0190,SUB-HIST,73.9,B,True,SCH-001
STU-2026-0092,EXM-0190,SUB-HIST,70.4,B,True,SCH-001
STU-2026-0093,EXM-0190,SUB-HIST,65.8,C,True,SCH-001
STU-2026-0094,EXM-0190,SUB-HIST,85.3,A,True,SCH-001
STU-2026-0095,EXM-0190,SUB-HIST,64.4,C,True,SCH-001
STU-2026-0096,EXM-0190,SUB-HIST,67.1,C,True,SCH-001
STU-2026-0097,EXM-0190,SUB-HIST,15.0,F,False,SCH-001
STU-2026-0098,EXM-0190,SUB-HIST,82.0,A,True,SCH-001
STU-2026-0099,EXM-0190,SUB-HIST,94.5,A+,True,SCH-001
STU-2026-0100,EXM-0190,SUB-HIST,69.0,C,True,SCH-001
STU-2026-0101,EXM-0190,SUB-HIST,90.0,A+,True,SCH-001
STU-2026-0102,EXM-0190,SUB-HIST,94.1,A+,True,SCH-001
STU-2026-0103,EXM-0190,SUB-HIST,65.9,C,True,SCH-001
STU-2026-0104,EXM-0190,SUB-HIST,51.0,D,True,SCH-001
STU-2026-0105,EXM-0190,SUB-HIST,55.3,D,True,SCH-001
STU-2026-0106,EXM-0190,SUB-HIST,52.1,D,True,SCH-001
STU-2026-0107,EXM-0190,SUB-HIST,62.6,C,True,SCH-001
STU-2026-0108,EXM-0190,SUB-HIST,73.0,B,True,SCH-001
STU-2026-0109,EXM-0190,SUB-HIST,89.5,A,True,SCH-001
STU-2026-0110,EXM-0190,SUB-HIST,37.3,F,True,SCH-001
STU-2026-0111,EXM-0190,SUB-HIST,63.2,C,True,SCH-001
STU-2026-0112,EXM-0190,SUB-HIST,71.7,B,True,SCH-001
STU-2026-0113,EXM-0190,SUB-HIST,71.3,B,True,SCH-001
STU-2026-0114,EXM-0190,SUB-HIST,84.7,A,True,SCH-001
STU-2026-0115,EXM-0190,SUB-HIST,73.5,B,True,SCH-001
STU-2026-0116,EXM-0190,SUB-HIST,98.2,A+,True,SCH-001
STU-2026-0117,EXM-0190,SUB-HIST,76.7,B,True,SCH-001
STU-2026-0118,EXM-0190,SUB-HIST,82.5,A,True,SCH-001
STU-2026-0119,EXM-0190,SUB-HIST,93.8,A+,True,SCH-001
STU-2026-0120,EXM-0190,SUB-HIST,39.7,F,True,SCH-001
STU-2026-0121,EXM-0190,SUB-HIST,73.0,B,True,SCH-001
STU-2026-0122,EXM-0190,SUB-HIST,88.4,A,True,SCH-001
STU-2026-0123,EXM-0190,SUB-HIST,52.4,D,True,SCH-001
STU-2026-0124,EXM-0190,SUB-HIST,91.0,A+,True,SCH-001
STU-2026-0125,EXM-0190,SUB-HIST,79.1,B,True,SCH-001
STU-2026-0126,EXM-0190,SUB-HIST,77.0,B,True,SCH-001
STU-2026-0127,EXM-0190,SUB-HIST,81.6,A,True,SCH-001
STU-2026-0128,EXM-0190,SUB-HIST,31.0,F,False,SCH-001
STU-2026-0129,EXM-0190,SUB-HIST,86.9,A,True,SCH-001
STU-2026-0130,EXM-0190,SUB-HIST,71.8,B,True,SCH-001
STU-2026-0131,EXM-0190,SUB-HIST,65.9,C,True,SCH-001
STU-2026-0132,EXM-0190,SUB-HIST,80.6,A,True,SCH-001
STU-2026-0133,EXM-0191,SUB-MATH,63.9,C,True,SCH-001
STU-2026-0134,EXM-0191,SUB-MATH,99.0,A+,True,SCH-001
STU-2026-0135,EXM-0191,SUB-MATH,91.6,A+,True,SCH-001
STU-2026-0136,EXM-0191,SUB-MATH,78.6,B,True,SCH-001
STU-2026-0137,EXM-0191,SUB-MATH,70.6,B,True,SCH-001
STU-2026-0138,EXM-0191,SUB-MATH,94.9,A+,True,SCH-001
STU-2026-0139,EXM-0191,SUB-MATH,66.0,C,True,SCH-001
STU-2026-0140,EXM-0191,SUB-MATH,72.5,B,True,SCH-001
STU-2026-0141,EXM-0191,SUB-MATH,75.9,B,True,SCH-001
STU-2026-0142,EXM-0191,SUB-MATH,75.8,B,True,SCH-001
STU-2026-0143,EXM-0191,SUB-MATH,91.0,A+,True,SCH-001
STU-2026-0144,EXM-0191,SUB-MATH,78.2,B,True,SCH-001
STU-2026-0145,EXM-0191,SUB-MATH,82.0,A,True,SCH-001
STU-2026-0146,EXM-0191,SUB-MATH,48.4,F,True,SCH-001
STU-2026-0147,EXM-0191,SUB-MATH,89.8,A,True,SCH-001
STU-2026-0148,EXM-0191,SUB-MATH,84.5,A,True,SCH-001
STU-2026-0149,EXM-0191,SUB-MATH,74.8,B,True,SCH-001
STU-2026-0150,EXM-0191,SUB-MATH,76.5,B,True,SCH-001
STU-2026-0151,EXM-0191,SUB-MATH,78.2,B,True,SCH-001
STU-2026-0152,EXM-0191,SUB-MATH,77.3,B,True,SCH-001
STU-2026-0153,EXM-0191,SUB-MATH,57.7,D,True,SCH-001
STU-2026-0154,EXM-0191,SUB-MATH,77.6,B,True,SCH-001
STU-2026-0155,EXM-0191,SUB-MATH,81.9,A,True,SCH-001
STU-2026-0156,EXM-0191,SUB-MATH,77.6,B,True,SCH-001
STU-2026-0157,EXM-0191,SUB-MATH,70.2,B,True,SCH-001
STU-2026-0158,EXM-0191,SUB-MATH,84.8,A,True,SCH-001
STU-2026-0159,EXM-0191,SUB-MATH,84.4,A,True,SCH-001
STU-2026-0160,EXM-0191,SUB-MATH,45.5,F,True,SCH-001
STU-2026-0161,EXM-0191,SUB-MATH,86.0,A,True,SCH-001
STU-2026-0162,EXM-0191,SUB-MATH,73.4,B,True,SCH-001
STU-2026-0163,EXM-0191,SUB-MATH,80.1,A,True,SCH-001
STU-2026-0164,EXM-0191,SUB-MATH,84.5,A,True,SCH-001
STU-2026-0165,EXM-0191,SUB-MATH,62.5,C,True,SCH-001
STU-2026-0166,EXM-0191,SUB-MATH,69.1,C,True,SCH-001
STU-2026-0167,EXM-0191,SUB-MATH,94.9,A+,True,SCH-001
STU-2026-0168,EXM-0191,SUB-MATH,83.6,A,True,SCH-001
STU-2026-0169,EXM-0191,SUB-MATH,90.0,A+,True,SCH-001
STU-2026-0170,EXM-0191,SUB-MATH,58.1,D,True,SCH-001
STU-2026-0171,EXM-0191,SUB-MATH,79.3,B,True,SCH-001
STU-2026-0172,EXM-0191,SUB-MATH,70.5,B,True,SCH-001
STU-2026-0173,EXM-0191,SUB-MATH,54.5,D,True,SCH-001
STU-2026-0174,EXM-0191,SUB-MATH,70.7,B,True,SCH-001
STU-2026-0175,EXM-0191,SUB-MATH,81.7,A,True,SCH-001
STU-2026-0176,EXM-0191,SUB-MATH,79.8,B,True,SCH-001
STU-2026-0177,EXM-0191,SUB-MATH,83.0,A,True,SCH-001
STU-2026-0178,EXM-0191,SUB-MATH,81.1,A,True,SCH-001
STU-2026-0179,EXM-0191,SUB-MATH,76.8,B,True,SCH-001
STU-2026-0180,EXM-0191,SUB-MATH,59.9,D,True,SCH-001
STU-2026-0181,EXM-0191,SUB-MATH,80.9,A,True,SCH-001
STU-2026-0182,EXM-0191,SUB-MATH,68.4,C,True,SCH-001
STU-2026-0183,EXM-0191,SUB-MATH,71.9,B,True,SCH-001
STU-2026-0184,EXM-0191,SUB-MATH,75.9,B,True,SCH-001
STU-2026-0185,EXM-0191,SUB-MATH,62.1,C,True,SCH-001
STU-2026-0186,EXM-0191,SUB-MATH,38.9,F,True,SCH-001
STU-2026-0187,EXM-0191,SUB-MATH,73.5,B,True,SCH-001
STU-2026-0188,EXM-0191,SUB-MATH,81.9,A,True,SCH-001
STU-2026-0189,EXM-0191,SUB-MATH,83.9,A,True,SCH-001
STU-2026-0190,EXM-0191,SUB-MATH,76.5,B,True,SCH-001
STU-2026-0191,EXM-0191,SUB-MATH,75.7,B,True,SCH-001
STU-2026-0192,EXM-0191,SUB-MATH,70.2,B,True,SCH-001
STU-2026-0193,EXM-0191,SUB-MATH,68.9,C,True,SCH-001
STU-2026-0194,EXM-0191,SUB-MATH,67.9,C,True,SCH-001
STU-2026-0195,EXM-0191,SUB-MATH,94.0,A+,True,SCH-001
STU-2026-0196,EXM-0191,SUB-MATH,55.2,D,True,SCH-001
STU-2026-0197,EXM-0191,SUB-MATH,76.7,B,True,SCH-001
STU-2026-0198,EXM-0191,SUB-MATH,86.3,A,True,SCH-001
STU-2026-0133,EXM-0192,SUB-PHY,65.8,C,True,SCH-001
STU-2026-0134,EXM-0192,SUB-PHY,93.7,A+,True,SCH-001
STU-2026-0135,EXM-0192,SUB-PHY,89.4,A,True,SCH-001
STU-2026-0136,EXM-0192,SUB-PHY,98.7,A+,True,SCH-001
STU-2026-0137,EXM-0192,SUB-PHY,67.3,C,True,SCH-001
STU-2026-0138,EXM-0192,SUB-PHY,81.5,A,True,SCH-001
STU-2026-0139,EXM-0192,SUB-PHY,64.0,C,True,SCH-001
STU-2026-0140,EXM-0192,SUB-PHY,68.6,C,True,SCH-001
STU-2026-0141,EXM-0192,SUB-PHY,84.7,A,True,SCH-001
STU-2026-0142,EXM-0192,SUB-PHY,64.8,C,True,SCH-001
STU-2026-0143,EXM-0192,SUB-PHY,99.0,A+,True,SCH-001
STU-2026-0144,EXM-0192,SUB-PHY,78.7,B,True,SCH-001
STU-2026-0145,EXM-0192,SUB-PHY,84.9,A,True,SCH-001
STU-2026-0146,EXM-0192,SUB-PHY,46.3,F,True,SCH-001
STU-2026-0147,EXM-0192,SUB-PHY,88.5,A,True,SCH-001
STU-2026-0148,EXM-0192,SUB-PHY,82.0,A,True,SCH-001
STU-2026-0149,EXM-0192,SUB-PHY,68.5,C,True,SCH-001
STU-2026-0150,EXM-0192,SUB-PHY,76.1,B,True,SCH-001
STU-2026-0151,EXM-0192,SUB-PHY,72.0,B,True,SCH-001
STU-2026-0152,EXM-0192,SUB-PHY,87.0,A,True,SCH-001
STU-2026-0153,EXM-0192,SUB-PHY,59.8,D,True,SCH-001
STU-2026-0154,EXM-0192,SUB-PHY,77.7,B,True,SCH-001
STU-2026-0155,EXM-0192,SUB-PHY,84.2,A,True,SCH-001
STU-2026-0156,EXM-0192,SUB-PHY,69.3,C,True,SCH-001
STU-2026-0157,EXM-0192,SUB-PHY,61.2,C,True,SCH-001
STU-2026-0158,EXM-0192,SUB-PHY,89.2,A,True,SCH-001
STU-2026-0159,EXM-0192,SUB-PHY,90.5,A+,True,SCH-001
STU-2026-0160,EXM-0192,SUB-PHY,50.7,D,True,SCH-001
STU-2026-0161,EXM-0192,SUB-PHY,78.5,B,True,SCH-001
STU-2026-0162,EXM-0192,SUB-PHY,67.9,C,True,SCH-001
STU-2026-0163,EXM-0192,SUB-PHY,77.9,B,True,SCH-001
STU-2026-0164,EXM-0192,SUB-PHY,79.6,B,True,SCH-001
STU-2026-0165,EXM-0192,SUB-PHY,70.0,B,True,SCH-001
STU-2026-0166,EXM-0192,SUB-PHY,58.8,D,True,SCH-001
STU-2026-0167,EXM-0192,SUB-PHY,93.4,A+,True,SCH-001
STU-2026-0168,EXM-0192,SUB-PHY,68.5,C,True,SCH-001
STU-2026-0169,EXM-0192,SUB-PHY,81.0,A,True,SCH-001
STU-2026-0170,EXM-0192,SUB-PHY,66.3,C,True,SCH-001
STU-2026-0171,EXM-0192,SUB-PHY,85.0,A,True,SCH-001
STU-2026-0172,EXM-0192,SUB-PHY,62.6,C,True,SCH-001
STU-2026-0173,EXM-0192,SUB-PHY,66.5,C,True,SCH-001
STU-2026-0174,EXM-0192,SUB-PHY,67.7,C,True,SCH-001
STU-2026-0175,EXM-0192,SUB-PHY,73.7,B,True,SCH-001
STU-2026-0176,EXM-0192,SUB-PHY,67.5,C,True,SCH-001
STU-2026-0177,EXM-0192,SUB-PHY,70.1,B,True,SCH-001
STU-2026-0178,EXM-0192,SUB-PHY,62.1,C,True,SCH-001
STU-2026-0179,EXM-0192,SUB-PHY,85.0,A,True,SCH-001
STU-2026-0180,EXM-0192,SUB-PHY,61.0,C,True,SCH-001
STU-2026-0181,EXM-0192,SUB-PHY,85.4,A,True,SCH-001
STU-2026-0182,EXM-0192,SUB-PHY,75.6,B,True,SCH-001
STU-2026-0183,EXM-0192,SUB-PHY,70.9,B,True,SCH-001
STU-2026-0184,EXM-0192,SUB-PHY,64.7,C,True,SCH-001
STU-2026-0185,EXM-0192,SUB-PHY,50.6,D,True,SCH-001
STU-2026-0186,EXM-0192,SUB-PHY,33.1,F,False,SCH-001
STU-2026-0187,EXM-0192,SUB-PHY,76.6,B,True,SCH-001
STU-2026-0188,EXM-0192,SUB-PHY,72.2,B,True,SCH-001
STU-2026-0189,EXM-0192,SUB-PHY,86.2,A,True,SCH-001
STU-2026-0190,EXM-0192,SUB-PHY,71.7,B,True,SCH-001
STU-2026-0191,EXM-0192,SUB-PHY,80.7,A,True,SCH-001
STU-2026-0192,EXM-0192,SUB-PHY,81.4,A,True,SCH-001
STU-2026-0193,EXM-0192,SUB-PHY,72.7,B,True,SCH-001
STU-2026-0194,EXM-0192,SUB-PHY,74.5,B,True,SCH-001
STU-2026-0195,EXM-0192,SUB-PHY,99.0,A+,True,SCH-001
STU-2026-0196,EXM-0192,SUB-PHY,66.2,C,True,SCH-001
STU-2026-0197,EXM-0192,SUB-PHY,74.2,B,True,SCH-001
STU-2026-0198,EXM-0192,SUB-PHY,79.5,B,True,SCH-001
STU-2026-0133,EXM-0193,SUB-CHEM,83.7,A,True,SCH-001
STU-2026-0134,EXM-0193,SUB-CHEM,87.3,A,True,SCH-001
STU-2026-0135,EXM-0193,SUB-CHEM,82.8,A,True,SCH-001
STU-2026-0136,EXM-0193,SUB-CHEM,84.7,A,True,SCH-001
STU-2026-0137,EXM-0193,SUB-CHEM,69.1,C,True,SCH-001
STU-2026-0138,EXM-0193,SUB-CHEM,79.7,B,True,SCH-001
STU-2026-0139,EXM-0193,SUB-CHEM,66.6,C,True,SCH-001
STU-2026-0140,EXM-0193,SUB-CHEM,67.3,C,True,SCH-001
STU-2026-0141,EXM-0193,SUB-CHEM,78.1,B,True,SCH-001
STU-2026-0142,EXM-0193,SUB-CHEM,72.5,B,True,SCH-001
STU-2026-0143,EXM-0193,SUB-CHEM,89.0,A,True,SCH-001
STU-2026-0144,EXM-0193,SUB-CHEM,73.3,B,True,SCH-001
STU-2026-0145,EXM-0193,SUB-CHEM,71.1,B,True,SCH-001
STU-2026-0146,EXM-0193,SUB-CHEM,56.3,D,True,SCH-001
STU-2026-0147,EXM-0193,SUB-CHEM,78.1,B,True,SCH-001
STU-2026-0148,EXM-0193,SUB-CHEM,79.1,B,True,SCH-001
STU-2026-0149,EXM-0193,SUB-CHEM,64.4,C,True,SCH-001
STU-2026-0150,EXM-0193,SUB-CHEM,85.0,A,True,SCH-001
STU-2026-0151,EXM-0193,SUB-CHEM,76.2,B,True,SCH-001
STU-2026-0152,EXM-0193,SUB-CHEM,77.4,B,True,SCH-001
STU-2026-0153,EXM-0193,SUB-CHEM,64.3,C,True,SCH-001
STU-2026-0154,EXM-0193,SUB-CHEM,71.7,B,True,SCH-001
STU-2026-0155,EXM-0193,SUB-CHEM,81.2,A,True,SCH-001
STU-2026-0156,EXM-0193,SUB-CHEM,77.3,B,True,SCH-001
STU-2026-0157,EXM-0193,SUB-CHEM,64.1,C,True,SCH-001
STU-2026-0158,EXM-0193,SUB-CHEM,82.0,A,True,SCH-001
STU-2026-0159,EXM-0193,SUB-CHEM,75.8,B,True,SCH-001
STU-2026-0160,EXM-0193,SUB-CHEM,56.4,D,True,SCH-001
STU-2026-0161,EXM-0193,SUB-CHEM,77.2,B,True,SCH-001
STU-2026-0162,EXM-0193,SUB-CHEM,71.2,B,True,SCH-001
STU-2026-0163,EXM-0193,SUB-CHEM,74.2,B,True,SCH-001
STU-2026-0164,EXM-0193,SUB-CHEM,77.0,B,True,SCH-001
STU-2026-0165,EXM-0193,SUB-CHEM,61.9,C,True,SCH-001
STU-2026-0166,EXM-0193,SUB-CHEM,77.7,B,True,SCH-001
STU-2026-0167,EXM-0193,SUB-CHEM,86.6,A,True,SCH-001
STU-2026-0168,EXM-0193,SUB-CHEM,79.2,B,True,SCH-001
STU-2026-0169,EXM-0193,SUB-CHEM,81.4,A,True,SCH-001
STU-2026-0170,EXM-0193,SUB-CHEM,61.9,C,True,SCH-001
STU-2026-0171,EXM-0193,SUB-CHEM,77.7,B,True,SCH-001
STU-2026-0172,EXM-0193,SUB-CHEM,67.2,C,True,SCH-001
STU-2026-0173,EXM-0193,SUB-CHEM,60.4,C,True,SCH-001
STU-2026-0174,EXM-0193,SUB-CHEM,64.1,C,True,SCH-001
STU-2026-0175,EXM-0193,SUB-CHEM,68.5,C,True,SCH-001
STU-2026-0176,EXM-0193,SUB-CHEM,66.8,C,True,SCH-001
STU-2026-0177,EXM-0193,SUB-CHEM,66.8,C,True,SCH-001
STU-2026-0178,EXM-0193,SUB-CHEM,74.4,B,True,SCH-001
STU-2026-0179,EXM-0193,SUB-CHEM,89.7,A,True,SCH-001
STU-2026-0180,EXM-0193,SUB-CHEM,54.5,D,True,SCH-001
STU-2026-0181,EXM-0193,SUB-CHEM,89.1,A,True,SCH-001
STU-2026-0182,EXM-0193,SUB-CHEM,64.6,C,True,SCH-001
STU-2026-0183,EXM-0193,SUB-CHEM,70.3,B,True,SCH-001
STU-2026-0184,EXM-0193,SUB-CHEM,82.8,A,True,SCH-001
STU-2026-0185,EXM-0193,SUB-CHEM,44.8,F,True,SCH-001
STU-2026-0186,EXM-0193,SUB-CHEM,47.5,F,True,SCH-001
STU-2026-0187,EXM-0193,SUB-CHEM,59.4,D,True,SCH-001
STU-2026-0188,EXM-0193,SUB-CHEM,70.0,B,True,SCH-001
STU-2026-0189,EXM-0193,SUB-CHEM,85.3,A,True,SCH-001
STU-2026-0190,EXM-0193,SUB-CHEM,68.5,C,True,SCH-001
STU-2026-0191,EXM-0193,SUB-CHEM,75.9,B,True,SCH-001
STU-2026-0192,EXM-0193,SUB-CHEM,84.2,A,True,SCH-001
STU-2026-0193,EXM-0193,SUB-CHEM,67.4,C,True,SCH-001
STU-2026-0194,EXM-0193,SUB-CHEM,76.7,B,True,SCH-001
STU-2026-0195,EXM-0193,SUB-CHEM,87.2,A,True,SCH-001
STU-2026-0196,EXM-0193,SUB-CHEM,49.7,F,True,SCH-001
STU-2026-0197,EXM-0193,SUB-CHEM,83.4,A,True,SCH-001
STU-2026-0198,EXM-0193,SUB-CHEM,85.6,A,True,SCH-001
STU-2026-0133,EXM-0194,SUB-ENG,71.4,B,True,SCH-001
STU-2026-0134,EXM-0194,SUB-ENG,92.5,A+,True,SCH-001
STU-2026-0135,EXM-0194,SUB-ENG,88.9,A,True,SCH-001
STU-2026-0136,EXM-0194,SUB-ENG,83.6,A,True,SCH-001
STU-2026-0137,EXM-0194,SUB-ENG,64.3,C,True,SCH-001
STU-2026-0138,EXM-0194,SUB-ENG,78.4,B,True,SCH-001
STU-2026-0139,EXM-0194,SUB-ENG,77.5,B,True,SCH-001
STU-2026-0140,EXM-0194,SUB-ENG,72.2,B,True,SCH-001
STU-2026-0141,EXM-0194,SUB-ENG,78.2,B,True,SCH-001
STU-2026-0142,EXM-0194,SUB-ENG,83.2,A,True,SCH-001
STU-2026-0143,EXM-0194,SUB-ENG,92.4,A+,True,SCH-001
STU-2026-0144,EXM-0194,SUB-ENG,83.3,A,True,SCH-001
STU-2026-0145,EXM-0194,SUB-ENG,70.2,B,True,SCH-001
STU-2026-0146,EXM-0194,SUB-ENG,61.0,C,True,SCH-001
STU-2026-0147,EXM-0194,SUB-ENG,93.8,A+,True,SCH-001
STU-2026-0148,EXM-0194,SUB-ENG,78.6,B,True,SCH-001
STU-2026-0149,EXM-0194,SUB-ENG,61.9,C,True,SCH-001
STU-2026-0150,EXM-0194,SUB-ENG,78.6,B,True,SCH-001
STU-2026-0151,EXM-0194,SUB-ENG,61.4,C,True,SCH-001
STU-2026-0152,EXM-0194,SUB-ENG,76.6,B,True,SCH-001
STU-2026-0153,EXM-0194,SUB-ENG,58.4,D,True,SCH-001
STU-2026-0154,EXM-0194,SUB-ENG,69.8,C,True,SCH-001
STU-2026-0155,EXM-0194,SUB-ENG,78.2,B,True,SCH-001
STU-2026-0156,EXM-0194,SUB-ENG,73.2,B,True,SCH-001
STU-2026-0157,EXM-0194,SUB-ENG,76.5,B,True,SCH-001
STU-2026-0158,EXM-0194,SUB-ENG,80.7,A,True,SCH-001
STU-2026-0159,EXM-0194,SUB-ENG,88.9,A,True,SCH-001
STU-2026-0160,EXM-0194,SUB-ENG,51.9,D,True,SCH-001
STU-2026-0161,EXM-0194,SUB-ENG,88.4,A,True,SCH-001
STU-2026-0162,EXM-0194,SUB-ENG,73.9,B,True,SCH-001
STU-2026-0163,EXM-0194,SUB-ENG,77.8,B,True,SCH-001
STU-2026-0164,EXM-0194,SUB-ENG,73.1,B,True,SCH-001
STU-2026-0165,EXM-0194,SUB-ENG,60.7,C,True,SCH-001
STU-2026-0166,EXM-0194,SUB-ENG,64.6,C,True,SCH-001
STU-2026-0167,EXM-0194,SUB-ENG,88.8,A,True,SCH-001
STU-2026-0168,EXM-0194,SUB-ENG,80.1,A,True,SCH-001
STU-2026-0169,EXM-0194,SUB-ENG,87.5,A,True,SCH-001
STU-2026-0170,EXM-0194,SUB-ENG,74.5,B,True,SCH-001
STU-2026-0171,EXM-0194,SUB-ENG,75.3,B,True,SCH-001
STU-2026-0172,EXM-0194,SUB-ENG,74.9,B,True,SCH-001
STU-2026-0173,EXM-0194,SUB-ENG,61.6,C,True,SCH-001
STU-2026-0174,EXM-0194,SUB-ENG,81.3,A,True,SCH-001
STU-2026-0175,EXM-0194,SUB-ENG,84.6,A,True,SCH-001
STU-2026-0176,EXM-0194,SUB-ENG,78.1,B,True,SCH-001
STU-2026-0177,EXM-0194,SUB-ENG,62.2,C,True,SCH-001
STU-2026-0178,EXM-0194,SUB-ENG,77.2,B,True,SCH-001
STU-2026-0179,EXM-0194,SUB-ENG,79.0,B,True,SCH-001
STU-2026-0180,EXM-0194,SUB-ENG,65.5,C,True,SCH-001
STU-2026-0181,EXM-0194,SUB-ENG,83.4,A,True,SCH-001
STU-2026-0182,EXM-0194,SUB-ENG,62.0,C,True,SCH-001
STU-2026-0183,EXM-0194,SUB-ENG,80.6,A,True,SCH-001
STU-2026-0184,EXM-0194,SUB-ENG,67.8,C,True,SCH-001
STU-2026-0185,EXM-0194,SUB-ENG,58.7,D,True,SCH-001
STU-2026-0186,EXM-0194,SUB-ENG,35.3,F,True,SCH-001
STU-2026-0187,EXM-0194,SUB-ENG,63.9,C,True,SCH-001
STU-2026-0188,EXM-0194,SUB-ENG,73.0,B,True,SCH-001
STU-2026-0189,EXM-0194,SUB-ENG,92.5,A+,True,SCH-001
STU-2026-0190,EXM-0194,SUB-ENG,82.1,A,True,SCH-001
STU-2026-0191,EXM-0194,SUB-ENG,73.9,B,True,SCH-001
STU-2026-0192,EXM-0194,SUB-ENG,86.4,A,True,SCH-001
STU-2026-0193,EXM-0194,SUB-ENG,71.4,B,True,SCH-001
STU-2026-0194,EXM-0194,SUB-ENG,79.2,B,True,SCH-001
STU-2026-0195,EXM-0194,SUB-ENG,89.9,A,True,SCH-001
STU-2026-0196,EXM-0194,SUB-ENG,69.6,C,True,SCH-001
STU-2026-0197,EXM-0194,SUB-ENG,70.4,B,True,SCH-001
STU-2026-0198,EXM-0194,SUB-ENG,89.7,A,True,SCH-001
STU-2026-0133,EXM-0195,SUB-HIST,71.4,B,True,SCH-001
STU-2026-0134,EXM-0195,SUB-HIST,83.5,A,True,SCH-001
STU-2026-0135,EXM-0195,SUB-HIST,92.3,A+,True,SCH-001
STU-2026-0136,EXM-0195,SUB-HIST,97.1,A+,True,SCH-001
STU-2026-0137,EXM-0195,SUB-HIST,69.2,C,True,SCH-001
STU-2026-0138,EXM-0195,SUB-HIST,92.9,A+,True,SCH-001
STU-2026-0139,EXM-0195,SUB-HIST,62.2,C,True,SCH-001
STU-2026-0140,EXM-0195,SUB-HIST,82.5,A,True,SCH-001
STU-2026-0141,EXM-0195,SUB-HIST,71.7,B,True,SCH-001
STU-2026-0142,EXM-0195,SUB-HIST,62.6,C,True,SCH-001
STU-2026-0143,EXM-0195,SUB-HIST,97.7,A+,True,SCH-001
STU-2026-0144,EXM-0195,SUB-HIST,73.5,B,True,SCH-001
STU-2026-0145,EXM-0195,SUB-HIST,72.1,B,True,SCH-001
STU-2026-0146,EXM-0195,SUB-HIST,49.0,F,True,SCH-001
STU-2026-0147,EXM-0195,SUB-HIST,83.7,A,True,SCH-001
STU-2026-0148,EXM-0195,SUB-HIST,84.2,A,True,SCH-001
STU-2026-0149,EXM-0195,SUB-HIST,63.7,C,True,SCH-001
STU-2026-0150,EXM-0195,SUB-HIST,61.9,C,True,SCH-001
STU-2026-0151,EXM-0195,SUB-HIST,66.8,C,True,SCH-001
STU-2026-0152,EXM-0195,SUB-HIST,70.0,B,True,SCH-001
STU-2026-0153,EXM-0195,SUB-HIST,65.0,C,True,SCH-001
STU-2026-0154,EXM-0195,SUB-HIST,83.8,A,True,SCH-001
STU-2026-0155,EXM-0195,SUB-HIST,94.9,A+,True,SCH-001
STU-2026-0156,EXM-0195,SUB-HIST,59.6,D,True,SCH-001
STU-2026-0157,EXM-0195,SUB-HIST,63.9,C,True,SCH-001
STU-2026-0158,EXM-0195,SUB-HIST,93.0,A+,True,SCH-001
STU-2026-0159,EXM-0195,SUB-HIST,71.8,B,True,SCH-001
STU-2026-0160,EXM-0195,SUB-HIST,58.0,D,True,SCH-001
STU-2026-0161,EXM-0195,SUB-HIST,74.9,B,True,SCH-001
STU-2026-0162,EXM-0195,SUB-HIST,67.3,C,True,SCH-001
STU-2026-0163,EXM-0195,SUB-HIST,78.6,B,True,SCH-001
STU-2026-0164,EXM-0195,SUB-HIST,71.0,B,True,SCH-001
STU-2026-0165,EXM-0195,SUB-HIST,60.9,C,True,SCH-001
STU-2026-0166,EXM-0195,SUB-HIST,74.5,B,True,SCH-001
STU-2026-0167,EXM-0195,SUB-HIST,88.7,A,True,SCH-001
STU-2026-0168,EXM-0195,SUB-HIST,92.1,A+,True,SCH-001
STU-2026-0169,EXM-0195,SUB-HIST,82.8,A,True,SCH-001
STU-2026-0170,EXM-0195,SUB-HIST,69.8,C,True,SCH-001
STU-2026-0171,EXM-0195,SUB-HIST,67.7,C,True,SCH-001
STU-2026-0172,EXM-0195,SUB-HIST,61.8,C,True,SCH-001
STU-2026-0173,EXM-0195,SUB-HIST,60.6,C,True,SCH-001
STU-2026-0174,EXM-0195,SUB-HIST,74.6,B,True,SCH-001
STU-2026-0175,EXM-0195,SUB-HIST,76.9,B,True,SCH-001
STU-2026-0176,EXM-0195,SUB-HIST,73.2,B,True,SCH-001
STU-2026-0177,EXM-0195,SUB-HIST,67.7,C,True,SCH-001
STU-2026-0178,EXM-0195,SUB-HIST,72.9,B,True,SCH-001
STU-2026-0179,EXM-0195,SUB-HIST,81.2,A,True,SCH-001
STU-2026-0180,EXM-0195,SUB-HIST,62.2,C,True,SCH-001
STU-2026-0181,EXM-0195,SUB-HIST,81.7,A,True,SCH-001
STU-2026-0182,EXM-0195,SUB-HIST,68.6,C,True,SCH-001
STU-2026-0183,EXM-0195,SUB-HIST,90.5,A+,True,SCH-001
STU-2026-0184,EXM-0195,SUB-HIST,72.8,B,True,SCH-001
STU-2026-0185,EXM-0195,SUB-HIST,45.1,F,True,SCH-001
STU-2026-0186,EXM-0195,SUB-HIST,40.4,F,True,SCH-001
STU-2026-0187,EXM-0195,SUB-HIST,82.4,A,True,SCH-001
STU-2026-0188,EXM-0195,SUB-HIST,81.4,A,True,SCH-001
STU-2026-0189,EXM-0195,SUB-HIST,96.9,A+,True,SCH-001
STU-2026-0190,EXM-0195,SUB-HIST,80.7,A,True,SCH-001
STU-2026-0191,EXM-0195,SUB-HIST,68.6,C,True,SCH-001
STU-2026-0192,EXM-0195,SUB-HIST,81.0,A,True,SCH-001
STU-2026-0193,EXM-0195,SUB-HIST,75.0,B,True,SCH-001
STU-2026-0194,EXM-0195,SUB-HIST,65.2,C,True,SCH-001
STU-2026-0195,EXM-0195,SUB-HIST,92.7,A+,True,SCH-001
STU-2026-0196,EXM-0195,SUB-HIST,58.6,D,True,SCH-001
STU-2026-0197,EXM-0195,SUB-HIST,75.7,B,True,SCH-001
STU-2026-0198,EXM-0195,SUB-HIST,89.6,A,True,SCH-001
STU-2026-0199,EXM-0196,SUB-MATH,74.1,B,True,SCH-001
STU-2026-0200,EXM-0196,SUB-MATH,88.0,A,True,SCH-001
STU-2026-0201,EXM-0196,SUB-MATH,87.5,A,True,SCH-001
STU-2026-0202,EXM-0196,SUB-MATH,80.6,A,True,SCH-001
STU-2026-0203,EXM-0196,SUB-MATH,77.6,B,True,SCH-001
STU-2026-0204,EXM-0196,SUB-MATH,87.8,A,True,SCH-001
STU-2026-0205,EXM-0196,SUB-MATH,74.3,B,True,SCH-001
STU-2026-0206,EXM-0196,SUB-MATH,62.1,C,True,SCH-001
STU-2026-0207,EXM-0196,SUB-MATH,72.4,B,True,SCH-001
STU-2026-0208,EXM-0196,SUB-MATH,80.4,A,True,SCH-001
STU-2026-0209,EXM-0196,SUB-MATH,79.2,B,True,SCH-001
STU-2026-0210,EXM-0196,SUB-MATH,37.5,F,True,SCH-001
STU-2026-0211,EXM-0196,SUB-MATH,71.7,B,True,SCH-001
STU-2026-0212,EXM-0196,SUB-MATH,75.4,B,True,SCH-001
STU-2026-0213,EXM-0196,SUB-MATH,63.9,C,True,SCH-001
STU-2026-0214,EXM-0196,SUB-MATH,83.5,A,True,SCH-001
STU-2026-0215,EXM-0196,SUB-MATH,93.7,A+,True,SCH-001
STU-2026-0216,EXM-0196,SUB-MATH,69.0,C,True,SCH-001
STU-2026-0217,EXM-0196,SUB-MATH,81.0,A,True,SCH-001
STU-2026-0218,EXM-0196,SUB-MATH,90.5,A+,True,SCH-001
STU-2026-0219,EXM-0196,SUB-MATH,69.3,C,True,SCH-001
STU-2026-0220,EXM-0196,SUB-MATH,81.3,A,True,SCH-001
STU-2026-0221,EXM-0196,SUB-MATH,15.2,F,False,SCH-001
STU-2026-0222,EXM-0196,SUB-MATH,78.0,B,True,SCH-001
STU-2026-0223,EXM-0196,SUB-MATH,72.2,B,True,SCH-001
STU-2026-0224,EXM-0196,SUB-MATH,67.4,C,True,SCH-001
STU-2026-0225,EXM-0196,SUB-MATH,93.8,A+,True,SCH-001
STU-2026-0226,EXM-0196,SUB-MATH,90.7,A+,True,SCH-001
STU-2026-0227,EXM-0196,SUB-MATH,78.5,B,True,SCH-001
STU-2026-0228,EXM-0196,SUB-MATH,84.9,A,True,SCH-001
STU-2026-0229,EXM-0196,SUB-MATH,81.4,A,True,SCH-001
STU-2026-0230,EXM-0196,SUB-MATH,29.4,F,False,SCH-001
STU-2026-0231,EXM-0196,SUB-MATH,66.4,C,True,SCH-001
STU-2026-0232,EXM-0196,SUB-MATH,80.9,A,True,SCH-001
STU-2026-0233,EXM-0196,SUB-MATH,88.4,A,True,SCH-001
STU-2026-0234,EXM-0196,SUB-MATH,62.7,C,True,SCH-001
STU-2026-0235,EXM-0196,SUB-MATH,70.6,B,True,SCH-001
STU-2026-0236,EXM-0196,SUB-MATH,74.9,B,True,SCH-001
STU-2026-0237,EXM-0196,SUB-MATH,65.6,C,True,SCH-001
STU-2026-0238,EXM-0196,SUB-MATH,66.0,C,True,SCH-001
STU-2026-0239,EXM-0196,SUB-MATH,70.4,B,True,SCH-001
STU-2026-0240,EXM-0196,SUB-MATH,73.1,B,True,SCH-001
STU-2026-0241,EXM-0196,SUB-MATH,93.0,A+,True,SCH-001
STU-2026-0242,EXM-0196,SUB-MATH,97.6,A+,True,SCH-001
STU-2026-0243,EXM-0196,SUB-MATH,54.5,D,True,SCH-001
STU-2026-0244,EXM-0196,SUB-MATH,68.4,C,True,SCH-001
STU-2026-0245,EXM-0196,SUB-MATH,20.0,F,False,SCH-001
STU-2026-0246,EXM-0196,SUB-MATH,23.8,F,False,SCH-001
STU-2026-0247,EXM-0196,SUB-MATH,92.5,A+,True,SCH-001
STU-2026-0248,EXM-0196,SUB-MATH,64.5,C,True,SCH-001
STU-2026-0249,EXM-0196,SUB-MATH,45.8,F,True,SCH-001
STU-2026-0250,EXM-0196,SUB-MATH,74.6,B,True,SCH-001
STU-2026-0251,EXM-0196,SUB-MATH,27.0,F,False,SCH-001
STU-2026-0252,EXM-0196,SUB-MATH,73.8,B,True,SCH-001
STU-2026-0253,EXM-0196,SUB-MATH,22.9,F,False,SCH-001
STU-2026-0254,EXM-0196,SUB-MATH,76.4,B,True,SCH-001
STU-2026-0255,EXM-0196,SUB-MATH,89.2,A,True,SCH-001
STU-2026-0256,EXM-0196,SUB-MATH,71.6,B,True,SCH-001
STU-2026-0257,EXM-0196,SUB-MATH,84.6,A,True,SCH-001
STU-2026-0258,EXM-0196,SUB-MATH,49.8,F,True,SCH-001
STU-2026-0259,EXM-0196,SUB-MATH,94.3,A+,True,SCH-001
STU-2026-0260,EXM-0196,SUB-MATH,79.5,B,True,SCH-001
STU-2026-0261,EXM-0196,SUB-MATH,88.5,A,True,SCH-001
STU-2026-0262,EXM-0196,SUB-MATH,73.7,B,True,SCH-001
STU-2026-0263,EXM-0196,SUB-MATH,57.4,D,True,SCH-001
STU-2026-0264,EXM-0196,SUB-MATH,78.9,B,True,SCH-001
STU-2026-0199,EXM-0197,SUB-PHY,70.5,B,True,SCH-001
STU-2026-0200,EXM-0197,SUB-PHY,94.5,A+,True,SCH-001
STU-2026-0201,EXM-0197,SUB-PHY,94.0,A+,True,SCH-001
STU-2026-0202,EXM-0197,SUB-PHY,74.5,B,True,SCH-001
STU-2026-0203,EXM-0197,SUB-PHY,74.1,B,True,SCH-001
STU-2026-0204,EXM-0197,SUB-PHY,81.6,A,True,SCH-001
STU-2026-0205,EXM-0197,SUB-PHY,70.6,B,True,SCH-001
STU-2026-0206,EXM-0197,SUB-PHY,49.4,F,True,SCH-001
STU-2026-0207,EXM-0197,SUB-PHY,74.3,B,True,SCH-001
STU-2026-0208,EXM-0197,SUB-PHY,93.1,A+,True,SCH-001
STU-2026-0209,EXM-0197,SUB-PHY,76.1,B,True,SCH-001
STU-2026-0210,EXM-0197,SUB-PHY,34.7,F,False,SCH-001
STU-2026-0211,EXM-0197,SUB-PHY,71.6,B,True,SCH-001
STU-2026-0212,EXM-0197,SUB-PHY,71.7,B,True,SCH-001
STU-2026-0213,EXM-0197,SUB-PHY,65.3,C,True,SCH-001
STU-2026-0214,EXM-0197,SUB-PHY,89.5,A,True,SCH-001
STU-2026-0215,EXM-0197,SUB-PHY,74.7,B,True,SCH-001
STU-2026-0216,EXM-0197,SUB-PHY,90.3,A+,True,SCH-001
STU-2026-0217,EXM-0197,SUB-PHY,76.3,B,True,SCH-001
STU-2026-0218,EXM-0197,SUB-PHY,90.6,A+,True,SCH-001
STU-2026-0219,EXM-0197,SUB-PHY,72.3,B,True,SCH-001
STU-2026-0220,EXM-0197,SUB-PHY,87.3,A,True,SCH-001
STU-2026-0221,EXM-0197,SUB-PHY,24.0,F,False,SCH-001
STU-2026-0222,EXM-0197,SUB-PHY,63.2,C,True,SCH-001
STU-2026-0223,EXM-0197,SUB-PHY,69.1,C,True,SCH-001
STU-2026-0224,EXM-0197,SUB-PHY,74.2,B,True,SCH-001
STU-2026-0225,EXM-0197,SUB-PHY,92.3,A+,True,SCH-001
STU-2026-0226,EXM-0197,SUB-PHY,89.5,A,True,SCH-001
STU-2026-0227,EXM-0197,SUB-PHY,77.0,B,True,SCH-001
STU-2026-0228,EXM-0197,SUB-PHY,81.3,A,True,SCH-001
STU-2026-0229,EXM-0197,SUB-PHY,84.8,A,True,SCH-001
STU-2026-0230,EXM-0197,SUB-PHY,42.2,F,True,SCH-001
STU-2026-0231,EXM-0197,SUB-PHY,74.9,B,True,SCH-001
STU-2026-0232,EXM-0197,SUB-PHY,78.2,B,True,SCH-001
STU-2026-0233,EXM-0197,SUB-PHY,74.3,B,True,SCH-001
STU-2026-0234,EXM-0197,SUB-PHY,72.8,B,True,SCH-001
STU-2026-0235,EXM-0197,SUB-PHY,82.1,A,True,SCH-001
STU-2026-0236,EXM-0197,SUB-PHY,66.0,C,True,SCH-001
STU-2026-0237,EXM-0197,SUB-PHY,76.2,B,True,SCH-001
STU-2026-0238,EXM-0197,SUB-PHY,77.1,B,True,SCH-001
STU-2026-0239,EXM-0197,SUB-PHY,62.6,C,True,SCH-001
STU-2026-0240,EXM-0197,SUB-PHY,90.6,A+,True,SCH-001
STU-2026-0241,EXM-0197,SUB-PHY,94.6,A+,True,SCH-001
STU-2026-0242,EXM-0197,SUB-PHY,97.8,A+,True,SCH-001
STU-2026-0243,EXM-0197,SUB-PHY,62.3,C,True,SCH-001
STU-2026-0244,EXM-0197,SUB-PHY,86.9,A,True,SCH-001
STU-2026-0245,EXM-0197,SUB-PHY,15.0,F,False,SCH-001
STU-2026-0246,EXM-0197,SUB-PHY,15.0,F,False,SCH-001
STU-2026-0247,EXM-0197,SUB-PHY,86.3,A,True,SCH-001
STU-2026-0248,EXM-0197,SUB-PHY,76.3,B,True,SCH-001
STU-2026-0249,EXM-0197,SUB-PHY,37.4,F,True,SCH-001
STU-2026-0250,EXM-0197,SUB-PHY,78.9,B,True,SCH-001
STU-2026-0251,EXM-0197,SUB-PHY,15.0,F,False,SCH-001
STU-2026-0252,EXM-0197,SUB-PHY,65.8,C,True,SCH-001
STU-2026-0253,EXM-0197,SUB-PHY,15.0,F,False,SCH-001
STU-2026-0254,EXM-0197,SUB-PHY,71.7,B,True,SCH-001
STU-2026-0255,EXM-0197,SUB-PHY,82.8,A,True,SCH-001
STU-2026-0256,EXM-0197,SUB-PHY,67.2,C,True,SCH-001
STU-2026-0257,EXM-0197,SUB-PHY,79.6,B,True,SCH-001
STU-2026-0258,EXM-0197,SUB-PHY,49.8,F,True,SCH-001
STU-2026-0259,EXM-0197,SUB-PHY,84.5,A,True,SCH-001
STU-2026-0260,EXM-0197,SUB-PHY,77.6,B,True,SCH-001
STU-2026-0261,EXM-0197,SUB-PHY,95.6,A+,True,SCH-001
STU-2026-0262,EXM-0197,SUB-PHY,68.7,C,True,SCH-001
STU-2026-0263,EXM-0197,SUB-PHY,51.3,D,True,SCH-001
STU-2026-0264,EXM-0197,SUB-PHY,79.4,B,True,SCH-001
STU-2026-0199,EXM-0198,SUB-CHEM,76.9,B,True,SCH-001
STU-2026-0200,EXM-0198,SUB-CHEM,99.0,A+,True,SCH-001
STU-2026-0201,EXM-0198,SUB-CHEM,86.4,A,True,SCH-001
STU-2026-0202,EXM-0198,SUB-CHEM,70.9,B,True,SCH-001
STU-2026-0203,EXM-0198,SUB-CHEM,85.3,A,True,SCH-001
STU-2026-0204,EXM-0198,SUB-CHEM,86.3,A,True,SCH-001
STU-2026-0205,EXM-0198,SUB-CHEM,65.5,C,True,SCH-001
STU-2026-0206,EXM-0198,SUB-CHEM,60.9,C,True,SCH-001
STU-2026-0207,EXM-0198,SUB-CHEM,76.0,B,True,SCH-001
STU-2026-0208,EXM-0198,SUB-CHEM,82.7,A,True,SCH-001
STU-2026-0209,EXM-0198,SUB-CHEM,73.4,B,True,SCH-001
STU-2026-0210,EXM-0198,SUB-CHEM,42.3,F,True,SCH-001
STU-2026-0211,EXM-0198,SUB-CHEM,75.4,B,True,SCH-001
STU-2026-0212,EXM-0198,SUB-CHEM,63.6,C,True,SCH-001
STU-2026-0213,EXM-0198,SUB-CHEM,63.9,C,True,SCH-001
STU-2026-0214,EXM-0198,SUB-CHEM,88.2,A,True,SCH-001
STU-2026-0215,EXM-0198,SUB-CHEM,86.4,A,True,SCH-001
STU-2026-0216,EXM-0198,SUB-CHEM,70.4,B,True,SCH-001
STU-2026-0217,EXM-0198,SUB-CHEM,73.1,B,True,SCH-001
STU-2026-0218,EXM-0198,SUB-CHEM,99.0,A+,True,SCH-001
STU-2026-0219,EXM-0198,SUB-CHEM,60.7,C,True,SCH-001
STU-2026-0220,EXM-0198,SUB-CHEM,81.2,A,True,SCH-001
STU-2026-0221,EXM-0198,SUB-CHEM,15.0,F,False,SCH-001
STU-2026-0222,EXM-0198,SUB-CHEM,66.9,C,True,SCH-001
STU-2026-0223,EXM-0198,SUB-CHEM,69.1,C,True,SCH-001
STU-2026-0224,EXM-0198,SUB-CHEM,70.4,B,True,SCH-001
STU-2026-0225,EXM-0198,SUB-CHEM,97.5,A+,True,SCH-001
STU-2026-0226,EXM-0198,SUB-CHEM,84.9,A,True,SCH-001
STU-2026-0227,EXM-0198,SUB-CHEM,83.1,A,True,SCH-001
STU-2026-0228,EXM-0198,SUB-CHEM,73.8,B,True,SCH-001
STU-2026-0229,EXM-0198,SUB-CHEM,93.3,A+,True,SCH-001
STU-2026-0230,EXM-0198,SUB-CHEM,37.2,F,True,SCH-001
STU-2026-0231,EXM-0198,SUB-CHEM,66.1,C,True,SCH-001
STU-2026-0232,EXM-0198,SUB-CHEM,83.9,A,True,SCH-001
STU-2026-0233,EXM-0198,SUB-CHEM,68.1,C,True,SCH-001
STU-2026-0234,EXM-0198,SUB-CHEM,63.5,C,True,SCH-001
STU-2026-0235,EXM-0198,SUB-CHEM,75.9,B,True,SCH-001
STU-2026-0236,EXM-0198,SUB-CHEM,76.3,B,True,SCH-001
STU-2026-0237,EXM-0198,SUB-CHEM,71.7,B,True,SCH-001
STU-2026-0238,EXM-0198,SUB-CHEM,79.1,B,True,SCH-001
STU-2026-0239,EXM-0198,SUB-CHEM,81.8,A,True,SCH-001
STU-2026-0240,EXM-0198,SUB-CHEM,84.9,A,True,SCH-001
STU-2026-0241,EXM-0198,SUB-CHEM,93.8,A+,True,SCH-001
STU-2026-0242,EXM-0198,SUB-CHEM,99.0,A+,True,SCH-001
STU-2026-0243,EXM-0198,SUB-CHEM,69.1,C,True,SCH-001
STU-2026-0244,EXM-0198,SUB-CHEM,73.0,B,True,SCH-001
STU-2026-0245,EXM-0198,SUB-CHEM,16.8,F,False,SCH-001
STU-2026-0246,EXM-0198,SUB-CHEM,19.4,F,False,SCH-001
STU-2026-0247,EXM-0198,SUB-CHEM,97.7,A+,True,SCH-001
STU-2026-0248,EXM-0198,SUB-CHEM,77.8,B,True,SCH-001
STU-2026-0249,EXM-0198,SUB-CHEM,41.2,F,True,SCH-001
STU-2026-0250,EXM-0198,SUB-CHEM,62.1,C,True,SCH-001
STU-2026-0251,EXM-0198,SUB-CHEM,15.0,F,False,SCH-001
STU-2026-0252,EXM-0198,SUB-CHEM,70.6,B,True,SCH-001
STU-2026-0253,EXM-0198,SUB-CHEM,15.0,F,False,SCH-001
STU-2026-0254,EXM-0198,SUB-CHEM,72.8,B,True,SCH-001
STU-2026-0255,EXM-0198,SUB-CHEM,87.6,A,True,SCH-001
STU-2026-0256,EXM-0198,SUB-CHEM,69.6,C,True,SCH-001
STU-2026-0257,EXM-0198,SUB-CHEM,81.7,A,True,SCH-001
STU-2026-0258,EXM-0198,SUB-CHEM,49.4,F,True,SCH-001
STU-2026-0259,EXM-0198,SUB-CHEM,82.4,A,True,SCH-001
STU-2026-0260,EXM-0198,SUB-CHEM,93.7,A+,True,SCH-001
STU-2026-0261,EXM-0198,SUB-CHEM,90.9,A+,True,SCH-001
STU-2026-0262,EXM-0198,SUB-CHEM,79.7,B,True,SCH-001
STU-2026-0263,EXM-0198,SUB-CHEM,50.4,D,True,SCH-001
STU-2026-0264,EXM-0198,SUB-CHEM,85.1,A,True,SCH-001
STU-2026-0199,EXM-0199,SUB-ENG,78.7,B,True,SCH-001
STU-2026-0200,EXM-0199,SUB-ENG,82.5,A,True,SCH-001
STU-2026-0201,EXM-0199,SUB-ENG,93.3,A+,True,SCH-001
STU-2026-0202,EXM-0199,SUB-ENG,75.2,B,True,SCH-001
STU-2026-0203,EXM-0199,SUB-ENG,80.3,A,True,SCH-001
STU-2026-0204,EXM-0199,SUB-ENG,66.1,C,True,SCH-001
STU-2026-0205,EXM-0199,SUB-ENG,70.8,B,True,SCH-001
STU-2026-0206,EXM-0199,SUB-ENG,54.8,D,True,SCH-001
STU-2026-0207,EXM-0199,SUB-ENG,76.7,B,True,SCH-001
STU-2026-0208,EXM-0199,SUB-ENG,76.5,B,True,SCH-001
STU-2026-0209,EXM-0199,SUB-ENG,89.3,A,True,SCH-001
STU-2026-0210,EXM-0199,SUB-ENG,37.1,F,True,SCH-001
STU-2026-0211,EXM-0199,SUB-ENG,80.3,A,True,SCH-001
STU-2026-0212,EXM-0199,SUB-ENG,73.9,B,True,SCH-001
STU-2026-0213,EXM-0199,SUB-ENG,77.4,B,True,SCH-001
STU-2026-0214,EXM-0199,SUB-ENG,95.3,A+,True,SCH-001
STU-2026-0215,EXM-0199,SUB-ENG,81.7,A,True,SCH-001
STU-2026-0216,EXM-0199,SUB-ENG,72.6,B,True,SCH-001
STU-2026-0217,EXM-0199,SUB-ENG,79.5,B,True,SCH-001
STU-2026-0218,EXM-0199,SUB-ENG,83.9,A,True,SCH-001
STU-2026-0219,EXM-0199,SUB-ENG,63.1,C,True,SCH-001
STU-2026-0220,EXM-0199,SUB-ENG,78.2,B,True,SCH-001
STU-2026-0221,EXM-0199,SUB-ENG,21.7,F,False,SCH-001
STU-2026-0222,EXM-0199,SUB-ENG,65.8,C,True,SCH-001
STU-2026-0223,EXM-0199,SUB-ENG,63.4,C,True,SCH-001
STU-2026-0224,EXM-0199,SUB-ENG,75.6,B,True,SCH-001
STU-2026-0225,EXM-0199,SUB-ENG,95.9,A+,True,SCH-001
STU-2026-0226,EXM-0199,SUB-ENG,87.3,A,True,SCH-001
STU-2026-0227,EXM-0199,SUB-ENG,74.0,B,True,SCH-001
STU-2026-0228,EXM-0199,SUB-ENG,84.8,A,True,SCH-001
STU-2026-0229,EXM-0199,SUB-ENG,89.7,A,True,SCH-001
STU-2026-0230,EXM-0199,SUB-ENG,31.7,F,False,SCH-001
STU-2026-0231,EXM-0199,SUB-ENG,66.4,C,True,SCH-001
STU-2026-0232,EXM-0199,SUB-ENG,87.2,A,True,SCH-001
STU-2026-0233,EXM-0199,SUB-ENG,89.0,A,True,SCH-001
STU-2026-0234,EXM-0199,SUB-ENG,63.4,C,True,SCH-001
STU-2026-0235,EXM-0199,SUB-ENG,69.3,C,True,SCH-001
STU-2026-0236,EXM-0199,SUB-ENG,82.0,A,True,SCH-001
STU-2026-0237,EXM-0199,SUB-ENG,63.5,C,True,SCH-001
STU-2026-0238,EXM-0199,SUB-ENG,72.7,B,True,SCH-001
STU-2026-0239,EXM-0199,SUB-ENG,62.2,C,True,SCH-001
STU-2026-0240,EXM-0199,SUB-ENG,68.7,C,True,SCH-001
STU-2026-0241,EXM-0199,SUB-ENG,97.9,A+,True,SCH-001
STU-2026-0242,EXM-0199,SUB-ENG,96.4,A+,True,SCH-001
STU-2026-0243,EXM-0199,SUB-ENG,64.6,C,True,SCH-001
STU-2026-0244,EXM-0199,SUB-ENG,84.5,A,True,SCH-001
STU-2026-0245,EXM-0199,SUB-ENG,15.0,F,False,SCH-001
STU-2026-0246,EXM-0199,SUB-ENG,28.0,F,False,SCH-001
STU-2026-0247,EXM-0199,SUB-ENG,92.8,A+,True,SCH-001
STU-2026-0248,EXM-0199,SUB-ENG,68.1,C,True,SCH-001
STU-2026-0249,EXM-0199,SUB-ENG,35.1,F,True,SCH-001
STU-2026-0250,EXM-0199,SUB-ENG,66.7,C,True,SCH-001
STU-2026-0251,EXM-0199,SUB-ENG,21.9,F,False,SCH-001
STU-2026-0252,EXM-0199,SUB-ENG,70.0,B,True,SCH-001
STU-2026-0253,EXM-0199,SUB-ENG,15.0,F,False,SCH-001
STU-2026-0254,EXM-0199,SUB-ENG,88.4,A,True,SCH-001
STU-2026-0255,EXM-0199,SUB-ENG,89.2,A,True,SCH-001
STU-2026-0256,EXM-0199,SUB-ENG,64.5,C,True,SCH-001
STU-2026-0257,EXM-0199,SUB-ENG,81.9,A,True,SCH-001
STU-2026-0258,EXM-0199,SUB-ENG,46.3,F,True,SCH-001
STU-2026-0259,EXM-0199,SUB-ENG,76.5,B,True,SCH-001
STU-2026-0260,EXM-0199,SUB-ENG,84.5,A,True,SCH-001
STU-2026-0261,EXM-0199,SUB-ENG,95.8,A+,True,SCH-001
STU-2026-0262,EXM-0199,SUB-ENG,82.2,A,True,SCH-001
STU-2026-0263,EXM-0199,SUB-ENG,42.5,F,True,SCH-001
STU-2026-0264,EXM-0199,SUB-ENG,76.1,B,True,SCH-001
STU-2026-0199,EXM-0200,SUB-HIST,82.5,A,True,SCH-001
STU-2026-0200,EXM-0200,SUB-HIST,89.8,A,True,SCH-001
STU-2026-0201,EXM-0200,SUB-HIST,87.3,A,True,SCH-001
STU-2026-0202,EXM-0200,SUB-HIST,65.4,C,True,SCH-001
STU-2026-0203,EXM-0200,SUB-HIST,81.9,A,True,SCH-001
STU-2026-0204,EXM-0200,SUB-HIST,87.1,A,True,SCH-001
STU-2026-0205,EXM-0200,SUB-HIST,75.7,B,True,SCH-001
STU-2026-0206,EXM-0200,SUB-HIST,66.1,C,True,SCH-001
STU-2026-0207,EXM-0200,SUB-HIST,74.7,B,True,SCH-001
STU-2026-0208,EXM-0200,SUB-HIST,82.5,A,True,SCH-001
STU-2026-0209,EXM-0200,SUB-HIST,77.3,B,True,SCH-001
STU-2026-0210,EXM-0200,SUB-HIST,32.9,F,False,SCH-001
STU-2026-0211,EXM-0200,SUB-HIST,69.7,C,True,SCH-001
STU-2026-0212,EXM-0200,SUB-HIST,64.9,C,True,SCH-001
STU-2026-0213,EXM-0200,SUB-HIST,57.9,D,True,SCH-001
STU-2026-0214,EXM-0200,SUB-HIST,98.5,A+,True,SCH-001
STU-2026-0215,EXM-0200,SUB-HIST,89.5,A,True,SCH-001
STU-2026-0216,EXM-0200,SUB-HIST,86.9,A,True,SCH-001
STU-2026-0217,EXM-0200,SUB-HIST,76.7,B,True,SCH-001
STU-2026-0218,EXM-0200,SUB-HIST,88.5,A,True,SCH-001
STU-2026-0219,EXM-0200,SUB-HIST,76.5,B,True,SCH-001
STU-2026-0220,EXM-0200,SUB-HIST,77.0,B,True,SCH-001
STU-2026-0221,EXM-0200,SUB-HIST,18.6,F,False,SCH-001
STU-2026-0222,EXM-0200,SUB-HIST,66.6,C,True,SCH-001
STU-2026-0223,EXM-0200,SUB-HIST,72.7,B,True,SCH-001
STU-2026-0224,EXM-0200,SUB-HIST,87.8,A,True,SCH-001
STU-2026-0225,EXM-0200,SUB-HIST,98.1,A+,True,SCH-001
STU-2026-0226,EXM-0200,SUB-HIST,96.6,A+,True,SCH-001
STU-2026-0227,EXM-0200,SUB-HIST,74.5,B,True,SCH-001
STU-2026-0228,EXM-0200,SUB-HIST,71.8,B,True,SCH-001
STU-2026-0229,EXM-0200,SUB-HIST,84.2,A,True,SCH-001
STU-2026-0230,EXM-0200,SUB-HIST,28.6,F,False,SCH-001
STU-2026-0231,EXM-0200,SUB-HIST,74.4,B,True,SCH-001
STU-2026-0232,EXM-0200,SUB-HIST,88.2,A,True,SCH-001
STU-2026-0233,EXM-0200,SUB-HIST,74.8,B,True,SCH-001
STU-2026-0234,EXM-0200,SUB-HIST,65.5,C,True,SCH-001
STU-2026-0235,EXM-0200,SUB-HIST,64.0,C,True,SCH-001
STU-2026-0236,EXM-0200,SUB-HIST,63.2,C,True,SCH-001
STU-2026-0237,EXM-0200,SUB-HIST,65.6,C,True,SCH-001
STU-2026-0238,EXM-0200,SUB-HIST,70.5,B,True,SCH-001
STU-2026-0239,EXM-0200,SUB-HIST,73.3,B,True,SCH-001
STU-2026-0240,EXM-0200,SUB-HIST,70.8,B,True,SCH-001
STU-2026-0241,EXM-0200,SUB-HIST,97.0,A+,True,SCH-001
STU-2026-0242,EXM-0200,SUB-HIST,96.8,A+,True,SCH-001
STU-2026-0243,EXM-0200,SUB-HIST,67.9,C,True,SCH-001
STU-2026-0244,EXM-0200,SUB-HIST,97.0,A+,True,SCH-001
STU-2026-0245,EXM-0200,SUB-HIST,25.0,F,False,SCH-001
STU-2026-0246,EXM-0200,SUB-HIST,29.7,F,False,SCH-001
STU-2026-0247,EXM-0200,SUB-HIST,99.0,A+,True,SCH-001
STU-2026-0248,EXM-0200,SUB-HIST,60.2,C,True,SCH-001
STU-2026-0249,EXM-0200,SUB-HIST,26.3,F,False,SCH-001
STU-2026-0250,EXM-0200,SUB-HIST,77.9,B,True,SCH-001
STU-2026-0251,EXM-0200,SUB-HIST,17.9,F,False,SCH-001
STU-2026-0252,EXM-0200,SUB-HIST,86.8,A,True,SCH-001
STU-2026-0253,EXM-0200,SUB-HIST,21.6,F,False,SCH-001
STU-2026-0254,EXM-0200,SUB-HIST,71.5,B,True,SCH-001
STU-2026-0255,EXM-0200,SUB-HIST,79.5,B,True,SCH-001
STU-2026-0256,EXM-0200,SUB-HIST,71.3,B,True,SCH-001
STU-2026-0257,EXM-0200,SUB-HIST,83.4,A,True,SCH-001
STU-2026-0258,EXM-0200,SUB-HIST,48.8,F,True,SCH-001
STU-2026-0259,EXM-0200,SUB-HIST,64.6,C,True,SCH-001
STU-2026-0260,EXM-0200,SUB-HIST,87.0,A,True,SCH-001
STU-2026-0261,EXM-0200,SUB-HIST,82.9,A,True,SCH-001
STU-2026-0262,EXM-0200,SUB-HIST,64.6,C,True,SCH-001
STU-2026-0263,EXM-0200,SUB-HIST,45.9,F,True,SCH-001
STU-2026-0264,EXM-0200,SUB-HIST,79.9,B,True,SCH-001
STU-2026-0265,EXM-0201,SUB-MATH,85.0,A,True,SCH-001
STU-2026-0266,EXM-0201,SUB-MATH,82.1,A,True,SCH-001
STU-2026-0267,EXM-0201,SUB-MATH,75.5,B,True,SCH-001
STU-2026-0268,EXM-0201,SUB-MATH,71.6,B,True,SCH-001
STU-2026-0269,EXM-0201,SUB-MATH,80.3,A,True,SCH-001
STU-2026-0270,EXM-0201,SUB-MATH,78.6,B,True,SCH-001
STU-2026-0271,EXM-0201,SUB-MATH,73.0,B,True,SCH-001
STU-2026-0272,EXM-0201,SUB-MATH,60.9,C,True,SCH-001
STU-2026-0273,EXM-0201,SUB-MATH,85.6,A,True,SCH-001
STU-2026-0274,EXM-0201,SUB-MATH,69.2,C,True,SCH-001
STU-2026-0275,EXM-0201,SUB-MATH,52.5,D,True,SCH-001
STU-2026-0276,EXM-0201,SUB-MATH,67.2,C,True,SCH-001
STU-2026-0277,EXM-0201,SUB-MATH,78.6,B,True,SCH-001
STU-2026-0278,EXM-0201,SUB-MATH,99.0,A+,True,SCH-001
STU-2026-0279,EXM-0201,SUB-MATH,20.8,F,False,SCH-001
STU-2026-0280,EXM-0201,SUB-MATH,82.8,A,True,SCH-001
STU-2026-0281,EXM-0201,SUB-MATH,84.8,A,True,SCH-001
STU-2026-0282,EXM-0201,SUB-MATH,89.5,A,True,SCH-001
STU-2026-0283,EXM-0201,SUB-MATH,59.5,D,True,SCH-001
STU-2026-0284,EXM-0201,SUB-MATH,66.9,C,True,SCH-001
STU-2026-0285,EXM-0201,SUB-MATH,33.7,F,False,SCH-001
STU-2026-0286,EXM-0201,SUB-MATH,61.2,C,True,SCH-001
STU-2026-0287,EXM-0201,SUB-MATH,76.0,B,True,SCH-001
STU-2026-0288,EXM-0201,SUB-MATH,27.8,F,False,SCH-001
STU-2026-0289,EXM-0201,SUB-MATH,99.0,A+,True,SCH-001
STU-2026-0290,EXM-0201,SUB-MATH,69.9,C,True,SCH-001
STU-2026-0291,EXM-0201,SUB-MATH,69.7,C,True,SCH-001
STU-2026-0292,EXM-0201,SUB-MATH,31.9,F,False,SCH-001
STU-2026-0293,EXM-0201,SUB-MATH,63.7,C,True,SCH-001
STU-2026-0294,EXM-0201,SUB-MATH,68.6,C,True,SCH-001
STU-2026-0295,EXM-0201,SUB-MATH,82.7,A,True,SCH-001
STU-2026-0296,EXM-0201,SUB-MATH,96.5,A+,True,SCH-001
STU-2026-0297,EXM-0201,SUB-MATH,81.0,A,True,SCH-001
STU-2026-0298,EXM-0201,SUB-MATH,86.6,A,True,SCH-001
STU-2026-0299,EXM-0201,SUB-MATH,85.7,A,True,SCH-001
STU-2026-0300,EXM-0201,SUB-MATH,26.7,F,False,SCH-001
STU-2026-0301,EXM-0201,SUB-MATH,78.2,B,True,SCH-001
STU-2026-0302,EXM-0201,SUB-MATH,68.1,C,True,SCH-001
STU-2026-0303,EXM-0201,SUB-MATH,77.7,B,True,SCH-001
STU-2026-0304,EXM-0201,SUB-MATH,77.1,B,True,SCH-001
STU-2026-0305,EXM-0201,SUB-MATH,43.1,F,True,SCH-001
STU-2026-0306,EXM-0201,SUB-MATH,36.9,F,True,SCH-001
STU-2026-0307,EXM-0201,SUB-MATH,89.7,A,True,SCH-001
STU-2026-0308,EXM-0201,SUB-MATH,83.3,A,True,SCH-001
STU-2026-0309,EXM-0201,SUB-MATH,86.3,A,True,SCH-001
STU-2026-0310,EXM-0201,SUB-MATH,24.9,F,False,SCH-001
STU-2026-0311,EXM-0201,SUB-MATH,99.0,A+,True,SCH-001
STU-2026-0312,EXM-0201,SUB-MATH,83.5,A,True,SCH-001
STU-2026-0313,EXM-0201,SUB-MATH,95.5,A+,True,SCH-001
STU-2026-0314,EXM-0201,SUB-MATH,79.4,B,True,SCH-001
STU-2026-0315,EXM-0201,SUB-MATH,78.6,B,True,SCH-001
STU-2026-0316,EXM-0201,SUB-MATH,54.1,D,True,SCH-001
STU-2026-0317,EXM-0201,SUB-MATH,85.2,A,True,SCH-001
STU-2026-0318,EXM-0201,SUB-MATH,91.4,A+,True,SCH-001
STU-2026-0319,EXM-0201,SUB-MATH,61.0,C,True,SCH-001
STU-2026-0320,EXM-0201,SUB-MATH,21.5,F,False,SCH-001
STU-2026-0321,EXM-0201,SUB-MATH,85.9,A,True,SCH-001
STU-2026-0322,EXM-0201,SUB-MATH,84.7,A,True,SCH-001
STU-2026-0323,EXM-0201,SUB-MATH,70.5,B,True,SCH-001
STU-2026-0324,EXM-0201,SUB-MATH,86.1,A,True,SCH-001
STU-2026-0325,EXM-0201,SUB-MATH,75.6,B,True,SCH-001
STU-2026-0326,EXM-0201,SUB-MATH,79.1,B,True,SCH-001
STU-2026-0327,EXM-0201,SUB-MATH,76.1,B,True,SCH-001
STU-2026-0328,EXM-0201,SUB-MATH,73.3,B,True,SCH-001
STU-2026-0329,EXM-0201,SUB-MATH,87.2,A,True,SCH-001
STU-2026-0330,EXM-0201,SUB-MATH,85.0,A,True,SCH-001
STU-2026-0265,EXM-0202,SUB-PHY,83.2,A,True,SCH-001
STU-2026-0266,EXM-0202,SUB-PHY,81.9,A,True,SCH-001
STU-2026-0267,EXM-0202,SUB-PHY,73.6,B,True,SCH-001
STU-2026-0268,EXM-0202,SUB-PHY,74.8,B,True,SCH-001
STU-2026-0269,EXM-0202,SUB-PHY,75.1,B,True,SCH-001
STU-2026-0270,EXM-0202,SUB-PHY,86.1,A,True,SCH-001
STU-2026-0271,EXM-0202,SUB-PHY,73.8,B,True,SCH-001
STU-2026-0272,EXM-0202,SUB-PHY,66.5,C,True,SCH-001
STU-2026-0273,EXM-0202,SUB-PHY,92.2,A+,True,SCH-001
STU-2026-0274,EXM-0202,SUB-PHY,67.8,C,True,SCH-001
STU-2026-0275,EXM-0202,SUB-PHY,51.8,D,True,SCH-001
STU-2026-0276,EXM-0202,SUB-PHY,73.0,B,True,SCH-001
STU-2026-0277,EXM-0202,SUB-PHY,99.0,A+,True,SCH-001
STU-2026-0278,EXM-0202,SUB-PHY,87.2,A,True,SCH-001
STU-2026-0279,EXM-0202,SUB-PHY,21.9,F,False,SCH-001
STU-2026-0280,EXM-0202,SUB-PHY,94.9,A+,True,SCH-001
STU-2026-0281,EXM-0202,SUB-PHY,63.2,C,True,SCH-001
STU-2026-0282,EXM-0202,SUB-PHY,73.1,B,True,SCH-001
STU-2026-0283,EXM-0202,SUB-PHY,53.2,D,True,SCH-001
STU-2026-0284,EXM-0202,SUB-PHY,76.4,B,True,SCH-001
STU-2026-0285,EXM-0202,SUB-PHY,32.7,F,False,SCH-001
STU-2026-0286,EXM-0202,SUB-PHY,65.0,C,True,SCH-001
STU-2026-0287,EXM-0202,SUB-PHY,75.5,B,True,SCH-001
STU-2026-0288,EXM-0202,SUB-PHY,19.1,F,False,SCH-001
STU-2026-0289,EXM-0202,SUB-PHY,92.8,A+,True,SCH-001
STU-2026-0290,EXM-0202,SUB-PHY,75.5,B,True,SCH-001
STU-2026-0291,EXM-0202,SUB-PHY,52.8,D,True,SCH-001
STU-2026-0292,EXM-0202,SUB-PHY,34.8,F,False,SCH-001
STU-2026-0293,EXM-0202,SUB-PHY,76.3,B,True,SCH-001
STU-2026-0294,EXM-0202,SUB-PHY,77.6,B,True,SCH-001
STU-2026-0295,EXM-0202,SUB-PHY,70.7,B,True,SCH-001
STU-2026-0296,EXM-0202,SUB-PHY,85.2,A,True,SCH-001
STU-2026-0297,EXM-0202,SUB-PHY,69.5,C,True,SCH-001
STU-2026-0298,EXM-0202,SUB-PHY,89.6,A,True,SCH-001
STU-2026-0299,EXM-0202,SUB-PHY,90.2,A+,True,SCH-001
STU-2026-0300,EXM-0202,SUB-PHY,22.7,F,False,SCH-001
STU-2026-0301,EXM-0202,SUB-PHY,68.6,C,True,SCH-001
STU-2026-0302,EXM-0202,SUB-PHY,71.7,B,True,SCH-001
STU-2026-0303,EXM-0202,SUB-PHY,79.0,B,True,SCH-001
STU-2026-0304,EXM-0202,SUB-PHY,82.5,A,True,SCH-001
STU-2026-0305,EXM-0202,SUB-PHY,37.6,F,True,SCH-001
STU-2026-0306,EXM-0202,SUB-PHY,15.3,F,False,SCH-001
STU-2026-0307,EXM-0202,SUB-PHY,85.8,A,True,SCH-001
STU-2026-0308,EXM-0202,SUB-PHY,71.7,B,True,SCH-001
STU-2026-0309,EXM-0202,SUB-PHY,81.1,A,True,SCH-001
STU-2026-0310,EXM-0202,SUB-PHY,21.6,F,False,SCH-001
STU-2026-0311,EXM-0202,SUB-PHY,92.6,A+,True,SCH-001
STU-2026-0312,EXM-0202,SUB-PHY,91.6,A+,True,SCH-001
STU-2026-0313,EXM-0202,SUB-PHY,90.1,A+,True,SCH-001
STU-2026-0314,EXM-0202,SUB-PHY,86.2,A,True,SCH-001
STU-2026-0315,EXM-0202,SUB-PHY,85.3,A,True,SCH-001
STU-2026-0316,EXM-0202,SUB-PHY,44.0,F,True,SCH-001
STU-2026-0317,EXM-0202,SUB-PHY,88.3,A,True,SCH-001
STU-2026-0318,EXM-0202,SUB-PHY,93.1,A+,True,SCH-001
STU-2026-0319,EXM-0202,SUB-PHY,78.6,B,True,SCH-001
STU-2026-0320,EXM-0202,SUB-PHY,41.1,F,True,SCH-001
STU-2026-0321,EXM-0202,SUB-PHY,76.7,B,True,SCH-001
STU-2026-0322,EXM-0202,SUB-PHY,90.5,A+,True,SCH-001
STU-2026-0323,EXM-0202,SUB-PHY,68.3,C,True,SCH-001
STU-2026-0324,EXM-0202,SUB-PHY,85.5,A,True,SCH-001
STU-2026-0325,EXM-0202,SUB-PHY,74.8,B,True,SCH-001
STU-2026-0326,EXM-0202,SUB-PHY,79.1,B,True,SCH-001
STU-2026-0327,EXM-0202,SUB-PHY,84.0,A,True,SCH-001
STU-2026-0328,EXM-0202,SUB-PHY,70.5,B,True,SCH-001
STU-2026-0329,EXM-0202,SUB-PHY,85.2,A,True,SCH-001
STU-2026-0330,EXM-0202,SUB-PHY,76.5,B,True,SCH-001
STU-2026-0265,EXM-0203,SUB-CHEM,82.0,A,True,SCH-001
STU-2026-0266,EXM-0203,SUB-CHEM,66.3,C,True,SCH-001
STU-2026-0267,EXM-0203,SUB-CHEM,72.9,B,True,SCH-001
STU-2026-0268,EXM-0203,SUB-CHEM,74.3,B,True,SCH-001
STU-2026-0269,EXM-0203,SUB-CHEM,81.2,A,True,SCH-001
STU-2026-0270,EXM-0203,SUB-CHEM,87.6,A,True,SCH-001
STU-2026-0271,EXM-0203,SUB-CHEM,65.6,C,True,SCH-001
STU-2026-0272,EXM-0203,SUB-CHEM,66.2,C,True,SCH-001
STU-2026-0273,EXM-0203,SUB-CHEM,86.1,A,True,SCH-001
STU-2026-0274,EXM-0203,SUB-CHEM,66.0,C,True,SCH-001
STU-2026-0275,EXM-0203,SUB-CHEM,63.5,C,True,SCH-001
STU-2026-0276,EXM-0203,SUB-CHEM,66.3,C,True,SCH-001
STU-2026-0277,EXM-0203,SUB-CHEM,78.6,B,True,SCH-001
STU-2026-0278,EXM-0203,SUB-CHEM,91.0,A+,True,SCH-001
STU-2026-0279,EXM-0203,SUB-CHEM,32.6,F,False,SCH-001
STU-2026-0280,EXM-0203,SUB-CHEM,99.0,A+,True,SCH-001
STU-2026-0281,EXM-0203,SUB-CHEM,73.6,B,True,SCH-001
STU-2026-0282,EXM-0203,SUB-CHEM,78.4,B,True,SCH-001
STU-2026-0283,EXM-0203,SUB-CHEM,58.1,D,True,SCH-001
STU-2026-0284,EXM-0203,SUB-CHEM,78.2,B,True,SCH-001
STU-2026-0285,EXM-0203,SUB-CHEM,33.6,F,False,SCH-001
STU-2026-0286,EXM-0203,SUB-CHEM,64.8,C,True,SCH-001
STU-2026-0287,EXM-0203,SUB-CHEM,81.2,A,True,SCH-001
STU-2026-0288,EXM-0203,SUB-CHEM,29.3,F,False,SCH-001
STU-2026-0289,EXM-0203,SUB-CHEM,81.8,A,True,SCH-001
STU-2026-0290,EXM-0203,SUB-CHEM,81.4,A,True,SCH-001
STU-2026-0291,EXM-0203,SUB-CHEM,78.5,B,True,SCH-001
STU-2026-0292,EXM-0203,SUB-CHEM,36.7,F,True,SCH-001
STU-2026-0293,EXM-0203,SUB-CHEM,68.4,C,True,SCH-001
STU-2026-0294,EXM-0203,SUB-CHEM,75.7,B,True,SCH-001
STU-2026-0295,EXM-0203,SUB-CHEM,74.5,B,True,SCH-001
STU-2026-0296,EXM-0203,SUB-CHEM,91.8,A+,True,SCH-001
STU-2026-0297,EXM-0203,SUB-CHEM,65.5,C,True,SCH-001
STU-2026-0298,EXM-0203,SUB-CHEM,91.4,A+,True,SCH-001
STU-2026-0299,EXM-0203,SUB-CHEM,84.8,A,True,SCH-001
STU-2026-0300,EXM-0203,SUB-CHEM,27.0,F,False,SCH-001
STU-2026-0301,EXM-0203,SUB-CHEM,71.6,B,True,SCH-001
STU-2026-0302,EXM-0203,SUB-CHEM,63.7,C,True,SCH-001
STU-2026-0303,EXM-0203,SUB-CHEM,80.7,A,True,SCH-001
STU-2026-0304,EXM-0203,SUB-CHEM,82.2,A,True,SCH-001
STU-2026-0305,EXM-0203,SUB-CHEM,37.5,F,True,SCH-001
STU-2026-0306,EXM-0203,SUB-CHEM,37.7,F,True,SCH-001
STU-2026-0307,EXM-0203,SUB-CHEM,96.6,A+,True,SCH-001
STU-2026-0308,EXM-0203,SUB-CHEM,72.1,B,True,SCH-001
STU-2026-0309,EXM-0203,SUB-CHEM,72.5,B,True,SCH-001
STU-2026-0310,EXM-0203,SUB-CHEM,34.9,F,False,SCH-001
STU-2026-0311,EXM-0203,SUB-CHEM,89.3,A,True,SCH-001
STU-2026-0312,EXM-0203,SUB-CHEM,74.9,B,True,SCH-001
STU-2026-0313,EXM-0203,SUB-CHEM,81.7,A,True,SCH-001
STU-2026-0314,EXM-0203,SUB-CHEM,77.2,B,True,SCH-001
STU-2026-0315,EXM-0203,SUB-CHEM,68.7,C,True,SCH-001
STU-2026-0316,EXM-0203,SUB-CHEM,46.7,F,True,SCH-001
STU-2026-0317,EXM-0203,SUB-CHEM,74.5,B,True,SCH-001
STU-2026-0318,EXM-0203,SUB-CHEM,99.0,A+,True,SCH-001
STU-2026-0319,EXM-0203,SUB-CHEM,66.8,C,True,SCH-001
STU-2026-0320,EXM-0203,SUB-CHEM,37.8,F,True,SCH-001
STU-2026-0321,EXM-0203,SUB-CHEM,70.2,B,True,SCH-001
STU-2026-0322,EXM-0203,SUB-CHEM,82.2,A,True,SCH-001
STU-2026-0323,EXM-0203,SUB-CHEM,68.3,C,True,SCH-001
STU-2026-0324,EXM-0203,SUB-CHEM,79.6,B,True,SCH-001
STU-2026-0325,EXM-0203,SUB-CHEM,65.8,C,True,SCH-001
STU-2026-0326,EXM-0203,SUB-CHEM,85.7,A,True,SCH-001
STU-2026-0327,EXM-0203,SUB-CHEM,87.4,A,True,SCH-001
STU-2026-0328,EXM-0203,SUB-CHEM,74.8,B,True,SCH-001
STU-2026-0329,EXM-0203,SUB-CHEM,90.2,A+,True,SCH-001
STU-2026-0330,EXM-0203,SUB-CHEM,69.2,C,True,SCH-001
STU-2026-0265,EXM-0204,SUB-ENG,89.8,A,True,SCH-001
STU-2026-0266,EXM-0204,SUB-ENG,75.5,B,True,SCH-001
STU-2026-0267,EXM-0204,SUB-ENG,80.3,A,True,SCH-001
STU-2026-0268,EXM-0204,SUB-ENG,63.7,C,True,SCH-001
STU-2026-0269,EXM-0204,SUB-ENG,85.5,A,True,SCH-001
STU-2026-0270,EXM-0204,SUB-ENG,78.3,B,True,SCH-001
STU-2026-0271,EXM-0204,SUB-ENG,56.0,D,True,SCH-001
STU-2026-0272,EXM-0204,SUB-ENG,71.1,B,True,SCH-001
STU-2026-0273,EXM-0204,SUB-ENG,60.3,C,True,SCH-001
STU-2026-0274,EXM-0204,SUB-ENG,71.9,B,True,SCH-001
STU-2026-0275,EXM-0204,SUB-ENG,40.6,F,True,SCH-001
STU-2026-0276,EXM-0204,SUB-ENG,60.6,C,True,SCH-001
STU-2026-0277,EXM-0204,SUB-ENG,65.8,C,True,SCH-001
STU-2026-0278,EXM-0204,SUB-ENG,84.5,A,True,SCH-001
STU-2026-0279,EXM-0204,SUB-ENG,21.1,F,False,SCH-001
STU-2026-0280,EXM-0204,SUB-ENG,82.1,A,True,SCH-001
STU-2026-0281,EXM-0204,SUB-ENG,65.4,C,True,SCH-001
STU-2026-0282,EXM-0204,SUB-ENG,89.6,A,True,SCH-001
STU-2026-0283,EXM-0204,SUB-ENG,61.4,C,True,SCH-001
STU-2026-0284,EXM-0204,SUB-ENG,75.5,B,True,SCH-001
STU-2026-0285,EXM-0204,SUB-ENG,28.2,F,False,SCH-001
STU-2026-0286,EXM-0204,SUB-ENG,63.2,C,True,SCH-001
STU-2026-0287,EXM-0204,SUB-ENG,65.9,C,True,SCH-001
STU-2026-0288,EXM-0204,SUB-ENG,20.6,F,False,SCH-001
STU-2026-0289,EXM-0204,SUB-ENG,79.2,B,True,SCH-001
STU-2026-0290,EXM-0204,SUB-ENG,72.7,B,True,SCH-001
STU-2026-0291,EXM-0204,SUB-ENG,65.4,C,True,SCH-001
STU-2026-0292,EXM-0204,SUB-ENG,35.2,F,True,SCH-001
STU-2026-0293,EXM-0204,SUB-ENG,59.4,D,True,SCH-001
STU-2026-0294,EXM-0204,SUB-ENG,66.9,C,True,SCH-001
STU-2026-0295,EXM-0204,SUB-ENG,86.3,A,True,SCH-001
STU-2026-0296,EXM-0204,SUB-ENG,78.0,B,True,SCH-001
STU-2026-0297,EXM-0204,SUB-ENG,76.2,B,True,SCH-001
STU-2026-0298,EXM-0204,SUB-ENG,87.1,A,True,SCH-001
STU-2026-0299,EXM-0204,SUB-ENG,92.9,A+,True,SCH-001
STU-2026-0300,EXM-0204,SUB-ENG,26.7,F,False,SCH-001
STU-2026-0301,EXM-0204,SUB-ENG,79.1,B,True,SCH-001
STU-2026-0302,EXM-0204,SUB-ENG,57.3,D,True,SCH-001
STU-2026-0303,EXM-0204,SUB-ENG,78.7,B,True,SCH-001
STU-2026-0304,EXM-0204,SUB-ENG,79.8,B,True,SCH-001
STU-2026-0305,EXM-0204,SUB-ENG,31.2,F,False,SCH-001
STU-2026-0306,EXM-0204,SUB-ENG,27.3,F,False,SCH-001
STU-2026-0307,EXM-0204,SUB-ENG,87.8,A,True,SCH-001
STU-2026-0308,EXM-0204,SUB-ENG,75.8,B,True,SCH-001
STU-2026-0309,EXM-0204,SUB-ENG,83.3,A,True,SCH-001
STU-2026-0310,EXM-0204,SUB-ENG,33.3,F,False,SCH-001
STU-2026-0311,EXM-0204,SUB-ENG,95.7,A+,True,SCH-001
STU-2026-0312,EXM-0204,SUB-ENG,90.4,A+,True,SCH-001
STU-2026-0313,EXM-0204,SUB-ENG,83.9,A,True,SCH-001
STU-2026-0314,EXM-0204,SUB-ENG,72.2,B,True,SCH-001
STU-2026-0315,EXM-0204,SUB-ENG,68.7,C,True,SCH-001
STU-2026-0316,EXM-0204,SUB-ENG,47.8,F,True,SCH-001
STU-2026-0317,EXM-0204,SUB-ENG,76.1,B,True,SCH-001
STU-2026-0318,EXM-0204,SUB-ENG,99.0,A+,True,SCH-001
STU-2026-0319,EXM-0204,SUB-ENG,62.2,C,True,SCH-001
STU-2026-0320,EXM-0204,SUB-ENG,24.1,F,False,SCH-001
STU-2026-0321,EXM-0204,SUB-ENG,88.3,A,True,SCH-001
STU-2026-0322,EXM-0204,SUB-ENG,89.7,A,True,SCH-001
STU-2026-0323,EXM-0204,SUB-ENG,65.0,C,True,SCH-001
STU-2026-0324,EXM-0204,SUB-ENG,84.7,A,True,SCH-001
STU-2026-0325,EXM-0204,SUB-ENG,69.2,C,True,SCH-001
STU-2026-0326,EXM-0204,SUB-ENG,85.2,A,True,SCH-001
STU-2026-0327,EXM-0204,SUB-ENG,77.0,B,True,SCH-001
STU-2026-0328,EXM-0204,SUB-ENG,79.3,B,True,SCH-001
STU-2026-0329,EXM-0204,SUB-ENG,84.8,A,True,SCH-001
STU-2026-0330,EXM-0204,SUB-ENG,87.2,A,True,SCH-001
STU-2026-0265,EXM-0205,SUB-HIST,82.9,A,True,SCH-001
STU-2026-0266,EXM-0205,SUB-HIST,82.5,A,True,SCH-001
STU-2026-0267,EXM-0205,SUB-HIST,68.2,C,True,SCH-001
STU-2026-0268,EXM-0205,SUB-HIST,74.4,B,True,SCH-001
STU-2026-0269,EXM-0205,SUB-HIST,85.1,A,True,SCH-001
STU-2026-0270,EXM-0205,SUB-HIST,99.0,A+,True,SCH-001
STU-2026-0271,EXM-0205,SUB-HIST,74.5,B,True,SCH-001
STU-2026-0272,EXM-0205,SUB-HIST,72.4,B,True,SCH-001
STU-2026-0273,EXM-0205,SUB-HIST,88.6,A,True,SCH-001
STU-2026-0274,EXM-0205,SUB-HIST,67.4,C,True,SCH-001
STU-2026-0275,EXM-0205,SUB-HIST,65.1,C,True,SCH-001
STU-2026-0276,EXM-0205,SUB-HIST,66.9,C,True,SCH-001
STU-2026-0277,EXM-0205,SUB-HIST,84.1,A,True,SCH-001
STU-2026-0278,EXM-0205,SUB-HIST,89.8,A,True,SCH-001
STU-2026-0279,EXM-0205,SUB-HIST,21.8,F,False,SCH-001
STU-2026-0280,EXM-0205,SUB-HIST,85.9,A,True,SCH-001
STU-2026-0281,EXM-0205,SUB-HIST,77.0,B,True,SCH-001
STU-2026-0282,EXM-0205,SUB-HIST,81.2,A,True,SCH-001
STU-2026-0283,EXM-0205,SUB-HIST,64.1,C,True,SCH-001
STU-2026-0284,EXM-0205,SUB-HIST,75.3,B,True,SCH-001
STU-2026-0285,EXM-0205,SUB-HIST,25.6,F,False,SCH-001
STU-2026-0286,EXM-0205,SUB-HIST,56.2,D,True,SCH-001
STU-2026-0287,EXM-0205,SUB-HIST,74.5,B,True,SCH-001
STU-2026-0288,EXM-0205,SUB-HIST,23.9,F,False,SCH-001
STU-2026-0289,EXM-0205,SUB-HIST,91.4,A+,True,SCH-001
STU-2026-0290,EXM-0205,SUB-HIST,79.9,B,True,SCH-001
STU-2026-0291,EXM-0205,SUB-HIST,71.8,B,True,SCH-001
STU-2026-0292,EXM-0205,SUB-HIST,33.0,F,False,SCH-001
STU-2026-0293,EXM-0205,SUB-HIST,68.5,C,True,SCH-001
STU-2026-0294,EXM-0205,SUB-HIST,60.7,C,True,SCH-001
STU-2026-0295,EXM-0205,SUB-HIST,73.8,B,True,SCH-001
STU-2026-0296,EXM-0205,SUB-HIST,86.7,A,True,SCH-001
STU-2026-0297,EXM-0205,SUB-HIST,70.7,B,True,SCH-001
STU-2026-0298,EXM-0205,SUB-HIST,80.0,A,True,SCH-001
STU-2026-0299,EXM-0205,SUB-HIST,96.2,A+,True,SCH-001
STU-2026-0300,EXM-0205,SUB-HIST,22.0,F,False,SCH-001
STU-2026-0301,EXM-0205,SUB-HIST,70.0,B,True,SCH-001
STU-2026-0302,EXM-0205,SUB-HIST,73.5,B,True,SCH-001
STU-2026-0303,EXM-0205,SUB-HIST,79.3,B,True,SCH-001
STU-2026-0304,EXM-0205,SUB-HIST,78.9,B,True,SCH-001
STU-2026-0305,EXM-0205,SUB-HIST,48.6,F,True,SCH-001
STU-2026-0306,EXM-0205,SUB-HIST,30.2,F,False,SCH-001
STU-2026-0307,EXM-0205,SUB-HIST,86.4,A,True,SCH-001
STU-2026-0308,EXM-0205,SUB-HIST,87.7,A,True,SCH-001
STU-2026-0309,EXM-0205,SUB-HIST,79.9,B,True,SCH-001
STU-2026-0310,EXM-0205,SUB-HIST,18.8,F,False,SCH-001
STU-2026-0311,EXM-0205,SUB-HIST,91.7,A+,True,SCH-001
STU-2026-0312,EXM-0205,SUB-HIST,76.3,B,True,SCH-001
STU-2026-0313,EXM-0205,SUB-HIST,85.4,A,True,SCH-001
STU-2026-0314,EXM-0205,SUB-HIST,72.6,B,True,SCH-001
STU-2026-0315,EXM-0205,SUB-HIST,62.5,C,True,SCH-001
STU-2026-0316,EXM-0205,SUB-HIST,49.4,F,True,SCH-001
STU-2026-0317,EXM-0205,SUB-HIST,80.1,A,True,SCH-001
STU-2026-0318,EXM-0205,SUB-HIST,99.0,A+,True,SCH-001
STU-2026-0319,EXM-0205,SUB-HIST,68.9,C,True,SCH-001
STU-2026-0320,EXM-0205,SUB-HIST,32.9,F,False,SCH-001
STU-2026-0321,EXM-0205,SUB-HIST,69.8,C,True,SCH-001
STU-2026-0322,EXM-0205,SUB-HIST,92.5,A+,True,SCH-001
STU-2026-0323,EXM-0205,SUB-HIST,68.4,C,True,SCH-001
STU-2026-0324,EXM-0205,SUB-HIST,84.4,A,True,SCH-001
STU-2026-0325,EXM-0205,SUB-HIST,70.2,B,True,SCH-001
STU-2026-0326,EXM-0205,SUB-HIST,88.3,A,True,SCH-001
STU-2026-0327,EXM-0205,SUB-HIST,79.8,B,True,SCH-001
STU-2026-0328,EXM-0205,SUB-HIST,59.0,D,True,SCH-001
STU-2026-0329,EXM-0205,SUB-HIST,82.1,A,True,SCH-001
STU-2026-0330,EXM-0205,SUB-HIST,75.0,B,True,SCH-001
STU-2026-0331,EXM-0206,SUB-MATH,57.4,D,True,SCH-001
STU-2026-0332,EXM-0206,SUB-MATH,68.5,C,True,SCH-001
STU-2026-0333,EXM-0206,SUB-MATH,76.1,B,True,SCH-001
STU-2026-0334,EXM-0206,SUB-MATH,76.5,B,True,SCH-001
STU-2026-0335,EXM-0206,SUB-MATH,87.0,A,True,SCH-001
STU-2026-0336,EXM-0206,SUB-MATH,78.2,B,True,SCH-001
STU-2026-0337,EXM-0206,SUB-MATH,74.3,B,True,SCH-001
STU-2026-0338,EXM-0206,SUB-MATH,81.8,A,True,SCH-001
STU-2026-0339,EXM-0206,SUB-MATH,60.9,C,True,SCH-001
STU-2026-0340,EXM-0206,SUB-MATH,69.8,C,True,SCH-001
STU-2026-0341,EXM-0206,SUB-MATH,57.3,D,True,SCH-001
STU-2026-0342,EXM-0206,SUB-MATH,81.9,A,True,SCH-001
STU-2026-0343,EXM-0206,SUB-MATH,36.2,F,True,SCH-001
STU-2026-0344,EXM-0206,SUB-MATH,59.3,D,True,SCH-001
STU-2026-0345,EXM-0206,SUB-MATH,56.7,D,True,SCH-001
STU-2026-0346,EXM-0206,SUB-MATH,82.5,A,True,SCH-001
STU-2026-0347,EXM-0206,SUB-MATH,93.0,A+,True,SCH-001
STU-2026-0348,EXM-0206,SUB-MATH,77.0,B,True,SCH-001
STU-2026-0349,EXM-0206,SUB-MATH,87.6,A,True,SCH-001
STU-2026-0350,EXM-0206,SUB-MATH,83.9,A,True,SCH-001
STU-2026-0351,EXM-0206,SUB-MATH,70.3,B,True,SCH-001
STU-2026-0352,EXM-0206,SUB-MATH,73.9,B,True,SCH-001
STU-2026-0353,EXM-0206,SUB-MATH,73.9,B,True,SCH-001
STU-2026-0354,EXM-0206,SUB-MATH,76.8,B,True,SCH-001
STU-2026-0355,EXM-0206,SUB-MATH,37.1,F,True,SCH-001
STU-2026-0356,EXM-0206,SUB-MATH,75.8,B,True,SCH-001
STU-2026-0357,EXM-0206,SUB-MATH,65.6,C,True,SCH-001
STU-2026-0358,EXM-0206,SUB-MATH,87.2,A,True,SCH-001
STU-2026-0359,EXM-0206,SUB-MATH,89.0,A,True,SCH-001
STU-2026-0360,EXM-0206,SUB-MATH,91.4,A+,True,SCH-001
STU-2026-0361,EXM-0206,SUB-MATH,70.4,B,True,SCH-001
STU-2026-0362,EXM-0206,SUB-MATH,62.2,C,True,SCH-001
STU-2026-0363,EXM-0206,SUB-MATH,82.2,A,True,SCH-001
STU-2026-0364,EXM-0206,SUB-MATH,65.3,C,True,SCH-001
STU-2026-0365,EXM-0206,SUB-MATH,87.8,A,True,SCH-001
STU-2026-0366,EXM-0206,SUB-MATH,86.1,A,True,SCH-001
STU-2026-0367,EXM-0206,SUB-MATH,63.1,C,True,SCH-001
STU-2026-0368,EXM-0206,SUB-MATH,59.6,D,True,SCH-001
STU-2026-0369,EXM-0206,SUB-MATH,93.0,A+,True,SCH-001
STU-2026-0370,EXM-0206,SUB-MATH,75.9,B,True,SCH-001
STU-2026-0371,EXM-0206,SUB-MATH,55.4,D,True,SCH-001
STU-2026-0372,EXM-0206,SUB-MATH,79.3,B,True,SCH-001
STU-2026-0373,EXM-0206,SUB-MATH,73.4,B,True,SCH-001
STU-2026-0374,EXM-0206,SUB-MATH,77.7,B,True,SCH-001
STU-2026-0375,EXM-0206,SUB-MATH,90.7,A+,True,SCH-001
STU-2026-0376,EXM-0206,SUB-MATH,85.7,A,True,SCH-001
STU-2026-0377,EXM-0206,SUB-MATH,56.2,D,True,SCH-001
STU-2026-0378,EXM-0206,SUB-MATH,25.6,F,False,SCH-001
STU-2026-0379,EXM-0206,SUB-MATH,71.9,B,True,SCH-001
STU-2026-0380,EXM-0206,SUB-MATH,64.7,C,True,SCH-001
STU-2026-0381,EXM-0206,SUB-MATH,91.9,A+,True,SCH-001
STU-2026-0382,EXM-0206,SUB-MATH,64.3,C,True,SCH-001
STU-2026-0383,EXM-0206,SUB-MATH,63.0,C,True,SCH-001
STU-2026-0384,EXM-0206,SUB-MATH,83.5,A,True,SCH-001
STU-2026-0385,EXM-0206,SUB-MATH,88.2,A,True,SCH-001
STU-2026-0386,EXM-0206,SUB-MATH,42.0,F,True,SCH-001
STU-2026-0387,EXM-0206,SUB-MATH,25.5,F,False,SCH-001
STU-2026-0388,EXM-0206,SUB-MATH,66.4,C,True,SCH-001
STU-2026-0389,EXM-0206,SUB-MATH,95.6,A+,True,SCH-001
STU-2026-0390,EXM-0206,SUB-MATH,68.2,C,True,SCH-001
STU-2026-0391,EXM-0206,SUB-MATH,78.9,B,True,SCH-001
STU-2026-0392,EXM-0206,SUB-MATH,87.2,A,True,SCH-001
STU-2026-0393,EXM-0206,SUB-MATH,65.1,C,True,SCH-001
STU-2026-0394,EXM-0206,SUB-MATH,62.3,C,True,SCH-001
STU-2026-0395,EXM-0206,SUB-MATH,75.1,B,True,SCH-001
STU-2026-0396,EXM-0206,SUB-MATH,87.2,A,True,SCH-001
STU-2026-0331,EXM-0207,SUB-PHY,68.3,C,True,SCH-001
STU-2026-0332,EXM-0207,SUB-PHY,73.6,B,True,SCH-001
STU-2026-0333,EXM-0207,SUB-PHY,73.1,B,True,SCH-001
STU-2026-0334,EXM-0207,SUB-PHY,81.1,A,True,SCH-001
STU-2026-0335,EXM-0207,SUB-PHY,70.8,B,True,SCH-001
STU-2026-0336,EXM-0207,SUB-PHY,64.8,C,True,SCH-001
STU-2026-0337,EXM-0207,SUB-PHY,76.8,B,True,SCH-001
STU-2026-0338,EXM-0207,SUB-PHY,72.7,B,True,SCH-001
STU-2026-0339,EXM-0207,SUB-PHY,50.7,D,True,SCH-001
STU-2026-0340,EXM-0207,SUB-PHY,85.7,A,True,SCH-001
STU-2026-0341,EXM-0207,SUB-PHY,73.7,B,True,SCH-001
STU-2026-0342,EXM-0207,SUB-PHY,86.8,A,True,SCH-001
STU-2026-0343,EXM-0207,SUB-PHY,41.1,F,True,SCH-001
STU-2026-0344,EXM-0207,SUB-PHY,64.6,C,True,SCH-001
STU-2026-0345,EXM-0207,SUB-PHY,75.9,B,True,SCH-001
STU-2026-0346,EXM-0207,SUB-PHY,80.3,A,True,SCH-001
STU-2026-0347,EXM-0207,SUB-PHY,83.1,A,True,SCH-001
STU-2026-0348,EXM-0207,SUB-PHY,81.8,A,True,SCH-001
STU-2026-0349,EXM-0207,SUB-PHY,78.3,B,True,SCH-001
STU-2026-0350,EXM-0207,SUB-PHY,79.5,B,True,SCH-001
STU-2026-0351,EXM-0207,SUB-PHY,82.3,A,True,SCH-001
STU-2026-0352,EXM-0207,SUB-PHY,83.4,A,True,SCH-001
STU-2026-0353,EXM-0207,SUB-PHY,72.2,B,True,SCH-001
STU-2026-0354,EXM-0207,SUB-PHY,88.1,A,True,SCH-001
STU-2026-0355,EXM-0207,SUB-PHY,32.7,F,False,SCH-001
STU-2026-0356,EXM-0207,SUB-PHY,80.6,A,True,SCH-001
STU-2026-0357,EXM-0207,SUB-PHY,71.3,B,True,SCH-001
STU-2026-0358,EXM-0207,SUB-PHY,75.7,B,True,SCH-001
STU-2026-0359,EXM-0207,SUB-PHY,79.9,B,True,SCH-001
STU-2026-0360,EXM-0207,SUB-PHY,89.2,A,True,SCH-001
STU-2026-0361,EXM-0207,SUB-PHY,76.4,B,True,SCH-001
STU-2026-0362,EXM-0207,SUB-PHY,72.2,B,True,SCH-001
STU-2026-0363,EXM-0207,SUB-PHY,81.6,A,True,SCH-001
STU-2026-0364,EXM-0207,SUB-PHY,71.1,B,True,SCH-001
STU-2026-0365,EXM-0207,SUB-PHY,86.5,A,True,SCH-001
STU-2026-0366,EXM-0207,SUB-PHY,85.0,A,True,SCH-001
STU-2026-0367,EXM-0207,SUB-PHY,86.2,A,True,SCH-001
STU-2026-0368,EXM-0207,SUB-PHY,69.9,C,True,SCH-001
STU-2026-0369,EXM-0207,SUB-PHY,92.0,A+,True,SCH-001
STU-2026-0370,EXM-0207,SUB-PHY,91.3,A+,True,SCH-001
STU-2026-0371,EXM-0207,SUB-PHY,74.4,B,True,SCH-001
STU-2026-0372,EXM-0207,SUB-PHY,74.8,B,True,SCH-001
STU-2026-0373,EXM-0207,SUB-PHY,78.9,B,True,SCH-001
STU-2026-0374,EXM-0207,SUB-PHY,82.4,A,True,SCH-001
STU-2026-0375,EXM-0207,SUB-PHY,70.2,B,True,SCH-001
STU-2026-0376,EXM-0207,SUB-PHY,83.7,A,True,SCH-001
STU-2026-0377,EXM-0207,SUB-PHY,55.8,D,True,SCH-001
STU-2026-0378,EXM-0207,SUB-PHY,22.2,F,False,SCH-001
STU-2026-0379,EXM-0207,SUB-PHY,81.2,A,True,SCH-001
STU-2026-0380,EXM-0207,SUB-PHY,72.4,B,True,SCH-001
STU-2026-0381,EXM-0207,SUB-PHY,91.0,A+,True,SCH-001
STU-2026-0382,EXM-0207,SUB-PHY,79.3,B,True,SCH-001
STU-2026-0383,EXM-0207,SUB-PHY,75.6,B,True,SCH-001
STU-2026-0384,EXM-0207,SUB-PHY,77.2,B,True,SCH-001
STU-2026-0385,EXM-0207,SUB-PHY,83.1,A,True,SCH-001
STU-2026-0386,EXM-0207,SUB-PHY,50.6,D,True,SCH-001
STU-2026-0387,EXM-0207,SUB-PHY,32.5,F,False,SCH-001
STU-2026-0388,EXM-0207,SUB-PHY,59.4,D,True,SCH-001
STU-2026-0389,EXM-0207,SUB-PHY,87.4,A,True,SCH-001
STU-2026-0390,EXM-0207,SUB-PHY,65.8,C,True,SCH-001
STU-2026-0391,EXM-0207,SUB-PHY,67.9,C,True,SCH-001
STU-2026-0392,EXM-0207,SUB-PHY,98.4,A+,True,SCH-001
STU-2026-0393,EXM-0207,SUB-PHY,66.4,C,True,SCH-001
STU-2026-0394,EXM-0207,SUB-PHY,68.8,C,True,SCH-001
STU-2026-0395,EXM-0207,SUB-PHY,83.9,A,True,SCH-001
STU-2026-0396,EXM-0207,SUB-PHY,93.1,A+,True,SCH-001
STU-2026-0331,EXM-0208,SUB-CHEM,62.7,C,True,SCH-001
STU-2026-0332,EXM-0208,SUB-CHEM,77.8,B,True,SCH-001
STU-2026-0333,EXM-0208,SUB-CHEM,76.1,B,True,SCH-001
STU-2026-0334,EXM-0208,SUB-CHEM,89.7,A,True,SCH-001
STU-2026-0335,EXM-0208,SUB-CHEM,74.1,B,True,SCH-001
STU-2026-0336,EXM-0208,SUB-CHEM,84.5,A,True,SCH-001
STU-2026-0337,EXM-0208,SUB-CHEM,74.7,B,True,SCH-001
STU-2026-0338,EXM-0208,SUB-CHEM,80.0,A,True,SCH-001
STU-2026-0339,EXM-0208,SUB-CHEM,57.2,D,True,SCH-001
STU-2026-0340,EXM-0208,SUB-CHEM,80.5,A,True,SCH-001
STU-2026-0341,EXM-0208,SUB-CHEM,65.8,C,True,SCH-001
STU-2026-0342,EXM-0208,SUB-CHEM,92.8,A+,True,SCH-001
STU-2026-0343,EXM-0208,SUB-CHEM,48.7,F,True,SCH-001
STU-2026-0344,EXM-0208,SUB-CHEM,73.6,B,True,SCH-001
STU-2026-0345,EXM-0208,SUB-CHEM,73.7,B,True,SCH-001
STU-2026-0346,EXM-0208,SUB-CHEM,77.4,B,True,SCH-001
STU-2026-0347,EXM-0208,SUB-CHEM,77.1,B,True,SCH-001
STU-2026-0348,EXM-0208,SUB-CHEM,69.2,C,True,SCH-001
STU-2026-0349,EXM-0208,SUB-CHEM,85.2,A,True,SCH-001
STU-2026-0350,EXM-0208,SUB-CHEM,76.9,B,True,SCH-001
STU-2026-0351,EXM-0208,SUB-CHEM,85.3,A,True,SCH-001
STU-2026-0352,EXM-0208,SUB-CHEM,80.5,A,True,SCH-001
STU-2026-0353,EXM-0208,SUB-CHEM,77.2,B,True,SCH-001
STU-2026-0354,EXM-0208,SUB-CHEM,90.8,A+,True,SCH-001
STU-2026-0355,EXM-0208,SUB-CHEM,32.8,F,False,SCH-001
STU-2026-0356,EXM-0208,SUB-CHEM,81.8,A,True,SCH-001
STU-2026-0357,EXM-0208,SUB-CHEM,68.9,C,True,SCH-001
STU-2026-0358,EXM-0208,SUB-CHEM,87.4,A,True,SCH-001
STU-2026-0359,EXM-0208,SUB-CHEM,68.5,C,True,SCH-001
STU-2026-0360,EXM-0208,SUB-CHEM,92.6,A+,True,SCH-001
STU-2026-0361,EXM-0208,SUB-CHEM,78.7,B,True,SCH-001
STU-2026-0362,EXM-0208,SUB-CHEM,63.3,C,True,SCH-001
STU-2026-0363,EXM-0208,SUB-CHEM,72.3,B,True,SCH-001
STU-2026-0364,EXM-0208,SUB-CHEM,74.5,B,True,SCH-001
STU-2026-0365,EXM-0208,SUB-CHEM,91.2,A+,True,SCH-001
STU-2026-0366,EXM-0208,SUB-CHEM,85.6,A,True,SCH-001
STU-2026-0367,EXM-0208,SUB-CHEM,83.9,A,True,SCH-001
STU-2026-0368,EXM-0208,SUB-CHEM,60.5,C,True,SCH-001
STU-2026-0369,EXM-0208,SUB-CHEM,87.7,A,True,SCH-001
STU-2026-0370,EXM-0208,SUB-CHEM,87.3,A,True,SCH-001
STU-2026-0371,EXM-0208,SUB-CHEM,68.5,C,True,SCH-001
STU-2026-0372,EXM-0208,SUB-CHEM,88.6,A,True,SCH-001
STU-2026-0373,EXM-0208,SUB-CHEM,62.0,C,True,SCH-001
STU-2026-0374,EXM-0208,SUB-CHEM,81.0,A,True,SCH-001
STU-2026-0375,EXM-0208,SUB-CHEM,75.7,B,True,SCH-001
STU-2026-0376,EXM-0208,SUB-CHEM,85.8,A,True,SCH-001
STU-2026-0377,EXM-0208,SUB-CHEM,45.3,F,True,SCH-001
STU-2026-0378,EXM-0208,SUB-CHEM,28.6,F,False,SCH-001
STU-2026-0379,EXM-0208,SUB-CHEM,70.7,B,True,SCH-001
STU-2026-0380,EXM-0208,SUB-CHEM,73.4,B,True,SCH-001
STU-2026-0381,EXM-0208,SUB-CHEM,90.8,A+,True,SCH-001
STU-2026-0382,EXM-0208,SUB-CHEM,70.5,B,True,SCH-001
STU-2026-0383,EXM-0208,SUB-CHEM,67.8,C,True,SCH-001
STU-2026-0384,EXM-0208,SUB-CHEM,83.9,A,True,SCH-001
STU-2026-0385,EXM-0208,SUB-CHEM,72.9,B,True,SCH-001
STU-2026-0386,EXM-0208,SUB-CHEM,39.2,F,True,SCH-001
STU-2026-0387,EXM-0208,SUB-CHEM,29.5,F,False,SCH-001
STU-2026-0388,EXM-0208,SUB-CHEM,61.4,C,True,SCH-001
STU-2026-0389,EXM-0208,SUB-CHEM,78.2,B,True,SCH-001
STU-2026-0390,EXM-0208,SUB-CHEM,75.9,B,True,SCH-001
STU-2026-0391,EXM-0208,SUB-CHEM,74.5,B,True,SCH-001
STU-2026-0392,EXM-0208,SUB-CHEM,84.6,A,True,SCH-001
STU-2026-0393,EXM-0208,SUB-CHEM,72.6,B,True,SCH-001
STU-2026-0394,EXM-0208,SUB-CHEM,67.8,C,True,SCH-001
STU-2026-0395,EXM-0208,SUB-CHEM,66.4,C,True,SCH-001
STU-2026-0396,EXM-0208,SUB-CHEM,80.7,A,True,SCH-001
STU-2026-0331,EXM-0209,SUB-ENG,67.8,C,True,SCH-001
STU-2026-0332,EXM-0209,SUB-ENG,79.8,B,True,SCH-001
STU-2026-0333,EXM-0209,SUB-ENG,76.8,B,True,SCH-001
STU-2026-0334,EXM-0209,SUB-ENG,86.3,A,True,SCH-001
STU-2026-0335,EXM-0209,SUB-ENG,73.1,B,True,SCH-001
STU-2026-0336,EXM-0209,SUB-ENG,79.3,B,True,SCH-001
STU-2026-0337,EXM-0209,SUB-ENG,79.3,B,True,SCH-001
STU-2026-0338,EXM-0209,SUB-ENG,81.0,A,True,SCH-001
STU-2026-0339,EXM-0209,SUB-ENG,65.3,C,True,SCH-001
STU-2026-0340,EXM-0209,SUB-ENG,87.6,A,True,SCH-001
STU-2026-0341,EXM-0209,SUB-ENG,77.2,B,True,SCH-001
STU-2026-0342,EXM-0209,SUB-ENG,87.5,A,True,SCH-001
STU-2026-0343,EXM-0209,SUB-ENG,39.0,F,True,SCH-001
STU-2026-0344,EXM-0209,SUB-ENG,63.9,C,True,SCH-001
STU-2026-0345,EXM-0209,SUB-ENG,58.3,D,True,SCH-001
STU-2026-0346,EXM-0209,SUB-ENG,79.6,B,True,SCH-001
STU-2026-0347,EXM-0209,SUB-ENG,88.7,A,True,SCH-001
STU-2026-0348,EXM-0209,SUB-ENG,80.3,A,True,SCH-001
STU-2026-0349,EXM-0209,SUB-ENG,92.3,A+,True,SCH-001
STU-2026-0350,EXM-0209,SUB-ENG,89.6,A,True,SCH-001
STU-2026-0351,EXM-0209,SUB-ENG,71.9,B,True,SCH-001
STU-2026-0352,EXM-0209,SUB-ENG,71.8,B,True,SCH-001
STU-2026-0353,EXM-0209,SUB-ENG,79.7,B,True,SCH-001
STU-2026-0354,EXM-0209,SUB-ENG,99.0,A+,True,SCH-001
STU-2026-0355,EXM-0209,SUB-ENG,30.7,F,False,SCH-001
STU-2026-0356,EXM-0209,SUB-ENG,84.4,A,True,SCH-001
STU-2026-0357,EXM-0209,SUB-ENG,68.3,C,True,SCH-001
STU-2026-0358,EXM-0209,SUB-ENG,82.8,A,True,SCH-001
STU-2026-0359,EXM-0209,SUB-ENG,71.5,B,True,SCH-001
STU-2026-0360,EXM-0209,SUB-ENG,94.6,A+,True,SCH-001
STU-2026-0361,EXM-0209,SUB-ENG,70.5,B,True,SCH-001
STU-2026-0362,EXM-0209,SUB-ENG,63.6,C,True,SCH-001
STU-2026-0363,EXM-0209,SUB-ENG,72.2,B,True,SCH-001
STU-2026-0364,EXM-0209,SUB-ENG,65.4,C,True,SCH-001
STU-2026-0365,EXM-0209,SUB-ENG,81.2,A,True,SCH-001
STU-2026-0366,EXM-0209,SUB-ENG,99.0,A+,True,SCH-001
STU-2026-0367,EXM-0209,SUB-ENG,69.9,C,True,SCH-001
STU-2026-0368,EXM-0209,SUB-ENG,50.4,D,True,SCH-001
STU-2026-0369,EXM-0209,SUB-ENG,95.3,A+,True,SCH-001
STU-2026-0370,EXM-0209,SUB-ENG,87.0,A,True,SCH-001
STU-2026-0371,EXM-0209,SUB-ENG,66.9,C,True,SCH-001
STU-2026-0372,EXM-0209,SUB-ENG,80.6,A,True,SCH-001
STU-2026-0373,EXM-0209,SUB-ENG,82.5,A,True,SCH-001
STU-2026-0374,EXM-0209,SUB-ENG,74.7,B,True,SCH-001
STU-2026-0375,EXM-0209,SUB-ENG,86.8,A,True,SCH-001
STU-2026-0376,EXM-0209,SUB-ENG,77.3,B,True,SCH-001
STU-2026-0377,EXM-0209,SUB-ENG,57.4,D,True,SCH-001
STU-2026-0378,EXM-0209,SUB-ENG,24.7,F,False,SCH-001
STU-2026-0379,EXM-0209,SUB-ENG,68.1,C,True,SCH-001
STU-2026-0380,EXM-0209,SUB-ENG,66.1,C,True,SCH-001
STU-2026-0381,EXM-0209,SUB-ENG,87.9,A,True,SCH-001
STU-2026-0382,EXM-0209,SUB-ENG,83.7,A,True,SCH-001
STU-2026-0383,EXM-0209,SUB-ENG,72.6,B,True,SCH-001
STU-2026-0384,EXM-0209,SUB-ENG,78.4,B,True,SCH-001
STU-2026-0385,EXM-0209,SUB-ENG,83.5,A,True,SCH-001
STU-2026-0386,EXM-0209,SUB-ENG,45.7,F,True,SCH-001
STU-2026-0387,EXM-0209,SUB-ENG,15.0,F,False,SCH-001
STU-2026-0388,EXM-0209,SUB-ENG,83.4,A,True,SCH-001
STU-2026-0389,EXM-0209,SUB-ENG,84.3,A,True,SCH-001
STU-2026-0390,EXM-0209,SUB-ENG,64.3,C,True,SCH-001
STU-2026-0391,EXM-0209,SUB-ENG,82.3,A,True,SCH-001
STU-2026-0392,EXM-0209,SUB-ENG,78.9,B,True,SCH-001
STU-2026-0393,EXM-0209,SUB-ENG,67.4,C,True,SCH-001
STU-2026-0394,EXM-0209,SUB-ENG,60.9,C,True,SCH-001
STU-2026-0395,EXM-0209,SUB-ENG,76.9,B,True,SCH-001
STU-2026-0396,EXM-0209,SUB-ENG,82.8,A,True,SCH-001
STU-2026-0331,EXM-0210,SUB-HIST,73.8,B,True,SCH-001
STU-2026-0332,EXM-0210,SUB-HIST,74.5,B,True,SCH-001
STU-2026-0333,EXM-0210,SUB-HIST,87.3,A,True,SCH-001
STU-2026-0334,EXM-0210,SUB-HIST,80.9,A,True,SCH-001
STU-2026-0335,EXM-0210,SUB-HIST,81.8,A,True,SCH-001
STU-2026-0336,EXM-0210,SUB-HIST,80.7,A,True,SCH-001
STU-2026-0337,EXM-0210,SUB-HIST,73.4,B,True,SCH-001
STU-2026-0338,EXM-0210,SUB-HIST,75.9,B,True,SCH-001
STU-2026-0339,EXM-0210,SUB-HIST,65.3,C,True,SCH-001
STU-2026-0340,EXM-0210,SUB-HIST,87.9,A,True,SCH-001
STU-2026-0341,EXM-0210,SUB-HIST,70.9,B,True,SCH-001
STU-2026-0342,EXM-0210,SUB-HIST,79.4,B,True,SCH-001
STU-2026-0343,EXM-0210,SUB-HIST,38.7,F,True,SCH-001
STU-2026-0344,EXM-0210,SUB-HIST,68.9,C,True,SCH-001
STU-2026-0345,EXM-0210,SUB-HIST,70.8,B,True,SCH-001
STU-2026-0346,EXM-0210,SUB-HIST,74.6,B,True,SCH-001
STU-2026-0347,EXM-0210,SUB-HIST,91.1,A+,True,SCH-001
STU-2026-0348,EXM-0210,SUB-HIST,79.5,B,True,SCH-001
STU-2026-0349,EXM-0210,SUB-HIST,80.7,A,True,SCH-001
STU-2026-0350,EXM-0210,SUB-HIST,81.2,A,True,SCH-001
STU-2026-0351,EXM-0210,SUB-HIST,72.1,B,True,SCH-001
STU-2026-0352,EXM-0210,SUB-HIST,78.9,B,True,SCH-001
STU-2026-0353,EXM-0210,SUB-HIST,79.2,B,True,SCH-001
STU-2026-0354,EXM-0210,SUB-HIST,86.1,A,True,SCH-001
STU-2026-0355,EXM-0210,SUB-HIST,28.6,F,False,SCH-001
STU-2026-0356,EXM-0210,SUB-HIST,88.5,A,True,SCH-001
STU-2026-0357,EXM-0210,SUB-HIST,61.4,C,True,SCH-001
STU-2026-0358,EXM-0210,SUB-HIST,88.9,A,True,SCH-001
STU-2026-0359,EXM-0210,SUB-HIST,74.6,B,True,SCH-001
STU-2026-0360,EXM-0210,SUB-HIST,88.8,A,True,SCH-001
STU-2026-0361,EXM-0210,SUB-HIST,75.8,B,True,SCH-001
STU-2026-0362,EXM-0210,SUB-HIST,69.1,C,True,SCH-001
STU-2026-0363,EXM-0210,SUB-HIST,67.1,C,True,SCH-001
STU-2026-0364,EXM-0210,SUB-HIST,70.1,B,True,SCH-001
STU-2026-0365,EXM-0210,SUB-HIST,84.1,A,True,SCH-001
STU-2026-0366,EXM-0210,SUB-HIST,99.0,A+,True,SCH-001
STU-2026-0367,EXM-0210,SUB-HIST,77.1,B,True,SCH-001
STU-2026-0368,EXM-0210,SUB-HIST,56.5,D,True,SCH-001
STU-2026-0369,EXM-0210,SUB-HIST,97.3,A+,True,SCH-001
STU-2026-0370,EXM-0210,SUB-HIST,87.1,A,True,SCH-001
STU-2026-0371,EXM-0210,SUB-HIST,62.2,C,True,SCH-001
STU-2026-0372,EXM-0210,SUB-HIST,84.8,A,True,SCH-001
STU-2026-0373,EXM-0210,SUB-HIST,83.8,A,True,SCH-001
STU-2026-0374,EXM-0210,SUB-HIST,83.7,A,True,SCH-001
STU-2026-0375,EXM-0210,SUB-HIST,72.9,B,True,SCH-001
STU-2026-0376,EXM-0210,SUB-HIST,67.6,C,True,SCH-001
STU-2026-0377,EXM-0210,SUB-HIST,61.7,C,True,SCH-001
STU-2026-0378,EXM-0210,SUB-HIST,26.2,F,False,SCH-001
STU-2026-0379,EXM-0210,SUB-HIST,85.8,A,True,SCH-001
STU-2026-0380,EXM-0210,SUB-HIST,77.6,B,True,SCH-001
STU-2026-0381,EXM-0210,SUB-HIST,82.0,A,True,SCH-001
STU-2026-0382,EXM-0210,SUB-HIST,97.0,A+,True,SCH-001
STU-2026-0383,EXM-0210,SUB-HIST,75.3,B,True,SCH-001
STU-2026-0384,EXM-0210,SUB-HIST,78.2,B,True,SCH-001
STU-2026-0385,EXM-0210,SUB-HIST,89.7,A,True,SCH-001
STU-2026-0386,EXM-0210,SUB-HIST,38.3,F,True,SCH-001
STU-2026-0387,EXM-0210,SUB-HIST,15.0,F,False,SCH-001
STU-2026-0388,EXM-0210,SUB-HIST,65.8,C,True,SCH-001
STU-2026-0389,EXM-0210,SUB-HIST,94.7,A+,True,SCH-001
STU-2026-0390,EXM-0210,SUB-HIST,64.7,C,True,SCH-001
STU-2026-0391,EXM-0210,SUB-HIST,70.8,B,True,SCH-001
STU-2026-0392,EXM-0210,SUB-HIST,80.3,A,True,SCH-001
STU-2026-0393,EXM-0210,SUB-HIST,76.9,B,True,SCH-001
STU-2026-0394,EXM-0210,SUB-HIST,60.2,C,True,SCH-001
STU-2026-0395,EXM-0210,SUB-HIST,76.8,B,True,SCH-001
STU-2026-0396,EXM-0210,SUB-HIST,80.7,A,True,SCH-001
STU-2026-0397,EXM-0211,SUB-MATH,29.4,F,False,SCH-001
STU-2026-0398,EXM-0211,SUB-MATH,84.9,A,True,SCH-001
STU-2026-0399,EXM-0211,SUB-MATH,76.9,B,True,SCH-001
STU-2026-0400,EXM-0211,SUB-MATH,77.7,B,True,SCH-001
STU-2026-0401,EXM-0211,SUB-MATH,67.4,C,True,SCH-001
STU-2026-0402,EXM-0211,SUB-MATH,81.3,A,True,SCH-001
STU-2026-0403,EXM-0211,SUB-MATH,99.0,A+,True,SCH-001
STU-2026-0404,EXM-0211,SUB-MATH,81.3,A,True,SCH-001
STU-2026-0405,EXM-0211,SUB-MATH,63.4,C,True,SCH-001
STU-2026-0406,EXM-0211,SUB-MATH,80.8,A,True,SCH-001
STU-2026-0407,EXM-0211,SUB-MATH,82.4,A,True,SCH-001
STU-2026-0408,EXM-0211,SUB-MATH,76.8,B,True,SCH-001
STU-2026-0409,EXM-0211,SUB-MATH,78.3,B,True,SCH-001
STU-2026-0410,EXM-0211,SUB-MATH,75.6,B,True,SCH-001
STU-2026-0411,EXM-0211,SUB-MATH,99.0,A+,True,SCH-001
STU-2026-0412,EXM-0211,SUB-MATH,57.7,D,True,SCH-001
STU-2026-0413,EXM-0211,SUB-MATH,61.8,C,True,SCH-001
STU-2026-0414,EXM-0211,SUB-MATH,77.6,B,True,SCH-001
STU-2026-0415,EXM-0211,SUB-MATH,82.0,A,True,SCH-001
STU-2026-0416,EXM-0211,SUB-MATH,74.1,B,True,SCH-001
STU-2026-0417,EXM-0211,SUB-MATH,78.6,B,True,SCH-001
STU-2026-0418,EXM-0211,SUB-MATH,95.3,A+,True,SCH-001
STU-2026-0419,EXM-0211,SUB-MATH,78.5,B,True,SCH-001
STU-2026-0420,EXM-0211,SUB-MATH,84.7,A,True,SCH-001
STU-2026-0421,EXM-0211,SUB-MATH,90.0,A+,True,SCH-001
STU-2026-0422,EXM-0211,SUB-MATH,85.4,A,True,SCH-001
STU-2026-0423,EXM-0211,SUB-MATH,90.0,A+,True,SCH-001
STU-2026-0424,EXM-0211,SUB-MATH,82.3,A,True,SCH-001
STU-2026-0425,EXM-0211,SUB-MATH,60.8,C,True,SCH-001
STU-2026-0426,EXM-0211,SUB-MATH,92.3,A+,True,SCH-001
STU-2026-0427,EXM-0211,SUB-MATH,62.5,C,True,SCH-001
STU-2026-0428,EXM-0211,SUB-MATH,81.3,A,True,SCH-001
STU-2026-0429,EXM-0211,SUB-MATH,93.0,A+,True,SCH-001
STU-2026-0430,EXM-0211,SUB-MATH,85.4,A,True,SCH-001
STU-2026-0431,EXM-0211,SUB-MATH,62.1,C,True,SCH-001
STU-2026-0432,EXM-0211,SUB-MATH,86.3,A,True,SCH-001
STU-2026-0433,EXM-0211,SUB-MATH,84.1,A,True,SCH-001
STU-2026-0434,EXM-0211,SUB-MATH,77.2,B,True,SCH-001
STU-2026-0435,EXM-0211,SUB-MATH,65.1,C,True,SCH-001
STU-2026-0436,EXM-0211,SUB-MATH,78.8,B,True,SCH-001
STU-2026-0437,EXM-0211,SUB-MATH,86.7,A,True,SCH-001
STU-2026-0438,EXM-0211,SUB-MATH,24.4,F,False,SCH-001
STU-2026-0439,EXM-0211,SUB-MATH,79.5,B,True,SCH-001
STU-2026-0440,EXM-0211,SUB-MATH,72.6,B,True,SCH-001
STU-2026-0441,EXM-0211,SUB-MATH,74.3,B,True,SCH-001
STU-2026-0442,EXM-0211,SUB-MATH,78.7,B,True,SCH-001
STU-2026-0443,EXM-0211,SUB-MATH,97.3,A+,True,SCH-001
STU-2026-0444,EXM-0211,SUB-MATH,79.1,B,True,SCH-001
STU-2026-0445,EXM-0211,SUB-MATH,49.4,F,True,SCH-001
STU-2026-0446,EXM-0211,SUB-MATH,84.0,A,True,SCH-001
STU-2026-0447,EXM-0211,SUB-MATH,95.6,A+,True,SCH-001
STU-2026-0448,EXM-0211,SUB-MATH,61.8,C,True,SCH-001
STU-2026-0449,EXM-0211,SUB-MATH,87.8,A,True,SCH-001
STU-2026-0450,EXM-0211,SUB-MATH,48.3,F,True,SCH-001
STU-2026-0451,EXM-0211,SUB-MATH,49.3,F,True,SCH-001
STU-2026-0452,EXM-0211,SUB-MATH,85.5,A,True,SCH-001
STU-2026-0453,EXM-0211,SUB-MATH,99.0,A+,True,SCH-001
STU-2026-0454,EXM-0211,SUB-MATH,99.0,A+,True,SCH-001
STU-2026-0455,EXM-0211,SUB-MATH,93.3,A+,True,SCH-001
STU-2026-0456,EXM-0211,SUB-MATH,86.3,A,True,SCH-001
STU-2026-0457,EXM-0211,SUB-MATH,81.2,A,True,SCH-001
STU-2026-0458,EXM-0211,SUB-MATH,78.2,B,True,SCH-001
STU-2026-0459,EXM-0211,SUB-MATH,80.1,A,True,SCH-001
STU-2026-0460,EXM-0211,SUB-MATH,24.3,F,False,SCH-001
STU-2026-0461,EXM-0211,SUB-MATH,79.0,B,True,SCH-001
STU-2026-0462,EXM-0211,SUB-MATH,69.9,C,True,SCH-001
STU-2026-0397,EXM-0212,SUB-PHY,25.8,F,False,SCH-001
STU-2026-0398,EXM-0212,SUB-PHY,76.8,B,True,SCH-001
STU-2026-0399,EXM-0212,SUB-PHY,74.4,B,True,SCH-001
STU-2026-0400,EXM-0212,SUB-PHY,72.7,B,True,SCH-001
STU-2026-0401,EXM-0212,SUB-PHY,71.5,B,True,SCH-001
STU-2026-0402,EXM-0212,SUB-PHY,80.9,A,True,SCH-001
STU-2026-0403,EXM-0212,SUB-PHY,99.0,A+,True,SCH-001
STU-2026-0404,EXM-0212,SUB-PHY,68.3,C,True,SCH-001
STU-2026-0405,EXM-0212,SUB-PHY,67.8,C,True,SCH-001
STU-2026-0406,EXM-0212,SUB-PHY,75.1,B,True,SCH-001
STU-2026-0407,EXM-0212,SUB-PHY,77.2,B,True,SCH-001
STU-2026-0408,EXM-0212,SUB-PHY,77.4,B,True,SCH-001
STU-2026-0409,EXM-0212,SUB-PHY,73.4,B,True,SCH-001
STU-2026-0410,EXM-0212,SUB-PHY,58.4,D,True,SCH-001
STU-2026-0411,EXM-0212,SUB-PHY,90.0,A+,True,SCH-001
STU-2026-0412,EXM-0212,SUB-PHY,62.0,C,True,SCH-001
STU-2026-0413,EXM-0212,SUB-PHY,76.1,B,True,SCH-001
STU-2026-0414,EXM-0212,SUB-PHY,87.3,A,True,SCH-001
STU-2026-0415,EXM-0212,SUB-PHY,82.8,A,True,SCH-001
STU-2026-0416,EXM-0212,SUB-PHY,53.8,D,True,SCH-001
STU-2026-0417,EXM-0212,SUB-PHY,87.8,A,True,SCH-001
STU-2026-0418,EXM-0212,SUB-PHY,92.6,A+,True,SCH-001
STU-2026-0419,EXM-0212,SUB-PHY,92.1,A+,True,SCH-001
STU-2026-0420,EXM-0212,SUB-PHY,72.3,B,True,SCH-001
STU-2026-0421,EXM-0212,SUB-PHY,85.1,A,True,SCH-001
STU-2026-0422,EXM-0212,SUB-PHY,75.3,B,True,SCH-001
STU-2026-0423,EXM-0212,SUB-PHY,84.4,A,True,SCH-001
STU-2026-0424,EXM-0212,SUB-PHY,91.4,A+,True,SCH-001
STU-2026-0425,EXM-0212,SUB-PHY,61.6,C,True,SCH-001
STU-2026-0426,EXM-0212,SUB-PHY,93.0,A+,True,SCH-001
STU-2026-0427,EXM-0212,SUB-PHY,62.2,C,True,SCH-001
STU-2026-0428,EXM-0212,SUB-PHY,88.9,A,True,SCH-001
STU-2026-0429,EXM-0212,SUB-PHY,99.0,A+,True,SCH-001
STU-2026-0430,EXM-0212,SUB-PHY,79.5,B,True,SCH-001
STU-2026-0431,EXM-0212,SUB-PHY,75.0,B,True,SCH-001
STU-2026-0432,EXM-0212,SUB-PHY,84.5,A,True,SCH-001
STU-2026-0433,EXM-0212,SUB-PHY,70.2,B,True,SCH-001
STU-2026-0434,EXM-0212,SUB-PHY,85.9,A,True,SCH-001
STU-2026-0435,EXM-0212,SUB-PHY,76.6,B,True,SCH-001
STU-2026-0436,EXM-0212,SUB-PHY,75.8,B,True,SCH-001
STU-2026-0437,EXM-0212,SUB-PHY,79.0,B,True,SCH-001
STU-2026-0438,EXM-0212,SUB-PHY,36.7,F,True,SCH-001
STU-2026-0439,EXM-0212,SUB-PHY,69.0,C,True,SCH-001
STU-2026-0440,EXM-0212,SUB-PHY,72.0,B,True,SCH-001
STU-2026-0441,EXM-0212,SUB-PHY,72.5,B,True,SCH-001
STU-2026-0442,EXM-0212,SUB-PHY,76.9,B,True,SCH-001
STU-2026-0443,EXM-0212,SUB-PHY,81.5,A,True,SCH-001
STU-2026-0444,EXM-0212,SUB-PHY,79.8,B,True,SCH-001
STU-2026-0445,EXM-0212,SUB-PHY,46.9,F,True,SCH-001
STU-2026-0446,EXM-0212,SUB-PHY,87.5,A,True,SCH-001
STU-2026-0447,EXM-0212,SUB-PHY,82.6,A,True,SCH-001
STU-2026-0448,EXM-0212,SUB-PHY,72.6,B,True,SCH-001
STU-2026-0449,EXM-0212,SUB-PHY,84.7,A,True,SCH-001
STU-2026-0450,EXM-0212,SUB-PHY,62.1,C,True,SCH-001
STU-2026-0451,EXM-0212,SUB-PHY,47.0,F,True,SCH-001
STU-2026-0452,EXM-0212,SUB-PHY,76.5,B,True,SCH-001
STU-2026-0453,EXM-0212,SUB-PHY,99.0,A+,True,SCH-001
STU-2026-0454,EXM-0212,SUB-PHY,94.0,A+,True,SCH-001
STU-2026-0455,EXM-0212,SUB-PHY,77.0,B,True,SCH-001
STU-2026-0456,EXM-0212,SUB-PHY,67.5,C,True,SCH-001
STU-2026-0457,EXM-0212,SUB-PHY,77.2,B,True,SCH-001
STU-2026-0458,EXM-0212,SUB-PHY,58.3,D,True,SCH-001
STU-2026-0459,EXM-0212,SUB-PHY,83.8,A,True,SCH-001
STU-2026-0460,EXM-0212,SUB-PHY,25.8,F,False,SCH-001
STU-2026-0461,EXM-0212,SUB-PHY,70.1,B,True,SCH-001
STU-2026-0462,EXM-0212,SUB-PHY,67.7,C,True,SCH-001
STU-2026-0397,EXM-0213,SUB-CHEM,37.1,F,True,SCH-001
STU-2026-0398,EXM-0213,SUB-CHEM,79.2,B,True,SCH-001
STU-2026-0399,EXM-0213,SUB-CHEM,79.3,B,True,SCH-001
STU-2026-0400,EXM-0213,SUB-CHEM,73.6,B,True,SCH-001
STU-2026-0401,EXM-0213,SUB-CHEM,73.5,B,True,SCH-001
STU-2026-0402,EXM-0213,SUB-CHEM,76.7,B,True,SCH-001
STU-2026-0403,EXM-0213,SUB-CHEM,90.7,A+,True,SCH-001
STU-2026-0404,EXM-0213,SUB-CHEM,80.5,A,True,SCH-001
STU-2026-0405,EXM-0213,SUB-CHEM,74.8,B,True,SCH-001
STU-2026-0406,EXM-0213,SUB-CHEM,71.0,B,True,SCH-001
STU-2026-0407,EXM-0213,SUB-CHEM,79.8,B,True,SCH-001
STU-2026-0408,EXM-0213,SUB-CHEM,72.8,B,True,SCH-001
STU-2026-0409,EXM-0213,SUB-CHEM,66.9,C,True,SCH-001
STU-2026-0410,EXM-0213,SUB-CHEM,55.8,D,True,SCH-001
STU-2026-0411,EXM-0213,SUB-CHEM,94.1,A+,True,SCH-001
STU-2026-0412,EXM-0213,SUB-CHEM,66.5,C,True,SCH-001
STU-2026-0413,EXM-0213,SUB-CHEM,84.5,A,True,SCH-001
STU-2026-0414,EXM-0213,SUB-CHEM,67.7,C,True,SCH-001
STU-2026-0415,EXM-0213,SUB-CHEM,66.4,C,True,SCH-001
STU-2026-0416,EXM-0213,SUB-CHEM,71.7,B,True,SCH-001
STU-2026-0417,EXM-0213,SUB-CHEM,83.4,A,True,SCH-001
STU-2026-0418,EXM-0213,SUB-CHEM,77.0,B,True,SCH-001
STU-2026-0419,EXM-0213,SUB-CHEM,78.4,B,True,SCH-001
STU-2026-0420,EXM-0213,SUB-CHEM,83.1,A,True,SCH-001
STU-2026-0421,EXM-0213,SUB-CHEM,91.4,A+,True,SCH-001
STU-2026-0422,EXM-0213,SUB-CHEM,78.9,B,True,SCH-001
STU-2026-0423,EXM-0213,SUB-CHEM,92.2,A+,True,SCH-001
STU-2026-0424,EXM-0213,SUB-CHEM,79.8,B,True,SCH-001
STU-2026-0425,EXM-0213,SUB-CHEM,72.4,B,True,SCH-001
STU-2026-0426,EXM-0213,SUB-CHEM,95.5,A+,True,SCH-001
STU-2026-0427,EXM-0213,SUB-CHEM,85.3,A,True,SCH-001
STU-2026-0428,EXM-0213,SUB-CHEM,67.0,C,True,SCH-001
STU-2026-0429,EXM-0213,SUB-CHEM,93.7,A+,True,SCH-001
STU-2026-0430,EXM-0213,SUB-CHEM,69.2,C,True,SCH-001
STU-2026-0431,EXM-0213,SUB-CHEM,69.1,C,True,SCH-001
STU-2026-0432,EXM-0213,SUB-CHEM,87.4,A,True,SCH-001
STU-2026-0433,EXM-0213,SUB-CHEM,78.3,B,True,SCH-001
STU-2026-0434,EXM-0213,SUB-CHEM,83.9,A,True,SCH-001
STU-2026-0435,EXM-0213,SUB-CHEM,88.2,A,True,SCH-001
STU-2026-0436,EXM-0213,SUB-CHEM,68.8,C,True,SCH-001
STU-2026-0437,EXM-0213,SUB-CHEM,66.9,C,True,SCH-001
STU-2026-0438,EXM-0213,SUB-CHEM,32.4,F,False,SCH-001
STU-2026-0439,EXM-0213,SUB-CHEM,72.7,B,True,SCH-001
STU-2026-0440,EXM-0213,SUB-CHEM,74.1,B,True,SCH-001
STU-2026-0441,EXM-0213,SUB-CHEM,67.0,C,True,SCH-001
STU-2026-0442,EXM-0213,SUB-CHEM,82.3,A,True,SCH-001
STU-2026-0443,EXM-0213,SUB-CHEM,83.5,A,True,SCH-001
STU-2026-0444,EXM-0213,SUB-CHEM,68.3,C,True,SCH-001
STU-2026-0445,EXM-0213,SUB-CHEM,33.2,F,False,SCH-001
STU-2026-0446,EXM-0213,SUB-CHEM,76.2,B,True,SCH-001
STU-2026-0447,EXM-0213,SUB-CHEM,85.6,A,True,SCH-001
STU-2026-0448,EXM-0213,SUB-CHEM,67.3,C,True,SCH-001
STU-2026-0449,EXM-0213,SUB-CHEM,83.8,A,True,SCH-001
STU-2026-0450,EXM-0213,SUB-CHEM,51.8,D,True,SCH-001
STU-2026-0451,EXM-0213,SUB-CHEM,55.6,D,True,SCH-001
STU-2026-0452,EXM-0213,SUB-CHEM,85.6,A,True,SCH-001
STU-2026-0453,EXM-0213,SUB-CHEM,99.0,A+,True,SCH-001
STU-2026-0454,EXM-0213,SUB-CHEM,99.0,A+,True,SCH-001
STU-2026-0455,EXM-0213,SUB-CHEM,83.3,A,True,SCH-001
STU-2026-0456,EXM-0213,SUB-CHEM,89.0,A,True,SCH-001
STU-2026-0457,EXM-0213,SUB-CHEM,84.8,A,True,SCH-001
STU-2026-0458,EXM-0213,SUB-CHEM,79.4,B,True,SCH-001
STU-2026-0459,EXM-0213,SUB-CHEM,74.5,B,True,SCH-001
STU-2026-0460,EXM-0213,SUB-CHEM,30.6,F,False,SCH-001
STU-2026-0461,EXM-0213,SUB-CHEM,72.5,B,True,SCH-001
STU-2026-0462,EXM-0213,SUB-CHEM,77.8,B,True,SCH-001
STU-2026-0397,EXM-0214,SUB-ENG,39.5,F,True,SCH-001
STU-2026-0398,EXM-0214,SUB-ENG,89.8,A,True,SCH-001
STU-2026-0399,EXM-0214,SUB-ENG,74.9,B,True,SCH-001
STU-2026-0400,EXM-0214,SUB-ENG,77.8,B,True,SCH-001
STU-2026-0401,EXM-0214,SUB-ENG,70.6,B,True,SCH-001
STU-2026-0402,EXM-0214,SUB-ENG,89.5,A,True,SCH-001
STU-2026-0403,EXM-0214,SUB-ENG,87.8,A,True,SCH-001
STU-2026-0404,EXM-0214,SUB-ENG,82.6,A,True,SCH-001
STU-2026-0405,EXM-0214,SUB-ENG,74.7,B,True,SCH-001
STU-2026-0406,EXM-0214,SUB-ENG,73.1,B,True,SCH-001
STU-2026-0407,EXM-0214,SUB-ENG,67.4,C,True,SCH-001
STU-2026-0408,EXM-0214,SUB-ENG,65.1,C,True,SCH-001
STU-2026-0409,EXM-0214,SUB-ENG,85.9,A,True,SCH-001
STU-2026-0410,EXM-0214,SUB-ENG,72.1,B,True,SCH-001
STU-2026-0411,EXM-0214,SUB-ENG,86.4,A,True,SCH-001
STU-2026-0412,EXM-0214,SUB-ENG,54.1,D,True,SCH-001
STU-2026-0413,EXM-0214,SUB-ENG,80.8,A,True,SCH-001
STU-2026-0414,EXM-0214,SUB-ENG,74.2,B,True,SCH-001
STU-2026-0415,EXM-0214,SUB-ENG,86.5,A,True,SCH-001
STU-2026-0416,EXM-0214,SUB-ENG,70.2,B,True,SCH-001
STU-2026-0417,EXM-0214,SUB-ENG,83.5,A,True,SCH-001
STU-2026-0418,EXM-0214,SUB-ENG,93.7,A+,True,SCH-001
STU-2026-0419,EXM-0214,SUB-ENG,68.6,C,True,SCH-001
STU-2026-0420,EXM-0214,SUB-ENG,75.3,B,True,SCH-001
STU-2026-0421,EXM-0214,SUB-ENG,99.0,A+,True,SCH-001
STU-2026-0422,EXM-0214,SUB-ENG,82.7,A,True,SCH-001
STU-2026-0423,EXM-0214,SUB-ENG,83.0,A,True,SCH-001
STU-2026-0424,EXM-0214,SUB-ENG,78.2,B,True,SCH-001
STU-2026-0425,EXM-0214,SUB-ENG,64.4,C,True,SCH-001
STU-2026-0426,EXM-0214,SUB-ENG,87.0,A,True,SCH-001
STU-2026-0427,EXM-0214,SUB-ENG,79.2,B,True,SCH-001
STU-2026-0428,EXM-0214,SUB-ENG,74.6,B,True,SCH-001
STU-2026-0429,EXM-0214,SUB-ENG,86.3,A,True,SCH-001
STU-2026-0430,EXM-0214,SUB-ENG,74.4,B,True,SCH-001
STU-2026-0431,EXM-0214,SUB-ENG,70.4,B,True,SCH-001
STU-2026-0432,EXM-0214,SUB-ENG,86.4,A,True,SCH-001
STU-2026-0433,EXM-0214,SUB-ENG,75.7,B,True,SCH-001
STU-2026-0434,EXM-0214,SUB-ENG,89.9,A,True,SCH-001
STU-2026-0435,EXM-0214,SUB-ENG,68.1,C,True,SCH-001
STU-2026-0436,EXM-0214,SUB-ENG,78.7,B,True,SCH-001
STU-2026-0437,EXM-0214,SUB-ENG,69.8,C,True,SCH-001
STU-2026-0438,EXM-0214,SUB-ENG,32.7,F,False,SCH-001
STU-2026-0439,EXM-0214,SUB-ENG,70.2,B,True,SCH-001
STU-2026-0440,EXM-0214,SUB-ENG,76.7,B,True,SCH-001
STU-2026-0441,EXM-0214,SUB-ENG,78.7,B,True,SCH-001
STU-2026-0442,EXM-0214,SUB-ENG,77.9,B,True,SCH-001
STU-2026-0443,EXM-0214,SUB-ENG,82.7,A,True,SCH-001
STU-2026-0444,EXM-0214,SUB-ENG,81.4,A,True,SCH-001
STU-2026-0445,EXM-0214,SUB-ENG,43.4,F,True,SCH-001
STU-2026-0446,EXM-0214,SUB-ENG,76.1,B,True,SCH-001
STU-2026-0447,EXM-0214,SUB-ENG,88.2,A,True,SCH-001
STU-2026-0448,EXM-0214,SUB-ENG,62.2,C,True,SCH-001
STU-2026-0449,EXM-0214,SUB-ENG,99.0,A+,True,SCH-001
STU-2026-0450,EXM-0214,SUB-ENG,52.5,D,True,SCH-001
STU-2026-0451,EXM-0214,SUB-ENG,57.3,D,True,SCH-001
STU-2026-0452,EXM-0214,SUB-ENG,76.1,B,True,SCH-001
STU-2026-0453,EXM-0214,SUB-ENG,95.7,A+,True,SCH-001
STU-2026-0454,EXM-0214,SUB-ENG,99.0,A+,True,SCH-001
STU-2026-0455,EXM-0214,SUB-ENG,97.7,A+,True,SCH-001
STU-2026-0456,EXM-0214,SUB-ENG,72.6,B,True,SCH-001
STU-2026-0457,EXM-0214,SUB-ENG,83.9,A,True,SCH-001
STU-2026-0458,EXM-0214,SUB-ENG,73.4,B,True,SCH-001
STU-2026-0459,EXM-0214,SUB-ENG,87.2,A,True,SCH-001
STU-2026-0460,EXM-0214,SUB-ENG,37.4,F,True,SCH-001
STU-2026-0461,EXM-0214,SUB-ENG,77.9,B,True,SCH-001
STU-2026-0462,EXM-0214,SUB-ENG,64.5,C,True,SCH-001
STU-2026-0397,EXM-0215,SUB-HIST,28.6,F,False,SCH-001
STU-2026-0398,EXM-0215,SUB-HIST,88.7,A,True,SCH-001
STU-2026-0399,EXM-0215,SUB-HIST,70.7,B,True,SCH-001
STU-2026-0400,EXM-0215,SUB-HIST,68.8,C,True,SCH-001
STU-2026-0401,EXM-0215,SUB-HIST,78.1,B,True,SCH-001
STU-2026-0402,EXM-0215,SUB-HIST,77.4,B,True,SCH-001
STU-2026-0403,EXM-0215,SUB-HIST,91.2,A+,True,SCH-001
STU-2026-0404,EXM-0215,SUB-HIST,72.7,B,True,SCH-001
STU-2026-0405,EXM-0215,SUB-HIST,67.2,C,True,SCH-001
STU-2026-0406,EXM-0215,SUB-HIST,77.9,B,True,SCH-001
STU-2026-0407,EXM-0215,SUB-HIST,67.6,C,True,SCH-001
STU-2026-0408,EXM-0215,SUB-HIST,65.5,C,True,SCH-001
STU-2026-0409,EXM-0215,SUB-HIST,67.0,C,True,SCH-001
STU-2026-0410,EXM-0215,SUB-HIST,58.0,D,True,SCH-001
STU-2026-0411,EXM-0215,SUB-HIST,83.7,A,True,SCH-001
STU-2026-0412,EXM-0215,SUB-HIST,63.1,C,True,SCH-001
STU-2026-0413,EXM-0215,SUB-HIST,85.1,A,True,SCH-001
STU-2026-0414,EXM-0215,SUB-HIST,78.6,B,True,SCH-001
STU-2026-0415,EXM-0215,SUB-HIST,68.8,C,True,SCH-001
STU-2026-0416,EXM-0215,SUB-HIST,71.8,B,True,SCH-001
STU-2026-0417,EXM-0215,SUB-HIST,85.2,A,True,SCH-001
STU-2026-0418,EXM-0215,SUB-HIST,74.6,B,True,SCH-001
STU-2026-0419,EXM-0215,SUB-HIST,73.3,B,True,SCH-001
STU-2026-0420,EXM-0215,SUB-HIST,71.1,B,True,SCH-001
STU-2026-0421,EXM-0215,SUB-HIST,83.4,A,True,SCH-001
STU-2026-0422,EXM-0215,SUB-HIST,76.3,B,True,SCH-001
STU-2026-0423,EXM-0215,SUB-HIST,86.0,A,True,SCH-001
STU-2026-0424,EXM-0215,SUB-HIST,73.8,B,True,SCH-001
STU-2026-0425,EXM-0215,SUB-HIST,63.5,C,True,SCH-001
STU-2026-0426,EXM-0215,SUB-HIST,92.9,A+,True,SCH-001
STU-2026-0427,EXM-0215,SUB-HIST,64.4,C,True,SCH-001
STU-2026-0428,EXM-0215,SUB-HIST,82.3,A,True,SCH-001
STU-2026-0429,EXM-0215,SUB-HIST,99.0,A+,True,SCH-001
STU-2026-0430,EXM-0215,SUB-HIST,75.1,B,True,SCH-001
STU-2026-0431,EXM-0215,SUB-HIST,67.0,C,True,SCH-001
STU-2026-0432,EXM-0215,SUB-HIST,80.2,A,True,SCH-001
STU-2026-0433,EXM-0215,SUB-HIST,82.8,A,True,SCH-001
STU-2026-0434,EXM-0215,SUB-HIST,80.2,A,True,SCH-001
STU-2026-0435,EXM-0215,SUB-HIST,83.8,A,True,SCH-001
STU-2026-0436,EXM-0215,SUB-HIST,76.9,B,True,SCH-001
STU-2026-0437,EXM-0215,SUB-HIST,81.1,A,True,SCH-001
STU-2026-0438,EXM-0215,SUB-HIST,26.0,F,False,SCH-001
STU-2026-0439,EXM-0215,SUB-HIST,65.0,C,True,SCH-001
STU-2026-0440,EXM-0215,SUB-HIST,65.6,C,True,SCH-001
STU-2026-0441,EXM-0215,SUB-HIST,78.0,B,True,SCH-001
STU-2026-0442,EXM-0215,SUB-HIST,73.0,B,True,SCH-001
STU-2026-0443,EXM-0215,SUB-HIST,67.4,C,True,SCH-001
STU-2026-0444,EXM-0215,SUB-HIST,94.6,A+,True,SCH-001
STU-2026-0445,EXM-0215,SUB-HIST,47.6,F,True,SCH-001
STU-2026-0446,EXM-0215,SUB-HIST,82.0,A,True,SCH-001
STU-2026-0447,EXM-0215,SUB-HIST,92.6,A+,True,SCH-001
STU-2026-0448,EXM-0215,SUB-HIST,65.8,C,True,SCH-001
STU-2026-0449,EXM-0215,SUB-HIST,93.0,A+,True,SCH-001
STU-2026-0450,EXM-0215,SUB-HIST,57.3,D,True,SCH-001
STU-2026-0451,EXM-0215,SUB-HIST,49.3,F,True,SCH-001
STU-2026-0452,EXM-0215,SUB-HIST,82.1,A,True,SCH-001
STU-2026-0453,EXM-0215,SUB-HIST,87.5,A,True,SCH-001
STU-2026-0454,EXM-0215,SUB-HIST,99.0,A+,True,SCH-001
STU-2026-0455,EXM-0215,SUB-HIST,91.7,A+,True,SCH-001
STU-2026-0456,EXM-0215,SUB-HIST,70.8,B,True,SCH-001
STU-2026-0457,EXM-0215,SUB-HIST,68.9,C,True,SCH-001
STU-2026-0458,EXM-0215,SUB-HIST,86.2,A,True,SCH-001
STU-2026-0459,EXM-0215,SUB-HIST,86.8,A,True,SCH-001
STU-2026-0460,EXM-0215,SUB-HIST,18.7,F,False,SCH-001
STU-2026-0461,EXM-0215,SUB-HIST,82.2,A,True,SCH-001
STU-2026-0462,EXM-0215,SUB-HIST,57.9,D,True,SCH-001
STU-2026-0463,EXM-0216,SUB-MATH,90.7,A+,True,SCH-001
STU-2026-0464,EXM-0216,SUB-MATH,54.0,D,True,SCH-001
STU-2026-0465,EXM-0216,SUB-MATH,88.1,A,True,SCH-001
STU-2026-0466,EXM-0216,SUB-MATH,86.5,A,True,SCH-001
STU-2026-0467,EXM-0216,SUB-MATH,80.2,A,True,SCH-001
STU-2026-0468,EXM-0216,SUB-MATH,66.5,C,True,SCH-001
STU-2026-0469,EXM-0216,SUB-MATH,66.2,C,True,SCH-001
STU-2026-0470,EXM-0216,SUB-MATH,66.7,C,True,SCH-001
STU-2026-0471,EXM-0216,SUB-MATH,83.7,A,True,SCH-001
STU-2026-0472,EXM-0216,SUB-MATH,44.3,F,True,SCH-001
STU-2026-0473,EXM-0216,SUB-MATH,69.5,C,True,SCH-001
STU-2026-0474,EXM-0216,SUB-MATH,89.1,A,True,SCH-001
STU-2026-0475,EXM-0216,SUB-MATH,71.3,B,True,SCH-001
STU-2026-0476,EXM-0216,SUB-MATH,72.2,B,True,SCH-001
STU-2026-0477,EXM-0216,SUB-MATH,73.0,B,True,SCH-001
STU-2026-0478,EXM-0216,SUB-MATH,45.0,F,True,SCH-001
STU-2026-0479,EXM-0216,SUB-MATH,80.1,A,True,SCH-001
STU-2026-0480,EXM-0216,SUB-MATH,60.5,C,True,SCH-001
STU-2026-0481,EXM-0216,SUB-MATH,80.1,A,True,SCH-001
STU-2026-0482,EXM-0216,SUB-MATH,71.2,B,True,SCH-001
STU-2026-0483,EXM-0216,SUB-MATH,24.2,F,False,SCH-001
STU-2026-0484,EXM-0216,SUB-MATH,83.0,A,True,SCH-001
STU-2026-0485,EXM-0216,SUB-MATH,86.3,A,True,SCH-001
STU-2026-0486,EXM-0216,SUB-MATH,66.4,C,True,SCH-001
STU-2026-0487,EXM-0216,SUB-MATH,84.3,A,True,SCH-001
STU-2026-0488,EXM-0216,SUB-MATH,75.9,B,True,SCH-001
STU-2026-0489,EXM-0216,SUB-MATH,70.7,B,True,SCH-001
STU-2026-0490,EXM-0216,SUB-MATH,81.3,A,True,SCH-001
STU-2026-0491,EXM-0216,SUB-MATH,78.6,B,True,SCH-001
STU-2026-0492,EXM-0216,SUB-MATH,92.4,A+,True,SCH-001
STU-2026-0493,EXM-0216,SUB-MATH,80.7,A,True,SCH-001
STU-2026-0494,EXM-0216,SUB-MATH,78.4,B,True,SCH-001
STU-2026-0495,EXM-0216,SUB-MATH,77.1,B,True,SCH-001
STU-2026-0496,EXM-0216,SUB-MATH,42.9,F,True,SCH-001
STU-2026-0497,EXM-0216,SUB-MATH,51.6,D,True,SCH-001
STU-2026-0498,EXM-0216,SUB-MATH,53.1,D,True,SCH-001
STU-2026-0499,EXM-0216,SUB-MATH,38.5,F,True,SCH-001
STU-2026-0500,EXM-0216,SUB-MATH,60.5,C,True,SCH-001
STU-2026-0501,EXM-0216,SUB-MATH,85.3,A,True,SCH-001
STU-2026-0502,EXM-0216,SUB-MATH,74.5,B,True,SCH-001
STU-2026-0503,EXM-0216,SUB-MATH,71.0,B,True,SCH-001
STU-2026-0504,EXM-0216,SUB-MATH,84.3,A,True,SCH-001
STU-2026-0505,EXM-0216,SUB-MATH,94.5,A+,True,SCH-001
STU-2026-0506,EXM-0216,SUB-MATH,70.7,B,True,SCH-001
STU-2026-0507,EXM-0216,SUB-MATH,75.6,B,True,SCH-001
STU-2026-0508,EXM-0216,SUB-MATH,69.4,C,True,SCH-001
STU-2026-0509,EXM-0216,SUB-MATH,65.1,C,True,SCH-001
STU-2026-0510,EXM-0216,SUB-MATH,61.8,C,True,SCH-001
STU-2026-0511,EXM-0216,SUB-MATH,52.5,D,True,SCH-001
STU-2026-0512,EXM-0216,SUB-MATH,57.3,D,True,SCH-001
STU-2026-0513,EXM-0216,SUB-MATH,58.4,D,True,SCH-001
STU-2026-0514,EXM-0216,SUB-MATH,82.6,A,True,SCH-001
STU-2026-0515,EXM-0216,SUB-MATH,78.9,B,True,SCH-001
STU-2026-0516,EXM-0216,SUB-MATH,28.3,F,False,SCH-001
STU-2026-0517,EXM-0216,SUB-MATH,65.9,C,True,SCH-001
STU-2026-0518,EXM-0216,SUB-MATH,52.3,D,True,SCH-001
STU-2026-0519,EXM-0216,SUB-MATH,83.9,A,True,SCH-001
STU-2026-0520,EXM-0216,SUB-MATH,86.4,A,True,SCH-001
STU-2026-0521,EXM-0216,SUB-MATH,66.1,C,True,SCH-001
STU-2026-0522,EXM-0216,SUB-MATH,68.3,C,True,SCH-001
STU-2026-0523,EXM-0216,SUB-MATH,86.4,A,True,SCH-001
STU-2026-0524,EXM-0216,SUB-MATH,75.3,B,True,SCH-001
STU-2026-0525,EXM-0216,SUB-MATH,45.2,F,True,SCH-001
STU-2026-0526,EXM-0216,SUB-MATH,58.4,D,True,SCH-001
STU-2026-0527,EXM-0216,SUB-MATH,72.4,B,True,SCH-001
STU-2026-0528,EXM-0216,SUB-MATH,87.2,A,True,SCH-001
STU-2026-0463,EXM-0217,SUB-PHY,92.5,A+,True,SCH-001
STU-2026-0464,EXM-0217,SUB-PHY,48.1,F,True,SCH-001
STU-2026-0465,EXM-0217,SUB-PHY,59.3,D,True,SCH-001
STU-2026-0466,EXM-0217,SUB-PHY,71.2,B,True,SCH-001
STU-2026-0467,EXM-0217,SUB-PHY,61.4,C,True,SCH-001
STU-2026-0468,EXM-0217,SUB-PHY,73.7,B,True,SCH-001
STU-2026-0469,EXM-0217,SUB-PHY,76.7,B,True,SCH-001
STU-2026-0470,EXM-0217,SUB-PHY,75.5,B,True,SCH-001
STU-2026-0471,EXM-0217,SUB-PHY,77.9,B,True,SCH-001
STU-2026-0472,EXM-0217,SUB-PHY,29.8,F,False,SCH-001
STU-2026-0473,EXM-0217,SUB-PHY,78.0,B,True,SCH-001
STU-2026-0474,EXM-0217,SUB-PHY,74.3,B,True,SCH-001
STU-2026-0475,EXM-0217,SUB-PHY,81.1,A,True,SCH-001
STU-2026-0476,EXM-0217,SUB-PHY,67.5,C,True,SCH-001
STU-2026-0477,EXM-0217,SUB-PHY,62.0,C,True,SCH-001
STU-2026-0478,EXM-0217,SUB-PHY,55.8,D,True,SCH-001
STU-2026-0479,EXM-0217,SUB-PHY,66.7,C,True,SCH-001
STU-2026-0480,EXM-0217,SUB-PHY,68.4,C,True,SCH-001
STU-2026-0481,EXM-0217,SUB-PHY,81.2,A,True,SCH-001
STU-2026-0482,EXM-0217,SUB-PHY,62.6,C,True,SCH-001
STU-2026-0483,EXM-0217,SUB-PHY,15.0,F,False,SCH-001
STU-2026-0484,EXM-0217,SUB-PHY,70.2,B,True,SCH-001
STU-2026-0485,EXM-0217,SUB-PHY,99.0,A+,True,SCH-001
STU-2026-0486,EXM-0217,SUB-PHY,80.3,A,True,SCH-001
STU-2026-0487,EXM-0217,SUB-PHY,80.2,A,True,SCH-001
STU-2026-0488,EXM-0217,SUB-PHY,80.6,A,True,SCH-001
STU-2026-0489,EXM-0217,SUB-PHY,72.8,B,True,SCH-001
STU-2026-0490,EXM-0217,SUB-PHY,66.2,C,True,SCH-001
STU-2026-0491,EXM-0217,SUB-PHY,92.2,A+,True,SCH-001
STU-2026-0492,EXM-0217,SUB-PHY,84.5,A,True,SCH-001
STU-2026-0493,EXM-0217,SUB-PHY,84.8,A,True,SCH-001
STU-2026-0494,EXM-0217,SUB-PHY,74.9,B,True,SCH-001
STU-2026-0495,EXM-0217,SUB-PHY,82.6,A,True,SCH-001
STU-2026-0496,EXM-0217,SUB-PHY,26.2,F,False,SCH-001
STU-2026-0497,EXM-0217,SUB-PHY,52.1,D,True,SCH-001
STU-2026-0498,EXM-0217,SUB-PHY,59.9,D,True,SCH-001
STU-2026-0499,EXM-0217,SUB-PHY,24.2,F,False,SCH-001
STU-2026-0500,EXM-0217,SUB-PHY,57.7,D,True,SCH-001
STU-2026-0501,EXM-0217,SUB-PHY,83.6,A,True,SCH-001
STU-2026-0502,EXM-0217,SUB-PHY,80.3,A,True,SCH-001
STU-2026-0503,EXM-0217,SUB-PHY,74.3,B,True,SCH-001
STU-2026-0504,EXM-0217,SUB-PHY,91.8,A+,True,SCH-001
STU-2026-0505,EXM-0217,SUB-PHY,81.0,A,True,SCH-001
STU-2026-0506,EXM-0217,SUB-PHY,75.8,B,True,SCH-001
STU-2026-0507,EXM-0217,SUB-PHY,85.2,A,True,SCH-001
STU-2026-0508,EXM-0217,SUB-PHY,84.3,A,True,SCH-001
STU-2026-0509,EXM-0217,SUB-PHY,60.6,C,True,SCH-001
STU-2026-0510,EXM-0217,SUB-PHY,61.3,C,True,SCH-001
STU-2026-0511,EXM-0217,SUB-PHY,48.9,F,True,SCH-001
STU-2026-0512,EXM-0217,SUB-PHY,60.9,C,True,SCH-001
STU-2026-0513,EXM-0217,SUB-PHY,59.2,D,True,SCH-001
STU-2026-0514,EXM-0217,SUB-PHY,80.5,A,True,SCH-001
STU-2026-0515,EXM-0217,SUB-PHY,71.4,B,True,SCH-001
STU-2026-0516,EXM-0217,SUB-PHY,21.3,F,False,SCH-001
STU-2026-0517,EXM-0217,SUB-PHY,69.2,C,True,SCH-001
STU-2026-0518,EXM-0217,SUB-PHY,34.2,F,False,SCH-001
STU-2026-0519,EXM-0217,SUB-PHY,86.7,A,True,SCH-001
STU-2026-0520,EXM-0217,SUB-PHY,96.3,A+,True,SCH-001
STU-2026-0521,EXM-0217,SUB-PHY,63.6,C,True,SCH-001
STU-2026-0522,EXM-0217,SUB-PHY,84.3,A,True,SCH-001
STU-2026-0523,EXM-0217,SUB-PHY,79.1,B,True,SCH-001
STU-2026-0524,EXM-0217,SUB-PHY,71.6,B,True,SCH-001
STU-2026-0525,EXM-0217,SUB-PHY,55.7,D,True,SCH-001
STU-2026-0526,EXM-0217,SUB-PHY,77.0,B,True,SCH-001
STU-2026-0527,EXM-0217,SUB-PHY,72.6,B,True,SCH-001
STU-2026-0528,EXM-0217,SUB-PHY,80.3,A,True,SCH-001
STU-2026-0463,EXM-0218,SUB-CHEM,92.3,A+,True,SCH-001
STU-2026-0464,EXM-0218,SUB-CHEM,67.1,C,True,SCH-001
STU-2026-0465,EXM-0218,SUB-CHEM,67.9,C,True,SCH-001
STU-2026-0466,EXM-0218,SUB-CHEM,75.3,B,True,SCH-001
STU-2026-0467,EXM-0218,SUB-CHEM,68.9,C,True,SCH-001
STU-2026-0468,EXM-0218,SUB-CHEM,68.1,C,True,SCH-001
STU-2026-0469,EXM-0218,SUB-CHEM,69.0,C,True,SCH-001
STU-2026-0470,EXM-0218,SUB-CHEM,83.1,A,True,SCH-001
STU-2026-0471,EXM-0218,SUB-CHEM,82.6,A,True,SCH-001
STU-2026-0472,EXM-0218,SUB-CHEM,42.2,F,True,SCH-001
STU-2026-0473,EXM-0218,SUB-CHEM,74.3,B,True,SCH-001
STU-2026-0474,EXM-0218,SUB-CHEM,84.3,A,True,SCH-001
STU-2026-0475,EXM-0218,SUB-CHEM,86.1,A,True,SCH-001
STU-2026-0476,EXM-0218,SUB-CHEM,64.4,C,True,SCH-001
STU-2026-0477,EXM-0218,SUB-CHEM,65.6,C,True,SCH-001
STU-2026-0478,EXM-0218,SUB-CHEM,51.2,D,True,SCH-001
STU-2026-0479,EXM-0218,SUB-CHEM,58.9,D,True,SCH-001
STU-2026-0480,EXM-0218,SUB-CHEM,61.9,C,True,SCH-001
STU-2026-0481,EXM-0218,SUB-CHEM,81.7,A,True,SCH-001
STU-2026-0482,EXM-0218,SUB-CHEM,69.0,C,True,SCH-001
STU-2026-0483,EXM-0218,SUB-CHEM,19.4,F,False,SCH-001
STU-2026-0484,EXM-0218,SUB-CHEM,92.3,A+,True,SCH-001
STU-2026-0485,EXM-0218,SUB-CHEM,93.0,A+,True,SCH-001
STU-2026-0486,EXM-0218,SUB-CHEM,81.9,A,True,SCH-001
STU-2026-0487,EXM-0218,SUB-CHEM,94.5,A+,True,SCH-001
STU-2026-0488,EXM-0218,SUB-CHEM,74.2,B,True,SCH-001
STU-2026-0489,EXM-0218,SUB-CHEM,68.3,C,True,SCH-001
STU-2026-0490,EXM-0218,SUB-CHEM,79.3,B,True,SCH-001
STU-2026-0491,EXM-0218,SUB-CHEM,88.0,A,True,SCH-001
STU-2026-0492,EXM-0218,SUB-CHEM,91.6,A+,True,SCH-001
STU-2026-0493,EXM-0218,SUB-CHEM,86.9,A,True,SCH-001
STU-2026-0494,EXM-0218,SUB-CHEM,65.7,C,True,SCH-001
STU-2026-0495,EXM-0218,SUB-CHEM,80.1,A,True,SCH-001
STU-2026-0496,EXM-0218,SUB-CHEM,38.6,F,True,SCH-001
STU-2026-0497,EXM-0218,SUB-CHEM,48.1,F,True,SCH-001
STU-2026-0498,EXM-0218,SUB-CHEM,58.8,D,True,SCH-001
STU-2026-0499,EXM-0218,SUB-CHEM,15.8,F,False,SCH-001
STU-2026-0500,EXM-0218,SUB-CHEM,57.1,D,True,SCH-001
STU-2026-0501,EXM-0218,SUB-CHEM,88.7,A,True,SCH-001
STU-2026-0502,EXM-0218,SUB-CHEM,71.5,B,True,SCH-001
STU-2026-0503,EXM-0218,SUB-CHEM,78.7,B,True,SCH-001
STU-2026-0504,EXM-0218,SUB-CHEM,83.6,A,True,SCH-001
STU-2026-0505,EXM-0218,SUB-CHEM,78.8,B,True,SCH-001
STU-2026-0506,EXM-0218,SUB-CHEM,78.4,B,True,SCH-001
STU-2026-0507,EXM-0218,SUB-CHEM,68.1,C,True,SCH-001
STU-2026-0508,EXM-0218,SUB-CHEM,65.7,C,True,SCH-001
STU-2026-0509,EXM-0218,SUB-CHEM,65.9,C,True,SCH-001
STU-2026-0510,EXM-0218,SUB-CHEM,70.7,B,True,SCH-001
STU-2026-0511,EXM-0218,SUB-CHEM,61.1,C,True,SCH-001
STU-2026-0512,EXM-0218,SUB-CHEM,72.9,B,True,SCH-001
STU-2026-0513,EXM-0218,SUB-CHEM,60.5,C,True,SCH-001
STU-2026-0514,EXM-0218,SUB-CHEM,87.6,A,True,SCH-001
STU-2026-0515,EXM-0218,SUB-CHEM,71.6,B,True,SCH-001
STU-2026-0516,EXM-0218,SUB-CHEM,25.8,F,False,SCH-001
STU-2026-0517,EXM-0218,SUB-CHEM,78.8,B,True,SCH-001
STU-2026-0518,EXM-0218,SUB-CHEM,45.2,F,True,SCH-001
STU-2026-0519,EXM-0218,SUB-CHEM,84.1,A,True,SCH-001
STU-2026-0520,EXM-0218,SUB-CHEM,92.4,A+,True,SCH-001
STU-2026-0521,EXM-0218,SUB-CHEM,56.3,D,True,SCH-001
STU-2026-0522,EXM-0218,SUB-CHEM,73.8,B,True,SCH-001
STU-2026-0523,EXM-0218,SUB-CHEM,71.9,B,True,SCH-001
STU-2026-0524,EXM-0218,SUB-CHEM,73.6,B,True,SCH-001
STU-2026-0525,EXM-0218,SUB-CHEM,50.3,D,True,SCH-001
STU-2026-0526,EXM-0218,SUB-CHEM,73.2,B,True,SCH-001
STU-2026-0527,EXM-0218,SUB-CHEM,89.2,A,True,SCH-001
STU-2026-0528,EXM-0218,SUB-CHEM,92.0,A+,True,SCH-001
STU-2026-0463,EXM-0219,SUB-ENG,99.0,A+,True,SCH-001
STU-2026-0464,EXM-0219,SUB-ENG,62.4,C,True,SCH-001
STU-2026-0465,EXM-0219,SUB-ENG,71.5,B,True,SCH-001
STU-2026-0466,EXM-0219,SUB-ENG,75.7,B,True,SCH-001
STU-2026-0467,EXM-0219,SUB-ENG,69.0,C,True,SCH-001
STU-2026-0468,EXM-0219,SUB-ENG,72.8,B,True,SCH-001
STU-2026-0469,EXM-0219,SUB-ENG,72.3,B,True,SCH-001
STU-2026-0470,EXM-0219,SUB-ENG,66.4,C,True,SCH-001
STU-2026-0471,EXM-0219,SUB-ENG,82.7,A,True,SCH-001
STU-2026-0472,EXM-0219,SUB-ENG,40.2,F,True,SCH-001
STU-2026-0473,EXM-0219,SUB-ENG,75.1,B,True,SCH-001
STU-2026-0474,EXM-0219,SUB-ENG,82.4,A,True,SCH-001
STU-2026-0475,EXM-0219,SUB-ENG,72.1,B,True,SCH-001
STU-2026-0476,EXM-0219,SUB-ENG,68.1,C,True,SCH-001
STU-2026-0477,EXM-0219,SUB-ENG,61.9,C,True,SCH-001
STU-2026-0478,EXM-0219,SUB-ENG,60.8,C,True,SCH-001
STU-2026-0479,EXM-0219,SUB-ENG,70.6,B,True,SCH-001
STU-2026-0480,EXM-0219,SUB-ENG,63.6,C,True,SCH-001
STU-2026-0481,EXM-0219,SUB-ENG,72.3,B,True,SCH-001
STU-2026-0482,EXM-0219,SUB-ENG,71.1,B,True,SCH-001
STU-2026-0483,EXM-0219,SUB-ENG,18.2,F,False,SCH-001
STU-2026-0484,EXM-0219,SUB-ENG,86.4,A,True,SCH-001
STU-2026-0485,EXM-0219,SUB-ENG,85.2,A,True,SCH-001
STU-2026-0486,EXM-0219,SUB-ENG,76.4,B,True,SCH-001
STU-2026-0487,EXM-0219,SUB-ENG,82.7,A,True,SCH-001
STU-2026-0488,EXM-0219,SUB-ENG,80.4,A,True,SCH-001
STU-2026-0489,EXM-0219,SUB-ENG,70.7,B,True,SCH-001
STU-2026-0490,EXM-0219,SUB-ENG,75.5,B,True,SCH-001
STU-2026-0491,EXM-0219,SUB-ENG,83.0,A,True,SCH-001
STU-2026-0492,EXM-0219,SUB-ENG,91.5,A+,True,SCH-001
STU-2026-0493,EXM-0219,SUB-ENG,78.5,B,True,SCH-001
STU-2026-0494,EXM-0219,SUB-ENG,66.3,C,True,SCH-001
STU-2026-0495,EXM-0219,SUB-ENG,81.1,A,True,SCH-001
STU-2026-0496,EXM-0219,SUB-ENG,28.5,F,False,SCH-001
STU-2026-0497,EXM-0219,SUB-ENG,49.7,F,True,SCH-001
STU-2026-0498,EXM-0219,SUB-ENG,58.1,D,True,SCH-001
STU-2026-0499,EXM-0219,SUB-ENG,26.0,F,False,SCH-001
STU-2026-0500,EXM-0219,SUB-ENG,51.4,D,True,SCH-001
STU-2026-0501,EXM-0219,SUB-ENG,86.5,A,True,SCH-001
STU-2026-0502,EXM-0219,SUB-ENG,81.5,A,True,SCH-001
STU-2026-0503,EXM-0219,SUB-ENG,72.1,B,True,SCH-001
STU-2026-0504,EXM-0219,SUB-ENG,86.8,A,True,SCH-001
STU-2026-0505,EXM-0219,SUB-ENG,90.4,A+,True,SCH-001
STU-2026-0506,EXM-0219,SUB-ENG,78.9,B,True,SCH-001
STU-2026-0507,EXM-0219,SUB-ENG,74.1,B,True,SCH-001
STU-2026-0508,EXM-0219,SUB-ENG,81.6,A,True,SCH-001
STU-2026-0509,EXM-0219,SUB-ENG,64.8,C,True,SCH-001
STU-2026-0510,EXM-0219,SUB-ENG,72.0,B,True,SCH-001
STU-2026-0511,EXM-0219,SUB-ENG,49.8,F,True,SCH-001
STU-2026-0512,EXM-0219,SUB-ENG,60.7,C,True,SCH-001
STU-2026-0513,EXM-0219,SUB-ENG,60.4,C,True,SCH-001
STU-2026-0514,EXM-0219,SUB-ENG,82.8,A,True,SCH-001
STU-2026-0515,EXM-0219,SUB-ENG,71.1,B,True,SCH-001
STU-2026-0516,EXM-0219,SUB-ENG,21.3,F,False,SCH-001
STU-2026-0517,EXM-0219,SUB-ENG,81.9,A,True,SCH-001
STU-2026-0518,EXM-0219,SUB-ENG,41.3,F,True,SCH-001
STU-2026-0519,EXM-0219,SUB-ENG,71.5,B,True,SCH-001
STU-2026-0520,EXM-0219,SUB-ENG,99.0,A+,True,SCH-001
STU-2026-0521,EXM-0219,SUB-ENG,70.6,B,True,SCH-001
STU-2026-0522,EXM-0219,SUB-ENG,75.1,B,True,SCH-001
STU-2026-0523,EXM-0219,SUB-ENG,93.6,A+,True,SCH-001
STU-2026-0524,EXM-0219,SUB-ENG,85.1,A,True,SCH-001
STU-2026-0525,EXM-0219,SUB-ENG,54.3,D,True,SCH-001
STU-2026-0526,EXM-0219,SUB-ENG,57.2,D,True,SCH-001
STU-2026-0527,EXM-0219,SUB-ENG,82.3,A,True,SCH-001
STU-2026-0528,EXM-0219,SUB-ENG,82.1,A,True,SCH-001
STU-2026-0463,EXM-0220,SUB-HIST,99.0,A+,True,SCH-001
STU-2026-0464,EXM-0220,SUB-HIST,63.5,C,True,SCH-001
STU-2026-0465,EXM-0220,SUB-HIST,80.4,A,True,SCH-001
STU-2026-0466,EXM-0220,SUB-HIST,71.6,B,True,SCH-001
STU-2026-0467,EXM-0220,SUB-HIST,62.2,C,True,SCH-001
STU-2026-0468,EXM-0220,SUB-HIST,68.7,C,True,SCH-001
STU-2026-0469,EXM-0220,SUB-HIST,80.4,A,True,SCH-001
STU-2026-0470,EXM-0220,SUB-HIST,62.0,C,True,SCH-001
STU-2026-0471,EXM-0220,SUB-HIST,81.4,A,True,SCH-001
STU-2026-0472,EXM-0220,SUB-HIST,34.1,F,False,SCH-001
STU-2026-0473,EXM-0220,SUB-HIST,59.7,D,True,SCH-001
STU-2026-0474,EXM-0220,SUB-HIST,76.7,B,True,SCH-001
STU-2026-0475,EXM-0220,SUB-HIST,83.2,A,True,SCH-001
STU-2026-0476,EXM-0220,SUB-HIST,67.2,C,True,SCH-001
STU-2026-0477,EXM-0220,SUB-HIST,75.4,B,True,SCH-001
STU-2026-0478,EXM-0220,SUB-HIST,46.3,F,True,SCH-001
STU-2026-0479,EXM-0220,SUB-HIST,71.1,B,True,SCH-001
STU-2026-0480,EXM-0220,SUB-HIST,69.7,C,True,SCH-001
STU-2026-0481,EXM-0220,SUB-HIST,97.2,A+,True,SCH-001
STU-2026-0482,EXM-0220,SUB-HIST,67.9,C,True,SCH-001
STU-2026-0483,EXM-0220,SUB-HIST,15.0,F,False,SCH-001
STU-2026-0484,EXM-0220,SUB-HIST,79.5,B,True,SCH-001
STU-2026-0485,EXM-0220,SUB-HIST,83.6,A,True,SCH-001
STU-2026-0486,EXM-0220,SUB-HIST,79.1,B,True,SCH-001
STU-2026-0487,EXM-0220,SUB-HIST,91.7,A+,True,SCH-001
STU-2026-0488,EXM-0220,SUB-HIST,77.9,B,True,SCH-001
STU-2026-0489,EXM-0220,SUB-HIST,83.7,A,True,SCH-001
STU-2026-0490,EXM-0220,SUB-HIST,72.4,B,True,SCH-001
STU-2026-0491,EXM-0220,SUB-HIST,80.9,A,True,SCH-001
STU-2026-0492,EXM-0220,SUB-HIST,79.1,B,True,SCH-001
STU-2026-0493,EXM-0220,SUB-HIST,71.5,B,True,SCH-001
STU-2026-0494,EXM-0220,SUB-HIST,76.0,B,True,SCH-001
STU-2026-0495,EXM-0220,SUB-HIST,78.3,B,True,SCH-001
STU-2026-0496,EXM-0220,SUB-HIST,29.1,F,False,SCH-001
STU-2026-0497,EXM-0220,SUB-HIST,59.7,D,True,SCH-001
STU-2026-0498,EXM-0220,SUB-HIST,54.4,D,True,SCH-001
STU-2026-0499,EXM-0220,SUB-HIST,26.3,F,False,SCH-001
STU-2026-0500,EXM-0220,SUB-HIST,47.7,F,True,SCH-001
STU-2026-0501,EXM-0220,SUB-HIST,83.2,A,True,SCH-001
STU-2026-0502,EXM-0220,SUB-HIST,71.5,B,True,SCH-001
STU-2026-0503,EXM-0220,SUB-HIST,68.0,C,True,SCH-001
STU-2026-0504,EXM-0220,SUB-HIST,84.2,A,True,SCH-001
STU-2026-0505,EXM-0220,SUB-HIST,82.8,A,True,SCH-001
STU-2026-0506,EXM-0220,SUB-HIST,70.3,B,True,SCH-001
STU-2026-0507,EXM-0220,SUB-HIST,71.6,B,True,SCH-001
STU-2026-0508,EXM-0220,SUB-HIST,85.3,A,True,SCH-001
STU-2026-0509,EXM-0220,SUB-HIST,68.0,C,True,SCH-001
STU-2026-0510,EXM-0220,SUB-HIST,65.7,C,True,SCH-001
STU-2026-0511,EXM-0220,SUB-HIST,47.1,F,True,SCH-001
STU-2026-0512,EXM-0220,SUB-HIST,72.1,B,True,SCH-001
STU-2026-0513,EXM-0220,SUB-HIST,58.3,D,True,SCH-001
STU-2026-0514,EXM-0220,SUB-HIST,75.5,B,True,SCH-001
STU-2026-0515,EXM-0220,SUB-HIST,72.6,B,True,SCH-001
STU-2026-0516,EXM-0220,SUB-HIST,17.3,F,False,SCH-001
STU-2026-0517,EXM-0220,SUB-HIST,68.9,C,True,SCH-001
STU-2026-0518,EXM-0220,SUB-HIST,55.3,D,True,SCH-001
STU-2026-0519,EXM-0220,SUB-HIST,84.5,A,True,SCH-001
STU-2026-0520,EXM-0220,SUB-HIST,98.9,A+,True,SCH-001
STU-2026-0521,EXM-0220,SUB-HIST,69.6,C,True,SCH-001
STU-2026-0522,EXM-0220,SUB-HIST,71.5,B,True,SCH-001
STU-2026-0523,EXM-0220,SUB-HIST,75.1,B,True,SCH-001
STU-2026-0524,EXM-0220,SUB-HIST,74.3,B,True,SCH-001
STU-2026-0525,EXM-0220,SUB-HIST,51.4,D,True,SCH-001
STU-2026-0526,EXM-0220,SUB-HIST,65.2,C,True,SCH-001
STU-2026-0527,EXM-0220,SUB-HIST,80.2,A,True,SCH-001
STU-2026-0528,EXM-0220,SUB-HIST,77.2,B,True,SCH-001
STU-2026-0529,EXM-0221,SUB-MATH,67.3,C,True,SCH-001
STU-2026-0530,EXM-0221,SUB-MATH,68.9,C,True,SCH-001
STU-2026-0531,EXM-0221,SUB-MATH,72.2,B,True,SCH-001
STU-2026-0532,EXM-0221,SUB-MATH,87.9,A,True,SCH-001
STU-2026-0533,EXM-0221,SUB-MATH,85.7,A,True,SCH-001
STU-2026-0534,EXM-0221,SUB-MATH,61.3,C,True,SCH-001
STU-2026-0535,EXM-0221,SUB-MATH,89.4,A,True,SCH-001
STU-2026-0536,EXM-0221,SUB-MATH,79.3,B,True,SCH-001
STU-2026-0537,EXM-0221,SUB-MATH,86.6,A,True,SCH-001
STU-2026-0538,EXM-0221,SUB-MATH,69.7,C,True,SCH-001
STU-2026-0539,EXM-0221,SUB-MATH,33.7,F,False,SCH-001
STU-2026-0540,EXM-0221,SUB-MATH,64.5,C,True,SCH-001
STU-2026-0541,EXM-0221,SUB-MATH,72.9,B,True,SCH-001
STU-2026-0542,EXM-0221,SUB-MATH,78.1,B,True,SCH-001
STU-2026-0543,EXM-0221,SUB-MATH,74.7,B,True,SCH-001
STU-2026-0544,EXM-0221,SUB-MATH,88.0,A,True,SCH-001
STU-2026-0545,EXM-0221,SUB-MATH,84.6,A,True,SCH-001
STU-2026-0546,EXM-0221,SUB-MATH,79.6,B,True,SCH-001
STU-2026-0547,EXM-0221,SUB-MATH,81.3,A,True,SCH-001
STU-2026-0548,EXM-0221,SUB-MATH,90.5,A+,True,SCH-001
STU-2026-0549,EXM-0221,SUB-MATH,57.9,D,True,SCH-001
STU-2026-0550,EXM-0221,SUB-MATH,73.9,B,True,SCH-001
STU-2026-0551,EXM-0221,SUB-MATH,37.1,F,True,SCH-001
STU-2026-0552,EXM-0221,SUB-MATH,41.6,F,True,SCH-001
STU-2026-0553,EXM-0221,SUB-MATH,67.8,C,True,SCH-001
STU-2026-0554,EXM-0221,SUB-MATH,98.1,A+,True,SCH-001
STU-2026-0555,EXM-0221,SUB-MATH,62.7,C,True,SCH-001
STU-2026-0556,EXM-0221,SUB-MATH,74.1,B,True,SCH-001
STU-2026-0557,EXM-0221,SUB-MATH,81.4,A,True,SCH-001
STU-2026-0558,EXM-0221,SUB-MATH,76.2,B,True,SCH-001
STU-2026-0559,EXM-0221,SUB-MATH,78.1,B,True,SCH-001
STU-2026-0560,EXM-0221,SUB-MATH,82.9,A,True,SCH-001
STU-2026-0561,EXM-0221,SUB-MATH,92.2,A+,True,SCH-001
STU-2026-0562,EXM-0221,SUB-MATH,78.1,B,True,SCH-001
STU-2026-0563,EXM-0221,SUB-MATH,56.6,D,True,SCH-001
STU-2026-0564,EXM-0221,SUB-MATH,78.5,B,True,SCH-001
STU-2026-0565,EXM-0221,SUB-MATH,89.4,A,True,SCH-001
STU-2026-0566,EXM-0221,SUB-MATH,76.7,B,True,SCH-001
STU-2026-0567,EXM-0221,SUB-MATH,58.4,D,True,SCH-001
STU-2026-0568,EXM-0221,SUB-MATH,69.1,C,True,SCH-001
STU-2026-0569,EXM-0221,SUB-MATH,68.2,C,True,SCH-001
STU-2026-0570,EXM-0221,SUB-MATH,74.5,B,True,SCH-001
STU-2026-0571,EXM-0221,SUB-MATH,84.2,A,True,SCH-001
STU-2026-0572,EXM-0221,SUB-MATH,83.6,A,True,SCH-001
STU-2026-0573,EXM-0221,SUB-MATH,78.2,B,True,SCH-001
STU-2026-0574,EXM-0221,SUB-MATH,51.7,D,True,SCH-001
STU-2026-0575,EXM-0221,SUB-MATH,99.0,A+,True,SCH-001
STU-2026-0576,EXM-0221,SUB-MATH,57.7,D,True,SCH-001
STU-2026-0577,EXM-0221,SUB-MATH,79.6,B,True,SCH-001
STU-2026-0578,EXM-0221,SUB-MATH,79.2,B,True,SCH-001
STU-2026-0579,EXM-0221,SUB-MATH,86.2,A,True,SCH-001
STU-2026-0580,EXM-0221,SUB-MATH,95.3,A+,True,SCH-001
STU-2026-0581,EXM-0221,SUB-MATH,66.2,C,True,SCH-001
STU-2026-0582,EXM-0221,SUB-MATH,44.6,F,True,SCH-001
STU-2026-0583,EXM-0221,SUB-MATH,88.9,A,True,SCH-001
STU-2026-0584,EXM-0221,SUB-MATH,64.9,C,True,SCH-001
STU-2026-0585,EXM-0221,SUB-MATH,79.0,B,True,SCH-001
STU-2026-0586,EXM-0221,SUB-MATH,61.2,C,True,SCH-001
STU-2026-0587,EXM-0221,SUB-MATH,87.6,A,True,SCH-001
STU-2026-0588,EXM-0221,SUB-MATH,15.0,F,False,SCH-001
STU-2026-0589,EXM-0221,SUB-MATH,90.6,A+,True,SCH-001
STU-2026-0590,EXM-0221,SUB-MATH,42.7,F,True,SCH-001
STU-2026-0591,EXM-0221,SUB-MATH,81.6,A,True,SCH-001
STU-2026-0592,EXM-0221,SUB-MATH,57.4,D,True,SCH-001
STU-2026-0593,EXM-0221,SUB-MATH,91.6,A+,True,SCH-001
STU-2026-0594,EXM-0221,SUB-MATH,66.6,C,True,SCH-001
STU-2026-0595,EXM-0221,SUB-MATH,66.4,C,True,SCH-001
STU-2026-0596,EXM-0221,SUB-MATH,86.2,A,True,SCH-001
STU-2026-0597,EXM-0221,SUB-MATH,76.6,B,True,SCH-001
STU-2026-0598,EXM-0221,SUB-MATH,84.0,A,True,SCH-001
STU-2026-0599,EXM-0221,SUB-MATH,32.5,F,False,SCH-001
STU-2026-0600,EXM-0221,SUB-MATH,49.9,F,True,SCH-001
STU-2026-0529,EXM-0222,SUB-PHY,73.2,B,True,SCH-001
STU-2026-0530,EXM-0222,SUB-PHY,75.2,B,True,SCH-001
STU-2026-0531,EXM-0222,SUB-PHY,93.6,A+,True,SCH-001
STU-2026-0532,EXM-0222,SUB-PHY,84.8,A,True,SCH-001
STU-2026-0533,EXM-0222,SUB-PHY,82.8,A,True,SCH-001
STU-2026-0534,EXM-0222,SUB-PHY,51.3,D,True,SCH-001
STU-2026-0535,EXM-0222,SUB-PHY,99.0,A+,True,SCH-001
STU-2026-0536,EXM-0222,SUB-PHY,98.4,A+,True,SCH-001
STU-2026-0537,EXM-0222,SUB-PHY,88.5,A,True,SCH-001
STU-2026-0538,EXM-0222,SUB-PHY,72.6,B,True,SCH-001
STU-2026-0539,EXM-0222,SUB-PHY,31.3,F,False,SCH-001
STU-2026-0540,EXM-0222,SUB-PHY,52.7,D,True,SCH-001
STU-2026-0541,EXM-0222,SUB-PHY,66.0,C,True,SCH-001
STU-2026-0542,EXM-0222,SUB-PHY,79.3,B,True,SCH-001
STU-2026-0543,EXM-0222,SUB-PHY,71.1,B,True,SCH-001
STU-2026-0544,EXM-0222,SUB-PHY,83.9,A,True,SCH-001
STU-2026-0545,EXM-0222,SUB-PHY,71.5,B,True,SCH-001
STU-2026-0546,EXM-0222,SUB-PHY,89.9,A,True,SCH-001
STU-2026-0547,EXM-0222,SUB-PHY,80.7,A,True,SCH-001
STU-2026-0548,EXM-0222,SUB-PHY,90.4,A+,True,SCH-001
STU-2026-0549,EXM-0222,SUB-PHY,62.1,C,True,SCH-001
STU-2026-0550,EXM-0222,SUB-PHY,76.8,B,True,SCH-001
STU-2026-0551,EXM-0222,SUB-PHY,50.5,D,True,SCH-001
STU-2026-0552,EXM-0222,SUB-PHY,35.6,F,True,SCH-001
STU-2026-0553,EXM-0222,SUB-PHY,71.6,B,True,SCH-001
STU-2026-0554,EXM-0222,SUB-PHY,82.0,A,True,SCH-001
STU-2026-0555,EXM-0222,SUB-PHY,72.0,B,True,SCH-001
STU-2026-0556,EXM-0222,SUB-PHY,82.5,A,True,SCH-001
STU-2026-0557,EXM-0222,SUB-PHY,88.7,A,True,SCH-001
STU-2026-0558,EXM-0222,SUB-PHY,82.5,A,True,SCH-001
STU-2026-0559,EXM-0222,SUB-PHY,80.1,A,True,SCH-001
STU-2026-0560,EXM-0222,SUB-PHY,84.0,A,True,SCH-001
STU-2026-0561,EXM-0222,SUB-PHY,88.3,A,True,SCH-001
STU-2026-0562,EXM-0222,SUB-PHY,72.9,B,True,SCH-001
STU-2026-0563,EXM-0222,SUB-PHY,67.9,C,True,SCH-001
STU-2026-0564,EXM-0222,SUB-PHY,79.8,B,True,SCH-001
STU-2026-0565,EXM-0222,SUB-PHY,78.3,B,True,SCH-001
STU-2026-0566,EXM-0222,SUB-PHY,69.6,C,True,SCH-001
STU-2026-0567,EXM-0222,SUB-PHY,58.5,D,True,SCH-001
STU-2026-0568,EXM-0222,SUB-PHY,67.7,C,True,SCH-001
STU-2026-0569,EXM-0222,SUB-PHY,70.5,B,True,SCH-001
STU-2026-0570,EXM-0222,SUB-PHY,82.9,A,True,SCH-001
STU-2026-0571,EXM-0222,SUB-PHY,99.0,A+,True,SCH-001
STU-2026-0572,EXM-0222,SUB-PHY,74.8,B,True,SCH-001
STU-2026-0573,EXM-0222,SUB-PHY,55.5,D,True,SCH-001
STU-2026-0574,EXM-0222,SUB-PHY,61.5,C,True,SCH-001
STU-2026-0575,EXM-0222,SUB-PHY,95.7,A+,True,SCH-001
STU-2026-0576,EXM-0222,SUB-PHY,64.5,C,True,SCH-001
STU-2026-0577,EXM-0222,SUB-PHY,86.5,A,True,SCH-001
STU-2026-0578,EXM-0222,SUB-PHY,94.3,A+,True,SCH-001
STU-2026-0579,EXM-0222,SUB-PHY,84.5,A,True,SCH-001
STU-2026-0580,EXM-0222,SUB-PHY,98.7,A+,True,SCH-001
STU-2026-0581,EXM-0222,SUB-PHY,73.3,B,True,SCH-001
STU-2026-0582,EXM-0222,SUB-PHY,37.8,F,True,SCH-001
STU-2026-0583,EXM-0222,SUB-PHY,76.0,B,True,SCH-001
STU-2026-0584,EXM-0222,SUB-PHY,68.9,C,True,SCH-001
STU-2026-0585,EXM-0222,SUB-PHY,74.7,B,True,SCH-001
STU-2026-0586,EXM-0222,SUB-PHY,62.1,C,True,SCH-001
STU-2026-0587,EXM-0222,SUB-PHY,83.4,A,True,SCH-001
STU-2026-0588,EXM-0222,SUB-PHY,15.0,F,False,SCH-001
STU-2026-0589,EXM-0222,SUB-PHY,99.0,A+,True,SCH-001
STU-2026-0590,EXM-0222,SUB-PHY,48.2,F,True,SCH-001
STU-2026-0591,EXM-0222,SUB-PHY,85.9,A,True,SCH-001
STU-2026-0592,EXM-0222,SUB-PHY,69.4,C,True,SCH-001
STU-2026-0593,EXM-0222,SUB-PHY,92.2,A+,True,SCH-001
STU-2026-0594,EXM-0222,SUB-PHY,76.0,B,True,SCH-001
STU-2026-0595,EXM-0222,SUB-PHY,66.6,C,True,SCH-001
STU-2026-0596,EXM-0222,SUB-PHY,99.0,A+,True,SCH-001
STU-2026-0597,EXM-0222,SUB-PHY,83.8,A,True,SCH-001
STU-2026-0598,EXM-0222,SUB-PHY,84.9,A,True,SCH-001
STU-2026-0599,EXM-0222,SUB-PHY,22.7,F,False,SCH-001
STU-2026-0600,EXM-0222,SUB-PHY,42.6,F,True,SCH-001
STU-2026-0529,EXM-0223,SUB-CHEM,80.9,A,True,SCH-001
STU-2026-0530,EXM-0223,SUB-CHEM,70.7,B,True,SCH-001
STU-2026-0531,EXM-0223,SUB-CHEM,73.3,B,True,SCH-001
STU-2026-0532,EXM-0223,SUB-CHEM,87.8,A,True,SCH-001
STU-2026-0533,EXM-0223,SUB-CHEM,74.5,B,True,SCH-001
STU-2026-0534,EXM-0223,SUB-CHEM,58.1,D,True,SCH-001
STU-2026-0535,EXM-0223,SUB-CHEM,94.0,A+,True,SCH-001
STU-2026-0536,EXM-0223,SUB-CHEM,99.0,A+,True,SCH-001
STU-2026-0537,EXM-0223,SUB-CHEM,99.0,A+,True,SCH-001
STU-2026-0538,EXM-0223,SUB-CHEM,64.0,C,True,SCH-001
STU-2026-0539,EXM-0223,SUB-CHEM,24.0,F,False,SCH-001
STU-2026-0540,EXM-0223,SUB-CHEM,55.3,D,True,SCH-001
STU-2026-0541,EXM-0223,SUB-CHEM,57.8,D,True,SCH-001
STU-2026-0542,EXM-0223,SUB-CHEM,87.9,A,True,SCH-001
STU-2026-0543,EXM-0223,SUB-CHEM,62.5,C,True,SCH-001
STU-2026-0544,EXM-0223,SUB-CHEM,84.9,A,True,SCH-001
STU-2026-0545,EXM-0223,SUB-CHEM,74.2,B,True,SCH-001
STU-2026-0546,EXM-0223,SUB-CHEM,80.8,A,True,SCH-001
STU-2026-0547,EXM-0223,SUB-CHEM,80.0,A,True,SCH-001
STU-2026-0548,EXM-0223,SUB-CHEM,90.6,A+,True,SCH-001
STU-2026-0549,EXM-0223,SUB-CHEM,70.5,B,True,SCH-001
STU-2026-0550,EXM-0223,SUB-CHEM,79.9,B,True,SCH-001
STU-2026-0551,EXM-0223,SUB-CHEM,53.3,D,True,SCH-001
STU-2026-0552,EXM-0223,SUB-CHEM,40.9,F,True,SCH-001
STU-2026-0553,EXM-0223,SUB-CHEM,71.3,B,True,SCH-001
STU-2026-0554,EXM-0223,SUB-CHEM,92.3,A+,True,SCH-001
STU-2026-0555,EXM-0223,SUB-CHEM,72.9,B,True,SCH-001
STU-2026-0556,EXM-0223,SUB-CHEM,70.9,B,True,SCH-001
STU-2026-0557,EXM-0223,SUB-CHEM,83.5,A,True,SCH-001
STU-2026-0558,EXM-0223,SUB-CHEM,79.8,B,True,SCH-001
STU-2026-0559,EXM-0223,SUB-CHEM,77.0,B,True,SCH-001
STU-2026-0560,EXM-0223,SUB-CHEM,93.5,A+,True,SCH-001
STU-2026-0561,EXM-0223,SUB-CHEM,88.2,A,True,SCH-001
STU-2026-0562,EXM-0223,SUB-CHEM,85.4,A,True,SCH-001
STU-2026-0563,EXM-0223,SUB-CHEM,64.5,C,True,SCH-001
STU-2026-0564,EXM-0223,SUB-CHEM,73.1,B,True,SCH-001
STU-2026-0565,EXM-0223,SUB-CHEM,88.9,A,True,SCH-001
STU-2026-0566,EXM-0223,SUB-CHEM,61.5,C,True,SCH-001
STU-2026-0567,EXM-0223,SUB-CHEM,62.0,C,True,SCH-001
STU-2026-0568,EXM-0223,SUB-CHEM,75.6,B,True,SCH-001
STU-2026-0569,EXM-0223,SUB-CHEM,83.2,A,True,SCH-001
STU-2026-0570,EXM-0223,SUB-CHEM,88.7,A,True,SCH-001
STU-2026-0571,EXM-0223,SUB-CHEM,87.6,A,True,SCH-001
STU-2026-0572,EXM-0223,SUB-CHEM,74.8,B,True,SCH-001
STU-2026-0573,EXM-0223,SUB-CHEM,68.8,C,True,SCH-001
STU-2026-0574,EXM-0223,SUB-CHEM,51.4,D,True,SCH-001
STU-2026-0575,EXM-0223,SUB-CHEM,83.9,A,True,SCH-001
STU-2026-0576,EXM-0223,SUB-CHEM,75.0,B,True,SCH-001
STU-2026-0577,EXM-0223,SUB-CHEM,89.0,A,True,SCH-001
STU-2026-0578,EXM-0223,SUB-CHEM,82.4,A,True,SCH-001
STU-2026-0579,EXM-0223,SUB-CHEM,89.7,A,True,SCH-001
STU-2026-0580,EXM-0223,SUB-CHEM,77.6,B,True,SCH-001
STU-2026-0581,EXM-0223,SUB-CHEM,71.2,B,True,SCH-001
STU-2026-0582,EXM-0223,SUB-CHEM,42.9,F,True,SCH-001
STU-2026-0583,EXM-0223,SUB-CHEM,81.9,A,True,SCH-001
STU-2026-0584,EXM-0223,SUB-CHEM,87.7,A,True,SCH-001
STU-2026-0585,EXM-0223,SUB-CHEM,68.7,C,True,SCH-001
STU-2026-0586,EXM-0223,SUB-CHEM,56.1,D,True,SCH-001
STU-2026-0587,EXM-0223,SUB-CHEM,85.4,A,True,SCH-001
STU-2026-0588,EXM-0223,SUB-CHEM,15.0,F,False,SCH-001
STU-2026-0589,EXM-0223,SUB-CHEM,97.3,A+,True,SCH-001
STU-2026-0590,EXM-0223,SUB-CHEM,41.0,F,True,SCH-001
STU-2026-0591,EXM-0223,SUB-CHEM,90.0,A+,True,SCH-001
STU-2026-0592,EXM-0223,SUB-CHEM,50.8,D,True,SCH-001
STU-2026-0593,EXM-0223,SUB-CHEM,75.3,B,True,SCH-001
STU-2026-0594,EXM-0223,SUB-CHEM,74.6,B,True,SCH-001
STU-2026-0595,EXM-0223,SUB-CHEM,58.6,D,True,SCH-001
STU-2026-0596,EXM-0223,SUB-CHEM,94.5,A+,True,SCH-001
STU-2026-0597,EXM-0223,SUB-CHEM,72.2,B,True,SCH-001
STU-2026-0598,EXM-0223,SUB-CHEM,89.3,A,True,SCH-001
STU-2026-0599,EXM-0223,SUB-CHEM,37.6,F,True,SCH-001
STU-2026-0600,EXM-0223,SUB-CHEM,52.0,D,True,SCH-001
STU-2026-0529,EXM-0224,SUB-ENG,84.3,A,True,SCH-001
STU-2026-0530,EXM-0224,SUB-ENG,57.8,D,True,SCH-001
STU-2026-0531,EXM-0224,SUB-ENG,76.0,B,True,SCH-001
STU-2026-0532,EXM-0224,SUB-ENG,95.1,A+,True,SCH-001
STU-2026-0533,EXM-0224,SUB-ENG,81.5,A,True,SCH-001
STU-2026-0534,EXM-0224,SUB-ENG,53.4,D,True,SCH-001
STU-2026-0535,EXM-0224,SUB-ENG,97.0,A+,True,SCH-001
STU-2026-0536,EXM-0224,SUB-ENG,99.0,A+,True,SCH-001
STU-2026-0537,EXM-0224,SUB-ENG,99.0,A+,True,SCH-001
STU-2026-0538,EXM-0224,SUB-ENG,79.0,B,True,SCH-001
STU-2026-0539,EXM-0224,SUB-ENG,28.5,F,False,SCH-001
STU-2026-0540,EXM-0224,SUB-ENG,57.9,D,True,SCH-001
STU-2026-0541,EXM-0224,SUB-ENG,74.6,B,True,SCH-001
STU-2026-0542,EXM-0224,SUB-ENG,82.1,A,True,SCH-001
STU-2026-0543,EXM-0224,SUB-ENG,66.4,C,True,SCH-001
STU-2026-0544,EXM-0224,SUB-ENG,81.7,A,True,SCH-001
STU-2026-0545,EXM-0224,SUB-ENG,82.5,A,True,SCH-001
STU-2026-0546,EXM-0224,SUB-ENG,85.6,A,True,SCH-001
STU-2026-0547,EXM-0224,SUB-ENG,75.4,B,True,SCH-001
STU-2026-0548,EXM-0224,SUB-ENG,95.9,A+,True,SCH-001
STU-2026-0549,EXM-0224,SUB-ENG,61.0,C,True,SCH-001
STU-2026-0550,EXM-0224,SUB-ENG,71.4,B,True,SCH-001
STU-2026-0551,EXM-0224,SUB-ENG,44.1,F,True,SCH-001
STU-2026-0552,EXM-0224,SUB-ENG,26.6,F,False,SCH-001
STU-2026-0553,EXM-0224,SUB-ENG,70.7,B,True,SCH-001
STU-2026-0554,EXM-0224,SUB-ENG,79.9,B,True,SCH-001
STU-2026-0555,EXM-0224,SUB-ENG,61.8,C,True,SCH-001
STU-2026-0556,EXM-0224,SUB-ENG,69.9,C,True,SCH-001
STU-2026-0557,EXM-0224,SUB-ENG,89.3,A,True,SCH-001
STU-2026-0558,EXM-0224,SUB-ENG,77.0,B,True,SCH-001
STU-2026-0559,EXM-0224,SUB-ENG,79.1,B,True,SCH-001
STU-2026-0560,EXM-0224,SUB-ENG,92.2,A+,True,SCH-001
STU-2026-0561,EXM-0224,SUB-ENG,98.7,A+,True,SCH-001
STU-2026-0562,EXM-0224,SUB-ENG,66.2,C,True,SCH-001
STU-2026-0563,EXM-0224,SUB-ENG,71.3,B,True,SCH-001
STU-2026-0564,EXM-0224,SUB-ENG,77.9,B,True,SCH-001
STU-2026-0565,EXM-0224,SUB-ENG,87.6,A,True,SCH-001
STU-2026-0566,EXM-0224,SUB-ENG,67.7,C,True,SCH-001
STU-2026-0567,EXM-0224,SUB-ENG,66.9,C,True,SCH-001
STU-2026-0568,EXM-0224,SUB-ENG,71.8,B,True,SCH-001
STU-2026-0569,EXM-0224,SUB-ENG,75.8,B,True,SCH-001
STU-2026-0570,EXM-0224,SUB-ENG,73.3,B,True,SCH-001
STU-2026-0571,EXM-0224,SUB-ENG,87.3,A,True,SCH-001
STU-2026-0572,EXM-0224,SUB-ENG,65.4,C,True,SCH-001
STU-2026-0573,EXM-0224,SUB-ENG,74.9,B,True,SCH-001
STU-2026-0574,EXM-0224,SUB-ENG,60.8,C,True,SCH-001
STU-2026-0575,EXM-0224,SUB-ENG,99.0,A+,True,SCH-001
STU-2026-0576,EXM-0224,SUB-ENG,70.3,B,True,SCH-001
STU-2026-0577,EXM-0224,SUB-ENG,79.6,B,True,SCH-001
STU-2026-0578,EXM-0224,SUB-ENG,76.4,B,True,SCH-001
STU-2026-0579,EXM-0224,SUB-ENG,75.0,B,True,SCH-001
STU-2026-0580,EXM-0224,SUB-ENG,92.9,A+,True,SCH-001
STU-2026-0581,EXM-0224,SUB-ENG,64.9,C,True,SCH-001
STU-2026-0582,EXM-0224,SUB-ENG,51.8,D,True,SCH-001
STU-2026-0583,EXM-0224,SUB-ENG,77.5,B,True,SCH-001
STU-2026-0584,EXM-0224,SUB-ENG,79.9,B,True,SCH-001
STU-2026-0585,EXM-0224,SUB-ENG,65.4,C,True,SCH-001
STU-2026-0586,EXM-0224,SUB-ENG,59.3,D,True,SCH-001
STU-2026-0587,EXM-0224,SUB-ENG,89.5,A,True,SCH-001
STU-2026-0588,EXM-0224,SUB-ENG,17.4,F,False,SCH-001
STU-2026-0589,EXM-0224,SUB-ENG,96.7,A+,True,SCH-001
STU-2026-0590,EXM-0224,SUB-ENG,41.7,F,True,SCH-001
STU-2026-0591,EXM-0224,SUB-ENG,81.4,A,True,SCH-001
STU-2026-0592,EXM-0224,SUB-ENG,57.6,D,True,SCH-001
STU-2026-0593,EXM-0224,SUB-ENG,79.4,B,True,SCH-001
STU-2026-0594,EXM-0224,SUB-ENG,73.0,B,True,SCH-001
STU-2026-0595,EXM-0224,SUB-ENG,72.5,B,True,SCH-001
STU-2026-0596,EXM-0224,SUB-ENG,84.0,A,True,SCH-001
STU-2026-0597,EXM-0224,SUB-ENG,80.4,A,True,SCH-001
STU-2026-0598,EXM-0224,SUB-ENG,89.1,A,True,SCH-001
STU-2026-0599,EXM-0224,SUB-ENG,41.7,F,True,SCH-001
STU-2026-0600,EXM-0224,SUB-ENG,50.0,D,True,SCH-001
STU-2026-0529,EXM-0225,SUB-HIST,84.1,A,True,SCH-001
STU-2026-0530,EXM-0225,SUB-HIST,86.2,A,True,SCH-001
STU-2026-0531,EXM-0225,SUB-HIST,76.4,B,True,SCH-001
STU-2026-0532,EXM-0225,SUB-HIST,92.1,A+,True,SCH-001
STU-2026-0533,EXM-0225,SUB-HIST,87.1,A,True,SCH-001
STU-2026-0534,EXM-0225,SUB-HIST,62.3,C,True,SCH-001
STU-2026-0535,EXM-0225,SUB-HIST,91.7,A+,True,SCH-001
STU-2026-0536,EXM-0225,SUB-HIST,95.1,A+,True,SCH-001
STU-2026-0537,EXM-0225,SUB-HIST,99.0,A+,True,SCH-001
STU-2026-0538,EXM-0225,SUB-HIST,75.5,B,True,SCH-001
STU-2026-0539,EXM-0225,SUB-HIST,20.0,F,False,SCH-001
STU-2026-0540,EXM-0225,SUB-HIST,67.9,C,True,SCH-001
STU-2026-0541,EXM-0225,SUB-HIST,65.9,C,True,SCH-001
STU-2026-0542,EXM-0225,SUB-HIST,84.8,A,True,SCH-001
STU-2026-0543,EXM-0225,SUB-HIST,72.7,B,True,SCH-001
STU-2026-0544,EXM-0225,SUB-HIST,88.7,A,True,SCH-001
STU-2026-0545,EXM-0225,SUB-HIST,77.3,B,True,SCH-001
STU-2026-0546,EXM-0225,SUB-HIST,86.2,A,True,SCH-001
STU-2026-0547,EXM-0225,SUB-HIST,76.0,B,True,SCH-001
STU-2026-0548,EXM-0225,SUB-HIST,92.1,A+,True,SCH-001
STU-2026-0549,EXM-0225,SUB-HIST,70.9,B,True,SCH-001
STU-2026-0550,EXM-0225,SUB-HIST,69.4,C,True,SCH-001
STU-2026-0551,EXM-0225,SUB-HIST,50.8,D,True,SCH-001
STU-2026-0552,EXM-0225,SUB-HIST,28.4,F,False,SCH-001
STU-2026-0553,EXM-0225,SUB-HIST,71.3,B,True,SCH-001
STU-2026-0554,EXM-0225,SUB-HIST,77.1,B,True,SCH-001
STU-2026-0555,EXM-0225,SUB-HIST,48.2,F,True,SCH-001
STU-2026-0556,EXM-0225,SUB-HIST,74.3,B,True,SCH-001
STU-2026-0557,EXM-0225,SUB-HIST,81.6,A,True,SCH-001
STU-2026-0558,EXM-0225,SUB-HIST,88.6,A,True,SCH-001
STU-2026-0559,EXM-0225,SUB-HIST,85.3,A,True,SCH-001
STU-2026-0560,EXM-0225,SUB-HIST,90.2,A+,True,SCH-001
STU-2026-0561,EXM-0225,SUB-HIST,93.0,A+,True,SCH-001
STU-2026-0562,EXM-0225,SUB-HIST,77.8,B,True,SCH-001
STU-2026-0563,EXM-0225,SUB-HIST,65.8,C,True,SCH-001
STU-2026-0564,EXM-0225,SUB-HIST,84.6,A,True,SCH-001
STU-2026-0565,EXM-0225,SUB-HIST,77.2,B,True,SCH-001
STU-2026-0566,EXM-0225,SUB-HIST,75.1,B,True,SCH-001
STU-2026-0567,EXM-0225,SUB-HIST,60.8,C,True,SCH-001
STU-2026-0568,EXM-0225,SUB-HIST,67.5,C,True,SCH-001
STU-2026-0569,EXM-0225,SUB-HIST,68.7,C,True,SCH-001
STU-2026-0570,EXM-0225,SUB-HIST,70.6,B,True,SCH-001
STU-2026-0571,EXM-0225,SUB-HIST,89.1,A,True,SCH-001
STU-2026-0572,EXM-0225,SUB-HIST,74.0,B,True,SCH-001
STU-2026-0573,EXM-0225,SUB-HIST,68.6,C,True,SCH-001
STU-2026-0574,EXM-0225,SUB-HIST,40.5,F,True,SCH-001
STU-2026-0575,EXM-0225,SUB-HIST,95.5,A+,True,SCH-001
STU-2026-0576,EXM-0225,SUB-HIST,66.1,C,True,SCH-001
STU-2026-0577,EXM-0225,SUB-HIST,98.6,A+,True,SCH-001
STU-2026-0578,EXM-0225,SUB-HIST,75.8,B,True,SCH-001
STU-2026-0579,EXM-0225,SUB-HIST,86.1,A,True,SCH-001
STU-2026-0580,EXM-0225,SUB-HIST,99.0,A+,True,SCH-001
STU-2026-0581,EXM-0225,SUB-HIST,74.8,B,True,SCH-001
STU-2026-0582,EXM-0225,SUB-HIST,49.6,F,True,SCH-001
STU-2026-0583,EXM-0225,SUB-HIST,62.5,C,True,SCH-001
STU-2026-0584,EXM-0225,SUB-HIST,75.0,B,True,SCH-001
STU-2026-0585,EXM-0225,SUB-HIST,72.0,B,True,SCH-001
STU-2026-0586,EXM-0225,SUB-HIST,59.7,D,True,SCH-001
STU-2026-0587,EXM-0225,SUB-HIST,85.9,A,True,SCH-001
STU-2026-0588,EXM-0225,SUB-HIST,15.0,F,False,SCH-001
STU-2026-0589,EXM-0225,SUB-HIST,95.0,A+,True,SCH-001
STU-2026-0590,EXM-0225,SUB-HIST,43.8,F,True,SCH-001
STU-2026-0591,EXM-0225,SUB-HIST,84.8,A,True,SCH-001
STU-2026-0592,EXM-0225,SUB-HIST,51.1,D,True,SCH-001
STU-2026-0593,EXM-0225,SUB-HIST,78.8,B,True,SCH-001
STU-2026-0594,EXM-0225,SUB-HIST,79.2,B,True,SCH-001
STU-2026-0595,EXM-0225,SUB-HIST,54.2,D,True,SCH-001
STU-2026-0596,EXM-0225,SUB-HIST,98.9,A+,True,SCH-001
STU-2026-0597,EXM-0225,SUB-HIST,85.1,A,True,SCH-001
STU-2026-0598,EXM-0225,SUB-HIST,89.9,A,True,SCH-001
STU-2026-0599,EXM-0225,SUB-HIST,21.6,F,False,SCH-001
STU-2026-0600,EXM-0225,SUB-HIST,57.7,D,True,SCH-001
